Country,naics_2024,naics_2022_mapped,impVal,continent,hs_code_count,manual_bea_2024,manual_bea_2022,bea_2024,bea_2024_match_level,bea_2022,bea_2022_match_level,mapping_discrepancy
Ireland,325411,325412,15976324299.0,Europe,8,,,325411,exact,325412,exact,both_mapped_different
Vietnam,334413,335999,4467658012.0,Asia,1,,,334413,exact,335999,exact,both_mapped_different
Ireland,325998,325199,4024378551.0,Europe,7,,,3259A0,level_5,325190,level_5,both_mapped_different
Mexico,335999,335929,3536407460.0,North_America,10,,,335999,exact,335920,level_5,both_mapped_different
Thailand,334413,335999,2765205406.0,Asia,1,,,334413,exact,335999,exact,both_mapped_different
Mexico,336120,333120,2753136387.0,North_America,1,,,336120,level_5,333120,level_5,both_mapped_different
China,335999,335929,2733087741.0,Asia,10,,,335999,exact,335920,level_5,both_mapped_different
Canada,930000,336411,1509442559.0,North_America,6,,,S00300,noncomparable_imports,336411,exact,both_mapped_different
Singapore,334510,339113,1485230935.0,Asia,1,,,334510,exact,339113,exact,both_mapped_different
China,332439,332999,1305004642.0,Asia,1,,,332430,level_5,332999,exact,both_mapped_different
Cambodia,334413,335999,1276149764.0,Asia,1,,,334413,exact,335999,exact,both_mapped_different
France,930000,336411,1249683777.0,Europe,6,,,S00300,noncomparable_imports,336411,exact,both_mapped_different
Singapore,325411,325412,1176833572.0,Asia,8,,,325411,exact,325412,exact,both_mapped_different
Germany,930000,336411,1158474550.0,Europe,5,,,S00300,noncomparable_imports,336411,exact,both_mapped_different
China,337127,337124,1064154738.0,Asia,5,,,337127,exact,33712N,exact,both_mapped_different
Thailand,335312,334419,993264228.0,Asia,1,,,335312,exact,33441A,exact,both_mapped_different
Malaysia,334413,335999,950411090.0,Asia,1,,,334413,exact,335999,exact,both_mapped_different
Canada,336120,333120,876099963.0,North_America,2,,,336120,level_5,333120,level_5,both_mapped_different
Portugal,325411,325412,832843976.0,Europe,9,,,325411,exact,325412,exact,both_mapped_different
Germany,333120,333924,830639490.0,Europe,2,,,333120,level_5,333920,level_5,both_mapped_different
China,339930,339910,794855327.0,Asia,2,,,339930,level_5,339910,level_5,both_mapped_different
Vietnam,335999,335929,793014536.0,Asia,10,,,335999,exact,335920,level_5,both_mapped_different
India,334413,335999,790065562.0,Asia,1,,,334413,exact,335999,exact,both_mapped_different
Italy,325411,325412,730057369.0,Europe,48,,,325411,exact,325412,exact,both_mapped_different
Taiwan,334111,334118,709702623.0,Asia,1,,,334111,exact,334118,exact,both_mapped_different
China,326199,314120,692474612.0,Asia,2,,,326190,level_5,314120,level_5,both_mapped_different
Canada,331313,331314,681232471.0,North_America,2,,,331313,exact,331314,exact,both_mapped_different
China,334510,339113,660555542.0,Asia,1,,,334510,exact,339113,exact,both_mapped_different
Argentina,325411,325412,650403211.0,South_America,2,,,325411,exact,325412,exact,both_mapped_different
China,332996,332919,647197315.0,Asia,37,,,332996,exact,33291A,exact,both_mapped_different
China,337215,337127,634498105.0,Asia,1,,,337215,exact,337127,exact,both_mapped_different
Mexico,334111,334118,631699635.0,North_America,1,,,334111,exact,334118,exact,both_mapped_different
Japan,325998,334413,609364874.0,Asia,1,,,3259A0,level_5,334413,exact,both_mapped_different
China,325411,325412,586649019.0,Asia,60,,,325411,exact,325412,exact,both_mapped_different
Thailand,334111,334118,583813022.0,Asia,1,,,334111,exact,334118,exact,both_mapped_different
China,334511,339930,579500186.0,Asia,1,,,334511,exact,339930,level_5,both_mapped_different
Vietnam,337127,337124,578263918.0,Asia,5,,,337127,exact,33712N,exact,both_mapped_different
United Arab Emirates,331313,331314,555278849.0,Asia,2,,,331313,exact,331314,exact,both_mapped_different
Mexico,336612,336611,528852857.0,North_America,2,,,336612,exact,336611,exact,both_mapped_different
Mexico,334510,339113,528797363.0,North_America,1,,,334510,exact,339113,exact,both_mapped_different
China,333924,336999,526219163.0,Asia,1,,,333920,level_5,336999,exact,both_mapped_different
Japan,335312,334419,516849035.0,Asia,1,,,335312,exact,33441A,exact,both_mapped_different
China,339113,322291,513570314.0,Asia,2,,,339113,exact,322291,exact,both_mapped_different
Italy,335312,334419,490581850.0,Europe,1,,,335312,exact,33441A,exact,both_mapped_different
Vietnam,321911,337215,482353532.0,Asia,1,,,321910,level_5,337215,exact,both_mapped_different
China,335220,333414,454837790.0,Asia,7,,,335220,exact,333414,exact,both_mapped_different
China,333923,333999,448704672.0,Asia,2,,,333920,level_5,33399A,exact,both_mapped_different
"Korea, South",332996,332919,441374276.0,Asia,34,,,332996,exact,33291A,exact,both_mapped_different
Canada,335999,335929,439514560.0,North_America,10,,,335999,exact,335920,level_5,both_mapped_different
Australia,334510,339113,428261485.0,Oceana,1,,,334510,exact,339113,exact,both_mapped_different
Mexico,111335,115114,427524339.0,North_America,2,,,111300,level_4,115000,level_3,both_mapped_different
India,332996,332919,423060156.0,Asia,37,,,332996,exact,33291A,exact,both_mapped_different
Indonesia,334413,335999,403692795.0,Asia,1,,,334413,exact,335999,exact,both_mapped_different
Taiwan,335999,335929,399797119.0,Asia,10,,,335999,exact,335920,level_5,both_mapped_different
"Korea, South",335999,335929,393953824.0,Asia,10,,,335999,exact,335920,level_5,both_mapped_different
Mexico,333415,335312,385721271.0,North_America,1,,,333415,exact,335312,exact,both_mapped_different
China,990000,333111,377312106.0,Asia,1,,,S00300,noncomparable_imports,333111,exact,both_mapped_different
China,339113,337127,371802165.0,Asia,1,,,339113,exact,337127,exact,both_mapped_different
Germany,332996,332919,362636954.0,Europe,36,,,332996,exact,33291A,exact,both_mapped_different
India,335312,334419,360958110.0,Asia,1,,,335312,exact,33441A,exact,both_mapped_different
China,339940,326199,358809145.0,Asia,1,,,339940,level_5,326190,level_5,both_mapped_different
Germany,325998,325199,352085520.0,Europe,9,,,3259A0,level_5,325190,level_5,both_mapped_different
China,334111,334118,332692114.0,Asia,1,,,334111,exact,334118,exact,both_mapped_different
Canada,325180,325130,329453232.0,North_America,4,,,325180,level_5,325130,level_5,both_mapped_different
Japan,331210,331110,320176713.0,Asia,53,,,331200,level_4,331110,level_4,both_mapped_different
Poland,335999,335929,313964751.0,Europe,10,,,335999,exact,335920,level_5,both_mapped_different
Mexico,332996,332919,311569790.0,North_America,34,,,332996,exact,33291A,exact,both_mapped_different
China,339113,315280,306411505.0,Asia,6,,,339113,exact,315000,level_3,both_mapped_different
Brazil,930000,336411,301165677.0,South_America,2,,,S00300,noncomparable_imports,336411,exact,both_mapped_different
Italy,332996,332919,294665519.0,Europe,37,,,332996,exact,33291A,exact,both_mapped_different
China,336390,336214,291909232.0,Asia,3,,,336390,level_5,336214,exact,both_mapped_different
China,322230,323111,289018290.0,Asia,3,,,322230,level_5,323110,level_5,both_mapped_different
China,334419,333314,286585043.0,Asia,3,,,33441A,exact,333314,exact,both_mapped_different
Germany,335999,335929,279741248.0,Europe,10,,,335999,exact,335920,level_5,both_mapped_different
China,335312,334419,274799089.0,Asia,1,,,335312,exact,33441A,exact,both_mapped_different
Switzerland,325411,325412,273124563.0,Europe,19,,,325411,exact,325412,exact,both_mapped_different
Denmark,325411,325412,269023610.0,Europe,8,,,325411,exact,325412,exact,both_mapped_different
Taiwan,337127,337124,268165526.0,Asia,5,,,337127,exact,33712N,exact,both_mapped_different
Bahrain,331313,331314,253887244.0,Asia,1,,,331313,exact,331314,exact,both_mapped_different
Malaysia,339930,336411,248078358.0,Asia,3,,,339930,level_5,336411,exact,both_mapped_different
Germany,335312,334419,244106126.0,Europe,1,,,335312,exact,33441A,exact,both_mapped_different
Laos,334413,335999,241756592.0,Asia,1,,,334413,exact,335999,exact,both_mapped_different
Mexico,327991,327390,240501051.0,North_America,3,,,327991,exact,327390,level_5,both_mapped_different
Philippines,335999,335929,238353402.0,Asia,9,,,335999,exact,335920,level_5,both_mapped_different
China,339999,335999,236695092.0,Asia,2,,,339990,level_5,335999,exact,both_mapped_different
United Kingdom,325411,325412,234523525.0,Europe,33,,,325411,exact,325412,exact,both_mapped_different
Mexico,325620,325611,233475319.0,North_America,1,,,325620,level_5,325610,level_5,both_mapped_different
Japan,325998,325199,230637418.0,Asia,9,,,3259A0,level_5,325190,level_5,both_mapped_different
Japan,333996,333618,230591520.0,Asia,1,,,33399B,exact,333618,exact,both_mapped_different
Mexico,321911,337215,229805893.0,North_America,1,,,321910,level_5,337215,exact,both_mapped_different
Brazil,325199,325998,229317300.0,South_America,11,,,325190,level_5,3259A0,level_5,both_mapped_different
Mexico,334413,335999,221387673.0,North_America,1,,,334413,exact,335999,exact,both_mapped_different
Thailand,335999,335929,220071576.0,Asia,10,,,335999,exact,335920,level_5,both_mapped_different
Canada,321911,337215,219393508.0,North_America,1,,,321910,level_5,337215,exact,both_mapped_different
Taiwan,332996,332919,216150975.0,Asia,35,,,332996,exact,33291A,exact,both_mapped_different
Indonesia,325998,325411,213611979.0,Asia,3,,,3259A0,level_5,325411,exact,both_mapped_different
India,325411,325412,212793650.0,Asia,69,,,325411,exact,325412,exact,both_mapped_different
China,325320,325199,211485566.0,Asia,6,,,325320,level_5,325190,level_5,both_mapped_different
China,339113,326199,211010567.0,Asia,2,,,339113,exact,326190,level_5,both_mapped_different
Spain,335312,334419,206501251.0,Europe,1,,,335312,exact,33441A,exact,both_mapped_different
Indonesia,335999,335929,204531376.0,Asia,10,,,335999,exact,335920,level_5,both_mapped_different
Canada,325998,325199,203906968.0,North_America,9,,,3259A0,level_5,325190,level_5,both_mapped_different
Mexico,339113,315280,201138640.0,North_America,4,,,339113,exact,315000,level_3,both_mapped_different
India,325199,325998,196402707.0,Asia,36,,,325190,level_5,3259A0,level_5,both_mapped_different
"Korea, South",332721,336350,195526945.0,Asia,2,,,332720,level_5,336350,level_5,both_mapped_different
Mexico,336120,336211,190527319.0,North_America,4,,,336120,level_5,336211,exact,both_mapped_different
China,327991,327390,186198041.0,Asia,3,,,327991,exact,327390,level_5,both_mapped_different
China,331210,331110,186166635.0,Asia,70,,,331200,level_4,331110,level_4,both_mapped_different
China,325998,325199,185342908.0,Asia,8,,,3259A0,level_5,325190,level_5,both_mapped_different
Taiwan,334419,333314,184443412.0,Asia,3,,,33441A,exact,333314,exact,both_mapped_different
Mexico,332111,332999,182211855.0,North_America,2,,,33211A,exact,332999,exact,both_mapped_different
"Korea, South",325998,325199,181113193.0,Asia,6,,,3259A0,level_5,325190,level_5,both_mapped_different
China,339113,314120,179998099.0,Asia,1,,,339113,exact,314120,level_5,both_mapped_different
Vietnam,334419,334413,179442891.0,Asia,1,,,33441A,exact,334413,exact,both_mapped_different
China,332215,331511,176893533.0,Asia,4,,,332200,level_4,331510,level_5,both_mapped_different
"Korea, South",325998,334413,176770491.0,Asia,1,,,3259A0,level_5,334413,exact,both_mapped_different
Mexico,336390,336214,176319502.0,North_America,1,,,336390,level_5,336214,exact,both_mapped_different
Canada,336120,336211,168135213.0,North_America,5,,,336120,level_5,336211,exact,both_mapped_different
New Zealand,334510,339113,166844645.0,Oceana,1,,,334510,exact,339113,exact,both_mapped_different
Mexico,325998,325199,162593908.0,North_America,9,,,3259A0,level_5,325190,level_5,both_mapped_different
Italy,321911,337215,161542093.0,Europe,1,,,321910,level_5,337215,exact,both_mapped_different
Vietnam,332996,332919,159666106.0,Asia,33,,,332996,exact,33291A,exact,both_mapped_different
India,335999,334419,155258897.0,Asia,1,,,335999,exact,33441A,exact,both_mapped_different
Switzerland,930000,336411,152311530.0,Europe,2,,,S00300,noncomparable_imports,336411,exact,both_mapped_different
United Kingdom,325320,325199,150697008.0,Europe,3,,,325320,level_5,325190,level_5,both_mapped_different
"Korea, South",333515,333517,150056457.0,Asia,5,,,33351B,exact,333517,exact,both_mapped_different
Pakistan,339994,314120,149485736.0,Asia,2,,,339990,level_5,314120,level_5,both_mapped_different
Mexico,322130,322220,149081004.0,North_America,2,,,322130,level_5,322220,level_5,both_mapped_different
China,322220,332999,148394988.0,Asia,2,,,322220,level_5,332999,exact,both_mapped_different
Taiwan,325998,334413,148054863.0,Asia,1,,,3259A0,level_5,334413,exact,both_mapped_different
Mexico,337127,337124,144709078.0,North_America,5,,,337127,exact,33712N,exact,both_mapped_different
France,325411,325412,142177042.0,Europe,30,,,325411,exact,325412,exact,both_mapped_different
Japan,335999,335929,141260173.0,Asia,10,,,335999,exact,335920,level_5,both_mapped_different
China,333515,333517,140166753.0,Asia,5,,,33351B,exact,333517,exact,both_mapped_different
Mexico,339113,337127,139806436.0,North_America,1,,,339113,exact,337127,exact,both_mapped_different
Colombia,332996,332919,139147286.0,South_America,9,,,332996,exact,33291A,exact,both_mapped_different
Mexico,326299,337215,136408287.0,North_America,1,,,326290,level_5,337215,exact,both_mapped_different
Singapore,334413,335999,135563487.0,Asia,1,,,334413,exact,335999,exact,both_mapped_different
United Kingdom,990000,325413,135426576.0,Europe,1,,,S00300,noncomparable_imports,325413,exact,both_mapped_different
Canada,332996,332919,134186284.0,North_America,36,,,332996,exact,33291A,exact,both_mapped_different
Mexico,325199,325998,134113358.0,North_America,12,,,325190,level_5,3259A0,level_5,both_mapped_different
Mexico,335312,334419,133550863.0,North_America,1,,,335312,exact,33441A,exact,both_mapped_different
Vietnam,337215,337127,132918830.0,Asia,1,,,337215,exact,337127,exact,both_mapped_different
China,325998,334413,132159622.0,Asia,1,,,3259A0,level_5,334413,exact,both_mapped_different
Canada,325199,311224,131936116.0,North_America,3,,,325190,level_5,311224,exact,both_mapped_different
Qatar,331313,331314,131787058.0,Asia,1,,,331313,exact,331314,exact,both_mapped_different
India,336120,333111,131511761.0,Asia,1,,,336120,level_5,333111,exact,both_mapped_different
Germany,339113,337127,127679636.0,Europe,1,,,339113,exact,337127,exact,both_mapped_different
Canada,333120,336120,127377276.0,North_America,1,,,333120,level_5,336120,level_5,both_mapped_different
Spain,325411,325412,126527811.0,Europe,31,,,325411,exact,325412,exact,both_mapped_different
Canada,336390,336214,124710654.0,North_America,3,,,336390,level_5,336214,exact,both_mapped_different
Canada,331210,331110,124455461.0,North_America,50,,,331200,level_4,331110,level_4,both_mapped_different
Japan,336120,336211,122239927.0,Asia,2,,,336120,level_5,336211,exact,both_mapped_different
"Korea, South",335312,334419,121219395.0,Asia,1,,,335312,exact,33441A,exact,both_mapped_different
"Korea, South",333992,335999,121208779.0,Asia,1,,,33399A,exact,335999,exact,both_mapped_different
Canada,334510,339112,119850034.0,North_America,1,,,334510,exact,339112,exact,both_mapped_different
India,335999,335929,118519943.0,Asia,10,,,335999,exact,335920,level_5,both_mapped_different
Germany,325320,325199,118502773.0,Europe,4,,,325320,level_5,325190,level_5,both_mapped_different
France,325998,325199,117933258.0,Europe,9,,,3259A0,level_5,325190,level_5,both_mapped_different
Mexico,332721,336350,115462401.0,North_America,2,,,332720,level_5,336350,level_5,both_mapped_different
Malaysia,334419,334413,113387209.0,Asia,1,,,33441A,exact,334413,exact,both_mapped_different
China,321911,337215,113166444.0,Asia,1,,,321910,level_5,337215,exact,both_mapped_different
Canada,335220,333414,111998958.0,North_America,7,,,335220,exact,333414,exact,both_mapped_different
Germany,325411,325412,111979169.0,Europe,43,,,325411,exact,325412,exact,both_mapped_different
Honduras,339113,315280,111721895.0,South_America,2,,,339113,exact,315000,level_3,both_mapped_different
Netherlands,325998,325199,111084968.0,Europe,9,,,3259A0,level_5,325190,level_5,both_mapped_different
France,324199,325998,110823596.0,Europe,2,,,324190,level_5,3259A0,level_5,both_mapped_different
Malaysia,334510,339113,109185905.0,Asia,1,,,334510,exact,339113,exact,both_mapped_different
Sweden,334510,339113,108459577.0,Europe,1,,,334510,exact,339113,exact,both_mapped_different
Germany,334510,339113,107157045.0,Europe,1,,,334510,exact,339113,exact,both_mapped_different
United Kingdom,325998,325199,107017943.0,Europe,9,,,3259A0,level_5,325190,level_5,both_mapped_different
Argentina,331313,331314,106292825.0,South_America,1,,,331313,exact,331314,exact,both_mapped_different
Malaysia,335999,335929,106083551.0,Asia,10,,,335999,exact,335920,level_5,both_mapped_different
"Korea, South",331210,331110,105854499.0,Asia,31,,,331200,level_4,331110,level_4,both_mapped_different
China,326299,337215,105278651.0,Asia,1,,,326290,level_5,337215,exact,both_mapped_different
India,339930,339910,103075681.0,Asia,2,,,339930,level_5,339910,level_5,both_mapped_different
Germany,325998,334413,102845043.0,Europe,1,,,3259A0,level_5,334413,exact,both_mapped_different
India,337127,337124,102480306.0,Asia,5,,,337127,exact,33712N,exact,both_mapped_different
Germany,333515,333517,101841885.0,Europe,5,,,33351B,exact,333517,exact,both_mapped_different
"Korea, South",334413,335999,100828201.0,Asia,1,,,334413,exact,335999,exact,both_mapped_different
Canada,332111,332999,100821588.0,North_America,2,,,33211A,exact,332999,exact,both_mapped_different
Thailand,332996,332919,98900536.0,Asia,30,,,332996,exact,33291A,exact,both_mapped_different
Mexico,334512,334513,98769961.0,North_America,2,,,334512,exact,334513,exact,both_mapped_different
Taiwan,337215,337127,98763342.0,Asia,1,,,337215,exact,337127,exact,both_mapped_different
France,332215,331511,98614729.0,Europe,3,,,332200,level_4,331510,level_5,both_mapped_different
India,325320,325199,98106629.0,Asia,8,,,325320,level_5,325190,level_5,both_mapped_different
China,333415,335312,97501653.0,Asia,1,,,333415,exact,335312,exact,both_mapped_different
Vietnam,322230,323111,95973879.0,Asia,3,,,322230,level_5,323110,level_5,both_mapped_different
Italy,324199,325998,95635592.0,Europe,2,,,324190,level_5,3259A0,level_5,both_mapped_different
Malaysia,331420,332999,93484439.0,Asia,6,,,331420,level_5,332999,exact,both_mapped_different
Mexico,311612,326121,92144227.0,North_America,2,,,31161A,exact,326120,level_5,both_mapped_different
Mexico,334510,339112,91923803.0,North_America,1,,,334510,exact,339112,exact,both_mapped_different
India,331210,331110,91425512.0,Asia,45,,,331200,level_4,331110,level_4,both_mapped_different
Canada,325998,325613,90820544.0,North_America,1,,,3259A0,level_5,325610,level_5,both_mapped_different
Argentina,325199,325998,90664475.0,South_America,7,,,325190,level_5,3259A0,level_5,both_mapped_different
Canada,327991,327390,90276837.0,North_America,3,,,327991,exact,327390,level_5,both_mapped_different
Canada,322130,322220,89908201.0,North_America,5,,,322130,level_5,322220,level_5,both_mapped_different
Vietnam,339113,315280,88018794.0,Asia,4,,,339113,exact,315000,level_3,both_mapped_different
China,332721,336350,87011932.0,Asia,2,,,332720,level_5,336350,level_5,both_mapped_different
Canada,990000,333111,86716229.0,North_America,1,,,S00300,noncomparable_imports,333111,exact,both_mapped_different
Vietnam,327991,327390,86148834.0,Asia,3,,,327991,exact,327390,level_5,both_mapped_different
Taiwan,331210,331110,85749936.0,Asia,27,,,331200,level_4,331110,level_4,both_mapped_different
France,334510,339113,85724078.0,Europe,1,,,334510,exact,339113,exact,both_mapped_different
Germany,324199,325998,85595441.0,Europe,2,,,324190,level_5,3259A0,level_5,both_mapped_different
Canada,333923,333999,84749481.0,North_America,2,,,333920,level_5,33399A,exact,both_mapped_different
Taiwan,339113,337127,84541040.0,Asia,1,,,339113,exact,337127,exact,both_mapped_different
Taiwan,335312,334419,84528026.0,Asia,1,,,335312,exact,33441A,exact,both_mapped_different
China,334310,334220,83582363.0,Asia,2,,,334300,level_4,334220,level_5,both_mapped_different
Canada,337127,337124,82053024.0,North_America,5,,,337127,exact,33712N,exact,both_mapped_different
Germany,331210,331110,81767761.0,Europe,57,,,331200,level_4,331110,level_4,both_mapped_different
China,325998,325411,81738664.0,Asia,4,,,3259A0,level_5,325411,exact,both_mapped_different
Denmark,311514,325199,80377845.0,Europe,1,,,311514,exact,325190,level_5,both_mapped_different
Canada,325211,910000,80031799.0,North_America,5,,,325211,exact,S00300,noncomparable_imports,both_mapped_different
India,331313,331314,77999940.0,Asia,1,,,331313,exact,331314,exact,both_mapped_different
China,325199,311224,77932155.0,Asia,3,,,325190,level_5,311224,exact,both_mapped_different
France,325199,325998,77892671.0,Europe,34,,,325190,level_5,3259A0,level_5,both_mapped_different
Germany,325992,990000,77801438.0,Europe,2,,,3259A0,level_5,S00300,noncomparable_imports,both_mapped_different
Vietnam,335312,334419,77592779.0,Asia,1,,,335312,exact,33441A,exact,both_mapped_different
India,332439,332999,77247185.0,Asia,1,,,332430,level_5,332999,exact,both_mapped_different
Germany,334111,334118,77133895.0,Europe,1,,,334111,exact,334118,exact,both_mapped_different
Germany,322130,322220,76644861.0,Europe,6,,,322130,level_5,322220,level_5,both_mapped_different
Canada,339113,337127,76251522.0,North_America,1,,,339113,exact,337127,exact,both_mapped_different
Canada,334510,339113,75039321.0,North_America,1,,,334510,exact,339113,exact,both_mapped_different
China,339920,314910,74731541.0,Asia,2,,,339920,level_5,314900,level_4,both_mapped_different
Canada,334111,334118,74727771.0,North_America,1,,,334111,exact,334118,exact,both_mapped_different
Germany,990000,333111,74535923.0,Europe,1,,,S00300,noncomparable_imports,333111,exact,both_mapped_different
Switzerland,325998,325199,74518308.0,Europe,8,,,3259A0,level_5,325190,level_5,both_mapped_different
Costa Rica,335999,335929,73219519.0,South_America,7,,,335999,exact,335920,level_5,both_mapped_different
Canada,325199,325998,73066306.0,North_America,24,,,325190,level_5,3259A0,level_5,both_mapped_different
Germany,334510,339112,72863595.0,Europe,1,,,334510,exact,339112,exact,both_mapped_different
Indonesia,335312,334419,72651337.0,Asia,1,,,335312,exact,33441A,exact,both_mapped_different
Japan,333515,333517,72215099.0,Asia,5,,,33351B,exact,333517,exact,both_mapped_different
Spain,331210,331110,70758350.0,Europe,34,,,331200,level_4,331110,level_4,both_mapped_different
Mexico,339112,335999,70125729.0,North_America,1,,,339112,exact,335999,exact,both_mapped_different
Japan,325992,990000,70065496.0,Asia,2,,,3259A0,level_5,S00300,noncomparable_imports,both_mapped_different
Canada,331410,331492,69831829.0,North_America,2,,,331410,exact,331490,level_5,both_mapped_different
Canada,333515,333517,69564632.0,North_America,5,,,33351B,exact,333517,exact,both_mapped_different
Turkey,334413,335999,69488742.0,Europe,1,,,334413,exact,335999,exact,both_mapped_different
United Kingdom,335999,335929,69292649.0,Europe,10,,,335999,exact,335920,level_5,both_mapped_different
"Korea, South",331420,332999,69012611.0,Asia,6,,,331420,level_5,332999,exact,both_mapped_different
Canada,324199,325998,68548042.0,North_America,2,,,324190,level_5,3259A0,level_5,both_mapped_different
Mexico,324199,325998,68074317.0,North_America,2,,,324190,level_5,3259A0,level_5,both_mapped_different
Mexico,333924,336999,67599586.0,North_America,1,,,333920,level_5,336999,exact,both_mapped_different
Spain,332996,332919,67521011.0,Europe,27,,,332996,exact,33291A,exact,both_mapped_different
Cambodia,339113,315280,67462431.0,Asia,3,,,339113,exact,315000,level_3,both_mapped_different
China,335932,327212,66920054.0,Asia,2,,,335930,level_5,327200,level_4,both_mapped_different
Vietnam,333924,336999,66604338.0,Asia,1,,,333920,level_5,336999,exact,both_mapped_different
Germany,325998,325613,66594980.0,Europe,1,,,3259A0,level_5,325610,level_5,both_mapped_different
Japan,334419,334413,66583024.0,Asia,1,,,33441A,exact,334413,exact,both_mapped_different
Spain,325998,325199,66356645.0,Europe,7,,,3259A0,level_5,325190,level_5,both_mapped_different
Italy,326299,337215,65838389.0,Europe,1,,,326290,level_5,337215,exact,both_mapped_different
Mexico,334419,334413,65627534.0,North_America,1,,,33441A,exact,334413,exact,both_mapped_different
Japan,331420,332999,65195525.0,Asia,7,,,331420,level_5,332999,exact,both_mapped_different
Mexico,326150,326113,64789818.0,North_America,5,,,326150,level_5,326110,level_5,both_mapped_different
Canada,326140,326113,64639821.0,North_America,1,,,326140,level_5,326110,level_5,both_mapped_different
Germany,331410,332999,64499384.0,Europe,1,,,331410,exact,332999,exact,both_mapped_different
Czech Republic,331210,331110,63934320.0,Europe,12,,,331200,level_4,331110,level_4,both_mapped_different
Canada,326150,326113,63909167.0,North_America,5,,,326150,level_5,326110,level_5,both_mapped_different
China,325199,325998,63561314.0,Asia,32,,,325190,level_5,3259A0,level_5,both_mapped_different
Canada,322130,322121,63316339.0,North_America,3,,,322130,level_5,322120,level_5,both_mapped_different
Germany,325199,325998,63199145.0,Europe,25,,,325190,level_5,3259A0,level_5,both_mapped_different
China,322211,322299,62558471.0,Asia,1,,,322210,level_5,322299,exact,both_mapped_different
Hungary,339113,339112,62168331.0,Europe,1,,,339113,exact,339112,exact,both_mapped_different
Germany,334515,337127,61971571.0,Europe,1,,,334515,exact,337127,exact,both_mapped_different
Switzerland,334510,339113,61937968.0,Europe,1,,,334510,exact,339113,exact,both_mapped_different
Taiwan,331420,332999,61586091.0,Asia,7,,,331420,level_5,332999,exact,both_mapped_different
Malaysia,332996,332919,61346345.0,Asia,27,,,332996,exact,33291A,exact,both_mapped_different
New Zealand,311514,325199,61186032.0,Oceana,1,,,311514,exact,325190,level_5,both_mapped_different
Thailand,325998,325199,60580258.0,Asia,7,,,3259A0,level_5,325190,level_5,both_mapped_different
Germany,325920,332993,60148936.0,Europe,1,,,3259A0,level_5,33299A,exact,both_mapped_different
Italy,990000,333111,60142242.0,Europe,1,,,S00300,noncomparable_imports,333111,exact,both_mapped_different
Canada,327991,327120,59816143.0,North_America,1,,,327991,exact,327100,level_4,both_mapped_different
Italy,325199,325998,59692401.0,Europe,19,,,325190,level_5,3259A0,level_5,both_mapped_different
Spain,990000,333111,59656096.0,Europe,1,,,S00300,noncomparable_imports,333111,exact,both_mapped_different
Germany,324191,325613,59644258.0,Europe,2,,,324190,level_5,325610,level_5,both_mapped_different
China,339930,336411,59331691.0,Asia,4,,,339930,level_5,336411,exact,both_mapped_different
Israel,332996,332919,59245233.0,Asia,17,,,332996,exact,33291A,exact,both_mapped_different
Canada,333924,336999,59080565.0,North_America,1,,,333920,level_5,336999,exact,both_mapped_different
Sweden,335999,335929,58992668.0,Europe,10,,,335999,exact,335920,level_5,both_mapped_different
Vietnam,334511,339930,58822681.0,Asia,1,,,334511,exact,339930,level_5,both_mapped_different
Mexico,331210,331110,58693560.0,North_America,46,,,331200,level_4,331110,level_4,both_mapped_different
India,325998,325199,58504985.0,Asia,6,,,3259A0,level_5,325190,level_5,both_mapped_different
Italy,990000,325413,58436470.0,Europe,1,,,S00300,noncomparable_imports,325413,exact,both_mapped_different
China,334510,339112,58395059.0,Asia,1,,,334510,exact,339112,exact,both_mapped_different
Canada,333924,333120,58184931.0,North_America,2,,,333920,level_5,333120,level_5,both_mapped_different
Italy,335999,335929,57828008.0,Europe,10,,,335999,exact,335920,level_5,both_mapped_different
Japan,331491,332999,57473593.0,Asia,3,,,331490,level_5,332999,exact,both_mapped_different
China,316990,339999,57230939.0,Asia,1,,,316000,level_3,339990,level_5,both_mapped_different
Mexico,334310,334220,56835393.0,North_America,2,,,334300,level_4,334220,level_5,both_mapped_different
Canada,334512,334513,56824045.0,North_America,2,,,334512,exact,334513,exact,both_mapped_different
Italy,331210,331110,56332774.0,Europe,48,,,331200,level_4,331110,level_4,both_mapped_different
Italy,325998,325199,55501969.0,Europe,9,,,3259A0,level_5,325190,level_5,both_mapped_different
China,339999,327110,55360158.0,Asia,3,,,339990,level_5,327100,level_4,both_mapped_different
Israel,325411,325412,55022407.0,Asia,17,,,325411,exact,325412,exact,both_mapped_different
United Kingdom,332996,332919,54717542.0,Europe,35,,,332996,exact,33291A,exact,both_mapped_different
France,335999,335929,54303517.0,Europe,10,,,335999,exact,335920,level_5,both_mapped_different
Mexico,322230,323111,54162503.0,North_America,3,,,322230,level_5,323110,level_5,both_mapped_different
Indonesia,325199,325998,54083827.0,Asia,15,,,325190,level_5,3259A0,level_5,both_mapped_different
Canada,322120,322130,54037149.0,North_America,3,,,322120,level_5,322130,level_5,both_mapped_different
Vietnam,339930,336411,53693791.0,Asia,3,,,339930,level_5,336411,exact,both_mapped_different
Mexico,331313,331314,53517925.0,North_America,2,,,331313,exact,331314,exact,both_mapped_different
Hungary,331420,332999,53448769.0,Europe,1,,,331420,level_5,332999,exact,both_mapped_different
China,332510,335999,53341836.0,Asia,2,,,332500,level_4,335999,exact,both_mapped_different
Cambodia,335999,335929,51954639.0,Asia,8,,,335999,exact,335920,level_5,both_mapped_different
Canada,339113,322291,51887135.0,North_America,2,,,339113,exact,322291,exact,both_mapped_different
Switzerland,325320,325199,51849788.0,Europe,5,,,325320,level_5,325190,level_5,both_mapped_different
Mexico,327212,327993,51361064.0,North_America,2,,,327200,level_4,327993,exact,both_mapped_different
Netherlands,311514,325199,50791974.0,Europe,1,,,311514,exact,325190,level_5,both_mapped_different
France,331210,331110,50789818.0,Europe,40,,,331200,level_4,331110,level_4,both_mapped_different
Japan,332996,332919,50605123.0,Asia,30,,,332996,exact,33291A,exact,both_mapped_different
Turkey,331210,331110,50581394.0,Europe,11,,,331200,level_4,331110,level_4,both_mapped_different
Mexico,339113,326199,50525373.0,North_America,2,,,339113,exact,326190,level_5,both_mapped_different
Mexico,990000,333111,50115080.0,North_America,1,,,S00300,noncomparable_imports,333111,exact,both_mapped_different
Thailand,337127,337124,50019263.0,Asia,5,,,337127,exact,33712N,exact,both_mapped_different
Belgium,325411,325412,49850844.0,Europe,11,,,325411,exact,325412,exact,both_mapped_different
Mexico,325180,325130,49691430.0,North_America,4,,,325180,level_5,325130,level_5,both_mapped_different
France,322299,322121,49589636.0,Europe,5,,,322299,exact,322120,level_5,both_mapped_different
Canada,326299,337215,49552634.0,North_America,1,,,326290,level_5,337215,exact,both_mapped_different
Germany,325180,325130,48784706.0,Europe,3,,,325180,level_5,325130,level_5,both_mapped_different
Brazil,322130,322220,48579367.0,South_America,3,,,322130,level_5,322220,level_5,both_mapped_different
China,327212,327993,48503427.0,Asia,2,,,327200,level_4,327993,exact,both_mapped_different
China,332420,332439,48105248.0,Asia,4,,,332420,level_5,332430,level_5,both_mapped_different
Poland,321911,337215,47860825.0,Europe,1,,,321910,level_5,337215,exact,both_mapped_different
Mexico,337215,337127,47823206.0,North_America,1,,,337215,exact,337127,exact,both_mapped_different
Taiwan,335999,334419,47457210.0,Asia,1,,,335999,exact,33441A,exact,both_mapped_different
Brazil,333519,331513,46999114.0,South_America,3,,,33351B,exact,331510,level_5,both_mapped_different
Costa Rica,334510,339113,46948562.0,South_America,1,,,334510,exact,339113,exact,both_mapped_different
Germany,333519,331511,46882484.0,Europe,6,,,33351B,exact,331510,level_5,both_mapped_different
"Korea, South",334419,334413,46774016.0,Asia,1,,,33441A,exact,334413,exact,both_mapped_different
Italy,930000,336411,46718248.0,Europe,5,,,S00300,noncomparable_imports,336411,exact,both_mapped_different
China,325180,325130,46447143.0,Asia,4,,,325180,level_5,325130,level_5,both_mapped_different
Germany,334512,334513,46189999.0,Europe,2,,,334512,exact,334513,exact,both_mapped_different
Mexico,332420,332439,46180896.0,North_America,4,,,332420,level_5,332430,level_5,both_mapped_different
Sweden,325411,325412,45797584.0,Europe,5,,,325411,exact,325412,exact,both_mapped_different
Japan,322220,332999,45760304.0,Asia,2,,,322220,level_5,332999,exact,both_mapped_different
Vietnam,326299,337215,45668467.0,Asia,1,,,326290,level_5,337215,exact,both_mapped_different
Germany,930000,333517,45587159.0,Europe,41,,,S00300,noncomparable_imports,333517,exact,both_mapped_different
Mexico,333111,336212,45529350.0,North_America,2,,,333111,exact,336212,exact,both_mapped_different
France,325998,334413,45286276.0,Europe,1,,,3259A0,level_5,334413,exact,both_mapped_different
India,326150,326113,45074347.0,Asia,3,,,326150,level_5,326110,level_5,both_mapped_different
India,324199,325998,45028492.0,Asia,2,,,324190,level_5,3259A0,level_5,both_mapped_different
Taiwan,325992,990000,44773201.0,Asia,1,,,3259A0,level_5,S00300,noncomparable_imports,both_mapped_different
Singapore,325998,334413,44545748.0,Asia,1,,,3259A0,level_5,334413,exact,both_mapped_different
Denmark,335921,327215,44497366.0,Europe,3,,,335920,level_5,327200,level_4,both_mapped_different
"Korea, South",333514,332216,43813146.0,Asia,1,,,333514,exact,332200,level_4,both_mapped_different
Italy,333996,333914,43281211.0,Europe,1,,,33399B,exact,333914,exact,both_mapped_different
Japan,335921,327215,42478966.0,Asia,5,,,335920,level_5,327200,level_4,both_mapped_different
Dominican Republic,339113,339112,41876498.0,South_America,1,,,339113,exact,339112,exact,both_mapped_different
Thailand,327991,327390,41647314.0,Asia,2,,,327991,exact,327390,level_5,both_mapped_different
Lithuania,325998,325199,41623562.0,Europe,1,,,3259A0,level_5,325190,level_5,both_mapped_different
Israel,326299,313320,41510264.0,Asia,1,,,326290,level_5,313300,level_4,both_mapped_different
Canada,115210,11211X,40886648.0,North_America,4,,,115000,level_3,1121A0,exact,both_mapped_different
Thailand,333515,333517,40633811.0,Asia,5,,,33351B,exact,333517,exact,both_mapped_different
Japan,324199,325998,40375956.0,Asia,2,,,324190,level_5,3259A0,level_5,both_mapped_different
Taiwan,334419,334413,40245708.0,Asia,1,,,33441A,exact,334413,exact,both_mapped_different
India,333996,333914,39972641.0,Asia,1,,,33399B,exact,333914,exact,both_mapped_different
Slovakia,332991,332722,39968151.0,Europe,1,,,332991,exact,332720,level_5,both_mapped_different
Ireland,334510,339113,39813736.0,Europe,1,,,334510,exact,339113,exact,both_mapped_different
India,327991,327390,39680266.0,Asia,3,,,327991,exact,327390,level_5,both_mapped_different
Mexico,325211,910000,39350448.0,North_America,5,,,325211,exact,S00300,noncomparable_imports,both_mapped_different
Cambodia,322230,323111,39061614.0,Asia,3,,,322230,level_5,323110,level_5,both_mapped_different
China,333515,333991,38957139.0,Asia,2,,,33351B,exact,333991,exact,both_mapped_different
Germany,333111,333120,38301865.0,Europe,5,,,333111,exact,333120,level_5,both_mapped_different
Taiwan,332439,332999,38187593.0,Asia,1,,,332430,level_5,332999,exact,both_mapped_different
China,335932,326199,37885031.0,Asia,1,,,335930,level_5,326190,level_5,both_mapped_different
Japan,930000,333517,37716522.0,Asia,40,,,S00300,noncomparable_imports,333517,exact,both_mapped_different
Malaysia,321911,337215,37643173.0,Asia,1,,,321910,level_5,337215,exact,both_mapped_different
Germany,322220,332999,37639982.0,Europe,2,,,322220,level_5,332999,exact,both_mapped_different
Israel,930000,336411,37522500.0,Asia,2,,,S00300,noncomparable_imports,336411,exact,both_mapped_different
Vietnam,337127,337215,37396812.0,Asia,1,,,337127,exact,337215,exact,both_mapped_different
China,327991,327120,36825685.0,Asia,1,,,327991,exact,327100,level_4,both_mapped_different
El Salvador,321219,327999,36296775.0,South_America,1,,,321200,level_4,327999,exact,both_mapped_different
France,332996,332919,35790395.0,Europe,35,,,332996,exact,33291A,exact,both_mapped_different
China,332111,332999,35782121.0,Asia,2,,,33211A,exact,332999,exact,both_mapped_different
Japan,332991,332722,35718139.0,Asia,1,,,332991,exact,332720,level_5,both_mapped_different
Singapore,324199,325998,35706874.0,Asia,2,,,324190,level_5,3259A0,level_5,both_mapped_different
"Korea, South",337127,337124,35699596.0,Asia,3,,,337127,exact,33712N,exact,both_mapped_different
Mexico,325920,332993,35525782.0,North_America,1,,,3259A0,level_5,33299A,exact,both_mapped_different
Indonesia,339999,335999,35381812.0,Asia,2,,,339990,level_5,335999,exact,both_mapped_different
India,337215,337127,35370662.0,Asia,1,,,337215,exact,337127,exact,both_mapped_different
Burma,339113,315280,35351702.0,Asia,3,,,339113,exact,315000,level_3,both_mapped_different
Croatia,325411,325412,35048099.0,Europe,2,,,325411,exact,325412,exact,both_mapped_different
Canada,325411,325412,34987745.0,North_America,29,,,325411,exact,325412,exact,both_mapped_different
Brazil,321918,321999,34917112.0,South_America,2,,,321910,level_5,3219A0,level_5,both_mapped_different
Malaysia,325998,334413,34792855.0,Asia,1,,,3259A0,level_5,334413,exact,both_mapped_different
India,327910,331511,34741622.0,Asia,1,,,327910,level_5,331510,level_5,both_mapped_different
United Kingdom,334510,339113,34195786.0,Europe,1,,,334510,exact,339113,exact,both_mapped_different
Canada,313210,327993,34058074.0,North_America,1,,,313200,level_4,327993,exact,both_mapped_different
Canada,327420,327999,33874362.0,North_America,1,,,327400,level_4,327999,exact,both_mapped_different
"Korea, South",325411,325412,33782400.0,Asia,8,,,325411,exact,325412,exact,both_mapped_different
Mexico,321219,327999,33736266.0,North_America,1,,,321200,level_4,327999,exact,both_mapped_different
Thailand,325211,910000,33607056.0,Asia,3,,,325211,exact,S00300,noncomparable_imports,both_mapped_different
Australia,325411,325412,33427154.0,Oceana,5,,,325411,exact,325412,exact,both_mapped_different
China,334512,334513,33393155.0,Asia,2,,,334512,exact,334513,exact,both_mapped_different
Japan,333519,331511,33183838.0,Asia,5,,,33351B,exact,331510,level_5,both_mapped_different
Belgium,325199,311224,33175408.0,Europe,2,,,325190,level_5,311224,exact,both_mapped_different
Germany,326150,326113,33159107.0,Europe,5,,,326150,level_5,326110,level_5,both_mapped_different
Spain,325180,325130,32896237.0,Europe,3,,,325180,level_5,325130,level_5,both_mapped_different
Tunisia,335999,335929,32553382.0,Africa,7,,,335999,exact,335920,level_5,both_mapped_different
Australia,325199,311224,32404654.0,Oceana,2,,,325190,level_5,311224,exact,both_mapped_different
Japan,325211,910000,32222209.0,Asia,3,,,325211,exact,S00300,noncomparable_imports,both_mapped_different
Australia,331313,331314,32064590.0,Oceana,1,,,331313,exact,331314,exact,both_mapped_different
Canada,333111,336212,32062758.0,North_America,2,,,333111,exact,336212,exact,both_mapped_different
India,332111,332999,32029002.0,Asia,2,,,33211A,exact,332999,exact,both_mapped_different
Singapore,325998,325199,32020707.0,Asia,4,,,3259A0,level_5,325190,level_5,both_mapped_different
Mexico,313230,327215,31665973.0,North_America,1,,,313200,level_4,327200,level_4,both_mapped_different
Canada,337215,337127,31424465.0,North_America,1,,,337215,exact,337127,exact,both_mapped_different
Dominican Republic,339113,315280,31205608.0,South_America,2,,,339113,exact,315000,level_3,both_mapped_different
Mexico,334515,337127,31177467.0,North_America,1,,,334515,exact,337127,exact,both_mapped_different
Brazil,325998,325199,31144529.0,South_America,7,,,3259A0,level_5,325190,level_5,both_mapped_different
China,335999,334419,30919092.0,Asia,1,,,335999,exact,33441A,exact,both_mapped_different
Italy,337127,337124,30757391.0,Europe,5,,,337127,exact,33712N,exact,both_mapped_different
Netherlands,331420,332999,30326034.0,Europe,4,,,331420,level_5,332999,exact,both_mapped_different
Poland,333514,332216,30288042.0,Europe,1,,,333514,exact,332200,level_4,both_mapped_different
Spain,333924,333120,30276117.0,Europe,2,,,333920,level_5,333120,level_5,both_mapped_different
Italy,325998,334413,30193985.0,Europe,1,,,3259A0,level_5,334413,exact,both_mapped_different
Belgium,325998,325199,29996074.0,Europe,7,,,3259A0,level_5,325190,level_5,both_mapped_different
France,334512,334513,29886882.0,Europe,2,,,334512,exact,334513,exact,both_mapped_different
China,332999,327110,29739606.0,Asia,1,,,332999,exact,327100,level_4,both_mapped_different
Romania,331210,331110,29681777.0,Europe,13,,,331200,level_4,331110,level_4,both_mapped_different
China,339994,314120,29380094.0,Asia,2,,,339990,level_5,314120,level_5,both_mapped_different
Australia,332996,332919,29167820.0,Oceana,19,,,332996,exact,33291A,exact,both_mapped_different
Chile,325180,325311,29080817.0,South_America,1,,,325180,level_5,325310,level_5,both_mapped_different
Israel,335999,335929,29018811.0,Asia,9,,,335999,exact,335920,level_5,both_mapped_different
Czech Republic,325199,311224,28962647.0,Europe,1,,,325190,level_5,311224,exact,both_mapped_different
Netherlands,332996,332919,28943299.0,Europe,30,,,332996,exact,33291A,exact,both_mapped_different
China,332618,331222,28903583.0,Asia,1,,,332600,level_4,331200,level_4,both_mapped_different
Cambodia,337127,337124,28716921.0,Asia,3,,,337127,exact,33712N,exact,both_mapped_different
France,325120,325199,28633317.0,Europe,1,,,325120,level_5,325190,level_5,both_mapped_different
Taiwan,325998,325199,28454426.0,Asia,5,,,3259A0,level_5,325190,level_5,both_mapped_different
China,332999,326299,28375408.0,Asia,1,,,332999,exact,326290,level_5,both_mapped_different
Germany,336350,335312,28305817.0,Europe,1,,,336350,level_5,335312,exact,both_mapped_different
Canada,321219,327999,28244742.0,North_America,1,,,321200,level_4,327999,exact,both_mapped_different
Mexico,334419,333314,28213192.0,North_America,3,,,33441A,exact,333314,exact,both_mapped_different
Canada,334413,335999,28160737.0,North_America,1,,,334413,exact,335999,exact,both_mapped_different
China,332999,331491,28116608.0,Asia,1,,,332999,exact,331490,level_5,both_mapped_different
"Korea, South",335932,327212,28028864.0,Asia,2,,,335930,level_5,327200,level_4,both_mapped_different
Italy,332420,332439,27982251.0,Europe,4,,,332420,level_5,332430,level_5,both_mapped_different
Austria,332996,332919,27948453.0,Europe,26,,,332996,exact,33291A,exact,both_mapped_different
China,339113,316998,27937291.0,Asia,1,,,339113,exact,316000,level_3,both_mapped_different
Belgium,322220,332999,27832960.0,Europe,2,,,322220,level_5,332999,exact,both_mapped_different
Vietnam,339113,322291,27737860.0,Asia,2,,,339113,exact,322291,exact,both_mapped_different
Ukraine,331210,331110,27639943.0,Europe,9,,,331200,level_4,331110,level_4,both_mapped_different
"Korea, South",930000,333517,27622019.0,Asia,22,,,S00300,noncomparable_imports,333517,exact,both_mapped_different
Japan,325998,325613,27428952.0,Asia,1,,,3259A0,level_5,325610,level_5,both_mapped_different
Thailand,332721,336350,27421983.0,Asia,2,,,332720,level_5,336350,level_5,both_mapped_different
Peru,325199,325998,27414785.0,South_America,3,,,325190,level_5,3259A0,level_5,both_mapped_different
Germany,332991,332722,27404338.0,Europe,1,,,332991,exact,332720,level_5,both_mapped_different
Mexico,335929,331318,27346233.0,North_America,1,,,335920,level_5,33131B,exact,both_mapped_different
Canada,335312,334419,27280505.0,North_America,1,,,335312,exact,33441A,exact,both_mapped_different
China,339112,335999,27147918.0,Asia,1,,,339112,exact,335999,exact,both_mapped_different
Sri Lanka,339113,315990,27082341.0,Asia,1,,,339113,exact,315000,level_3,both_mapped_different
Turkey,327991,327390,26929839.0,Europe,2,,,327991,exact,327390,level_5,both_mapped_different
Canada,321918,321999,26917576.0,North_America,2,,,321910,level_5,3219A0,level_5,both_mapped_different
Brazil,335999,335929,26756781.0,South_America,9,,,335999,exact,335920,level_5,both_mapped_different
Japan,334419,333314,26742257.0,Asia,3,,,33441A,exact,333314,exact,both_mapped_different
Thailand,334419,334413,26572224.0,Asia,1,,,33441A,exact,334413,exact,both_mapped_different
Singapore,332996,332919,26569284.0,Asia,21,,,332996,exact,33291A,exact,both_mapped_different
Czech Republic,335999,335929,26540903.0,Europe,8,,,335999,exact,335920,level_5,both_mapped_different
Mexico,336330,333111,26234124.0,North_America,3,,,3363A0,level_5,333111,exact,both_mapped_different
Netherlands,335999,335929,26196180.0,Europe,10,,,335999,exact,335920,level_5,both_mapped_different
Philippines,327991,327390,25899597.0,Asia,2,,,327991,exact,327390,level_5,both_mapped_different
Canada,990000,325413,25692705.0,North_America,1,,,S00300,noncomparable_imports,325413,exact,both_mapped_different
Mexico,339999,327110,25670484.0,North_America,3,,,339990,level_5,327100,level_4,both_mapped_different
Germany,333923,333999,25645046.0,Europe,2,,,333920,level_5,33399A,exact,both_mapped_different
Canada,327212,327993,25542934.0,North_America,2,,,327200,level_4,327993,exact,both_mapped_different
Canada,324191,325613,25462556.0,North_America,2,,,324190,level_5,325610,level_5,both_mapped_different
China,337127,337215,25210279.0,Asia,1,,,337127,exact,337215,exact,both_mapped_different
Bulgaria,325411,325412,25053930.0,Europe,4,,,325411,exact,325412,exact,both_mapped_different
Australia,325180,325130,25042359.0,Oceana,2,,,325180,level_5,325130,level_5,both_mapped_different
United Kingdom,322220,332999,24917745.0,Europe,2,,,322220,level_5,332999,exact,both_mapped_different
Taiwan,334510,339113,24844959.0,Asia,1,,,334510,exact,339113,exact,both_mapped_different
Taiwan,334310,334220,24833430.0,Asia,2,,,334300,level_4,334220,level_5,both_mapped_different
Poland,325998,325199,24770050.0,Europe,6,,,3259A0,level_5,325190,level_5,both_mapped_different
"Korea, South",331313,331314,24540193.0,Asia,1,,,331313,exact,331314,exact,both_mapped_different
Turkey,332996,332919,24526095.0,Europe,28,,,332996,exact,33291A,exact,both_mapped_different
Brazil,333515,333517,24524146.0,South_America,4,,,33351B,exact,333517,exact,both_mapped_different
Liechtenstein,325998,325199,23914051.0,Europe,1,,,3259A0,level_5,325190,level_5,both_mapped_different
Germany,322120,322130,23773653.0,Europe,2,,,322120,level_5,322130,level_5,both_mapped_different
Belgium,324199,325998,23743815.0,Europe,2,,,324190,level_5,3259A0,level_5,both_mapped_different
Germany,321911,337215,23591319.0,Europe,1,,,321910,level_5,337215,exact,both_mapped_different
Brazil,930000,333517,23555349.0,South_America,8,,,S00300,noncomparable_imports,333517,exact,both_mapped_different
China,325411,111339,23497850.0,Asia,1,,,325411,exact,111300,level_4,both_mapped_different
Japan,325180,325130,23464979.0,Asia,3,,,325180,level_5,325130,level_5,both_mapped_different
"Korea, South",332618,331222,23403624.0,Asia,1,,,332600,level_4,331200,level_4,both_mapped_different
Mexico,326140,326113,23369162.0,North_America,1,,,326140,level_5,326110,level_5,both_mapped_different
Romania,335999,335929,23293113.0,Europe,10,,,335999,exact,335920,level_5,both_mapped_different
Australia,322130,322121,23241407.0,Oceana,1,,,322130,level_5,322120,level_5,both_mapped_different
Italy,333924,333120,23232922.0,Europe,2,,,333920,level_5,333120,level_5,both_mapped_different
Sweden,325998,325199,23097368.0,Europe,3,,,3259A0,level_5,325190,level_5,both_mapped_different
Poland,311514,325199,22988535.0,Europe,1,,,311514,exact,325190,level_5,both_mapped_different
Thailand,321911,337215,22970674.0,Asia,1,,,321910,level_5,337215,exact,both_mapped_different
Malaysia,327991,327390,22921222.0,Asia,3,,,327991,exact,327390,level_5,both_mapped_different
Ecuador,325211,910000,22871330.0,South_America,3,,,325211,exact,S00300,noncomparable_imports,both_mapped_different
Malaysia,337127,337124,22855837.0,Asia,5,,,337127,exact,33712N,exact,both_mapped_different
Mexico,325510,325520,22851536.0,North_America,1,,,325510,level_5,325520,level_5,both_mapped_different
Austria,322220,332999,22848322.0,Europe,2,,,322220,level_5,332999,exact,both_mapped_different
Indonesia,332996,332919,22843503.0,Asia,18,,,332996,exact,33291A,exact,both_mapped_different
Sweden,333924,333120,22704511.0,Europe,2,,,333920,level_5,333120,level_5,both_mapped_different
Mexico,337127,337215,22387602.0,North_America,1,,,337127,exact,337215,exact,both_mapped_different
Bulgaria,325199,325998,22376947.0,Europe,9,,,325190,level_5,3259A0,level_5,both_mapped_different
Canada,325120,325180,22314027.0,North_America,1,,,325120,level_5,325180,level_5,both_mapped_different
France,333519,331511,22205423.0,Europe,5,,,33351B,exact,331510,level_5,both_mapped_different
United Kingdom,325180,325130,22139214.0,Europe,3,,,325180,level_5,325130,level_5,both_mapped_different
Austria,322299,322121,22054633.0,Europe,2,,,322299,exact,322120,level_5,both_mapped_different
Indonesia,337127,337124,22020670.0,Asia,4,,,337127,exact,33712N,exact,both_mapped_different
Japan,335932,327212,21885359.0,Asia,2,,,335930,level_5,327200,level_4,both_mapped_different
Germany,325510,325520,21792708.0,Europe,1,,,325510,level_5,325520,level_5,both_mapped_different
Canada,322220,332999,21618084.0,North_America,2,,,322220,level_5,332999,exact,both_mapped_different
Indonesia,325211,910000,21452212.0,Asia,2,,,325211,exact,S00300,noncomparable_imports,both_mapped_different
Hungary,335999,335929,21412559.0,Europe,8,,,335999,exact,335920,level_5,both_mapped_different
Canada,335932,327212,21234073.0,North_America,2,,,335930,level_5,327200,level_4,both_mapped_different
United Kingdom,325199,325998,21209633.0,Europe,28,,,325190,level_5,3259A0,level_5,both_mapped_different
China,333112,333111,21201965.0,Asia,1,,,333112,exact,333111,exact,both_mapped_different
Vietnam,333923,333999,21189958.0,Asia,2,,,333920,level_5,33399A,exact,both_mapped_different
Germany,335220,332216,21131530.0,Europe,2,,,335220,exact,332200,level_4,both_mapped_different
Thailand,326150,326113,21127330.0,Asia,3,,,326150,level_5,326110,level_5,both_mapped_different
Malaysia,332721,336350,20897367.0,Asia,2,,,332720,level_5,336350,level_5,both_mapped_different
Netherlands,333923,333999,20893657.0,Europe,2,,,333920,level_5,33399A,exact,both_mapped_different
Thailand,333992,331491,20730631.0,Asia,2,,,33399A,exact,331490,level_5,both_mapped_different
Singapore,334111,334118,20724348.0,Asia,1,,,334111,exact,334118,exact,both_mapped_different
Taiwan,326299,337215,20668892.0,Asia,1,,,326290,level_5,337215,exact,both_mapped_different
Slovakia,335999,335929,20666572.0,Europe,9,,,335999,exact,335920,level_5,both_mapped_different
China,336350,335312,20657869.0,Asia,1,,,336350,level_5,335312,exact,both_mapped_different
Czech Republic,325411,325412,20546495.0,Europe,7,,,325411,exact,325412,exact,both_mapped_different
United Kingdom,339113,337127,20485743.0,Europe,1,,,339113,exact,337127,exact,both_mapped_different
Finland,336120,333120,20418498.0,Europe,1,,,336120,level_5,333120,level_5,both_mapped_different
Germany,313230,327212,20139506.0,Europe,1,,,313200,level_4,327200,level_4,both_mapped_different
Spain,327991,327390,20018224.0,Europe,3,,,327991,exact,327390,level_5,both_mapped_different
Vietnam,339940,326199,19965777.0,Asia,1,,,339940,level_5,326190,level_5,both_mapped_different
China,334413,335999,19851967.0,Asia,1,,,334413,exact,335999,exact,both_mapped_different
Belgium,325180,325130,19849036.0,Europe,2,,,325180,level_5,325130,level_5,both_mapped_different
Austria,333996,333914,19735289.0,Europe,1,,,33399B,exact,333914,exact,both_mapped_different
Thailand,337215,337127,19513260.0,Asia,1,,,337215,exact,337127,exact,both_mapped_different
China,334516,334519,19510409.0,Asia,1,,,334516,exact,33451A,exact,both_mapped_different
Mexico,333415,337127,19490571.0,North_America,1,,,333415,exact,337127,exact,both_mapped_different
Japan,325320,325199,19436607.0,Asia,2,,,325320,level_5,325190,level_5,both_mapped_different
India,325620,325611,19401985.0,Asia,1,,,325620,level_5,325610,level_5,both_mapped_different
Italy,334516,333413,19353673.0,Europe,1,,,334516,exact,333413,exact,both_mapped_different
Switzerland,930000,333517,19314472.0,Europe,18,,,S00300,noncomparable_imports,333517,exact,both_mapped_different
Netherlands,325411,325412,19314371.0,Europe,16,,,325411,exact,325412,exact,both_mapped_different
Japan,336330,333111,19284440.0,Asia,3,,,3363A0,level_5,333111,exact,both_mapped_different
Switzerland,335999,335929,19263719.0,Europe,10,,,335999,exact,335920,level_5,both_mapped_different
Indonesia,325998,325199,19250974.0,Asia,6,,,3259A0,level_5,325190,level_5,both_mapped_different
Sweden,333519,331513,19128177.0,Europe,2,,,33351B,exact,331510,level_5,both_mapped_different
Thailand,339113,322291,19052513.0,Asia,1,,,339113,exact,322291,exact,both_mapped_different
Indonesia,321911,337215,19044395.0,Asia,1,,,321910,level_5,337215,exact,both_mapped_different
China,334419,334310,18882356.0,Asia,2,,,33441A,exact,334300,level_4,both_mapped_different
Dominican Republic,335999,335929,18854618.0,South_America,7,,,335999,exact,335920,level_5,both_mapped_different
Canada,322230,323111,18842498.0,North_America,3,,,322230,level_5,323110,level_5,both_mapped_different
Japan,333120,333924,18824497.0,Asia,2,,,333120,level_5,333920,level_5,both_mapped_different
Turkey,333514,332216,18780296.0,Europe,1,,,333514,exact,332200,level_4,both_mapped_different
Vietnam,331210,331110,18733828.0,Asia,19,,,331200,level_4,331110,level_4,both_mapped_different
"Korea, South",325992,990000,18687635.0,Asia,2,,,3259A0,level_5,S00300,noncomparable_imports,both_mapped_different
Spain,325199,325998,18682307.0,Europe,27,,,325190,level_5,3259A0,level_5,both_mapped_different
Mexico,335932,327212,18667376.0,North_America,2,,,335930,level_5,327200,level_4,both_mapped_different
China,326150,326113,18630462.0,Asia,4,,,326150,level_5,326110,level_5,both_mapped_different
United Kingdom,322120,322299,18629116.0,Europe,2,,,322120,level_5,322299,exact,both_mapped_different
United Kingdom,333519,331511,18606391.0,Europe,6,,,33351B,exact,331510,level_5,both_mapped_different
Taiwan,322211,322299,18564582.0,Asia,1,,,322210,level_5,322299,exact,both_mapped_different
Lithuania,334510,339113,18401048.0,Europe,1,,,334510,exact,339113,exact,both_mapped_different
Guatemala,311421,311411,18355106.0,South_America,1,,,311420,level_5,311410,level_5,both_mapped_different
Switzerland,334510,339112,18322033.0,Europe,1,,,334510,exact,339112,exact,both_mapped_different
India,336390,336214,18248784.0,Asia,2,,,336390,level_5,336214,exact,both_mapped_different
China,334419,334413,18220872.0,Asia,1,,,33441A,exact,334413,exact,both_mapped_different
Canada,327910,332999,18073678.0,North_America,1,,,327910,level_5,332999,exact,both_mapped_different
Japan,325411,325412,18061812.0,Asia,21,,,325411,exact,325412,exact,both_mapped_different
Sweden,322120,322130,18049726.0,Europe,1,,,322120,level_5,322130,level_5,both_mapped_different
Canada,333415,337127,18043374.0,North_America,1,,,333415,exact,337127,exact,both_mapped_different
China,333515,332216,18029510.0,Asia,1,,,33351B,exact,332200,level_4,both_mapped_different
Taiwan,325211,910000,17937321.0,Asia,3,,,325211,exact,S00300,noncomparable_imports,both_mapped_different
Austria,331210,331110,17912737.0,Europe,20,,,331200,level_4,331110,level_4,both_mapped_different
India,336350,335312,17842106.0,Asia,1,,,336350,level_5,335312,exact,both_mapped_different
Dominican Republic,339113,322291,17810537.0,South_America,1,,,339113,exact,322291,exact,both_mapped_different
Canada,334515,337127,17566287.0,North_America,1,,,334515,exact,337127,exact,both_mapped_different
Vietnam,325998,325199,17553533.0,Asia,3,,,3259A0,level_5,325190,level_5,both_mapped_different
Taiwan,325411,325412,17540700.0,Asia,14,,,325411,exact,325412,exact,both_mapped_different
Italy,327991,327390,17367914.0,Europe,3,,,327991,exact,327390,level_5,both_mapped_different
Thailand,336390,336214,17360941.0,Asia,1,,,336390,level_5,336214,exact,both_mapped_different
Mexico,325411,111339,17330476.0,North_America,1,,,325411,exact,111300,level_4,both_mapped_different
Mexico,336211,333120,17283652.0,North_America,1,,,336211,exact,333120,level_5,both_mapped_different
Taiwan,333995,333618,17145043.0,Asia,1,,,33399B,exact,333618,exact,both_mapped_different
India,331420,332999,17104029.0,Asia,4,,,331420,level_5,332999,exact,both_mapped_different
Brazil,321911,337215,17081869.0,South_America,1,,,321910,level_5,337215,exact,both_mapped_different
Poland,332996,332919,16993361.0,Europe,29,,,332996,exact,33291A,exact,both_mapped_different
Switzerland,334512,334513,16974090.0,Europe,2,,,334512,exact,334513,exact,both_mapped_different
Malaysia,326299,337215,16950748.0,Asia,1,,,326290,level_5,337215,exact,both_mapped_different
China,333519,331511,16928259.0,Asia,6,,,33351B,exact,331510,level_5,both_mapped_different
United Kingdom,334111,334118,16917383.0,Europe,1,,,334111,exact,334118,exact,both_mapped_different
Germany,335921,327215,16824968.0,Europe,5,,,335920,level_5,327200,level_4,both_mapped_different
Germany,332420,332439,16787637.0,Europe,4,,,332420,level_5,332430,level_5,both_mapped_different
Brazil,331210,331110,16553470.0,South_America,9,,,331200,level_4,331110,level_4,both_mapped_different
Indonesia,311999,114119,16532529.0,Asia,2,,,311990,level_5,114000,level_3,both_mapped_different
China,336330,333111,16413282.0,Asia,3,,,3363A0,level_5,333111,exact,both_mapped_different
France,337127,337124,16377173.0,Europe,4,,,337127,exact,33712N,exact,both_mapped_different
Finland,325998,334413,16213634.0,Europe,1,,,3259A0,level_5,334413,exact,both_mapped_different
Japan,339999,339114,16176883.0,Asia,1,,,339990,level_5,339114,exact,both_mapped_different
"Korea, South",333924,336999,16174209.0,Asia,1,,,333920,level_5,336999,exact,both_mapped_different
Mexico,335932,326199,16152055.0,North_America,1,,,335930,level_5,326190,level_5,both_mapped_different
"Korea, South",332510,335999,16125690.0,Asia,2,,,332500,level_4,335999,exact,both_mapped_different
Czech Republic,325180,325130,16089583.0,Europe,2,,,325180,level_5,325130,level_5,both_mapped_different
Canada,930000,333517,15994394.0,North_America,50,,,S00300,noncomparable_imports,333517,exact,both_mapped_different
Singapore,335999,335929,15887253.0,Asia,9,,,335999,exact,335920,level_5,both_mapped_different
United Kingdom,334512,334513,15871673.0,Europe,2,,,334512,exact,334513,exact,both_mapped_different
Japan,332721,336350,15838855.0,Asia,2,,,332720,level_5,336350,level_5,both_mapped_different
India,327212,327993,15828865.0,Asia,1,,,327200,level_4,327993,exact,both_mapped_different
Mexico,335921,327215,15825200.0,North_America,5,,,335920,level_5,327200,level_4,both_mapped_different
Taiwan,332510,335999,15809925.0,Asia,2,,,332500,level_4,335999,exact,both_mapped_different
Israel,335220,333414,15807189.0,Asia,4,,,335220,exact,333414,exact,both_mapped_different
Hungary,334512,334513,15750009.0,Europe,2,,,334512,exact,334513,exact,both_mapped_different
Philippines,335999,334419,15741016.0,Asia,1,,,335999,exact,33441A,exact,both_mapped_different
Australia,325414,325413,15695045.0,Oceana,1,,,325414,exact,325413,exact,both_mapped_different
Norway,325180,325130,15693879.0,Europe,1,,,325180,level_5,325130,level_5,both_mapped_different
Italy,333514,332216,15604065.0,Europe,1,,,333514,exact,332200,level_4,both_mapped_different
Italy,332112,332999,15530156.0,Europe,1,,,33211A,exact,332999,exact,both_mapped_different
India,334512,334513,15470242.0,Asia,2,,,334512,exact,334513,exact,both_mapped_different
"Korea, South",333519,331513,15445471.0,Asia,3,,,33351B,exact,331510,level_5,both_mapped_different
India,325411,111339,15440813.0,Asia,1,,,325411,exact,111300,level_4,both_mapped_different
Denmark,335999,335929,15424090.0,Europe,10,,,335999,exact,335920,level_5,both_mapped_different
France,332111,332999,15409649.0,Europe,2,,,33211A,exact,332999,exact,both_mapped_different
Netherlands,339113,337127,15396822.0,Europe,1,,,339113,exact,337127,exact,both_mapped_different
Mexico,325194,325211,15380869.0,North_America,1,,,325190,level_5,325211,exact,both_mapped_different
India,990000,333111,15362545.0,Asia,1,,,S00300,noncomparable_imports,333111,exact,both_mapped_different
Spain,335999,335929,15317704.0,Europe,10,,,335999,exact,335920,level_5,both_mapped_different
Austria,333519,331511,15294327.0,Europe,4,,,33351B,exact,331510,level_5,both_mapped_different
Switzerland,334111,334118,15266376.0,Europe,1,,,334111,exact,334118,exact,both_mapped_different
"Korea, South",332111,332999,15264534.0,Asia,2,,,33211A,exact,332999,exact,both_mapped_different
Belgium,325998,325613,15214082.0,Europe,1,,,3259A0,level_5,325610,level_5,both_mapped_different
Thailand,333924,336999,15161035.0,Asia,1,,,333920,level_5,336999,exact,both_mapped_different
Germany,333514,332216,15153379.0,Europe,1,,,333514,exact,332200,level_4,both_mapped_different
Estonia,321911,337215,15131775.0,Europe,1,,,321910,level_5,337215,exact,both_mapped_different
Taiwan,332721,336350,15114559.0,Asia,2,,,332720,level_5,336350,level_5,both_mapped_different
Austria,335999,335929,15048452.0,Europe,10,,,335999,exact,335920,level_5,both_mapped_different
United Kingdom,336120,336211,15044766.0,Europe,2,,,336120,level_5,336211,exact,both_mapped_different
"Korea, South",336350,335312,14993541.0,Asia,1,,,336350,level_5,335312,exact,both_mapped_different
Chile,321918,321999,14984403.0,South_America,1,,,321910,level_5,3219A0,level_5,both_mapped_different
India,910000,325199,14918826.0,Asia,2,,,S00300,noncomparable_imports,325190,level_5,both_mapped_different
Taiwan,333514,332216,14902159.0,Asia,1,,,333514,exact,332200,level_4,both_mapped_different
Sweden,331210,331110,14898555.0,Europe,32,,,331200,level_4,331110,level_4,both_mapped_different
Italy,331420,332999,14847292.0,Europe,5,,,331420,level_5,332999,exact,both_mapped_different
Japan,322130,322220,14840960.0,Asia,5,,,322130,level_5,322220,level_5,both_mapped_different
Japan,321219,327999,14801998.0,Asia,1,,,321200,level_4,327999,exact,both_mapped_different
Taiwan,321911,337215,14787743.0,Asia,1,,,321910,level_5,337215,exact,both_mapped_different
United Kingdom,325199,311224,14748805.0,Europe,3,,,325190,level_5,311224,exact,both_mapped_different
Italy,332991,332722,14743698.0,Europe,1,,,332991,exact,332720,level_5,both_mapped_different
Austria,930000,336411,14663485.0,Europe,2,,,S00300,noncomparable_imports,336411,exact,both_mapped_different
Poland,326299,337215,14644886.0,Europe,1,,,326290,level_5,337215,exact,both_mapped_different
Japan,990000,333111,14630877.0,Asia,1,,,S00300,noncomparable_imports,333111,exact,both_mapped_different
Brazil,322299,322121,14587077.0,South_America,3,,,322299,exact,322120,level_5,both_mapped_different
Sweden,339113,337127,14573374.0,Europe,1,,,339113,exact,337127,exact,both_mapped_different
Canada,339940,326199,14526073.0,North_America,1,,,339940,level_5,326190,level_5,both_mapped_different
India,321911,337215,14504807.0,Asia,1,,,321910,level_5,337215,exact,both_mapped_different
Canada,910000,325199,14457117.0,North_America,9,,,S00300,noncomparable_imports,325190,level_5,both_mapped_different
Mexico,339930,339910,14447641.0,North_America,2,,,339930,level_5,339910,level_5,both_mapped_different
Germany,334310,334220,14436672.0,Europe,2,,,334300,level_4,334220,level_5,both_mapped_different
El Salvador,335999,335929,14432421.0,South_America,2,,,335999,exact,335920,level_5,both_mapped_different
China,325620,325611,14366168.0,Asia,1,,,325620,level_5,325610,level_5,both_mapped_different
Chile,311421,311411,14322536.0,South_America,1,,,311420,level_5,311410,level_5,both_mapped_different
Germany,322120,322299,14315862.0,Europe,2,,,322120,level_5,322299,exact,both_mapped_different
Israel,990000,333111,14315552.0,Asia,1,,,S00300,noncomparable_imports,333111,exact,both_mapped_different
Canada,322211,322299,14258414.0,North_America,1,,,322210,level_5,322299,exact,both_mapped_different
Portugal,321911,337215,14257977.0,Europe,1,,,321910,level_5,337215,exact,both_mapped_different
Brazil,990000,333111,14241701.0,South_America,1,,,S00300,noncomparable_imports,333111,exact,both_mapped_different
Taiwan,335220,333414,14237238.0,Asia,4,,,335220,exact,333414,exact,both_mapped_different
China,333514,332216,14128289.0,Asia,1,,,333514,exact,332200,level_4,both_mapped_different
Belgium,334419,334413,14098244.0,Europe,1,,,33441A,exact,334413,exact,both_mapped_different
Austria,325998,325199,14097192.0,Europe,8,,,3259A0,level_5,325190,level_5,both_mapped_different
Italy,332111,332999,14093486.0,Europe,2,,,33211A,exact,332999,exact,both_mapped_different
Mexico,333923,333999,14003975.0,North_America,2,,,333920,level_5,33399A,exact,both_mapped_different
Canada,339930,336411,13970079.0,North_America,4,,,339930,level_5,336411,exact,both_mapped_different
Lithuania,339113,339112,13958218.0,Europe,1,,,339113,exact,339112,exact,both_mapped_different
Mexico,322299,322121,13904678.0,North_America,5,,,322299,exact,322120,level_5,both_mapped_different
Denmark,334419,334413,13828920.0,Europe,1,,,33441A,exact,334413,exact,both_mapped_different
United Kingdom,331410,331492,13774947.0,Europe,2,,,331410,exact,331490,level_5,both_mapped_different
Norway,311710,114112,13764413.0,Europe,4,,,311700,level_4,114000,level_3,both_mapped_different
Japan,335932,326199,13722655.0,Asia,1,,,335930,level_5,326190,level_5,both_mapped_different
Slovenia,322220,332999,13717336.0,Europe,1,,,322220,level_5,332999,exact,both_mapped_different
China,321219,327999,13617240.0,Asia,2,,,321200,level_4,327999,exact,both_mapped_different
"Korea, South",326150,326113,13521329.0,Asia,4,,,326150,level_5,326110,level_5,both_mapped_different
Taiwan,333923,333999,13486322.0,Asia,2,,,333920,level_5,33399A,exact,both_mapped_different
Germany,334516,334519,13424722.0,Europe,1,,,334516,exact,33451A,exact,both_mapped_different
Germany,335932,326199,13403283.0,Europe,1,,,335930,level_5,326190,level_5,both_mapped_different
Austria,333924,333120,13363921.0,Europe,1,,,333920,level_5,333120,level_5,both_mapped_different
Brazil,325199,311224,13301156.0,South_America,2,,,325190,level_5,311224,exact,both_mapped_different
China,339999,332999,13244789.0,Asia,2,,,339990,level_5,332999,exact,both_mapped_different
Switzerland,333515,333517,13211737.0,Europe,5,,,33351B,exact,333517,exact,both_mapped_different
Japan,339113,337127,13126476.0,Asia,1,,,339113,exact,337127,exact,both_mapped_different
Germany,326140,326113,13117315.0,Europe,1,,,326140,level_5,326110,level_5,both_mapped_different
Taiwan,333515,333991,13100326.0,Asia,2,,,33351B,exact,333991,exact,both_mapped_different
Italy,930000,333517,13072618.0,Europe,24,,,S00300,noncomparable_imports,333517,exact,both_mapped_different
Taiwan,332420,332439,13007523.0,Asia,4,,,332420,level_5,332430,level_5,both_mapped_different
Finland,322299,322121,12996077.0,Europe,2,,,322299,exact,322120,level_5,both_mapped_different
Lithuania,321911,337215,12979878.0,Europe,1,,,321910,level_5,337215,exact,both_mapped_different
China,313210,327993,12970545.0,Asia,1,,,313200,level_4,327993,exact,both_mapped_different
Mexico,336390,333111,12858761.0,North_America,2,,,336390,level_5,333111,exact,both_mapped_different
Germany,331420,332999,12807784.0,Europe,7,,,331420,level_5,332999,exact,both_mapped_different
Mexico,339113,322291,12679118.0,North_America,1,,,339113,exact,322291,exact,both_mapped_different
Germany,333241,333111,12601808.0,Europe,2,,,33329A,exact,333111,exact,both_mapped_different
"Korea, South",333996,333914,12553250.0,Asia,1,,,33399B,exact,333914,exact,both_mapped_different
Germany,326299,337215,12541040.0,Europe,1,,,326290,level_5,337215,exact,both_mapped_different
Canada,327910,331511,12501097.0,North_America,1,,,327910,level_5,331510,level_5,both_mapped_different
Mexico,325414,325413,12423046.0,North_America,1,,,325414,exact,325413,exact,both_mapped_different
France,331491,332999,12382707.0,Europe,2,,,331490,level_5,332999,exact,both_mapped_different
Honduras,325211,910000,12380756.0,South_America,3,,,325211,exact,S00300,noncomparable_imports,both_mapped_different
Costa Rica,313210,327993,12341919.0,South_America,1,,,313200,level_4,327993,exact,both_mapped_different
Germany,333992,335999,12334943.0,Europe,1,,,33399A,exact,335999,exact,both_mapped_different
China,333613,336310,12319154.0,Asia,2,,,333613,exact,336310,level_5,both_mapped_different
Israel,334419,333314,12311749.0,Asia,1,,,33441A,exact,333314,exact,both_mapped_different
Hungary,325411,325412,12269848.0,Europe,11,,,325411,exact,325412,exact,both_mapped_different
France,324191,325613,12204057.0,Europe,2,,,324190,level_5,325610,level_5,both_mapped_different
United Kingdom,339113,339112,12189071.0,Europe,1,,,339113,exact,339112,exact,both_mapped_different
France,333515,333517,12179495.0,Europe,5,,,33351B,exact,333517,exact,both_mapped_different
Sri Lanka,325199,325998,12101060.0,Asia,13,,,325190,level_5,3259A0,level_5,both_mapped_different
Austria,333519,331513,12079698.0,Europe,2,,,33351B,exact,331510,level_5,both_mapped_different
Portugal,337215,337127,12017830.0,Europe,1,,,337215,exact,337127,exact,both_mapped_different
United Kingdom,325998,334413,11961249.0,Europe,1,,,3259A0,level_5,334413,exact,both_mapped_different
France,335312,334419,11857319.0,Europe,1,,,335312,exact,33441A,exact,both_mapped_different
Taiwan,332618,331222,11837556.0,Asia,1,,,332600,level_4,331200,level_4,both_mapped_different
Canada,336211,333120,11830807.0,North_America,1,,,336211,exact,333120,level_5,both_mapped_different
Vietnam,332215,331511,11815485.0,Asia,3,,,332200,level_4,331510,level_5,both_mapped_different
Austria,325411,325412,11794239.0,Europe,10,,,325411,exact,325412,exact,both_mapped_different
Japan,322120,322130,11784031.0,Asia,3,,,322120,level_5,322130,level_5,both_mapped_different
Vietnam,990000,333111,11763700.0,Asia,1,,,S00300,noncomparable_imports,333111,exact,both_mapped_different
Germany,322299,322121,11758696.0,Europe,5,,,322299,exact,322120,level_5,both_mapped_different
Germany,333996,333914,11738725.0,Europe,1,,,33399B,exact,333914,exact,both_mapped_different
India,333923,333999,11707300.0,Asia,2,,,333920,level_5,33399A,exact,both_mapped_different
United Kingdom,324199,325998,11678117.0,Europe,2,,,324190,level_5,3259A0,level_5,both_mapped_different
United Kingdom,331210,331110,11676266.0,Europe,33,,,331200,level_4,331110,level_4,both_mapped_different
Sweden,321911,337215,11643349.0,Europe,1,,,321910,level_5,337215,exact,both_mapped_different
Fiji,325411,111339,11637331.0,Oceana,1,,,325411,exact,111300,level_4,both_mapped_different
Netherlands,325199,311224,11636276.0,Europe,3,,,325190,level_5,311224,exact,both_mapped_different
United Arab Emirates,331210,331110,11633375.0,Asia,10,,,331200,level_4,331110,level_4,both_mapped_different
Switzerland,332991,332722,11558784.0,Europe,1,,,332991,exact,332720,level_5,both_mapped_different
United Kingdom,930000,336411,11544835.0,Europe,4,,,S00300,noncomparable_imports,336411,exact,both_mapped_different
Germany,333924,333120,11519224.0,Europe,2,,,333920,level_5,333120,level_5,both_mapped_different
France,334515,337127,11490540.0,Europe,1,,,334515,exact,337127,exact,both_mapped_different
Oman,332618,331222,11371648.0,Asia,1,,,332600,level_4,331200,level_4,both_mapped_different
Morocco,325998,325199,11337157.0,Africa,4,,,3259A0,level_5,325190,level_5,both_mapped_different
Canada,321912,113310,11264333.0,North_America,4,,,321910,level_5,113000,level_3,both_mapped_different
Germany,334515,333999,11257152.0,Europe,1,,,334515,exact,33399A,exact,both_mapped_different
Malaysia,337215,337127,11256806.0,Asia,1,,,337215,exact,337127,exact,both_mapped_different
Turkey,337127,337124,11244046.0,Europe,5,,,337127,exact,33712N,exact,both_mapped_different
Malaysia,336412,336413,11236983.0,Asia,1,,,336412,exact,336413,exact,both_mapped_different
France,336412,336413,11172236.0,Europe,2,,,336412,exact,336413,exact,both_mapped_different
Italy,325199,325212,11141912.0,Europe,2,,,325190,level_5,3252A0,exact,both_mapped_different
Netherlands,325194,325211,11030461.0,Europe,1,,,325190,level_5,325211,exact,both_mapped_different
Australia,325199,325998,10876004.0,Oceana,13,,,325190,level_5,3259A0,level_5,both_mapped_different
Germany,990000,325413,10871841.0,Europe,1,,,S00300,noncomparable_imports,325413,exact,both_mapped_different
Switzerland,335932,326199,10845750.0,Europe,1,,,335930,level_5,326190,level_5,both_mapped_different
Israel,335312,334419,10836023.0,Asia,1,,,335312,exact,33441A,exact,both_mapped_different
Ireland,325199,311224,10806959.0,Europe,2,,,325190,level_5,311224,exact,both_mapped_different
Taiwan,333515,333517,10801732.0,Asia,5,,,33351B,exact,333517,exact,both_mapped_different
Slovenia,333519,331511,10779475.0,Europe,5,,,33351B,exact,331510,level_5,both_mapped_different
Austria,335312,334419,10779272.0,Europe,1,,,335312,exact,33441A,exact,both_mapped_different
Vietnam,336390,336214,10774009.0,Asia,2,,,336390,level_5,336214,exact,both_mapped_different
China,990000,315190,10731229.0,Asia,1,,,S00300,noncomparable_imports,315000,level_3,both_mapped_different
France,322220,332999,10689411.0,Europe,2,,,322220,level_5,332999,exact,both_mapped_different
Vietnam,339113,326199,10675777.0,Asia,2,,,339113,exact,326190,level_5,both_mapped_different
Mexico,325411,325412,10646624.0,North_America,11,,,325411,exact,325412,exact,both_mapped_different
China,339113,315990,10623246.0,Asia,3,,,339113,exact,315000,level_3,both_mapped_different
Malaysia,335312,334419,10562550.0,Asia,1,,,335312,exact,33441A,exact,both_mapped_different
Japan,336350,335312,10531611.0,Asia,1,,,336350,level_5,335312,exact,both_mapped_different
Japan,333514,332216,10502671.0,Asia,1,,,333514,exact,332200,level_4,both_mapped_different
Italy,333519,331511,10496545.0,Europe,4,,,33351B,exact,331510,level_5,both_mapped_different
France,325199,311224,10489148.0,Europe,3,,,325190,level_5,311224,exact,both_mapped_different
Bangladesh,339113,315280,10461215.0,Asia,5,,,339113,exact,315000,level_3,both_mapped_different
Germany,331410,331492,10459740.0,Europe,1,,,331410,exact,331490,level_5,both_mapped_different
Taiwan,990000,333111,10346466.0,Asia,1,,,S00300,noncomparable_imports,333111,exact,both_mapped_different
Czech Republic,325211,910000,10342224.0,Europe,1,,,325211,exact,S00300,noncomparable_imports,both_mapped_different
Spain,336120,336211,10341477.0,Europe,2,,,336120,level_5,336211,exact,both_mapped_different
Netherlands,333241,333111,10341038.0,Europe,1,,,33329A,exact,333111,exact,both_mapped_different
France,331313,331314,10335663.0,Europe,1,,,331313,exact,331314,exact,both_mapped_different
"Korea, South",339930,336411,10324551.0,Asia,4,,,339930,level_5,336411,exact,both_mapped_different
Belgium,333519,331511,10318213.0,Europe,4,,,33351B,exact,331510,level_5,both_mapped_different
Czech Republic,325998,334413,10308740.0,Europe,1,,,3259A0,level_5,334413,exact,both_mapped_different
Taiwan,333924,336999,10294959.0,Asia,1,,,333920,level_5,336999,exact,both_mapped_different
Germany,333613,336310,10293055.0,Europe,2,,,333613,exact,336310,level_5,both_mapped_different
India,339940,326199,10244235.0,Asia,1,,,339940,level_5,326190,level_5,both_mapped_different
Canada,333415,335312,10235662.0,North_America,1,,,333415,exact,335312,exact,both_mapped_different
Finland,322130,322220,10233437.0,Europe,2,,,322130,level_5,322220,level_5,both_mapped_different
"Korea, South",335220,333414,10203121.0,Asia,7,,,335220,exact,333414,exact,both_mapped_different
Netherlands,335921,327215,10172020.0,Europe,4,,,335920,level_5,327200,level_4,both_mapped_different
Italy,990000,337212,10136137.0,Europe,1,,,S00300,noncomparable_imports,33721A,exact,both_mapped_different
Jordan,334413,335999,10126460.0,Asia,1,,,334413,exact,335999,exact,both_mapped_different
Vietnam,326199,314120,10118777.0,Asia,2,,,326190,level_5,314120,level_5,both_mapped_different
Spain,930000,333517,10106227.0,Europe,22,,,S00300,noncomparable_imports,333517,exact,both_mapped_different
Italy,334512,334513,10096772.0,Europe,2,,,334512,exact,334513,exact,both_mapped_different
Malaysia,332618,331222,10091423.0,Asia,1,,,332600,level_4,331200,level_4,both_mapped_different
India,334510,339113,10087718.0,Asia,1,,,334510,exact,339113,exact,both_mapped_different
"Korea, South",324199,325998,10067031.0,Asia,2,,,324190,level_5,3259A0,level_5,both_mapped_different
Malaysia,334111,334118,10039904.0,Asia,1,,,334111,exact,334118,exact,both_mapped_different
Mexico,333515,333517,10015598.0,North_America,5,,,33351B,exact,333517,exact,both_mapped_different
Italy,334515,337127,9953081.0,Europe,1,,,334515,exact,337127,exact,both_mapped_different
China,336390,333111,9920812.0,Asia,2,,,336390,level_5,333111,exact,both_mapped_different
Germany,325411,111339,9919148.0,Europe,1,,,325411,exact,111300,level_4,both_mapped_different
Poland,333924,333120,9917226.0,Europe,2,,,333920,level_5,333120,level_5,both_mapped_different
China,327910,332999,9908269.0,Asia,1,,,327910,level_5,332999,exact,both_mapped_different
Poland,335312,334419,9903412.0,Europe,1,,,335312,exact,33441A,exact,both_mapped_different
Vanuatu,325411,111339,9853102.0,Oceana,1,,,325411,exact,111300,level_4,both_mapped_different
Canada,337127,337215,9817924.0,North_America,1,,,337127,exact,337215,exact,both_mapped_different
Turkey,327991,327120,9804212.0,Europe,1,,,327991,exact,327100,level_4,both_mapped_different
Canada,325510,325520,9750321.0,North_America,1,,,325510,level_5,325520,level_5,both_mapped_different
South Africa,325199,325998,9707099.0,Africa,13,,,325190,level_5,3259A0,level_5,both_mapped_different
France,333923,333999,9676253.0,Europe,2,,,333920,level_5,33399A,exact,both_mapped_different
Costa Rica,325199,325998,9642994.0,South_America,3,,,325190,level_5,3259A0,level_5,both_mapped_different
India,325211,910000,9619533.0,Asia,4,,,325211,exact,S00300,noncomparable_imports,both_mapped_different
Denmark,339113,339112,9614615.0,Europe,1,,,339113,exact,339112,exact,both_mapped_different
"Korea, South",326299,337215,9584654.0,Asia,1,,,326290,level_5,337215,exact,both_mapped_different
Brazil,325920,332993,9566357.0,South_America,1,,,3259A0,level_5,33299A,exact,both_mapped_different
Canada,333996,333914,9421691.0,North_America,1,,,33399B,exact,333914,exact,both_mapped_different
Mexico,335999,334419,9348235.0,North_America,1,,,335999,exact,33441A,exact,both_mapped_different
Argentina,332996,332919,9284788.0,South_America,9,,,332996,exact,33291A,exact,both_mapped_different
Vietnam,339999,327110,9241334.0,Asia,3,,,339990,level_5,327100,level_4,both_mapped_different
"Korea, South",327991,327390,9228111.0,Asia,3,,,327991,exact,327390,level_5,both_mapped_different
Indonesia,327991,327390,9160400.0,Asia,3,,,327991,exact,327390,level_5,both_mapped_different
Argentina,333519,331513,9152083.0,South_America,3,,,33351B,exact,331510,level_5,both_mapped_different
Japan,334515,337127,9149469.0,Asia,1,,,334515,exact,337127,exact,both_mapped_different
China,930000,333517,9118858.0,Asia,34,,,S00300,noncomparable_imports,333517,exact,both_mapped_different
Germany,334419,334413,9116547.0,Europe,1,,,33441A,exact,334413,exact,both_mapped_different
Taiwan,339113,316998,9092755.0,Asia,1,,,339113,exact,316000,level_3,both_mapped_different
"Korea, South",333519,331511,9067225.0,Asia,5,,,33351B,exact,331510,level_5,both_mapped_different
Canada,325414,325413,9034091.0,North_America,1,,,325414,exact,325413,exact,both_mapped_different
United Kingdom,324191,325613,9028124.0,Europe,2,,,324190,level_5,325610,level_5,both_mapped_different
Germany,333515,333991,9014612.0,Europe,2,,,33351B,exact,333991,exact,both_mapped_different
Switzerland,332996,332919,8977255.0,Europe,27,,,332996,exact,33291A,exact,both_mapped_different
"Korea, South",334419,333314,8960461.0,Asia,3,,,33441A,exact,333314,exact,both_mapped_different
South Africa,333519,331513,8956355.0,Africa,3,,,33351B,exact,331510,level_5,both_mapped_different
Turkey,325510,325998,8932219.0,Europe,1,,,325510,level_5,3259A0,level_5,both_mapped_different
Egypt,325199,325998,8902097.0,Africa,14,,,325190,level_5,3259A0,level_5,both_mapped_different
India,335932,326199,8894948.0,Asia,1,,,335930,level_5,326190,level_5,both_mapped_different
Taiwan,336390,336214,8872192.0,Asia,3,,,336390,level_5,336214,exact,both_mapped_different
Dominican Republic,334510,339113,8829289.0,South_America,1,,,334510,exact,339113,exact,both_mapped_different
Israel,327991,327390,8820801.0,Asia,2,,,327991,exact,327390,level_5,both_mapped_different
Israel,990000,315990,8815801.0,Asia,1,,,S00300,noncomparable_imports,315000,level_3,both_mapped_different
Denmark,326150,326113,8787996.0,Europe,4,,,326150,level_5,326110,level_5,both_mapped_different
Czech Republic,325920,332993,8761167.0,Europe,1,,,3259A0,level_5,33299A,exact,both_mapped_different
Uruguay,325199,325998,8725382.0,South_America,3,,,325190,level_5,3259A0,level_5,both_mapped_different
China,331420,332999,8718734.0,Asia,8,,,331420,level_5,332999,exact,both_mapped_different
United Kingdom,333923,333999,8714646.0,Europe,2,,,333920,level_5,33399A,exact,both_mapped_different
India,325199,311224,8689855.0,Asia,3,,,325190,level_5,311224,exact,both_mapped_different
Germany,337127,337124,8688205.0,Europe,5,,,337127,exact,33712N,exact,both_mapped_different
Mexico,322211,322299,8674108.0,North_America,1,,,322210,level_5,322299,exact,both_mapped_different
Netherlands,333120,333924,8660160.0,Europe,2,,,333120,level_5,333920,level_5,both_mapped_different
Germany,327991,327390,8643483.0,Europe,2,,,327991,exact,327390,level_5,both_mapped_different
Germany,325199,311224,8635799.0,Europe,3,,,325190,level_5,311224,exact,both_mapped_different
Brazil,325411,325412,8612999.0,South_America,5,,,325411,exact,325412,exact,both_mapped_different
France,322120,322130,8605622.0,Europe,3,,,322120,level_5,322130,level_5,both_mapped_different
Germany,336390,336214,8569137.0,Europe,2,,,336390,level_5,336214,exact,both_mapped_different
New Zealand,325414,325413,8503682.0,Oceana,1,,,325414,exact,325413,exact,both_mapped_different
Greece,311421,311411,8486844.0,Europe,1,,,311420,level_5,311410,level_5,both_mapped_different
India,332215,332999,8468562.0,Asia,4,,,332200,level_4,332999,exact,both_mapped_different
Japan,334512,334513,8463214.0,Asia,2,,,334512,exact,334513,exact,both_mapped_different
Turkey,335999,335929,8458097.0,Europe,10,,,335999,exact,335920,level_5,both_mapped_different
Netherlands,322220,332999,8454358.0,Europe,2,,,322220,level_5,332999,exact,both_mapped_different
Taiwan,339940,326199,8453631.0,Asia,1,,,339940,level_5,326190,level_5,both_mapped_different
Hong Kong,325411,111339,8445992.0,Asia,1,,,325411,exact,111300,level_4,both_mapped_different
Switzerland,335312,334419,8428376.0,Europe,1,,,335312,exact,33441A,exact,both_mapped_different
Brazil,335312,334419,8426879.0,South_America,1,,,335312,exact,33441A,exact,both_mapped_different
Israel,990000,315190,8403627.0,Asia,1,,,S00300,noncomparable_imports,315000,level_3,both_mapped_different
United Kingdom,334310,334220,8393851.0,Europe,2,,,334300,level_4,334220,level_5,both_mapped_different
Malaysia,337127,337215,8386878.0,Asia,1,,,337127,exact,337215,exact,both_mapped_different
Japan,333613,336310,8376777.0,Asia,2,,,333613,exact,336310,level_5,both_mapped_different
Switzerland,339930,336411,8301956.0,Europe,3,,,339930,level_5,336411,exact,both_mapped_different
Israel,334111,334118,8277896.0,Asia,1,,,334111,exact,334118,exact,both_mapped_different
Denmark,333924,333120,8191111.0,Europe,1,,,333920,level_5,333120,level_5,both_mapped_different
Czech Republic,990000,333111,8185353.0,Europe,1,,,S00300,noncomparable_imports,333111,exact,both_mapped_different
United Kingdom,326150,326113,8153925.0,Europe,4,,,326150,level_5,326110,level_5,both_mapped_different
Canada,311710,114112,8128821.0,North_America,7,,,311700,level_4,114000,level_3,both_mapped_different
China,335220,332216,8126373.0,Asia,2,,,335220,exact,332200,level_4,both_mapped_different
India,333515,333517,8107494.0,Asia,5,,,33351B,exact,333517,exact,both_mapped_different
Austria,325199,325998,8106249.0,Europe,8,,,325190,level_5,3259A0,level_5,both_mapped_different
United Kingdom,333111,333241,8094260.0,Europe,1,,,333111,exact,33329A,exact,both_mapped_different
Mexico,335220,333414,8092710.0,North_America,6,,,335220,exact,333414,exact,both_mapped_different
Ireland,325199,325998,8087367.0,Europe,5,,,325190,level_5,3259A0,level_5,both_mapped_different
France,333924,333120,8074522.0,Europe,2,,,333920,level_5,333120,level_5,both_mapped_different
Cambodia,334511,339930,8066954.0,Asia,1,,,334511,exact,339930,level_5,both_mapped_different
Mexico,333613,336310,8041075.0,North_America,2,,,333613,exact,336310,level_5,both_mapped_different
South Africa,335999,335929,8038978.0,Africa,5,,,335999,exact,335920,level_5,both_mapped_different
Canada,333120,333924,8036975.0,North_America,2,,,333120,level_5,333920,level_5,both_mapped_different
France,325998,325613,8033936.0,Europe,1,,,3259A0,level_5,325610,level_5,both_mapped_different
Italy,333923,333999,8029361.0,Europe,2,,,333920,level_5,33399A,exact,both_mapped_different
Vietnam,311421,311411,8016453.0,Asia,1,,,311420,level_5,311410,level_5,both_mapped_different
United Kingdom,337215,337127,8013320.0,Europe,1,,,337215,exact,337127,exact,both_mapped_different
Hungary,321911,337215,7990552.0,Europe,1,,,321910,level_5,337215,exact,both_mapped_different
Vietnam,334310,334220,7940745.0,Asia,2,,,334300,level_4,334220,level_5,both_mapped_different
Sweden,332996,332919,7940005.0,Europe,25,,,332996,exact,33291A,exact,both_mapped_different
Japan,334419,334310,7910197.0,Asia,2,,,33441A,exact,334300,level_4,both_mapped_different
India,322299,322121,7909994.0,Asia,4,,,322299,exact,322120,level_5,both_mapped_different
Norway,339930,336411,7881009.0,Europe,2,,,339930,level_5,336411,exact,both_mapped_different
Germany,332111,332999,7845644.0,Europe,2,,,33211A,exact,332999,exact,both_mapped_different
Uruguay,325998,325199,7816385.0,South_America,2,,,3259A0,level_5,325190,level_5,both_mapped_different
Vietnam,333515,333517,7793283.0,Asia,5,,,33351B,exact,333517,exact,both_mapped_different
Malaysia,325998,325411,7788460.0,Asia,1,,,3259A0,level_5,325411,exact,both_mapped_different
India,332420,332439,7775837.0,Asia,4,,,332420,level_5,332430,level_5,both_mapped_different
United Kingdom,333613,336310,7773717.0,Europe,2,,,333613,exact,336310,level_5,both_mapped_different
Mexico,339113,339112,7773350.0,North_America,1,,,339113,exact,339112,exact,both_mapped_different
Taiwan,326199,314120,7770355.0,Asia,2,,,326190,level_5,314120,level_5,both_mapped_different
Brazil,326299,313320,7726317.0,South_America,1,,,326290,level_5,313300,level_4,both_mapped_different
Vietnam,316990,339999,7707082.0,Asia,1,,,316000,level_3,339990,level_5,both_mapped_different
Taiwan,327991,327390,7704264.0,Asia,1,,,327991,exact,327390,level_5,both_mapped_different
Italy,326299,313320,7699062.0,Europe,1,,,326290,level_5,313300,level_4,both_mapped_different
Japan,333923,333999,7674342.0,Asia,2,,,333920,level_5,33399A,exact,both_mapped_different
Cambodia,332996,332919,7633229.0,Asia,6,,,332996,exact,33291A,exact,both_mapped_different
New Zealand,333996,333618,7614065.0,Oceana,1,,,33399B,exact,333618,exact,both_mapped_different
France,333111,333120,7595442.0,Europe,4,,,333111,exact,333120,level_5,both_mapped_different
Italy,322220,332999,7581994.0,Europe,2,,,322220,level_5,332999,exact,both_mapped_different
Spain,333515,333517,7561465.0,Europe,5,,,33351B,exact,333517,exact,both_mapped_different
"Korea, South",333923,333999,7538943.0,Asia,2,,,333920,level_5,33399A,exact,both_mapped_different
Costa Rica,339113,339112,7538526.0,South_America,1,,,339113,exact,339112,exact,both_mapped_different
Israel,334510,339113,7532158.0,Asia,1,,,334510,exact,339113,exact,both_mapped_different
Poland,339113,337127,7519668.0,Europe,1,,,339113,exact,337127,exact,both_mapped_different
Italy,336350,335312,7518091.0,Europe,1,,,336350,level_5,335312,exact,both_mapped_different
Finland,335312,334419,7492776.0,Europe,1,,,335312,exact,33441A,exact,both_mapped_different
Thailand,339930,339910,7480531.0,Asia,2,,,339930,level_5,339910,level_5,both_mapped_different
China,335921,327215,7474803.0,Asia,5,,,335920,level_5,327200,level_4,both_mapped_different
Canada,334419,333314,7422968.0,North_America,3,,,33441A,exact,333314,exact,both_mapped_different
Japan,336612,336611,7398281.0,Asia,2,,,336612,exact,336611,exact,both_mapped_different
Italy,334515,333999,7394171.0,Europe,1,,,334515,exact,33399A,exact,both_mapped_different
Denmark,334516,334519,7388881.0,Europe,1,,,334516,exact,33451A,exact,both_mapped_different
Netherlands,325510,325998,7352651.0,Europe,1,,,325510,level_5,3259A0,level_5,both_mapped_different
Japan,333924,336999,7345857.0,Asia,1,,,333920,level_5,336999,exact,both_mapped_different
New Zealand,333241,333111,7328724.0,Oceana,1,,,33329A,exact,333111,exact,both_mapped_different
France,990000,333111,7306361.0,Europe,1,,,S00300,noncomparable_imports,333111,exact,both_mapped_different
Italy,339930,339910,7299919.0,Europe,2,,,339930,level_5,339910,level_5,both_mapped_different
Thailand,331210,331110,7264899.0,Asia,14,,,331200,level_4,331110,level_4,both_mapped_different
Thailand,311710,114112,7261984.0,Asia,1,,,311700,level_4,114000,level_3,both_mapped_different
Nigeria,325211,910000,7246321.0,Africa,2,,,325211,exact,S00300,noncomparable_imports,both_mapped_different
Hungary,333515,333991,7237985.0,Europe,2,,,33351B,exact,333991,exact,both_mapped_different
Canada,321219,327390,7235020.0,North_America,1,,,321200,level_4,327390,level_5,both_mapped_different
India,339994,314120,7228555.0,Asia,2,,,339990,level_5,314120,level_5,both_mapped_different
Netherlands,324199,325998,7201249.0,Europe,2,,,324190,level_5,3259A0,level_5,both_mapped_different
Poland,337127,337124,7153002.0,Europe,3,,,337127,exact,33712N,exact,both_mapped_different
Thailand,339113,337127,7136455.0,Asia,1,,,339113,exact,337127,exact,both_mapped_different
Italy,325180,325130,7127619.0,Europe,3,,,325180,level_5,325130,level_5,both_mapped_different
India,990000,337212,7116622.0,Asia,1,,,S00300,noncomparable_imports,33721A,exact,both_mapped_different
New Zealand,990000,333111,7106251.0,Oceana,1,,,S00300,noncomparable_imports,333111,exact,both_mapped_different
Italy,333111,333241,7095579.0,Europe,1,,,333111,exact,33329A,exact,both_mapped_different
Taiwan,339113,326199,7090737.0,Asia,1,,,339113,exact,326190,level_5,both_mapped_different
India,322230,323111,7072859.0,Asia,3,,,322230,level_5,323110,level_5,both_mapped_different
Taiwan,339999,327110,7069032.0,Asia,3,,,339990,level_5,327100,level_4,both_mapped_different
Sweden,325194,325211,7047018.0,Europe,1,,,325190,level_5,325211,exact,both_mapped_different
Brazil,327991,327390,7039435.0,South_America,3,,,327991,exact,327390,level_5,both_mapped_different
Vietnam,332439,332999,7037021.0,Asia,1,,,332430,level_5,332999,exact,both_mapped_different
Netherlands,313230,327212,7032060.0,Europe,1,,,313200,level_4,327200,level_4,both_mapped_different
Singapore,333992,335999,7020000.0,Asia,1,,,33399A,exact,335999,exact,both_mapped_different
Canada,333992,335999,7013863.0,North_America,1,,,33399A,exact,335999,exact,both_mapped_different
Ireland,339113,339112,7011862.0,Europe,1,,,339113,exact,339112,exact,both_mapped_different
Germany,311514,325199,6995823.0,Europe,1,,,311514,exact,325190,level_5,both_mapped_different
Malaysia,334512,334513,6987220.0,Asia,2,,,334512,exact,334513,exact,both_mapped_different
China,313230,327215,6948048.0,Asia,1,,,313200,level_4,327200,level_4,both_mapped_different
India,335220,333414,6925228.0,Asia,6,,,335220,exact,333414,exact,both_mapped_different
Spain,325998,325613,6909703.0,Europe,1,,,3259A0,level_5,325610,level_5,both_mapped_different
Germany,327212,327993,6895834.0,Europe,2,,,327200,level_4,327993,exact,both_mapped_different
Poland,334512,334513,6880420.0,Europe,2,,,334512,exact,334513,exact,both_mapped_different
Thailand,334310,334220,6866727.0,Asia,2,,,334300,level_4,334220,level_5,both_mapped_different
Spain,311612,326121,6857774.0,Europe,2,,,31161A,exact,326120,level_5,both_mapped_different
Canada,332439,332999,6821601.0,North_America,1,,,332430,level_5,332999,exact,both_mapped_different
Vietnam,990000,325413,6808602.0,Asia,1,,,S00300,noncomparable_imports,325413,exact,both_mapped_different
Norway,334111,334118,6806529.0,Europe,1,,,334111,exact,334118,exact,both_mapped_different
Israel,325998,325199,6788408.0,Asia,5,,,3259A0,level_5,325190,level_5,both_mapped_different
Bulgaria,333923,333999,6787053.0,Europe,2,,,333920,level_5,33399A,exact,both_mapped_different
Finland,334512,334513,6778398.0,Europe,2,,,334512,exact,334513,exact,both_mapped_different
Honduras,321219,327999,6773559.0,South_America,1,,,321200,level_4,327999,exact,both_mapped_different
Austria,326150,326113,6757861.0,Europe,4,,,326150,level_5,326110,level_5,both_mapped_different
Japan,333992,335999,6757766.0,Asia,1,,,33399A,exact,335999,exact,both_mapped_different
Canada,339113,326199,6754752.0,North_America,1,,,339113,exact,326190,level_5,both_mapped_different
Israel,333241,333111,6743398.0,Asia,2,,,33329A,exact,333111,exact,both_mapped_different
Thailand,333923,333999,6742843.0,Asia,2,,,333920,level_5,33399A,exact,both_mapped_different
China,327390,327999,6739041.0,Asia,1,,,327390,level_5,327999,exact,both_mapped_different
Colombia,322220,332999,6715484.0,South_America,1,,,322220,level_5,332999,exact,both_mapped_different
Germany,333924,336999,6687413.0,Europe,1,,,333920,level_5,336999,exact,both_mapped_different
Taiwan,332991,332722,6677015.0,Asia,1,,,332991,exact,332720,level_5,both_mapped_different
Indonesia,327991,327120,6667539.0,Asia,1,,,327991,exact,327100,level_4,both_mapped_different
Mexico,322120,322299,6649000.0,North_America,2,,,322120,level_5,322299,exact,both_mapped_different
Germany,313210,327993,6647298.0,Europe,1,,,313200,level_4,327993,exact,both_mapped_different
Germany,339940,322121,6643729.0,Europe,2,,,339940,level_5,322120,level_5,both_mapped_different
Belgium,332510,335999,6643154.0,Europe,2,,,332500,level_4,335999,exact,both_mapped_different
Philippines,333241,333111,6640991.0,Asia,1,,,33329A,exact,333111,exact,both_mapped_different
Taiwan,333613,336310,6633517.0,Asia,2,,,333613,exact,336310,level_5,both_mapped_different
Taiwan,990000,325413,6620847.0,Asia,1,,,S00300,noncomparable_imports,325413,exact,both_mapped_different
Netherlands,325211,910000,6597753.0,Europe,4,,,325211,exact,S00300,noncomparable_imports,both_mapped_different
Croatia,334413,335999,6587454.0,Europe,1,,,334413,exact,335999,exact,both_mapped_different
United Kingdom,335220,333414,6577422.0,Europe,6,,,335220,exact,333414,exact,both_mapped_different
Mexico,339113,314120,6540899.0,North_America,1,,,339113,exact,314120,level_5,both_mapped_different
United Kingdom,910000,331491,6538817.0,Europe,1,,,S00300,noncomparable_imports,331490,level_5,both_mapped_different
Cambodia,327991,327390,6506902.0,Asia,1,,,327991,exact,327390,level_5,both_mapped_different
Finland,332510,335999,6426268.0,Europe,2,,,332500,level_4,335999,exact,both_mapped_different
Brazil,322220,332999,6424761.0,South_America,2,,,322220,level_5,332999,exact,both_mapped_different
United Kingdom,327212,327993,6422861.0,Europe,2,,,327200,level_4,327993,exact,both_mapped_different
Sri Lanka,322230,323111,6395568.0,Asia,2,,,322230,level_5,323110,level_5,both_mapped_different
Mexico,325998,325620,6364777.0,North_America,2,,,3259A0,level_5,325620,level_5,both_mapped_different
Vietnam,335220,333414,6332347.0,Asia,5,,,335220,exact,333414,exact,both_mapped_different
United Kingdom,322230,323111,6330717.0,Europe,3,,,322230,level_5,323110,level_5,both_mapped_different
Kenya,325199,325998,6330487.0,Africa,7,,,325190,level_5,3259A0,level_5,both_mapped_different
Italy,333241,333999,6328573.0,Europe,1,,,33329A,exact,33399A,exact,both_mapped_different
Egypt,325411,111339,6285733.0,Africa,1,,,325411,exact,111300,level_4,both_mapped_different
China,325920,332993,6241825.0,Asia,1,,,3259A0,level_5,33299A,exact,both_mapped_different
"Korea, South",334111,334118,6207903.0,Asia,1,,,334111,exact,334118,exact,both_mapped_different
Canada,333111,333120,6206299.0,North_America,5,,,333111,exact,333120,level_5,both_mapped_different
Thailand,339113,315280,6193930.0,Asia,4,,,339113,exact,315000,level_3,both_mapped_different
United Kingdom,336390,333111,6181059.0,Europe,2,,,336390,level_5,333111,exact,both_mapped_different
Denmark,322299,322121,6178925.0,Europe,2,,,322299,exact,322120,level_5,both_mapped_different
Indonesia,332999,327110,6178631.0,Asia,1,,,332999,exact,327100,level_4,both_mapped_different
Malaysia,339113,337127,6174477.0,Asia,1,,,339113,exact,337127,exact,both_mapped_different
Philippines,332996,332919,6156423.0,Asia,13,,,332996,exact,33291A,exact,both_mapped_different
Canada,321999,113310,6155659.0,North_America,2,,,3219A0,level_5,113000,level_3,both_mapped_different
"Korea, South",334310,334220,6147737.0,Asia,2,,,334300,level_4,334220,level_5,both_mapped_different
Dominican Republic,322299,322121,6135447.0,South_America,3,,,322299,exact,322120,level_5,both_mapped_different
Canada,331410,332999,6135296.0,North_America,1,,,331410,exact,332999,exact,both_mapped_different
Poland,337127,337215,6134220.0,Europe,1,,,337127,exact,337215,exact,both_mapped_different
India,325180,325130,6098534.0,Asia,3,,,325180,level_5,325130,level_5,both_mapped_different
Singapore,332510,335999,6090241.0,Asia,2,,,332500,level_4,335999,exact,both_mapped_different
Vietnam,322211,322299,6089617.0,Asia,1,,,322210,level_5,322299,exact,both_mapped_different
China,333992,331491,6085182.0,Asia,2,,,33399A,exact,331490,level_5,both_mapped_different
Sweden,333241,333111,6043119.0,Europe,2,,,33329A,exact,333111,exact,both_mapped_different
France,335999,334419,6041009.0,Europe,1,,,335999,exact,33441A,exact,both_mapped_different
Switzerland,325998,325613,6033193.0,Europe,1,,,3259A0,level_5,325610,level_5,both_mapped_different
Germany,335929,331318,6016099.0,Europe,1,,,335920,level_5,33131B,exact,both_mapped_different
Canada,339930,339910,6005080.0,North_America,2,,,339930,level_5,339910,level_5,both_mapped_different
China,333996,333914,5995842.0,Asia,1,,,33399B,exact,333914,exact,both_mapped_different
Belgium,311612,326121,5985233.0,Europe,2,,,31161A,exact,326120,level_5,both_mapped_different
Sweden,334310,334220,5984002.0,Europe,2,,,334300,level_4,334220,level_5,both_mapped_different
Singapore,325199,325998,5965723.0,Asia,7,,,325190,level_5,3259A0,level_5,both_mapped_different
Turkey,930000,333517,5965480.0,Europe,10,,,S00300,noncomparable_imports,333517,exact,both_mapped_different
Canada,335220,332216,5963061.0,North_America,2,,,335220,exact,332200,level_4,both_mapped_different
Japan,324191,325613,5958836.0,Asia,2,,,324190,level_5,325610,level_5,both_mapped_different
Thailand,333613,336310,5958638.0,Asia,2,,,333613,exact,336310,level_5,both_mapped_different
Netherlands,325998,325620,5955181.0,Europe,1,,,3259A0,level_5,325620,level_5,both_mapped_different
Denmark,333241,333111,5953014.0,Europe,2,,,33329A,exact,333111,exact,both_mapped_different
"Korea, South",337215,337127,5912981.0,Asia,1,,,337215,exact,337127,exact,both_mapped_different
Mexico,327420,327999,5908779.0,North_America,1,,,327400,level_4,327999,exact,both_mapped_different
Costa Rica,321219,327999,5904388.0,South_America,1,,,321200,level_4,327999,exact,both_mapped_different
Taiwan,334512,334513,5894254.0,Asia,2,,,334512,exact,334513,exact,both_mapped_different
Finland,335999,335929,5882633.0,Europe,10,,,335999,exact,335920,level_5,both_mapped_different
India,335921,327215,5863667.0,Asia,4,,,335920,level_5,327200,level_4,both_mapped_different
Canada,322299,322121,5860484.0,North_America,6,,,322299,exact,322120,level_5,both_mapped_different
"Korea, South",336390,336214,5854037.0,Asia,1,,,336390,level_5,336214,exact,both_mapped_different
Madagascar,325199,325998,5848995.0,Africa,11,,,325190,level_5,3259A0,level_5,both_mapped_different
Australia,335999,335929,5829101.0,Oceana,9,,,335999,exact,335920,level_5,both_mapped_different
Netherlands,336390,336214,5814709.0,Europe,1,,,336390,level_5,336214,exact,both_mapped_different
France,325180,325130,5812363.0,Europe,2,,,325180,level_5,325130,level_5,both_mapped_different
China,339999,313210,5803933.0,Asia,1,,,339990,level_5,313200,level_4,both_mapped_different
Macedonia,335999,335929,5801793.0,Europe,3,,,335999,exact,335920,level_5,both_mapped_different
Cambodia,337215,337127,5796299.0,Asia,1,,,337215,exact,337127,exact,both_mapped_different
Taiwan,326150,326113,5786386.0,Asia,4,,,326150,level_5,326110,level_5,both_mapped_different
Romania,332996,332919,5780577.0,Europe,11,,,332996,exact,33291A,exact,both_mapped_different
Austria,332618,331222,5772048.0,Europe,1,,,332600,level_4,331200,level_4,both_mapped_different
Netherlands,325998,325613,5765827.0,Europe,1,,,3259A0,level_5,325610,level_5,both_mapped_different
Japan,333992,331491,5764940.0,Asia,2,,,33399A,exact,331490,level_5,both_mapped_different
Italy,337127,337215,5727920.0,Europe,1,,,337127,exact,337215,exact,both_mapped_different
France,339113,337127,5707391.0,Europe,1,,,339113,exact,337127,exact,both_mapped_different
Mexico,910000,325199,5701814.0,North_America,6,,,S00300,noncomparable_imports,325190,level_5,both_mapped_different
Germany,311942,325130,5691451.0,Europe,1,,,311940,level_5,325130,level_5,both_mapped_different
France,311514,325199,5687748.0,Europe,1,,,311514,exact,325190,level_5,both_mapped_different
India,334111,334118,5681601.0,Asia,1,,,334111,exact,334118,exact,both_mapped_different
Hong Kong,335999,335929,5673945.0,Asia,6,,,335999,exact,335920,level_5,both_mapped_different
Indonesia,325411,111339,5672225.0,Asia,1,,,325411,exact,111300,level_4,both_mapped_different
Canada,333613,336310,5663056.0,North_America,2,,,333613,exact,336310,level_5,both_mapped_different
Turkey,326299,337215,5650447.0,Europe,1,,,326290,level_5,337215,exact,both_mapped_different
Mexico,332112,332999,5634414.0,North_America,1,,,33211A,exact,332999,exact,both_mapped_different
Vietnam,334111,334118,5612523.0,Asia,1,,,334111,exact,334118,exact,both_mapped_different
Canada,336330,333111,5612261.0,North_America,3,,,3363A0,level_5,333111,exact,both_mapped_different
Thailand,331313,331314,5610602.0,Asia,1,,,331313,exact,331314,exact,both_mapped_different
China,332112,332999,5592776.0,Asia,1,,,33211A,exact,332999,exact,both_mapped_different
Czech Republic,334510,339113,5585757.0,Europe,1,,,334510,exact,339113,exact,both_mapped_different
Poland,334111,334118,5570334.0,Europe,1,,,334111,exact,334118,exact,both_mapped_different
China,332215,332999,5530339.0,Asia,4,,,332200,level_4,332999,exact,both_mapped_different
Philippines,326299,337215,5528616.0,Asia,1,,,326290,level_5,337215,exact,both_mapped_different
Austria,333515,333517,5519151.0,Europe,5,,,33351B,exact,333517,exact,both_mapped_different
Italy,327212,327993,5486543.0,Europe,2,,,327200,level_4,327993,exact,both_mapped_different
Slovakia,333996,333914,5481909.0,Europe,1,,,33399B,exact,333914,exact,both_mapped_different
Thailand,332618,331222,5480672.0,Asia,1,,,332600,level_4,331200,level_4,both_mapped_different
Finland,334510,339112,5475186.0,Europe,1,,,334510,exact,339112,exact,both_mapped_different
China,336612,326299,5463714.0,Asia,1,,,336612,exact,326290,level_5,both_mapped_different
India,332721,336350,5452504.0,Asia,2,,,332720,level_5,336350,level_5,both_mapped_different
Netherlands,334111,334118,5443819.0,Europe,1,,,334111,exact,334118,exact,both_mapped_different
Italy,339113,337127,5443068.0,Europe,1,,,339113,exact,337127,exact,both_mapped_different
Greece,322220,332999,5442419.0,Europe,2,,,322220,level_5,332999,exact,both_mapped_different
Israel,334515,337127,5424683.0,Asia,1,,,334515,exact,337127,exact,both_mapped_different
Estonia,339113,337127,5420901.0,Europe,1,,,339113,exact,337127,exact,both_mapped_different
Guatemala,325199,325998,5408364.0,South_America,5,,,325190,level_5,3259A0,level_5,both_mapped_different
Haiti,325199,325998,5399092.0,South_America,5,,,325190,level_5,3259A0,level_5,both_mapped_different
Sri Lanka,339113,315280,5384435.0,Asia,1,,,339113,exact,315000,level_3,both_mapped_different
"Korea, South",325998,325613,5375214.0,Asia,1,,,3259A0,level_5,325610,level_5,both_mapped_different
Austria,334515,337127,5371971.0,Europe,1,,,334515,exact,337127,exact,both_mapped_different
Germany,339999,313210,5371089.0,Europe,1,,,339990,level_5,313200,level_4,both_mapped_different
India,313210,327993,5354018.0,Asia,1,,,313200,level_4,327993,exact,both_mapped_different
Thailand,334419,334310,5348924.0,Asia,1,,,33441A,exact,334300,level_4,both_mapped_different
Italy,332721,336350,5339229.0,Europe,2,,,332720,level_5,336350,level_5,both_mapped_different
Switzerland,331210,331110,5320449.0,Europe,16,,,331200,level_4,331110,level_4,both_mapped_different
Slovakia,339113,339112,5314413.0,Europe,1,,,339113,exact,339112,exact,both_mapped_different
Estonia,335312,334419,5307989.0,Europe,1,,,335312,exact,33441A,exact,both_mapped_different
Malaysia,334310,334220,5304269.0,Asia,1,,,334300,level_4,334220,level_5,both_mapped_different
Italy,325211,910000,5302374.0,Europe,5,,,325211,exact,S00300,noncomparable_imports,both_mapped_different
Japan,335220,333414,5285465.0,Asia,5,,,335220,exact,333414,exact,both_mapped_different
Latvia,321999,113310,5273222.0,Europe,1,,,3219A0,level_5,113000,level_3,both_mapped_different
Portugal,325194,325211,5268494.0,Europe,1,,,325190,level_5,325211,exact,both_mapped_different
Israel,325320,325199,5263654.0,Asia,3,,,325320,level_5,325190,level_5,both_mapped_different
Switzerland,325998,325620,5240289.0,Europe,2,,,3259A0,level_5,325620,level_5,both_mapped_different
Finland,333120,336120,5214318.0,Europe,1,,,333120,level_5,336120,level_5,both_mapped_different
China,326140,326113,5188699.0,Asia,1,,,326140,level_5,326110,level_5,both_mapped_different
Italy,326150,326113,5186132.0,Europe,4,,,326150,level_5,326110,level_5,both_mapped_different
Canada,336350,335312,5184583.0,North_America,1,,,336350,level_5,335312,exact,both_mapped_different
Turkey,990000,333111,5181357.0,Europe,1,,,S00300,noncomparable_imports,333111,exact,both_mapped_different
Hungary,333515,333517,5169517.0,Europe,2,,,33351B,exact,333517,exact,both_mapped_different
Norway,335999,335929,5159718.0,Europe,9,,,335999,exact,335920,level_5,both_mapped_different
Malaysia,333111,333120,5156000.0,Asia,1,,,333111,exact,333120,level_5,both_mapped_different
France,334419,334413,5152769.0,Europe,1,,,33441A,exact,334413,exact,both_mapped_different
Austria,333514,332216,5144983.0,Europe,1,,,333514,exact,332200,level_4,both_mapped_different
Belgium,324191,325613,5129873.0,Europe,2,,,324190,level_5,325610,level_5,both_mapped_different
United Kingdom,335312,334419,5125776.0,Europe,1,,,335312,exact,33441A,exact,both_mapped_different
Spain,335932,327212,5121679.0,Europe,2,,,335930,level_5,327200,level_4,both_mapped_different
Switzerland,332323,331491,5114563.0,Europe,1,,,332320,level_5,331490,level_5,both_mapped_different
China,990000,325413,5095349.0,Asia,1,,,S00300,noncomparable_imports,325413,exact,both_mapped_different
New Zealand,325199,311224,5069091.0,Oceana,2,,,325190,level_5,311224,exact,both_mapped_different
Italy,333241,333111,5068891.0,Europe,2,,,33329A,exact,333111,exact,both_mapped_different
Spain,322220,332999,5053343.0,Europe,2,,,322220,level_5,332999,exact,both_mapped_different
United Kingdom,325510,325520,5048429.0,Europe,1,,,325510,level_5,325520,level_5,both_mapped_different
Brazil,333515,333991,5041456.0,South_America,2,,,33351B,exact,333991,exact,both_mapped_different
Germany,336120,336211,5038100.0,Europe,2,,,336120,level_5,336211,exact,both_mapped_different
China,333111,333120,5024822.0,Asia,4,,,333111,exact,333120,level_5,both_mapped_different
Japan,333515,333991,5007463.0,Asia,2,,,33351B,exact,333991,exact,both_mapped_different
United Kingdom,335921,327215,5007172.0,Europe,5,,,335920,level_5,327200,level_4,both_mapped_different
"Korea, South",325620,325611,5004952.0,Asia,1,,,325620,level_5,325610,level_5,both_mapped_different
United Kingdom,326299,337215,4994556.0,Europe,1,,,326290,level_5,337215,exact,both_mapped_different
Dominican Republic,326150,326113,4993892.0,South_America,4,,,326150,level_5,326110,level_5,both_mapped_different
Morocco,325199,325998,4974142.0,Africa,11,,,325190,level_5,3259A0,level_5,both_mapped_different
Switzerland,326299,337215,4969168.0,Europe,1,,,326290,level_5,337215,exact,both_mapped_different
Portugal,335999,335929,4967406.0,Europe,5,,,335999,exact,335920,level_5,both_mapped_different
Czech Republic,334111,334118,4956285.0,Europe,1,,,334111,exact,334118,exact,both_mapped_different
Mexico,311421,311411,4950957.0,North_America,1,,,311420,level_5,311410,level_5,both_mapped_different
Morocco,325411,111339,4947444.0,Africa,1,,,325411,exact,111300,level_4,both_mapped_different
Singapore,339113,337127,4944180.0,Asia,1,,,339113,exact,337127,exact,both_mapped_different
Turkey,333519,331513,4940017.0,Europe,3,,,33351B,exact,331510,level_5,both_mapped_different
China,325194,325211,4931532.0,Asia,1,,,325190,level_5,325211,exact,both_mapped_different
Canada,333519,331511,4913272.0,North_America,4,,,33351B,exact,331510,level_5,both_mapped_different
France,337215,337127,4891704.0,Europe,1,,,337215,exact,337127,exact,both_mapped_different
France,311942,325130,4889041.0,Europe,1,,,311940,level_5,325130,level_5,both_mapped_different
India,990000,325413,4876547.0,Asia,1,,,S00300,noncomparable_imports,325413,exact,both_mapped_different
India,334515,337127,4863113.0,Asia,1,,,334515,exact,337127,exact,both_mapped_different
Finland,990000,333111,4860651.0,Europe,1,,,S00300,noncomparable_imports,333111,exact,both_mapped_different
Italy,325998,325613,4818235.0,Europe,1,,,3259A0,level_5,325610,level_5,both_mapped_different
"Korea, South",322220,332999,4808729.0,Asia,2,,,322220,level_5,332999,exact,both_mapped_different
Indonesia,335932,326199,4791131.0,Asia,1,,,335930,level_5,326190,level_5,both_mapped_different
Canada,335932,326199,4785491.0,North_America,1,,,335930,level_5,326190,level_5,both_mapped_different
Bangladesh,339994,314120,4782310.0,Asia,2,,,339990,level_5,314120,level_5,both_mapped_different
India,333924,336999,4780151.0,Asia,1,,,333920,level_5,336999,exact,both_mapped_different
Netherlands,333111,333120,4775818.0,Europe,2,,,333111,exact,333120,level_5,both_mapped_different
Sweden,334510,339112,4773818.0,Europe,1,,,334510,exact,339112,exact,both_mapped_different
Canada,332991,332722,4751991.0,North_America,1,,,332991,exact,332720,level_5,both_mapped_different
Denmark,990000,325413,4751874.0,Europe,1,,,S00300,noncomparable_imports,325413,exact,both_mapped_different
Spain,333996,333914,4739116.0,Europe,1,,,33399B,exact,333914,exact,both_mapped_different
Luxembourg,331420,332999,4730110.0,Europe,2,,,331420,level_5,332999,exact,both_mapped_different
Canada,333111,333241,4716930.0,North_America,1,,,333111,exact,33329A,exact,both_mapped_different
Italy,334111,334118,4688996.0,Europe,1,,,334111,exact,334118,exact,both_mapped_different
Germany,910000,325180,4686008.0,Europe,1,,,S00300,noncomparable_imports,325180,level_5,both_mapped_different
Australia,325998,325199,4674974.0,Oceana,5,,,3259A0,level_5,325190,level_5,both_mapped_different
Moldova,335999,335929,4671495.0,Europe,1,,,335999,exact,335920,level_5,both_mapped_different
Italy,336211,336111,4662734.0,Europe,1,,,336211,exact,336111,exact,both_mapped_different
Taiwan,334511,339930,4656145.0,Asia,1,,,334511,exact,339930,level_5,both_mapped_different
Japan,339999,327110,4640325.0,Asia,3,,,339990,level_5,327100,level_4,both_mapped_different
India,311942,325130,4638594.0,Asia,1,,,311940,level_5,325130,level_5,both_mapped_different
Thailand,325620,325611,4627480.0,Asia,1,,,325620,level_5,325610,level_5,both_mapped_different
Netherlands,910000,325199,4624340.0,Europe,2,,,S00300,noncomparable_imports,325190,level_5,both_mapped_different
China,323111,323120,4618952.0,Asia,1,,,323110,level_5,323120,level_5,both_mapped_different
Czech Republic,336211,336111,4618012.0,Europe,1,,,336211,exact,336111,exact,both_mapped_different
Hungary,325199,325998,4609267.0,Europe,8,,,325190,level_5,3259A0,level_5,both_mapped_different
United Kingdom,325998,325613,4601539.0,Europe,1,,,3259A0,level_5,325610,level_5,both_mapped_different
Italy,990000,315190,4597481.0,Europe,1,,,S00300,noncomparable_imports,315000,level_3,both_mapped_different
United Kingdom,339930,339910,4590207.0,Europe,2,,,339930,level_5,339910,level_5,both_mapped_different
Switzerland,321219,327999,4585392.0,Europe,1,,,321200,level_4,327999,exact,both_mapped_different
Ecuador,335999,335929,4580911.0,South_America,4,,,335999,exact,335920,level_5,both_mapped_different
India,326199,314120,4567304.0,Asia,2,,,326190,level_5,314120,level_5,both_mapped_different
Indonesia,337127,337215,4565286.0,Asia,1,,,337127,exact,337215,exact,both_mapped_different
Turkey,325998,325199,4561585.0,Europe,7,,,3259A0,level_5,325190,level_5,both_mapped_different
Thailand,334510,339113,4557488.0,Asia,1,,,334510,exact,339113,exact,both_mapped_different
Germany,333241,333999,4548696.0,Europe,1,,,33329A,exact,33399A,exact,both_mapped_different
Norway,325199,311224,4532804.0,Europe,3,,,325190,level_5,311224,exact,both_mapped_different
United Kingdom,313230,327212,4524734.0,Europe,1,,,313200,level_4,327200,level_4,both_mapped_different
Costa Rica,334512,334513,4492244.0,South_America,2,,,334512,exact,334513,exact,both_mapped_different
France,930000,333517,4490963.0,Europe,12,,,S00300,noncomparable_imports,333517,exact,both_mapped_different
Singapore,334512,334513,4479355.0,Asia,2,,,334512,exact,334513,exact,both_mapped_different
Italy,332510,335999,4479221.0,Europe,2,,,332500,level_4,335999,exact,both_mapped_different
Norway,331313,331314,4465612.0,Europe,1,,,331313,exact,331314,exact,both_mapped_different
Japan,334310,334220,4464695.0,Asia,2,,,334300,level_4,334220,level_5,both_mapped_different
Canada,325992,990000,4459998.0,North_America,2,,,3259A0,level_5,S00300,noncomparable_imports,both_mapped_different
Italy,337215,337127,4456862.0,Europe,1,,,337215,exact,337127,exact,both_mapped_different
Switzerland,311942,325130,4450556.0,Europe,1,,,311940,level_5,325130,level_5,both_mapped_different
Poland,325411,325412,4445697.0,Europe,5,,,325411,exact,325412,exact,both_mapped_different
Romania,325411,325412,4444733.0,Europe,2,,,325411,exact,325412,exact,both_mapped_different
Taiwan,327212,327993,4419412.0,Asia,2,,,327200,level_4,327993,exact,both_mapped_different
Denmark,339113,337127,4417740.0,Europe,1,,,339113,exact,337127,exact,both_mapped_different
Vietnam,325199,325998,4410364.0,Asia,8,,,325190,level_5,3259A0,level_5,both_mapped_different
Portugal,332420,332439,4398497.0,Europe,1,,,332420,level_5,332430,level_5,both_mapped_different
United Kingdom,322120,322130,4385704.0,Europe,3,,,322120,level_5,322130,level_5,both_mapped_different
Taiwan,332111,332999,4378988.0,Asia,2,,,33211A,exact,332999,exact,both_mapped_different
Canada,325199,325212,4372322.0,North_America,1,,,325190,level_5,3252A0,exact,both_mapped_different
Japan,334111,334118,4370173.0,Asia,1,,,334111,exact,334118,exact,both_mapped_different
Vietnam,327991,327120,4357534.0,Asia,1,,,327991,exact,327100,level_4,both_mapped_different
Sweden,325199,325212,4351869.0,Europe,1,,,325190,level_5,3252A0,exact,both_mapped_different
Israel,322130,322121,4349257.0,Asia,2,,,322130,level_5,322120,level_5,both_mapped_different
Turkey,325199,325998,4341726.0,Europe,6,,,325190,level_5,3259A0,level_5,both_mapped_different
Bulgaria,325411,111339,4332808.0,Europe,1,,,325411,exact,111300,level_4,both_mapped_different
Netherlands,325992,990000,4332502.0,Europe,1,,,3259A0,level_5,S00300,noncomparable_imports,both_mapped_different
India,322220,332999,4322214.0,Asia,2,,,322220,level_5,332999,exact,both_mapped_different
China,335929,331318,4319591.0,Asia,1,,,335920,level_5,33131B,exact,both_mapped_different
Taiwan,336612,336611,4300943.0,Asia,2,,,336612,exact,336611,exact,both_mapped_different
Dominican Republic,334419,333314,4299644.0,South_America,1,,,33441A,exact,333314,exact,both_mapped_different
Canada,336612,336611,4298006.0,North_America,2,,,336612,exact,336611,exact,both_mapped_different
Netherlands,331210,331110,4294040.0,Europe,14,,,331200,level_4,331110,level_4,both_mapped_different
Spain,990000,337212,4286978.0,Europe,1,,,S00300,noncomparable_imports,33721A,exact,both_mapped_different
Mexico,336350,335312,4256053.0,North_America,1,,,336350,level_5,335312,exact,both_mapped_different
Germany,337215,337127,4254008.0,Europe,1,,,337215,exact,337127,exact,both_mapped_different
Slovenia,325180,325130,4252676.0,Europe,2,,,325180,level_5,325130,level_5,both_mapped_different
Canada,332420,332439,4244345.0,North_America,4,,,332420,level_5,332430,level_5,both_mapped_different
Mexico,321999,113310,4242772.0,North_America,2,,,3219A0,level_5,113000,level_3,both_mapped_different
Vietnam,333112,333111,4230154.0,Asia,1,,,333112,exact,333111,exact,both_mapped_different
"Korea, South",325180,325130,4205404.0,Asia,3,,,325180,level_5,325130,level_5,both_mapped_different
"Korea, South",334515,333999,4205221.0,Asia,1,,,334515,exact,33399A,exact,both_mapped_different
United Kingdom,337127,337124,4199463.0,Europe,5,,,337127,exact,33712N,exact,both_mapped_different
France,334111,334118,4192001.0,Europe,1,,,334111,exact,334118,exact,both_mapped_different
Sweden,325199,311224,4188050.0,Europe,2,,,325190,level_5,311224,exact,both_mapped_different
United Kingdom,333515,333991,4183125.0,Europe,2,,,33351B,exact,333991,exact,both_mapped_different
Canada,333514,332216,4174044.0,North_America,1,,,333514,exact,332200,level_4,both_mapped_different
Canada,336390,333111,4143986.0,North_America,2,,,336390,level_5,333111,exact,both_mapped_different
China,325120,325199,4126250.0,Asia,2,,,325120,level_5,325190,level_5,both_mapped_different
Netherlands,325180,325130,4115609.0,Europe,2,,,325180,level_5,325130,level_5,both_mapped_different
Mexico,930000,336411,4110000.0,North_America,1,,,S00300,noncomparable_imports,336411,exact,both_mapped_different
"Korea, South",325920,332993,4106670.0,Asia,1,,,3259A0,level_5,33299A,exact,both_mapped_different
Mexico,325320,325199,4103645.0,North_America,4,,,325320,level_5,325190,level_5,both_mapped_different
Colombia,325211,910000,4098316.0,South_America,3,,,325211,exact,S00300,noncomparable_imports,both_mapped_different
Colombia,335999,335929,4098192.0,South_America,6,,,335999,exact,335920,level_5,both_mapped_different
Italy,326140,326113,4095687.0,Europe,1,,,326140,level_5,326110,level_5,both_mapped_different
Switzerland,324191,325613,4093500.0,Europe,2,,,324190,level_5,325610,level_5,both_mapped_different
United Kingdom,325992,990000,4089703.0,Europe,2,,,3259A0,level_5,S00300,noncomparable_imports,both_mapped_different
France,325998,325620,4086200.0,Europe,2,,,3259A0,level_5,325620,level_5,both_mapped_different
Hungary,336390,336214,4082114.0,Europe,1,,,336390,level_5,336214,exact,both_mapped_different
Japan,326150,326113,4062303.0,Asia,5,,,326150,level_5,326110,level_5,both_mapped_different
Turkey,325411,111339,4060894.0,Europe,1,,,325411,exact,111300,level_4,both_mapped_different
Netherlands,325998,334413,4057079.0,Europe,1,,,3259A0,level_5,334413,exact,both_mapped_different
Argentina,331210,331110,4055753.0,South_America,6,,,331200,level_4,331110,level_4,both_mapped_different
Italy,336612,336611,4051665.0,Europe,2,,,336612,exact,336611,exact,both_mapped_different
Australia,990000,325413,4045027.0,Oceana,1,,,S00300,noncomparable_imports,325413,exact,both_mapped_different
Honduras,335999,335929,4039016.0,South_America,4,,,335999,exact,335920,level_5,both_mapped_different
Turkey,336390,333111,4012948.0,Europe,2,,,336390,level_5,333111,exact,both_mapped_different
India,333613,336310,4012093.0,Asia,2,,,333613,exact,336310,level_5,both_mapped_different
India,325998,325620,4006263.0,Asia,2,,,3259A0,level_5,325620,level_5,both_mapped_different
Finland,333924,333120,4002686.0,Europe,2,,,333920,level_5,333120,level_5,both_mapped_different
United Kingdom,339112,335999,3994882.0,Europe,1,,,339112,exact,335999,exact,both_mapped_different
Pakistan,334510,339113,3991450.0,Asia,1,,,334510,exact,339113,exact,both_mapped_different
Israel,339113,337127,3978680.0,Asia,1,,,339113,exact,337127,exact,both_mapped_different
Belgium,331420,331410,3966311.0,Europe,1,,,331420,level_5,331410,exact,both_mapped_different
Japan,990000,325413,3954602.0,Asia,1,,,S00300,noncomparable_imports,325413,exact,both_mapped_different
Indonesia,331313,331314,3953541.0,Asia,1,,,331313,exact,331314,exact,both_mapped_different
Italy,334310,334220,3933191.0,Europe,1,,,334300,level_4,334220,level_5,both_mapped_different
Hungary,332996,332919,3931733.0,Europe,14,,,332996,exact,33291A,exact,both_mapped_different
Sweden,334515,337127,3914255.0,Europe,1,,,334515,exact,337127,exact,both_mapped_different
Canada,339999,327110,3904505.0,North_America,3,,,339990,level_5,327100,level_4,both_mapped_different
Israel,336390,336214,3893894.0,Asia,1,,,336390,level_5,336214,exact,both_mapped_different
Spain,324199,325998,3887997.0,Europe,2,,,324190,level_5,3259A0,level_5,both_mapped_different
United Kingdom,332420,332439,3874450.0,Europe,4,,,332420,level_5,332430,level_5,both_mapped_different
Japan,332999,326299,3873763.0,Asia,1,,,332999,exact,326290,level_5,both_mapped_different
"Korea, South",334512,334513,3869857.0,Asia,2,,,334512,exact,334513,exact,both_mapped_different
Switzerland,339113,337127,3861538.0,Europe,1,,,339113,exact,337127,exact,both_mapped_different
India,339113,315280,3861037.0,Asia,4,,,339113,exact,315000,level_3,both_mapped_different
Taiwan,339930,339910,3857834.0,Asia,2,,,339930,level_5,339910,level_5,both_mapped_different
Taiwan,335932,326199,3854616.0,Asia,1,,,335930,level_5,326190,level_5,both_mapped_different
Israel,334310,334220,3854317.0,Asia,2,,,334300,level_4,334220,level_5,both_mapped_different
China,325211,910000,3850712.0,Asia,5,,,325211,exact,S00300,noncomparable_imports,both_mapped_different
"Korea, South",332999,327110,3837983.0,Asia,1,,,332999,exact,327100,level_4,both_mapped_different
Finland,313230,327212,3834040.0,Europe,1,,,313200,level_4,327200,level_4,both_mapped_different
Italy,331491,332999,3826628.0,Europe,1,,,331490,level_5,332999,exact,both_mapped_different
Romania,334510,339113,3811929.0,Europe,1,,,334510,exact,339113,exact,both_mapped_different
Sweden,335932,326199,3809218.0,Europe,1,,,335930,level_5,326190,level_5,both_mapped_different
Dominican Republic,325998,325199,3786984.0,South_America,4,,,3259A0,level_5,325190,level_5,both_mapped_different
Vietnam,332420,332439,3785406.0,Asia,3,,,332420,level_5,332430,level_5,both_mapped_different
Sweden,339999,313210,3784309.0,Europe,1,,,339990,level_5,313200,level_4,both_mapped_different
Germany,325199,325212,3767564.0,Europe,2,,,325190,level_5,3252A0,exact,both_mapped_different
Albania,325199,325998,3767096.0,Europe,2,,,325190,level_5,3259A0,level_5,both_mapped_different
China,321918,321999,3741205.0,Asia,3,,,321910,level_5,3219A0,level_5,both_mapped_different
India,333415,335312,3733259.0,Asia,1,,,333415,exact,335312,exact,both_mapped_different
Switzerland,325199,325998,3733099.0,Europe,16,,,325190,level_5,3259A0,level_5,both_mapped_different
France,333924,336999,3712494.0,Europe,1,,,333920,level_5,336999,exact,both_mapped_different
Vietnam,339930,339910,3707672.0,Asia,1,,,339930,level_5,339910,level_5,both_mapped_different
France,313230,327212,3703206.0,Europe,1,,,313200,level_4,327200,level_4,both_mapped_different
Thailand,335220,333414,3702148.0,Asia,3,,,335220,exact,333414,exact,both_mapped_different
Albania,325411,111339,3687114.0,Europe,1,,,325411,exact,111300,level_4,both_mapped_different
Italy,333613,336310,3686741.0,Europe,2,,,333613,exact,336310,level_5,both_mapped_different
Australia,337215,337127,3660929.0,Oceana,1,,,337215,exact,337127,exact,both_mapped_different
Turkey,335929,331318,3653693.0,Europe,1,,,335920,level_5,33131B,exact,both_mapped_different
Finland,322120,322130,3647249.0,Europe,1,,,322120,level_5,322130,level_5,both_mapped_different
China,334515,333999,3644475.0,Asia,1,,,334515,exact,33399A,exact,both_mapped_different
India,336390,333111,3637898.0,Asia,2,,,336390,level_5,333111,exact,both_mapped_different
Switzerland,334515,337127,3633792.0,Europe,1,,,334515,exact,337127,exact,both_mapped_different
Italy,335932,326199,3627123.0,Europe,1,,,335930,level_5,326190,level_5,both_mapped_different
Canada,339999,313210,3625135.0,North_America,1,,,339990,level_5,313200,level_4,both_mapped_different
Mexico,324191,325613,3620663.0,North_America,2,,,324190,level_5,325610,level_5,both_mapped_different
Nigeria,325411,111339,3614206.0,Africa,1,,,325411,exact,111300,level_4,both_mapped_different
Netherlands,337127,337124,3614184.0,Europe,3,,,337127,exact,33712N,exact,both_mapped_different
India,335929,331318,3613062.0,Asia,1,,,335920,level_5,33131B,exact,both_mapped_different
Lithuania,337127,337124,3612113.0,Europe,1,,,337127,exact,33712N,exact,both_mapped_different
Sweden,332111,332999,3611960.0,Europe,2,,,33211A,exact,332999,exact,both_mapped_different
Lithuania,335999,335929,3608224.0,Europe,5,,,335999,exact,335920,level_5,both_mapped_different
Thailand,325199,311224,3598162.0,Asia,1,,,325190,level_5,311224,exact,both_mapped_different
Spain,322120,322299,3594459.0,Europe,1,,,322120,level_5,322299,exact,both_mapped_different
Austria,334512,334513,3592347.0,Europe,2,,,334512,exact,334513,exact,both_mapped_different
Malaysia,325998,325199,3586374.0,Asia,4,,,3259A0,level_5,325190,level_5,both_mapped_different
Austria,332420,332439,3585889.0,Europe,3,,,332420,level_5,332430,level_5,both_mapped_different
Malta,325411,325412,3584783.0,Europe,4,,,325411,exact,325412,exact,both_mapped_different
Mexico,332991,332722,3576228.0,North_America,1,,,332991,exact,332720,level_5,both_mapped_different
Mexico,333112,333111,3574541.0,North_America,1,,,333112,exact,333111,exact,both_mapped_different
Thailand,325998,334413,3574441.0,Asia,1,,,3259A0,level_5,334413,exact,both_mapped_different
Brazil,334512,334513,3571656.0,South_America,2,,,334512,exact,334513,exact,both_mapped_different
Australia,334111,334118,3560638.0,Oceana,1,,,334111,exact,334118,exact,both_mapped_different
Israel,333924,336999,3553004.0,Asia,1,,,333920,level_5,336999,exact,both_mapped_different
Japan,332618,331222,3549642.0,Asia,1,,,332600,level_4,331200,level_4,both_mapped_different
China,333924,333120,3540189.0,Asia,2,,,333920,level_5,333120,level_5,both_mapped_different
Germany,331491,332999,3537298.0,Europe,3,,,331490,level_5,332999,exact,both_mapped_different
Belgium,332996,332919,3537149.0,Europe,20,,,332996,exact,33291A,exact,both_mapped_different
Italy,336330,333111,3536557.0,Europe,2,,,3363A0,level_5,333111,exact,both_mapped_different
Switzerland,325998,334413,3525076.0,Europe,1,,,3259A0,level_5,334413,exact,both_mapped_different
Indonesia,335921,327215,3521897.0,Asia,3,,,335920,level_5,327200,level_4,both_mapped_different
Turkey,333519,331511,3501604.0,Europe,6,,,33351B,exact,331510,level_5,both_mapped_different
Australia,333924,336999,3495823.0,Oceana,1,,,333920,level_5,336999,exact,both_mapped_different
China,321219,327390,3493702.0,Asia,1,,,321200,level_4,327390,level_5,both_mapped_different
Malaysia,336390,336214,3491154.0,Asia,1,,,336390,level_5,336214,exact,both_mapped_different
Spain,327212,327993,3485792.0,Europe,1,,,327200,level_4,327993,exact,both_mapped_different
Israel,334512,334513,3481010.0,Asia,2,,,334512,exact,334513,exact,both_mapped_different
Germany,332112,332999,3475149.0,Europe,1,,,33211A,exact,332999,exact,both_mapped_different
India,327999,339910,3471157.0,Asia,2,,,327999,exact,339910,level_5,both_mapped_different
Netherlands,334512,334513,3470676.0,Europe,2,,,334512,exact,334513,exact,both_mapped_different
France,325411,111339,3468178.0,Europe,1,,,325411,exact,111300,level_4,both_mapped_different
India,332721,333111,3465566.0,Asia,2,,,332720,level_5,333111,exact,both_mapped_different
Malta,326140,326113,3464864.0,Europe,1,,,326140,level_5,326110,level_5,both_mapped_different
Japan,337215,337127,3461603.0,Asia,1,,,337215,exact,337127,exact,both_mapped_different
Germany,333519,331513,3448852.0,Europe,3,,,33351B,exact,331510,level_5,both_mapped_different
Germany,313230,327215,3448074.0,Europe,1,,,313200,level_4,327200,level_4,both_mapped_different
"Korea, South",339999,339114,3446958.0,Asia,1,,,339990,level_5,339114,exact,both_mapped_different
Brazil,324199,325998,3436185.0,South_America,2,,,324190,level_5,3259A0,level_5,both_mapped_different
"Korea, South",333515,333991,3434374.0,Asia,2,,,33351B,exact,333991,exact,both_mapped_different
China,325199,325212,3433797.0,Asia,2,,,325190,level_5,3252A0,exact,both_mapped_different
Denmark,333111,333241,3431990.0,Europe,1,,,333111,exact,33329A,exact,both_mapped_different
New Zealand,333995,333618,3431483.0,Oceana,1,,,33399B,exact,333618,exact,both_mapped_different
Mexico,333241,333111,3429679.0,North_America,2,,,33329A,exact,333111,exact,both_mapped_different
Czech Republic,337127,337124,3425466.0,Europe,3,,,337127,exact,33712N,exact,both_mapped_different
Egypt,311710,114112,3422092.0,Africa,3,,,311700,level_4,114000,level_3,both_mapped_different
Italy,333515,333517,3421012.0,Europe,5,,,33351B,exact,333517,exact,both_mapped_different
Brazil,325194,325211,3416331.0,South_America,1,,,325190,level_5,325211,exact,both_mapped_different
Japan,339910,114119,3412015.0,Asia,1,,,339910,level_5,114000,level_3,both_mapped_different
United Kingdom,334510,339112,3411998.0,Europe,1,,,334510,exact,339112,exact,both_mapped_different
Denmark,324191,325613,3408680.0,Europe,2,,,324190,level_5,325610,level_5,both_mapped_different
Spain,332111,332999,3400470.0,Europe,2,,,33211A,exact,332999,exact,both_mapped_different
Poland,336330,333111,3399227.0,Europe,2,,,3363A0,level_5,333111,exact,both_mapped_different
"Korea, South",325211,910000,3386970.0,Asia,4,,,325211,exact,S00300,noncomparable_imports,both_mapped_different
Finland,331410,331492,3379295.0,Europe,1,,,331410,exact,331490,level_5,both_mapped_different
Czech Republic,335921,327215,3377787.0,Europe,5,,,335920,level_5,327200,level_4,both_mapped_different
France,335932,326199,3370435.0,Europe,1,,,335930,level_5,326190,level_5,both_mapped_different
Germany,337127,337215,3369823.0,Europe,1,,,337127,exact,337215,exact,both_mapped_different
Japan,325180,325411,3354423.0,Asia,1,,,325180,level_5,325411,exact,both_mapped_different
Latvia,321911,337215,3342394.0,Europe,1,,,321910,level_5,337215,exact,both_mapped_different
Taiwan,332999,327110,3338756.0,Asia,1,,,332999,exact,327100,level_4,both_mapped_different
Latvia,335999,335929,3338432.0,Europe,4,,,335999,exact,335920,level_5,both_mapped_different
Germany,339999,327110,3337738.0,Europe,3,,,339990,level_5,327100,level_4,both_mapped_different
Saudi Arabia,325180,325130,3332100.0,Asia,1,,,325180,level_5,325130,level_5,both_mapped_different
Malaysia,339940,322121,3326835.0,Asia,2,,,339940,level_5,322120,level_5,both_mapped_different
Mexico,325998,325613,3325297.0,North_America,1,,,3259A0,level_5,325610,level_5,both_mapped_different
Ireland,990000,325413,3321336.0,Europe,1,,,S00300,noncomparable_imports,325413,exact,both_mapped_different
Vietnam,333515,333991,3319188.0,Asia,2,,,33351B,exact,333991,exact,both_mapped_different
China,316210,322121,3297097.0,Asia,1,,,316000,level_3,322120,level_5,both_mapped_different
Canada,333241,333111,3286542.0,North_America,2,,,33329A,exact,333111,exact,both_mapped_different
Mexico,311710,114112,3286099.0,North_America,10,,,311700,level_4,114000,level_3,both_mapped_different
United Kingdom,334515,337127,3285173.0,Europe,1,,,334515,exact,337127,exact,both_mapped_different
Sweden,332618,331222,3284556.0,Europe,1,,,332600,level_4,331200,level_4,both_mapped_different
Indonesia,333515,333517,3277442.0,Asia,3,,,33351B,exact,333517,exact,both_mapped_different
Canada,334310,334220,3255097.0,North_America,2,,,334300,level_4,334220,level_5,both_mapped_different
Hungary,333241,333999,3255067.0,Europe,1,,,33329A,exact,33399A,exact,both_mapped_different
Poland,334310,334220,3249524.0,Europe,1,,,334300,level_4,334220,level_5,both_mapped_different
United Kingdom,332510,335999,3247659.0,Europe,2,,,332500,level_4,335999,exact,both_mapped_different
Thailand,332420,332439,3246052.0,Asia,2,,,332420,level_5,332430,level_5,both_mapped_different
Brazil,325411,111339,3242498.0,South_America,1,,,325411,exact,111300,level_4,both_mapped_different
Spain,326299,337215,3241956.0,Europe,1,,,326290,level_5,337215,exact,both_mapped_different
Singapore,337127,337124,3240981.0,Asia,1,,,337127,exact,33712N,exact,both_mapped_different
Italy,335220,332216,3238866.0,Europe,2,,,335220,exact,332200,level_4,both_mapped_different
Belgium,335220,333414,3237103.0,Europe,3,,,335220,exact,333414,exact,both_mapped_different
China,324199,325998,3227793.0,Asia,2,,,324190,level_5,3259A0,level_5,both_mapped_different
Colombia,325180,325411,3227527.0,South_America,1,,,325180,level_5,325411,exact,both_mapped_different
Sweden,325998,334413,3220140.0,Europe,1,,,3259A0,level_5,334413,exact,both_mapped_different
Peru,311421,311411,3218899.0,South_America,1,,,311420,level_5,311410,level_5,both_mapped_different
Sweden,335312,334419,3215021.0,Europe,1,,,335312,exact,33441A,exact,both_mapped_different
Italy,333519,331513,3212241.0,Europe,3,,,33351B,exact,331510,level_5,both_mapped_different
France,334310,334220,3204424.0,Europe,2,,,334300,level_4,334220,level_5,both_mapped_different
Slovenia,326299,337215,3202944.0,Europe,1,,,326290,level_5,337215,exact,both_mapped_different
Sweden,930000,336411,3200000.0,Europe,2,,,S00300,noncomparable_imports,336411,exact,both_mapped_different
Indonesia,331210,331110,3195367.0,Asia,4,,,331200,level_4,331110,level_4,both_mapped_different
China,331410,332999,3189553.0,Asia,1,,,331410,exact,332999,exact,both_mapped_different
Canada,332112,332999,3186172.0,North_America,1,,,33211A,exact,332999,exact,both_mapped_different
"Korea, South",333511,333249,3183803.0,Asia,1,,,333511,exact,33329A,exact,both_mapped_different
India,333519,331511,3179754.0,Asia,3,,,33351B,exact,331510,level_5,both_mapped_different
China,327420,327999,3179426.0,Asia,1,,,327400,level_4,327999,exact,both_mapped_different
Mexico,332510,335999,3177130.0,North_America,2,,,332500,level_4,335999,exact,both_mapped_different
Philippines,334419,334413,3166787.0,Asia,1,,,33441A,exact,334413,exact,both_mapped_different
Austria,334111,334118,3166540.0,Europe,1,,,334111,exact,334118,exact,both_mapped_different
Ukraine,325998,334413,3157019.0,Europe,1,,,3259A0,level_5,334413,exact,both_mapped_different
France,339113,322291,3151028.0,Europe,1,,,339113,exact,322291,exact,both_mapped_different
Czech Republic,334510,339112,3148319.0,Europe,1,,,334510,exact,339112,exact,both_mapped_different
Switzerland,333111,333241,3146860.0,Europe,1,,,333111,exact,33329A,exact,both_mapped_different
United Kingdom,930000,333517,3146852.0,Europe,26,,,S00300,noncomparable_imports,333517,exact,both_mapped_different
Australia,339113,337127,3127722.0,Oceana,1,,,339113,exact,337127,exact,both_mapped_different
Netherlands,990000,325413,3124597.0,Europe,1,,,S00300,noncomparable_imports,325413,exact,both_mapped_different
Denmark,339113,322291,3121890.0,Europe,2,,,339113,exact,322291,exact,both_mapped_different
Germany,333111,336212,3115454.0,Europe,2,,,333111,exact,336212,exact,both_mapped_different
Slovakia,321911,337215,3110329.0,Europe,1,,,321910,level_5,337215,exact,both_mapped_different
"Korea, South",339113,322291,3108378.0,Asia,1,,,339113,exact,322291,exact,both_mapped_different
Czech Republic,322299,322121,3101293.0,Europe,4,,,322299,exact,322120,level_5,both_mapped_different
China,336214,321991,3094366.0,Asia,1,,,336214,exact,3219A0,level_5,both_mapped_different
Italy,325620,325611,3078777.0,Europe,1,,,325620,level_5,325610,level_5,both_mapped_different
Ireland,336390,333111,3063016.0,Europe,1,,,336390,level_5,333111,exact,both_mapped_different
Greece,336612,326299,3060493.0,Europe,1,,,336612,exact,326290,level_5,both_mapped_different
India,314999,990000,3059851.0,Asia,5,,,314900,level_4,S00300,noncomparable_imports,both_mapped_different
Germany,332510,335999,3046688.0,Europe,2,,,332500,level_4,335999,exact,both_mapped_different
Israel,325199,325998,3041764.0,Asia,6,,,325190,level_5,3259A0,level_5,both_mapped_different
Canada,334511,339930,3038494.0,North_America,1,,,334511,exact,339930,level_5,both_mapped_different
Canada,325920,332993,3036902.0,North_America,1,,,3259A0,level_5,33299A,exact,both_mapped_different
Vietnam,332618,331222,3035213.0,Asia,1,,,332600,level_4,331200,level_4,both_mapped_different
Belgium,327991,327390,3034784.0,Europe,2,,,327991,exact,327390,level_5,both_mapped_different
Indonesia,324199,325998,3024000.0,Asia,1,,,324190,level_5,3259A0,level_5,both_mapped_different
Hungary,321219,327999,3022731.0,Europe,1,,,321200,level_4,327999,exact,both_mapped_different
Finland,335921,327215,3018729.0,Europe,2,,,335920,level_5,327200,level_4,both_mapped_different
China,331110,910000,3016543.0,Asia,1,,,331110,level_4,S00300,noncomparable_imports,both_mapped_different
Guatemala,326150,326113,3016089.0,South_America,2,,,326150,level_5,326110,level_5,both_mapped_different
Laos,335999,335929,3014249.0,Asia,2,,,335999,exact,335920,level_5,both_mapped_different
Czech Republic,333923,333999,3009678.0,Europe,2,,,333920,level_5,33399A,exact,both_mapped_different
Belgium,336350,335312,3006323.0,Europe,1,,,336350,level_5,335312,exact,both_mapped_different
Germany,325180,325311,2998298.0,Europe,1,,,325180,level_5,325310,level_5,both_mapped_different
Japan,332111,332999,2987187.0,Asia,2,,,33211A,exact,332999,exact,both_mapped_different
Saudi Arabia,331210,331110,2985969.0,Asia,5,,,331200,level_4,331110,level_4,both_mapped_different
Mongolia,111335,115114,2983294.0,Asia,1,,,111300,level_4,115000,level_3,both_mapped_different
Japan,339113,322291,2982943.0,Asia,1,,,339113,exact,322291,exact,both_mapped_different
France,990000,334516,2979661.0,Europe,1,,,S00300,noncomparable_imports,334516,exact,both_mapped_different
Estonia,335999,335929,2975647.0,Europe,7,,,335999,exact,335920,level_5,both_mapped_different
Australia,990000,333111,2972682.0,Oceana,1,,,S00300,noncomparable_imports,333111,exact,both_mapped_different
Thailand,325199,325998,2972020.0,Asia,5,,,325190,level_5,3259A0,level_5,both_mapped_different
China,322130,322220,2970873.0,Asia,6,,,322130,level_5,322220,level_5,both_mapped_different
Australia,311710,114112,2961673.0,Oceana,3,,,311700,level_4,114000,level_3,both_mapped_different
Malaysia,325199,325998,2958621.0,Asia,2,,,325190,level_5,3259A0,level_5,both_mapped_different
Poland,326150,326113,2955422.0,Europe,3,,,326150,level_5,326110,level_5,both_mapped_different
Spain,321911,337215,2952297.0,Europe,1,,,321910,level_5,337215,exact,both_mapped_different
China,990000,337212,2949400.0,Asia,1,,,S00300,noncomparable_imports,33721A,exact,both_mapped_different
Turkey,332111,332999,2948396.0,Europe,2,,,33211A,exact,332999,exact,both_mapped_different
Turkey,314999,325220,2942725.0,Europe,2,,,314900,level_4,3252A0,level_5,both_mapped_different
Estonia,321999,113310,2940532.0,Europe,1,,,3219A0,level_5,113000,level_3,both_mapped_different
Denmark,332996,332919,2937774.0,Europe,23,,,332996,exact,33291A,exact,both_mapped_different
Mexico,326199,314120,2929564.0,North_America,2,,,326190,level_5,314120,level_5,both_mapped_different
Malaysia,325180,325130,2927758.0,Asia,2,,,325180,level_5,325130,level_5,both_mapped_different
Italy,332439,332999,2921628.0,Europe,1,,,332430,level_5,332999,exact,both_mapped_different
France,322230,323111,2916168.0,Europe,3,,,322230,level_5,323110,level_5,both_mapped_different
China,333111,333241,2909614.0,Asia,1,,,333111,exact,33329A,exact,both_mapped_different
China,339113,339112,2909216.0,Asia,1,,,339113,exact,339112,exact,both_mapped_different
Romania,321911,337215,2907734.0,Europe,1,,,321910,level_5,337215,exact,both_mapped_different
Nicaragua,325414,325413,2906300.0,South_America,1,,,325414,exact,325413,exact,both_mapped_different
United Kingdom,333515,333517,2904054.0,Europe,5,,,33351B,exact,333517,exact,both_mapped_different
Japan,334510,339113,2895355.0,Asia,1,,,334510,exact,339113,exact,both_mapped_different
Turkey,332420,332439,2890570.0,Europe,4,,,332420,level_5,332430,level_5,both_mapped_different
United Kingdom,334515,333999,2878891.0,Europe,1,,,334515,exact,33399A,exact,both_mapped_different
Malaysia,339999,335999,2874929.0,Asia,2,,,339990,level_5,335999,exact,both_mapped_different
India,332112,332999,2872604.0,Asia,1,,,33211A,exact,332999,exact,both_mapped_different
Taiwan,336330,333111,2857942.0,Asia,3,,,3363A0,level_5,333111,exact,both_mapped_different
China,333415,337127,2857560.0,Asia,1,,,333415,exact,337127,exact,both_mapped_different
Brazil,910000,325199,2847919.0,South_America,2,,,S00300,noncomparable_imports,325190,level_5,both_mapped_different
France,332991,332722,2846478.0,Europe,1,,,332991,exact,332720,level_5,both_mapped_different
Czech Republic,332996,332919,2839390.0,Europe,15,,,332996,exact,33291A,exact,both_mapped_different
China,322299,322121,2836041.0,Asia,6,,,322299,exact,322120,level_5,both_mapped_different
Italy,335220,333414,2834582.0,Europe,4,,,335220,exact,333414,exact,both_mapped_different
Denmark,333923,333999,2827224.0,Europe,2,,,333920,level_5,33399A,exact,both_mapped_different
Poland,327991,327390,2817367.0,Europe,3,,,327991,exact,327390,level_5,both_mapped_different
Mexico,333514,332216,2812395.0,North_America,1,,,333514,exact,332200,level_4,both_mapped_different
Netherlands,332510,335999,2811270.0,Europe,2,,,332500,level_4,335999,exact,both_mapped_different
Spain,339930,339910,2810780.0,Europe,2,,,339930,level_5,339910,level_5,both_mapped_different
Vietnam,339113,337127,2809691.0,Asia,1,,,339113,exact,337127,exact,both_mapped_different
Vietnam,326150,326113,2806090.0,Asia,3,,,326150,level_5,326110,level_5,both_mapped_different
Ireland,335999,335929,2805981.0,Europe,7,,,335999,exact,335920,level_5,both_mapped_different
Turkey,334510,339113,2798381.0,Europe,1,,,334510,exact,339113,exact,both_mapped_different
France,325199,325212,2776415.0,Europe,2,,,325190,level_5,3252A0,exact,both_mapped_different
Costa Rica,325414,325413,2774740.0,South_America,1,,,325414,exact,325413,exact,both_mapped_different
Philippines,325211,910000,2773261.0,Asia,2,,,325211,exact,S00300,noncomparable_imports,both_mapped_different
Nicaragua,311710,114112,2771433.0,South_America,2,,,311700,level_4,114000,level_3,both_mapped_different
Oman,325199,325998,2767549.0,Asia,1,,,325190,level_5,3259A0,level_5,both_mapped_different
Indonesia,325199,325212,2765723.0,Asia,1,,,325190,level_5,3252A0,exact,both_mapped_different
Austria,930000,333517,2758157.0,Europe,7,,,S00300,noncomparable_imports,333517,exact,both_mapped_different
Spain,337127,337124,2748818.0,Europe,4,,,337127,exact,33712N,exact,both_mapped_different
Switzerland,990000,325413,2727079.0,Europe,1,,,S00300,noncomparable_imports,325413,exact,both_mapped_different
Turkey,322211,322299,2723968.0,Europe,1,,,322210,level_5,322299,exact,both_mapped_different
New Zealand,335312,334419,2712206.0,Oceana,1,,,335312,exact,33441A,exact,both_mapped_different
France,990000,325413,2712055.0,Europe,1,,,S00300,noncomparable_imports,325413,exact,both_mapped_different
Estonia,325199,325998,2708843.0,Europe,1,,,325190,level_5,3259A0,level_5,both_mapped_different
Belgium,930000,333517,2691051.0,Europe,5,,,S00300,noncomparable_imports,333517,exact,both_mapped_different
Cambodia,321911,337215,2688373.0,Asia,1,,,321910,level_5,337215,exact,both_mapped_different
Slovenia,335999,335929,2684504.0,Europe,4,,,335999,exact,335920,level_5,both_mapped_different
India,339999,327110,2682455.0,Asia,3,,,339990,level_5,327100,level_4,both_mapped_different
United Kingdom,334419,334413,2676853.0,Europe,1,,,33441A,exact,334413,exact,both_mapped_different
Peru,311710,114112,2662960.0,South_America,3,,,311700,level_4,114000,level_3,both_mapped_different
Canada,333992,331491,2662771.0,North_America,2,,,33399A,exact,331490,level_5,both_mapped_different
Germany,327999,339910,2662132.0,Europe,2,,,327999,exact,339910,level_5,both_mapped_different
Taiwan,334510,339112,2659182.0,Asia,1,,,334510,exact,339112,exact,both_mapped_different
Spain,322299,322121,2648257.0,Europe,5,,,322299,exact,322120,level_5,both_mapped_different
France,325180,325613,2647119.0,Europe,2,,,325180,level_5,325610,level_5,both_mapped_different
"Korea, South",339940,326199,2644022.0,Asia,1,,,339940,level_5,326190,level_5,both_mapped_different
Taiwan,313210,327993,2639951.0,Asia,1,,,313200,level_4,327993,exact,both_mapped_different
Norway,335220,333414,2632841.0,Europe,2,,,335220,exact,333414,exact,both_mapped_different
China,336120,336211,2628988.0,Asia,4,,,336120,level_5,336211,exact,both_mapped_different
Spain,332721,336350,2626660.0,Europe,1,,,332720,level_5,336350,level_5,both_mapped_different
Spain,334510,339113,2625321.0,Europe,1,,,334510,exact,339113,exact,both_mapped_different
China,339910,114119,2622572.0,Asia,1,,,339910,level_5,114000,level_3,both_mapped_different
United Kingdom,332991,332722,2616613.0,Europe,1,,,332991,exact,332720,level_5,both_mapped_different
Thailand,335999,334419,2613231.0,Asia,1,,,335999,exact,33441A,exact,both_mapped_different
Chile,325411,111339,2613216.0,South_America,1,,,325411,exact,111300,level_4,both_mapped_different
China,333992,335999,2603694.0,Asia,1,,,33399A,exact,335999,exact,both_mapped_different
Brazil,325180,325130,2603013.0,South_America,2,,,325180,level_5,325130,level_5,both_mapped_different
Indonesia,339930,339910,2599349.0,Asia,2,,,339930,level_5,339910,level_5,both_mapped_different
Germany,326299,313320,2593783.0,Europe,1,,,326290,level_5,313300,level_4,both_mapped_different
Czech Republic,335312,334419,2593380.0,Europe,1,,,335312,exact,33441A,exact,both_mapped_different
Mexico,331420,332999,2590525.0,North_America,4,,,331420,level_5,332999,exact,both_mapped_different
France,335921,327215,2582208.0,Europe,4,,,335920,level_5,327200,level_4,both_mapped_different
India,339113,337127,2571385.0,Asia,1,,,339113,exact,337127,exact,both_mapped_different
Germany,335999,334419,2567761.0,Europe,1,,,335999,exact,33441A,exact,both_mapped_different
Germany,325211,910000,2566820.0,Europe,4,,,325211,exact,S00300,noncomparable_imports,both_mapped_different
Vietnam,333613,336310,2563279.0,Asia,1,,,333613,exact,336310,level_5,both_mapped_different
Colombia,332215,331511,2562759.0,South_America,3,,,332200,level_4,331510,level_5,both_mapped_different
Spain,336350,335312,2562672.0,Europe,1,,,336350,level_5,335312,exact,both_mapped_different
Canada,336214,321991,2557428.0,North_America,1,,,336214,exact,3219A0,level_5,both_mapped_different
Japan,325199,325998,2555241.0,Asia,12,,,325190,level_5,3259A0,level_5,both_mapped_different
India,326299,337215,2547199.0,Asia,1,,,326290,level_5,337215,exact,both_mapped_different
France,325199,325211,2542015.0,Europe,1,,,325190,level_5,325211,exact,both_mapped_different
Italy,322120,322299,2540328.0,Europe,2,,,322120,level_5,322299,exact,both_mapped_different
Turkey,334510,339112,2540152.0,Europe,1,,,334510,exact,339112,exact,both_mapped_different
Mexico,930000,333517,2532834.0,North_America,19,,,S00300,noncomparable_imports,333517,exact,both_mapped_different
Denmark,321911,337215,2530690.0,Europe,1,,,321910,level_5,337215,exact,both_mapped_different
France,325920,332993,2519543.0,Europe,1,,,3259A0,level_5,33299A,exact,both_mapped_different
Morocco,335999,335929,2518792.0,Africa,5,,,335999,exact,335920,level_5,both_mapped_different
China,332991,332722,2512224.0,Asia,1,,,332991,exact,332720,level_5,both_mapped_different
Netherlands,335220,333414,2512192.0,Europe,5,,,335220,exact,333414,exact,both_mapped_different
Mexico,339940,326199,2506883.0,North_America,1,,,339940,level_5,326190,level_5,both_mapped_different
Norway,332996,332919,2504278.0,Europe,22,,,332996,exact,33291A,exact,both_mapped_different
Thailand,333519,331511,2503805.0,Asia,2,,,33351B,exact,331510,level_5,both_mapped_different
United Kingdom,333514,332216,2489995.0,Europe,1,,,333514,exact,332200,level_4,both_mapped_different
Macau,325411,325412,2488770.0,Asia,1,,,325411,exact,325412,exact,both_mapped_different
Dominican Republic,325211,910000,2483168.0,South_America,4,,,325211,exact,S00300,noncomparable_imports,both_mapped_different
Denmark,335220,332216,2481234.0,Europe,2,,,335220,exact,332200,level_4,both_mapped_different
Canada,325194,325211,2479301.0,North_America,1,,,325190,level_5,325211,exact,both_mapped_different
Slovakia,325998,325199,2470427.0,Europe,6,,,3259A0,level_5,325190,level_5,both_mapped_different
Italy,336612,326299,2468989.0,Europe,1,,,336612,exact,326290,level_5,both_mapped_different
Czech Republic,322120,322130,2453716.0,Europe,2,,,322120,level_5,322130,level_5,both_mapped_different
Brazil,322120,322130,2440331.0,South_America,1,,,322120,level_5,322130,level_5,both_mapped_different
United Kingdom,334419,334310,2426204.0,Europe,2,,,33441A,exact,334300,level_4,both_mapped_different
India,333515,333991,2423251.0,Asia,2,,,33351B,exact,333991,exact,both_mapped_different
Luxembourg,331410,332999,2422538.0,Europe,1,,,331410,exact,332999,exact,both_mapped_different
Denmark,321918,321999,2419715.0,Europe,2,,,321910,level_5,3219A0,level_5,both_mapped_different
United Arab Emirates,332996,332919,2419136.0,Asia,13,,,332996,exact,33291A,exact,both_mapped_different
Italy,335921,327215,2413535.0,Europe,4,,,335920,level_5,327200,level_4,both_mapped_different
Czech Republic,335932,326199,2412479.0,Europe,1,,,335930,level_5,326190,level_5,both_mapped_different
Austria,990000,325413,2411835.0,Europe,1,,,S00300,noncomparable_imports,325413,exact,both_mapped_different
Turkey,334419,334413,2409282.0,Europe,1,,,33441A,exact,334413,exact,both_mapped_different
Canada,910000,331491,2408798.0,North_America,1,,,S00300,noncomparable_imports,331490,level_5,both_mapped_different
Ireland,311942,325130,2402824.0,Europe,1,,,311940,level_5,325130,level_5,both_mapped_different
Malaysia,325411,325412,2401045.0,Asia,6,,,325411,exact,325412,exact,both_mapped_different
Austria,331410,332999,2400824.0,Europe,1,,,331410,exact,332999,exact,both_mapped_different
Mexico,325180,325613,2393432.0,North_America,2,,,325180,level_5,325610,level_5,both_mapped_different
China,332323,331491,2393020.0,Asia,1,,,332320,level_5,331490,level_5,both_mapped_different
Egypt,335929,331318,2389289.0,Africa,1,,,335920,level_5,33131B,exact,both_mapped_different
Saudi Arabia,332996,332919,2386793.0,Asia,6,,,332996,exact,33291A,exact,both_mapped_different
Canada,313230,327215,2380993.0,North_America,1,,,313200,level_4,327200,level_4,both_mapped_different
China,334515,337127,2378917.0,Asia,1,,,334515,exact,337127,exact,both_mapped_different
France,333515,333991,2375830.0,Europe,2,,,33351B,exact,333991,exact,both_mapped_different
Dominican Republic,325199,325998,2373297.0,South_America,3,,,325190,level_5,3259A0,level_5,both_mapped_different
Thailand,334419,333314,2369909.0,Asia,3,,,33441A,exact,333314,exact,both_mapped_different
Hungary,335932,326199,2369039.0,Europe,1,,,335930,level_5,326190,level_5,both_mapped_different
Vietnam,339920,314910,2365828.0,Asia,2,,,339920,level_5,314900,level_4,both_mapped_different
Vietnam,325211,910000,2365622.0,Asia,3,,,325211,exact,S00300,noncomparable_imports,both_mapped_different
United Kingdom,333241,333111,2363938.0,Europe,2,,,33329A,exact,333111,exact,both_mapped_different
Vietnam,334419,333314,2361460.0,Asia,3,,,33441A,exact,333314,exact,both_mapped_different
Mexico,322220,332999,2360069.0,North_America,1,,,322220,level_5,332999,exact,both_mapped_different
France,321911,337215,2358733.0,Europe,1,,,321910,level_5,337215,exact,both_mapped_different
Mexico,333120,336120,2357828.0,North_America,1,,,333120,level_5,336120,level_5,both_mapped_different
Czech Republic,321911,337215,2355958.0,Europe,1,,,321910,level_5,337215,exact,both_mapped_different
Austria,327212,327993,2351173.0,Europe,2,,,327200,level_4,327993,exact,both_mapped_different
United Kingdom,313230,327215,2350497.0,Europe,1,,,313200,level_4,327200,level_4,both_mapped_different
Mexico,332215,332999,2340261.0,North_America,4,,,332200,level_4,332999,exact,both_mapped_different
Thailand,334512,334513,2338782.0,Asia,2,,,334512,exact,334513,exact,both_mapped_different
Portugal,326299,337215,2328036.0,Europe,1,,,326290,level_5,337215,exact,both_mapped_different
Slovakia,322220,332999,2323507.0,Europe,1,,,322220,level_5,332999,exact,both_mapped_different
Spain,325211,910000,2320356.0,Europe,5,,,325211,exact,S00300,noncomparable_imports,both_mapped_different
Finland,333995,333618,2315981.0,Europe,1,,,33399B,exact,333618,exact,both_mapped_different
Brazil,336350,335312,2313200.0,South_America,1,,,336350,level_5,335312,exact,both_mapped_different
Canada,335921,327215,2312011.0,North_America,5,,,335920,level_5,327200,level_4,both_mapped_different
Bangladesh,335999,335929,2306171.0,Asia,4,,,335999,exact,335920,level_5,both_mapped_different
United Kingdom,321911,337215,2303523.0,Europe,1,,,321910,level_5,337215,exact,both_mapped_different
Japan,339940,326199,2303175.0,Asia,1,,,339940,level_5,326190,level_5,both_mapped_different
Netherlands,333924,333120,2301152.0,Europe,1,,,333920,level_5,333120,level_5,both_mapped_different
Italy,332618,331222,2298643.0,Europe,1,,,332600,level_4,331200,level_4,both_mapped_different
Spain,333515,333991,2294809.0,Europe,2,,,33351B,exact,333991,exact,both_mapped_different
Sweden,337127,337124,2293149.0,Europe,3,,,337127,exact,33712N,exact,both_mapped_different
Turkey,339113,322291,2291048.0,Europe,1,,,339113,exact,322291,exact,both_mapped_different
France,335932,327212,2275327.0,Europe,2,,,335930,level_5,327200,level_4,both_mapped_different
India,334510,339112,2273170.0,Asia,1,,,334510,exact,339112,exact,both_mapped_different
Japan,334515,333999,2267589.0,Asia,1,,,334515,exact,33399A,exact,both_mapped_different
Serbia,336612,336611,2267518.0,Europe,1,,,336612,exact,336611,exact,both_mapped_different
Bulgaria,331420,332999,2259196.0,Europe,1,,,331420,level_5,332999,exact,both_mapped_different
Malaysia,332420,332439,2258710.0,Asia,1,,,332420,level_5,332430,level_5,both_mapped_different
United Kingdom,334510,335999,2245517.0,Europe,1,,,334510,exact,335999,exact,both_mapped_different
"Korea, South",322230,323111,2243887.0,Asia,3,,,322230,level_5,323110,level_5,both_mapped_different
Indonesia,334419,334413,2226268.0,Asia,1,,,33441A,exact,334413,exact,both_mapped_different
Brazil,332996,332919,2222313.0,South_America,20,,,332996,exact,33291A,exact,both_mapped_different
Bangladesh,325211,910000,2221846.0,Asia,2,,,325211,exact,S00300,noncomparable_imports,both_mapped_different
France,333613,336310,2215350.0,Europe,2,,,333613,exact,336310,level_5,both_mapped_different
Canada,335929,331318,2209820.0,North_America,1,,,335920,level_5,33131B,exact,both_mapped_different
France,326150,326113,2206379.0,Europe,4,,,326150,level_5,326110,level_5,both_mapped_different
Germany,990000,334516,2205792.0,Europe,1,,,S00300,noncomparable_imports,334516,exact,both_mapped_different
India,333992,331491,2204384.0,Asia,2,,,33399A,exact,331490,level_5,both_mapped_different
Germany,339940,326199,2201267.0,Europe,1,,,339940,level_5,326190,level_5,both_mapped_different
Spain,332420,332439,2201131.0,Europe,2,,,332420,level_5,332430,level_5,both_mapped_different
United Kingdom,336211,336111,2196402.0,Europe,1,,,336211,exact,336111,exact,both_mapped_different
Israel,327212,327993,2195558.0,Asia,1,,,327200,level_4,327993,exact,both_mapped_different
Sweden,327212,327993,2194743.0,Europe,2,,,327200,level_4,327993,exact,both_mapped_different
Iceland,325199,325212,2191011.0,Europe,1,,,325190,level_5,3252A0,exact,both_mapped_different
Malaysia,333992,331491,2190633.0,Asia,2,,,33399A,exact,331490,level_5,both_mapped_different
Poland,333924,336999,2185334.0,Europe,1,,,333920,level_5,336999,exact,both_mapped_different
Belgium,325998,334413,2184200.0,Europe,1,,,3259A0,level_5,334413,exact,both_mapped_different
United Kingdom,336390,336214,2182193.0,Europe,1,,,336390,level_5,336214,exact,both_mapped_different
Hungary,325998,325199,2181447.0,Europe,3,,,3259A0,level_5,325190,level_5,both_mapped_different
Sweden,334419,334310,2179758.0,Europe,1,,,33441A,exact,334300,level_4,both_mapped_different
Italy,322230,323111,2171937.0,Europe,3,,,322230,level_5,323110,level_5,both_mapped_different
Sweden,334111,334118,2169760.0,Europe,1,,,334111,exact,334118,exact,both_mapped_different
Indonesia,339113,322291,2169507.0,Asia,1,,,339113,exact,322291,exact,both_mapped_different
United Arab Emirates,336390,333111,2168202.0,Asia,1,,,336390,level_5,333111,exact,both_mapped_different
Czech Republic,325411,111339,2167301.0,Europe,1,,,325411,exact,111300,level_4,both_mapped_different
Italy,336390,336214,2165008.0,Europe,1,,,336390,level_5,336214,exact,both_mapped_different
"Korea, South",327212,327993,2159037.0,Asia,2,,,327200,level_4,327993,exact,both_mapped_different
Canada,332618,331222,2156609.0,North_America,1,,,332600,level_4,331200,level_4,both_mapped_different
Singapore,334419,334413,2152582.0,Asia,1,,,33441A,exact,334413,exact,both_mapped_different
France,336350,335312,2147826.0,Europe,1,,,336350,level_5,335312,exact,both_mapped_different
Italy,322211,322299,2145789.0,Europe,1,,,322210,level_5,322299,exact,both_mapped_different
China,339940,323111,2144975.0,Asia,1,,,339940,level_5,323110,level_5,both_mapped_different
Canada,332510,335999,2140147.0,North_America,2,,,332500,level_4,335999,exact,both_mapped_different
Turkey,326150,326113,2139556.0,Europe,5,,,326150,level_5,326110,level_5,both_mapped_different
Japan,332999,327110,2139300.0,Asia,1,,,332999,exact,327100,level_4,both_mapped_different
Philippines,337127,337124,2133633.0,Asia,2,,,337127,exact,33712N,exact,both_mapped_different
Mexico,332439,332999,2130532.0,North_America,1,,,332430,level_5,332999,exact,both_mapped_different
Indonesia,311710,114112,2130196.0,Asia,4,,,311700,level_4,114000,level_3,both_mapped_different
Italy,332215,335220,2129855.0,Europe,2,,,332200,level_4,335220,exact,both_mapped_different
France,326299,337215,2126782.0,Europe,1,,,326290,level_5,337215,exact,both_mapped_different
Cambodia,333924,336999,2126650.0,Asia,1,,,333920,level_5,336999,exact,both_mapped_different
France,339930,339910,2123418.0,Europe,2,,,339930,level_5,339910,level_5,both_mapped_different
Argentina,333519,331511,2122905.0,South_America,4,,,33351B,exact,331510,level_5,both_mapped_different
South Africa,212390,339910,2122555.0,Africa,4,,,2123A0,level_5,339910,level_5,both_mapped_different
"Korea, South",339999,313210,2119558.0,Asia,1,,,339990,level_5,313200,level_4,both_mapped_different
Belgium,326150,326113,2116502.0,Europe,4,,,326150,level_5,326110,level_5,both_mapped_different
India,339910,114119,2108008.0,Asia,1,,,339910,level_5,114000,level_3,both_mapped_different
Sweden,336612,336611,2106593.0,Europe,1,,,336612,exact,336611,exact,both_mapped_different
India,333514,332216,2105033.0,Asia,1,,,333514,exact,332200,level_4,both_mapped_different
Netherlands,322130,322220,2104812.0,Europe,4,,,322130,level_5,322220,level_5,both_mapped_different
Austria,321219,327999,2104569.0,Europe,1,,,321200,level_4,327999,exact,both_mapped_different
Germany,336120,333111,2102800.0,Europe,1,,,336120,level_5,333111,exact,both_mapped_different
Italy,333924,336999,2101748.0,Europe,1,,,333920,level_5,336999,exact,both_mapped_different
Slovakia,335312,334419,2100910.0,Europe,1,,,335312,exact,33441A,exact,both_mapped_different
Canada,339112,335999,2100506.0,North_America,1,,,339112,exact,335999,exact,both_mapped_different
Sri Lanka,334510,339113,2100143.0,Asia,1,,,334510,exact,339113,exact,both_mapped_different
Netherlands,325199,325998,2097510.0,Europe,12,,,325190,level_5,3259A0,level_5,both_mapped_different
Netherlands,333996,333618,2090473.0,Europe,1,,,33399B,exact,333618,exact,both_mapped_different
Sweden,990000,325413,2087756.0,Europe,1,,,S00300,noncomparable_imports,325413,exact,both_mapped_different
El Salvador,325998,325199,2081438.0,South_America,3,,,3259A0,level_5,325190,level_5,both_mapped_different
"Korea, South",325199,325212,2076454.0,Asia,2,,,325190,level_5,3252A0,exact,both_mapped_different
Czech Republic,325998,325199,2075479.0,Europe,1,,,3259A0,level_5,325190,level_5,both_mapped_different
Portugal,334512,334513,2066966.0,Europe,2,,,334512,exact,334513,exact,both_mapped_different
Switzerland,910000,325412,2064799.0,Europe,1,,,S00300,noncomparable_imports,325412,exact,both_mapped_different
Brazil,332111,332999,2062075.0,South_America,2,,,33211A,exact,332999,exact,both_mapped_different
India,334419,334413,2060820.0,Asia,1,,,33441A,exact,334413,exact,both_mapped_different
Sweden,325998,325613,2057990.0,Europe,1,,,3259A0,level_5,325610,level_5,both_mapped_different
Australia,331410,331492,2057787.0,Oceana,1,,,331410,exact,331490,level_5,both_mapped_different
China,336612,336611,2052863.0,Asia,2,,,336612,exact,336611,exact,both_mapped_different
Estonia,334510,339112,2052170.0,Europe,1,,,334510,exact,339112,exact,both_mapped_different
Czech Republic,332721,336350,2049685.0,Europe,2,,,332720,level_5,336350,level_5,both_mapped_different
Austria,334419,334413,2047948.0,Europe,1,,,33441A,exact,334413,exact,both_mapped_different
Spain,333241,333111,2046535.0,Europe,1,,,33329A,exact,333111,exact,both_mapped_different
Thailand,325411,325412,2046308.0,Asia,1,,,325411,exact,325412,exact,both_mapped_different
Taiwan,325998,325613,2044617.0,Asia,1,,,3259A0,level_5,325610,level_5,both_mapped_different
Hong Kong,311710,114112,2044523.0,Asia,5,,,311700,level_4,114000,level_3,both_mapped_different
Portugal,326150,326113,2042316.0,Europe,4,,,326150,level_5,326110,level_5,both_mapped_different
Switzerland,336350,335312,2040173.0,Europe,1,,,336350,level_5,335312,exact,both_mapped_different
Austria,326299,337215,2030458.0,Europe,1,,,326290,level_5,337215,exact,both_mapped_different
China,333519,331513,2029816.0,Asia,3,,,33351B,exact,331510,level_5,both_mapped_different
China,333241,333111,2026382.0,Asia,2,,,33329A,exact,333111,exact,both_mapped_different
Germany,334511,339930,2021819.0,Europe,1,,,334511,exact,339930,level_5,both_mapped_different
Spain,333923,333999,2018128.0,Europe,2,,,333920,level_5,33399A,exact,both_mapped_different
Cambodia,332618,331222,2014236.0,Asia,1,,,332600,level_4,331200,level_4,both_mapped_different
Belgium,331410,331492,2013807.0,Europe,1,,,331410,exact,331490,level_5,both_mapped_different
Belgium,990000,325413,2012561.0,Europe,1,,,S00300,noncomparable_imports,325413,exact,both_mapped_different
Austria,339112,335999,2006928.0,Europe,1,,,339112,exact,335999,exact,both_mapped_different
Belgium,337127,337124,2004586.0,Europe,3,,,337127,exact,33712N,exact,both_mapped_different
Taiwan,335932,327212,2002640.0,Asia,1,,,335930,level_5,327200,level_4,both_mapped_different
Denmark,334111,334118,1995791.0,Europe,1,,,334111,exact,334118,exact,both_mapped_different
China,990000,334516,1992864.0,Asia,2,,,S00300,noncomparable_imports,334516,exact,both_mapped_different
Belgium,325411,325199,1990000.0,Europe,1,,,325411,exact,325190,level_5,both_mapped_different
Belgium,335999,335929,1984741.0,Europe,10,,,335999,exact,335920,level_5,both_mapped_different
China,336310,333618,1984606.0,Asia,3,,,336310,level_5,333618,exact,both_mapped_different
Mexico,313210,327993,1981822.0,North_America,1,,,313200,level_4,327993,exact,both_mapped_different
Italy,333120,336120,1980864.0,Europe,1,,,333120,level_5,336120,level_5,both_mapped_different
Sweden,322130,322220,1977523.0,Europe,4,,,322130,level_5,322220,level_5,both_mapped_different
Austria,336350,335312,1977297.0,Europe,1,,,336350,level_5,335312,exact,both_mapped_different
"Korea, South",332439,332999,1977131.0,Asia,1,,,332430,level_5,332999,exact,both_mapped_different
"Korea, South",335932,326199,1976585.0,Asia,1,,,335930,level_5,326190,level_5,both_mapped_different
Philippines,333613,336310,1976269.0,Asia,1,,,333613,exact,336310,level_5,both_mapped_different
Spain,334111,334118,1966091.0,Europe,1,,,334111,exact,334118,exact,both_mapped_different
Brazil,335929,331318,1965516.0,South_America,1,,,335920,level_5,33131B,exact,both_mapped_different
"Korea, South",339994,314120,1965263.0,Asia,2,,,339990,level_5,314120,level_5,both_mapped_different
Taiwan,325411,111339,1961752.0,Asia,1,,,325411,exact,111300,level_4,both_mapped_different
United Kingdom,332111,332999,1957292.0,Europe,2,,,33211A,exact,332999,exact,both_mapped_different
Philippines,339930,339910,1955155.0,Asia,1,,,339930,level_5,339910,level_5,both_mapped_different
Sweden,324191,325613,1953430.0,Europe,2,,,324190,level_5,325610,level_5,both_mapped_different
Honduras,321999,113310,1936906.0,South_America,1,,,3219A0,level_5,113000,level_3,both_mapped_different
France,325992,990000,1935966.0,Europe,2,,,3259A0,level_5,S00300,noncomparable_imports,both_mapped_different
Germany,336330,333111,1932349.0,Europe,3,,,3363A0,level_5,333111,exact,both_mapped_different
Austria,334310,334220,1926215.0,Europe,2,,,334300,level_4,334220,level_5,both_mapped_different
Sweden,333515,333517,1925953.0,Europe,5,,,33351B,exact,333517,exact,both_mapped_different
Netherlands,336211,333120,1924737.0,Europe,1,,,336211,exact,333120,level_5,both_mapped_different
Finland,333924,336999,1920665.0,Europe,1,,,333920,level_5,336999,exact,both_mapped_different
Japan,910000,325199,1920414.0,Asia,3,,,S00300,noncomparable_imports,325190,level_5,both_mapped_different
Czech Republic,333111,333241,1919987.0,Europe,1,,,333111,exact,33329A,exact,both_mapped_different
France,333992,331491,1918799.0,Europe,1,,,33399A,exact,331490,level_5,both_mapped_different
Latvia,321219,327390,1914148.0,Europe,1,,,321200,level_4,327390,level_5,both_mapped_different
Italy,322299,322121,1909518.0,Europe,4,,,322299,exact,322120,level_5,both_mapped_different
Poland,333613,336310,1908348.0,Europe,2,,,333613,exact,336310,level_5,both_mapped_different
Canada,990000,315190,1907500.0,North_America,1,,,S00300,noncomparable_imports,315000,level_3,both_mapped_different
"Korea, South",325320,325199,1893372.0,Asia,2,,,325320,level_5,325190,level_5,both_mapped_different
Slovakia,336390,333111,1891854.0,Europe,1,,,336390,level_5,333111,exact,both_mapped_different
Ukraine,335999,335929,1890152.0,Europe,5,,,335999,exact,335920,level_5,both_mapped_different
France,333519,331513,1888299.0,Europe,1,,,33351B,exact,331510,level_5,both_mapped_different
France,333241,333111,1876745.0,Europe,1,,,33329A,exact,333111,exact,both_mapped_different
China,311421,311411,1873272.0,Asia,1,,,311420,level_5,311410,level_5,both_mapped_different
Spain,339113,337127,1871254.0,Europe,1,,,339113,exact,337127,exact,both_mapped_different
Malaysia,336120,336211,1870000.0,Asia,1,,,336120,level_5,336211,exact,both_mapped_different
Taiwan,332112,332999,1869745.0,Asia,1,,,33211A,exact,332999,exact,both_mapped_different
Poland,990000,333111,1867963.0,Europe,1,,,S00300,noncomparable_imports,333111,exact,both_mapped_different
Israel,326299,337215,1859959.0,Asia,1,,,326290,level_5,337215,exact,both_mapped_different
Czech Republic,333924,336999,1858022.0,Europe,1,,,333920,level_5,336999,exact,both_mapped_different
Australia,334512,334513,1852130.0,Oceana,2,,,334512,exact,334513,exact,both_mapped_different
Canada,325199,311999,1851839.0,North_America,2,,,325190,level_5,311990,level_5,both_mapped_different
Belgium,321219,327999,1848033.0,Europe,1,,,321200,level_4,327999,exact,both_mapped_different
Malaysia,333515,333517,1847476.0,Asia,5,,,33351B,exact,333517,exact,both_mapped_different
India,322211,322299,1843977.0,Asia,1,,,322210,level_5,322299,exact,both_mapped_different
Denmark,325199,311224,1843346.0,Europe,2,,,325190,level_5,311224,exact,both_mapped_different
Denmark,325998,334413,1841786.0,Europe,1,,,3259A0,level_5,334413,exact,both_mapped_different
Paraguay,325199,325998,1834836.0,South_America,6,,,325190,level_5,3259A0,level_5,both_mapped_different
Germany,332721,336350,1831339.0,Europe,2,,,332720,level_5,336350,level_5,both_mapped_different
Germany,339940,323111,1830721.0,Europe,1,,,339940,level_5,323110,level_5,both_mapped_different
Singapore,331420,332999,1828820.0,Asia,2,,,331420,level_5,332999,exact,both_mapped_different
Portugal,327991,327390,1827192.0,Europe,2,,,327991,exact,327390,level_5,both_mapped_different
Japan,313210,327993,1823104.0,Asia,1,,,313200,level_4,327993,exact,both_mapped_different
Spain,324191,325613,1815043.0,Europe,2,,,324190,level_5,325610,level_5,both_mapped_different
Brazil,337127,337124,1814791.0,South_America,3,,,337127,exact,33712N,exact,both_mapped_different
United Kingdom,313210,327993,1814117.0,Europe,1,,,313200,level_4,327993,exact,both_mapped_different
Argentina,321918,321999,1803804.0,South_America,1,,,321910,level_5,3219A0,level_5,both_mapped_different
Canada,334419,334413,1802420.0,North_America,1,,,33441A,exact,334413,exact,both_mapped_different
Colombia,325411,111339,1799922.0,South_America,1,,,325411,exact,111300,level_4,both_mapped_different
Hungary,325411,325199,1789845.0,Europe,2,,,325411,exact,325190,level_5,both_mapped_different
El Salvador,311421,311411,1781897.0,South_America,1,,,311420,level_5,311410,level_5,both_mapped_different
United Arab Emirates,327212,327993,1780257.0,Asia,1,,,327200,level_4,327993,exact,both_mapped_different
Latvia,335921,327215,1777051.0,Europe,4,,,335920,level_5,327200,level_4,both_mapped_different
Bosnia and Herzegovina,335999,335929,1774688.0,Europe,3,,,335999,exact,335920,level_5,both_mapped_different
France,327212,327993,1774503.0,Europe,1,,,327200,level_4,327993,exact,both_mapped_different
Spain,322120,322130,1768939.0,Europe,2,,,322120,level_5,322130,level_5,both_mapped_different
Austria,325320,325199,1767546.0,Europe,1,,,325320,level_5,325190,level_5,both_mapped_different
India,325998,325613,1766975.0,Asia,1,,,3259A0,level_5,325610,level_5,both_mapped_different
Cambodia,339930,339910,1765976.0,Asia,1,,,339930,level_5,339910,level_5,both_mapped_different
Pakistan,334510,339112,1765498.0,Asia,1,,,334510,exact,339112,exact,both_mapped_different
France,327991,327390,1755903.0,Europe,2,,,327991,exact,327390,level_5,both_mapped_different
Turkey,322220,332999,1754420.0,Europe,2,,,322220,level_5,332999,exact,both_mapped_different
Estonia,334512,334513,1753309.0,Europe,2,,,334512,exact,334513,exact,both_mapped_different
India,334516,333413,1751061.0,Asia,1,,,334516,exact,333413,exact,both_mapped_different
Mexico,327910,332999,1747167.0,North_America,1,,,327910,level_5,332999,exact,both_mapped_different
Oman,327991,327390,1745929.0,Asia,1,,,327991,exact,327390,level_5,both_mapped_different
Cambodia,339920,314910,1745317.0,Asia,1,,,339920,level_5,314900,level_4,both_mapped_different
Kazakhstan,332999,331491,1744637.0,Europe,1,,,332999,exact,331490,level_5,both_mapped_different
Costa Rica,327212,327993,1744514.0,South_America,1,,,327200,level_4,327993,exact,both_mapped_different
Denmark,334310,334220,1741815.0,Europe,1,,,334300,level_4,334220,level_5,both_mapped_different
India,331410,331492,1739643.0,Asia,2,,,331410,exact,331490,level_5,both_mapped_different
Denmark,335220,333414,1738277.0,Europe,5,,,335220,exact,333414,exact,both_mapped_different
Indonesia,326299,337215,1735832.0,Asia,1,,,326290,level_5,337215,exact,both_mapped_different
Austria,324191,325613,1735344.0,Europe,2,,,324190,level_5,325610,level_5,both_mapped_different
Ireland,331410,331492,1731386.0,Europe,2,,,331410,exact,331490,level_5,both_mapped_different
Spain,325320,325199,1729399.0,Europe,1,,,325320,level_5,325190,level_5,both_mapped_different
United Kingdom,336211,333120,1723030.0,Europe,1,,,336211,exact,333120,level_5,both_mapped_different
Poland,332111,332999,1720345.0,Europe,2,,,33211A,exact,332999,exact,both_mapped_different
Singapore,333515,333517,1716357.0,Asia,4,,,33351B,exact,333517,exact,both_mapped_different
Turkey,336330,333111,1715764.0,Europe,2,,,3363A0,level_5,333111,exact,both_mapped_different
Thailand,326299,337215,1710645.0,Asia,1,,,326290,level_5,337215,exact,both_mapped_different
United Kingdom,333924,336999,1708426.0,Europe,1,,,333920,level_5,336999,exact,both_mapped_different
Sweden,333995,333618,1707877.0,Europe,1,,,33399B,exact,333618,exact,both_mapped_different
"Korea, South",332991,332722,1707630.0,Asia,1,,,332991,exact,332720,level_5,both_mapped_different
Romania,335312,334419,1707546.0,Europe,1,,,335312,exact,33441A,exact,both_mapped_different
Greece,325199,325998,1704468.0,Europe,5,,,325190,level_5,3259A0,level_5,both_mapped_different
Peru,325411,111339,1702286.0,South_America,1,,,325411,exact,111300,level_4,both_mapped_different
Turkey,321911,337215,1701615.0,Europe,1,,,321910,level_5,337215,exact,both_mapped_different
Slovenia,325998,325199,1695811.0,Europe,3,,,3259A0,level_5,325190,level_5,both_mapped_different
Belgium,325199,325998,1694463.0,Europe,9,,,325190,level_5,3259A0,level_5,both_mapped_different
Belgium,333923,333999,1692939.0,Europe,2,,,333920,level_5,33399A,exact,both_mapped_different
Croatia,334111,334118,1690409.0,Europe,1,,,334111,exact,334118,exact,both_mapped_different
Japan,335220,332216,1689525.0,Asia,2,,,335220,exact,332200,level_4,both_mapped_different
New Zealand,333519,331511,1688882.0,Oceana,2,,,33351B,exact,331510,level_5,both_mapped_different
China,325998,325620,1688766.0,Asia,1,,,3259A0,level_5,325620,level_5,both_mapped_different
India,339999,313210,1685914.0,Asia,1,,,339990,level_5,313200,level_4,both_mapped_different
Cambodia,339940,326199,1685385.0,Asia,1,,,339940,level_5,326190,level_5,both_mapped_different
Germany,335932,327212,1683935.0,Europe,2,,,335930,level_5,327200,level_4,both_mapped_different
Serbia,325180,325130,1682160.0,Europe,1,,,325180,level_5,325130,level_5,both_mapped_different
"Korea, South",332112,332999,1681927.0,Asia,1,,,33211A,exact,332999,exact,both_mapped_different
New Zealand,930000,336411,1679510.0,Oceana,1,,,S00300,noncomparable_imports,336411,exact,both_mapped_different
Germany,325620,325611,1678427.0,Europe,1,,,325620,level_5,325610,level_5,both_mapped_different
Malaysia,339113,326199,1676630.0,Asia,2,,,339113,exact,326190,level_5,both_mapped_different
Canada,325180,325411,1674715.0,North_America,1,,,325180,level_5,325411,exact,both_mapped_different
Mexico,333992,335999,1672081.0,North_America,1,,,33399A,exact,335999,exact,both_mapped_different
Japan,333415,335312,1670022.0,Asia,1,,,333415,exact,335312,exact,both_mapped_different
Japan,333112,333111,1667220.0,Asia,1,,,333112,exact,333111,exact,both_mapped_different
Turkey,990000,325413,1664198.0,Europe,1,,,S00300,noncomparable_imports,325413,exact,both_mapped_different
Israel,339930,336411,1660176.0,Asia,1,,,339930,level_5,336411,exact,both_mapped_different
El Salvador,327991,327390,1660095.0,South_America,1,,,327991,exact,327390,level_5,both_mapped_different
Poland,333241,333111,1656541.0,Europe,1,,,33329A,exact,333111,exact,both_mapped_different
United Kingdom,339940,326199,1654391.0,Europe,1,,,339940,level_5,326190,level_5,both_mapped_different
Sri Lanka,325199,311224,1654215.0,Asia,1,,,325190,level_5,311224,exact,both_mapped_different
Mexico,339940,322121,1650083.0,North_America,2,,,339940,level_5,322120,level_5,both_mapped_different
Germany,325199,325130,1649327.0,Europe,1,,,325190,level_5,325130,level_5,both_mapped_different
Hong Kong,332996,332919,1648943.0,Asia,11,,,332996,exact,33291A,exact,both_mapped_different
Vietnam,333992,331491,1644150.0,Asia,1,,,33399A,exact,331490,level_5,both_mapped_different
Czech Republic,336350,335312,1642956.0,Europe,1,,,336350,level_5,335312,exact,both_mapped_different
Belgium,930000,336411,1641569.0,Europe,1,,,S00300,noncomparable_imports,336411,exact,both_mapped_different
"Korea, South",324191,325613,1638877.0,Asia,2,,,324190,level_5,325610,level_5,both_mapped_different
Canada,333995,333618,1634336.0,North_America,1,,,33399B,exact,333618,exact,both_mapped_different
Netherlands,313210,327993,1632823.0,Europe,1,,,313200,level_4,327993,exact,both_mapped_different
Sweden,335999,334419,1628909.0,Europe,1,,,335999,exact,33441A,exact,both_mapped_different
Japan,332510,335999,1619334.0,Asia,2,,,332500,level_4,335999,exact,both_mapped_different
Italy,334419,334413,1605708.0,Europe,1,,,33441A,exact,334413,exact,both_mapped_different
French Polynesia,339910,114119,1603899.0,Oceana,1,,,339910,level_5,114000,level_3,both_mapped_different
Taiwan,930000,333517,1602073.0,Asia,19,,,S00300,noncomparable_imports,333517,exact,both_mapped_different
Sweden,334512,334513,1600839.0,Europe,2,,,334512,exact,334513,exact,both_mapped_different
Finland,332112,332999,1599143.0,Europe,1,,,33211A,exact,332999,exact,both_mapped_different
Italy,334510,339113,1597791.0,Europe,1,,,334510,exact,339113,exact,both_mapped_different
Taiwan,325199,311224,1596399.0,Asia,2,,,325190,level_5,311224,exact,both_mapped_different
Vietnam,311710,114112,1594078.0,Asia,6,,,311700,level_4,114000,level_3,both_mapped_different
Romania,990000,325413,1592589.0,Europe,1,,,S00300,noncomparable_imports,325413,exact,both_mapped_different
Finland,333996,333914,1591971.0,Europe,1,,,33399B,exact,333914,exact,both_mapped_different
Singapore,325411,325199,1591159.0,Asia,1,,,325411,exact,325190,level_5,both_mapped_different
Slovenia,325411,325412,1586534.0,Europe,3,,,325411,exact,325412,exact,both_mapped_different
Turkey,339930,339910,1579269.0,Europe,1,,,339930,level_5,339910,level_5,both_mapped_different
France,335220,333414,1578911.0,Europe,6,,,335220,exact,333414,exact,both_mapped_different
Turkey,337215,337127,1578830.0,Europe,1,,,337215,exact,337127,exact,both_mapped_different
Turkey,311421,311411,1576010.0,Europe,1,,,311420,level_5,311410,level_5,both_mapped_different
Canada,311421,311411,1566419.0,North_America,1,,,311420,level_5,311410,level_5,both_mapped_different
Sweden,333992,331491,1566206.0,Europe,2,,,33399A,exact,331490,level_5,both_mapped_different
Vietnam,311999,114119,1564102.0,Asia,2,,,311990,level_5,114000,level_3,both_mapped_different
Vietnam,327390,327999,1563701.0,Asia,1,,,327390,level_5,327999,exact,both_mapped_different
Spain,332991,332722,1562437.0,Europe,1,,,332991,exact,332720,level_5,both_mapped_different
Argentina,311421,311411,1561323.0,South_America,1,,,311420,level_5,311410,level_5,both_mapped_different
United Kingdom,990000,333111,1559919.0,Europe,1,,,S00300,noncomparable_imports,333111,exact,both_mapped_different
Poland,333241,333999,1557393.0,Europe,1,,,33329A,exact,33399A,exact,both_mapped_different
Lithuania,326299,337215,1549617.0,Europe,1,,,326290,level_5,337215,exact,both_mapped_different
Tanzania,325211,910000,1549470.0,Africa,1,,,325211,exact,S00300,noncomparable_imports,both_mapped_different
Israel,325180,325130,1548367.0,Asia,2,,,325180,level_5,325130,level_5,both_mapped_different
Austria,332999,331491,1548163.0,Europe,1,,,332999,exact,331490,level_5,both_mapped_different
China,311710,114112,1544427.0,Asia,3,,,311700,level_4,114000,level_3,both_mapped_different
Belgium,335220,332216,1540623.0,Europe,2,,,335220,exact,332200,level_4,both_mapped_different
Mexico,339999,321999,1538602.0,North_America,1,,,339990,level_5,3219A0,level_5,both_mapped_different
United Kingdom,336350,335312,1537781.0,Europe,1,,,336350,level_5,335312,exact,both_mapped_different
Turkey,321219,327999,1534345.0,Europe,1,,,321200,level_4,327999,exact,both_mapped_different
Vietnam,334510,339113,1527167.0,Asia,1,,,334510,exact,339113,exact,both_mapped_different
New Zealand,339920,339992,1526296.0,Oceana,1,,,339920,level_5,339990,level_5,both_mapped_different
"Korea, South",326140,326113,1525592.0,Asia,1,,,326140,level_5,326110,level_5,both_mapped_different
Colombia,337127,337215,1525475.0,South_America,1,,,337127,exact,337215,exact,both_mapped_different
Japan,339999,313210,1509873.0,Asia,1,,,339990,level_5,313200,level_4,both_mapped_different
China,327999,339910,1506620.0,Asia,2,,,327999,exact,339910,level_5,both_mapped_different
Slovakia,332721,336350,1503653.0,Europe,2,,,332720,level_5,336350,level_5,both_mapped_different
Malaysia,333924,336999,1502405.0,Asia,1,,,333920,level_5,336999,exact,both_mapped_different
India,334310,334220,1501320.0,Asia,2,,,334300,level_4,334220,level_5,both_mapped_different
El Salvador,339930,339910,1496296.0,South_America,2,,,339930,level_5,339910,level_5,both_mapped_different
Taiwan,333996,333914,1492788.0,Asia,1,,,33399B,exact,333914,exact,both_mapped_different
Poland,322120,322130,1491011.0,Europe,1,,,322120,level_5,322130,level_5,both_mapped_different
Sweden,333111,333120,1489382.0,Europe,1,,,333111,exact,333120,level_5,both_mapped_different
United Kingdom,332439,332999,1489063.0,Europe,1,,,332430,level_5,332999,exact,both_mapped_different
China,325180,325411,1488979.0,Asia,1,,,325180,level_5,325411,exact,both_mapped_different
France,332420,332439,1486763.0,Europe,3,,,332420,level_5,332430,level_5,both_mapped_different
Italy,313210,327993,1485451.0,Europe,1,,,313200,level_4,327993,exact,both_mapped_different
Switzerland,333924,336999,1483246.0,Europe,1,,,333920,level_5,336999,exact,both_mapped_different
Taiwan,336350,335312,1480279.0,Asia,1,,,336350,level_5,335312,exact,both_mapped_different
Indonesia,332721,336350,1480026.0,Asia,1,,,332720,level_5,336350,level_5,both_mapped_different
Germany,336390,333111,1476743.0,Europe,2,,,336390,level_5,333111,exact,both_mapped_different
France,332112,332999,1475983.0,Europe,1,,,33211A,exact,332999,exact,both_mapped_different
"Korea, South",334510,339113,1474645.0,Asia,1,,,334510,exact,339113,exact,both_mapped_different
United Arab Emirates,334111,334118,1473820.0,Asia,1,,,334111,exact,334118,exact,both_mapped_different
Germany,339994,314120,1469411.0,Europe,2,,,339990,level_5,314120,level_5,both_mapped_different
Hong Kong,325411,325412,1468660.0,Asia,5,,,325411,exact,325412,exact,both_mapped_different
Poland,336390,336214,1463494.0,Europe,1,,,336390,level_5,336214,exact,both_mapped_different
Australia,313210,327993,1461659.0,Oceana,1,,,313200,level_4,327993,exact,both_mapped_different
Japan,333111,333120,1452956.0,Asia,5,,,333111,exact,333120,level_5,both_mapped_different
Spain,313210,327993,1450096.0,Europe,1,,,313200,level_4,327993,exact,both_mapped_different
Israel,990000,337212,1438973.0,Asia,1,,,S00300,noncomparable_imports,33721A,exact,both_mapped_different
Japan,325411,111339,1438883.0,Asia,1,,,325411,exact,111300,level_4,both_mapped_different
Bahrain,327212,327993,1438059.0,Asia,2,,,327200,level_4,327993,exact,both_mapped_different
Spain,325920,332993,1437458.0,Europe,1,,,3259A0,level_5,33299A,exact,both_mapped_different
India,336120,336211,1428935.0,Asia,1,,,336120,level_5,336211,exact,both_mapped_different
Netherlands,324191,325613,1426492.0,Europe,2,,,324190,level_5,325610,level_5,both_mapped_different
Australia,115210,11211X,1424610.0,Oceana,3,,,115000,level_3,1121A0,exact,both_mapped_different
Greece,335999,335929,1418889.0,Europe,4,,,335999,exact,335920,level_5,both_mapped_different
Vietnam,325199,311224,1415185.0,Asia,1,,,325190,level_5,311224,exact,both_mapped_different
Japan,331410,331492,1412366.0,Asia,1,,,331410,exact,331490,level_5,both_mapped_different
"Korea, South",339113,337127,1411688.0,Asia,1,,,339113,exact,337127,exact,both_mapped_different
United Kingdom,212390,339910,1406637.0,Europe,2,,,2123A0,level_5,339910,level_5,both_mapped_different
Thailand,335921,327215,1404358.0,Asia,3,,,335920,level_5,327200,level_4,both_mapped_different
Austria,333613,336310,1403615.0,Europe,2,,,333613,exact,336310,level_5,both_mapped_different
United Kingdom,335220,332216,1402948.0,Europe,2,,,335220,exact,332200,level_4,both_mapped_different
United Kingdom,332112,332999,1400627.0,Europe,1,,,33211A,exact,332999,exact,both_mapped_different
Netherlands,335220,332216,1393556.0,Europe,2,,,335220,exact,332200,level_4,both_mapped_different
Taiwan,910000,331491,1392840.0,Asia,1,,,S00300,noncomparable_imports,331490,level_5,both_mapped_different
Turkey,325411,325412,1392440.0,Europe,1,,,325411,exact,325412,exact,both_mapped_different
Belgium,336390,336214,1391597.0,Europe,1,,,336390,level_5,336214,exact,both_mapped_different
Bulgaria,333241,333111,1391060.0,Europe,1,,,33329A,exact,333111,exact,both_mapped_different
Germany,325510,325998,1387940.0,Europe,1,,,325510,level_5,3259A0,level_5,both_mapped_different
Italy,336310,333618,1381785.0,Europe,3,,,336310,level_5,333618,exact,both_mapped_different
Bangladesh,327991,327390,1381513.0,Asia,1,,,327991,exact,327390,level_5,both_mapped_different
Italy,333515,333991,1380044.0,Europe,2,,,33351B,exact,333991,exact,both_mapped_different
Israel,325411,111339,1379887.0,Asia,1,,,325411,exact,111300,level_4,both_mapped_different
"Korea, South",333241,333111,1376413.0,Asia,2,,,33329A,exact,333111,exact,both_mapped_different
Vietnam,325620,325611,1374837.0,Asia,1,,,325620,level_5,325610,level_5,both_mapped_different
Ireland,333515,333991,1372771.0,Europe,1,,,33351B,exact,333991,exact,both_mapped_different
Brazil,331410,332999,1371136.0,South_America,1,,,331410,exact,332999,exact,both_mapped_different
China,325998,325613,1365929.0,Asia,1,,,3259A0,level_5,325610,level_5,both_mapped_different
Tunisia,333924,336999,1364920.0,Africa,1,,,333920,level_5,336999,exact,both_mapped_different
China,332216,332111,1359140.0,Asia,1,,,332200,level_4,33211A,exact,both_mapped_different
Germany,325180,325411,1358696.0,Europe,1,,,325180,level_5,325411,exact,both_mapped_different
Poland,327212,327993,1358575.0,Europe,1,,,327200,level_4,327993,exact,both_mapped_different
India,339999,321999,1355170.0,Asia,2,,,339990,level_5,3219A0,level_5,both_mapped_different
Guatemala,335999,335929,1353143.0,South_America,2,,,335999,exact,335920,level_5,both_mapped_different
Denmark,336330,333111,1352388.0,Europe,1,,,3363A0,level_5,333111,exact,both_mapped_different
Costa Rica,331210,331110,1352322.0,South_America,7,,,331200,level_4,331110,level_4,both_mapped_different
Taiwan,334419,334310,1350208.0,Asia,2,,,33441A,exact,334300,level_4,both_mapped_different
Hong Kong,339930,339910,1347150.0,Asia,2,,,339930,level_5,339910,level_5,both_mapped_different
Hungary,990000,325413,1344246.0,Europe,1,,,S00300,noncomparable_imports,325413,exact,both_mapped_different
Netherlands,334510,339113,1342437.0,Europe,1,,,334510,exact,339113,exact,both_mapped_different
Germany,334419,333314,1337350.0,Europe,3,,,33441A,exact,333314,exact,both_mapped_different
Panama,325414,325413,1329400.0,South_America,1,,,325414,exact,325413,exact,both_mapped_different
New Zealand,325199,325998,1329007.0,Oceana,2,,,325190,level_5,3259A0,level_5,both_mapped_different
Czech Republic,339113,316998,1318700.0,Europe,1,,,339113,exact,316000,level_3,both_mapped_different
Egypt,334512,334513,1317651.0,Africa,2,,,334512,exact,334513,exact,both_mapped_different
Brazil,333111,333241,1315505.0,South_America,1,,,333111,exact,33329A,exact,both_mapped_different
Malaysia,325620,325611,1314110.0,Asia,1,,,325620,level_5,325610,level_5,both_mapped_different
Serbia,325199,311224,1310797.0,Europe,1,,,325190,level_5,311224,exact,both_mapped_different
Norway,334512,334513,1309372.0,Europe,2,,,334512,exact,334513,exact,both_mapped_different
Finland,336350,335312,1307888.0,Europe,1,,,336350,level_5,335312,exact,both_mapped_different
"Korea, South",322299,322121,1306939.0,Asia,2,,,322299,exact,322120,level_5,both_mapped_different
Switzerland,333613,336310,1301599.0,Europe,2,,,333613,exact,336310,level_5,both_mapped_different
Taiwan,332999,326299,1301200.0,Asia,1,,,332999,exact,326290,level_5,both_mapped_different
"Korea, South",339999,327110,1301027.0,Asia,3,,,339990,level_5,327100,level_4,both_mapped_different
Greece,322120,322230,1300166.0,Europe,1,,,322120,level_5,322230,level_5,both_mapped_different
Taiwan,335929,331318,1299898.0,Asia,1,,,335920,level_5,33131B,exact,both_mapped_different
Switzerland,334310,334220,1296234.0,Europe,2,,,334300,level_4,334220,level_5,both_mapped_different
Brazil,335220,333414,1295770.0,South_America,3,,,335220,exact,333414,exact,both_mapped_different
"Korea, South",339920,314910,1294622.0,Asia,2,,,339920,level_5,314900,level_4,both_mapped_different
Bulgaria,335921,327215,1294258.0,Europe,1,,,335920,level_5,327200,level_4,both_mapped_different
Slovenia,930000,336411,1294186.0,Europe,1,,,S00300,noncomparable_imports,336411,exact,both_mapped_different
Ireland,910000,331491,1292203.0,Europe,1,,,S00300,noncomparable_imports,331490,level_5,both_mapped_different
Israel,339112,335999,1292112.0,Asia,1,,,339112,exact,335999,exact,both_mapped_different
Germany,333111,333241,1291022.0,Europe,1,,,333111,exact,33329A,exact,both_mapped_different
Thailand,311421,311411,1289527.0,Asia,1,,,311420,level_5,311410,level_5,both_mapped_different
Honduras,314999,325220,1284388.0,South_America,1,,,314900,level_4,3252A0,level_5,both_mapped_different
Czech Republic,336390,333111,1284336.0,Europe,1,,,336390,level_5,333111,exact,both_mapped_different
Mexico,334511,339930,1275811.0,North_America,1,,,334511,exact,339930,level_5,both_mapped_different
Italy,322130,322220,1274374.0,Europe,3,,,322130,level_5,322220,level_5,both_mapped_different
Israel,335999,334419,1274103.0,Asia,1,,,335999,exact,33441A,exact,both_mapped_different
United Kingdom,325199,325212,1273116.0,Europe,2,,,325190,level_5,3252A0,exact,both_mapped_different
Nepal,325199,325998,1272363.0,Asia,4,,,325190,level_5,3259A0,level_5,both_mapped_different
India,332618,331222,1271984.0,Asia,1,,,332600,level_4,331200,level_4,both_mapped_different
United Arab Emirates,325411,325412,1267793.0,Asia,3,,,325411,exact,325412,exact,both_mapped_different
Costa Rica,321911,337215,1267670.0,South_America,1,,,321910,level_5,337215,exact,both_mapped_different
Hungary,334510,339113,1267312.0,Europe,1,,,334510,exact,339113,exact,both_mapped_different
Poland,336612,336611,1264420.0,Europe,2,,,336612,exact,336611,exact,both_mapped_different
India,336330,333111,1264086.0,Asia,2,,,3363A0,level_5,333111,exact,both_mapped_different
France,331410,332999,1260876.0,Europe,1,,,331410,exact,332999,exact,both_mapped_different
Spain,337215,337127,1260362.0,Europe,1,,,337215,exact,337127,exact,both_mapped_different
Jamaica,325199,325998,1254053.0,South_America,4,,,325190,level_5,3259A0,level_5,both_mapped_different
Denmark,115210,11211X,1252302.0,Europe,1,,,115000,level_3,1121A0,exact,both_mapped_different
India,325411,325199,1248900.0,Asia,1,,,325411,exact,325190,level_5,both_mapped_different
Italy,333120,333924,1248210.0,Europe,1,,,333120,level_5,333920,level_5,both_mapped_different
Ireland,333241,333111,1247131.0,Europe,1,,,33329A,exact,333111,exact,both_mapped_different
Mexico,331410,332999,1246839.0,North_America,1,,,331410,exact,332999,exact,both_mapped_different
India,332215,331511,1245397.0,Asia,2,,,332200,level_4,331510,level_5,both_mapped_different
Iceland,325199,325998,1242500.0,Europe,1,,,325190,level_5,3259A0,level_5,both_mapped_different
Serbia,334111,334118,1238610.0,Europe,1,,,334111,exact,334118,exact,both_mapped_different
Lithuania,327212,327993,1237661.0,Europe,1,,,327200,level_4,327993,exact,both_mapped_different
Latvia,332420,332439,1236667.0,Europe,2,,,332420,level_5,332430,level_5,both_mapped_different
United Arab Emirates,325199,325998,1234678.0,Asia,6,,,325190,level_5,3259A0,level_5,both_mapped_different
Czech Republic,333415,335312,1233935.0,Europe,1,,,333415,exact,335312,exact,both_mapped_different
India,325199,325130,1233196.0,Asia,1,,,325190,level_5,325130,level_5,both_mapped_different
New Zealand,311710,114112,1229801.0,Oceana,3,,,311700,level_4,114000,level_3,both_mapped_different
Netherlands,326150,326113,1226267.0,Europe,4,,,326150,level_5,326110,level_5,both_mapped_different
"Korea, South",332420,332439,1224588.0,Asia,3,,,332420,level_5,332430,level_5,both_mapped_different
India,334515,333999,1221816.0,Asia,1,,,334515,exact,33399A,exact,both_mapped_different
France,332439,332999,1218856.0,Europe,1,,,332430,level_5,332999,exact,both_mapped_different
Tunisia,910000,331491,1218688.0,Africa,1,,,S00300,noncomparable_imports,331490,level_5,both_mapped_different
Vietnam,334512,334513,1218471.0,Asia,2,,,334512,exact,334513,exact,both_mapped_different
Netherlands,325620,325611,1218322.0,Europe,1,,,325620,level_5,325610,level_5,both_mapped_different
China,313230,327212,1216083.0,Asia,1,,,313200,level_4,327200,level_4,both_mapped_different
Switzerland,333515,333991,1215790.0,Europe,2,,,33351B,exact,333991,exact,both_mapped_different
Morocco,327991,327390,1214582.0,Africa,2,,,327991,exact,327390,level_5,both_mapped_different
"Korea, South",325194,325211,1213304.0,Asia,1,,,325190,level_5,325211,exact,both_mapped_different
Mexico,314999,325220,1211796.0,North_America,4,,,314900,level_4,3252A0,level_5,both_mapped_different
United Kingdom,335932,326199,1210241.0,Europe,1,,,335930,level_5,326190,level_5,both_mapped_different
Israel,334516,334519,1205109.0,Asia,1,,,334516,exact,33451A,exact,both_mapped_different
Germany,332439,332999,1197766.0,Europe,1,,,332430,level_5,332999,exact,both_mapped_different
France,115210,11211X,1197478.0,Europe,1,,,115000,level_3,1121A0,exact,both_mapped_different
China,327910,331511,1196982.0,Asia,1,,,327910,level_5,331510,level_5,both_mapped_different
Austria,331410,331492,1193577.0,Europe,1,,,331410,exact,331490,level_5,both_mapped_different
Germany,332215,331511,1192615.0,Europe,3,,,332200,level_4,331510,level_5,both_mapped_different
Japan,336390,333111,1191077.0,Asia,2,,,336390,level_5,333111,exact,both_mapped_different
Portugal,336390,336214,1189673.0,Europe,1,,,336390,level_5,336214,exact,both_mapped_different
Spain,333519,331511,1189601.0,Europe,3,,,33351B,exact,331510,level_5,both_mapped_different
Lithuania,339930,336411,1183440.0,Europe,2,,,339930,level_5,336411,exact,both_mapped_different
Canada,327212,314994,1183263.0,North_America,2,,,327200,level_4,314900,level_4,both_mapped_different
Brazil,322120,322299,1181893.0,South_America,1,,,322120,level_5,322299,exact,both_mapped_different
Nicaragua,325211,910000,1181091.0,South_America,2,,,325211,exact,S00300,noncomparable_imports,both_mapped_different
Switzerland,326150,326113,1180340.0,Europe,3,,,326150,level_5,326110,level_5,both_mapped_different
Germany,332999,331491,1179943.0,Europe,1,,,332999,exact,331490,level_5,both_mapped_different
Vietnam,321918,321999,1179886.0,Asia,2,,,321910,level_5,3219A0,level_5,both_mapped_different
Netherlands,332323,331491,1178491.0,Europe,1,,,332320,level_5,331490,level_5,both_mapped_different
Hungary,322130,322220,1177290.0,Europe,1,,,322130,level_5,322220,level_5,both_mapped_different
Portugal,337127,337124,1174527.0,Europe,3,,,337127,exact,33712N,exact,both_mapped_different
Turkey,339113,315280,1174351.0,Europe,2,,,339113,exact,315000,level_3,both_mapped_different
Germany,339113,339112,1173669.0,Europe,1,,,339113,exact,339112,exact,both_mapped_different
Canada,325620,325611,1173056.0,North_America,1,,,325620,level_5,325610,level_5,both_mapped_different
Cambodia,335921,327215,1172585.0,Asia,1,,,335920,level_5,327200,level_4,both_mapped_different
Poland,337215,337127,1171563.0,Europe,1,,,337215,exact,337127,exact,both_mapped_different
Spain,337127,337215,1171474.0,Europe,1,,,337127,exact,337215,exact,both_mapped_different
Finland,325180,325130,1167189.0,Europe,2,,,325180,level_5,325130,level_5,both_mapped_different
Belgium,334512,334513,1164263.0,Europe,2,,,334512,exact,334513,exact,both_mapped_different
Bulgaria,336330,333111,1162873.0,Europe,1,,,3363A0,level_5,333111,exact,both_mapped_different
United Kingdom,333924,333120,1159183.0,Europe,2,,,333920,level_5,333120,level_5,both_mapped_different
"Korea, South",333415,335312,1156826.0,Asia,1,,,333415,exact,335312,exact,both_mapped_different
Bulgaria,335999,335929,1155870.0,Europe,5,,,335999,exact,335920,level_5,both_mapped_different
Germany,322230,323111,1155333.0,Europe,3,,,322230,level_5,323110,level_5,both_mapped_different
Italy,324191,325613,1154231.0,Europe,2,,,324190,level_5,325610,level_5,both_mapped_different
Denmark,325211,910000,1153686.0,Europe,1,,,325211,exact,S00300,noncomparable_imports,both_mapped_different
Turkey,325211,910000,1152476.0,Europe,3,,,325211,exact,S00300,noncomparable_imports,both_mapped_different
Belgium,326140,326113,1151809.0,Europe,1,,,326140,level_5,326110,level_5,both_mapped_different
Japan,332215,331511,1151446.0,Asia,3,,,332200,level_4,331510,level_5,both_mapped_different
Netherlands,333924,336999,1150158.0,Europe,1,,,333920,level_5,336999,exact,both_mapped_different
Germany,321219,327999,1148429.0,Europe,1,,,321200,level_4,327999,exact,both_mapped_different
China,331410,331492,1146964.0,Asia,1,,,331410,exact,331490,level_5,both_mapped_different
Germany,930000,333519,1144668.0,Europe,2,,,S00300,noncomparable_imports,33351B,exact,both_mapped_different
Taiwan,311942,325130,1143538.0,Asia,1,,,311940,level_5,325130,level_5,both_mapped_different
Czech Republic,334512,334513,1141761.0,Europe,2,,,334512,exact,334513,exact,both_mapped_different
Tunisia,325199,325998,1141563.0,Africa,6,,,325190,level_5,3259A0,level_5,both_mapped_different
Brazil,326299,337215,1139834.0,South_America,1,,,326290,level_5,337215,exact,both_mapped_different
China,325510,325520,1138541.0,Asia,1,,,325510,level_5,325520,level_5,both_mapped_different
Japan,311710,114112,1138224.0,Asia,11,,,311700,level_4,114000,level_3,both_mapped_different
Greece,327991,327120,1138058.0,Europe,1,,,327991,exact,327100,level_4,both_mapped_different
India,339113,322291,1136219.0,Asia,1,,,339113,exact,322291,exact,both_mapped_different
Bulgaria,325199,311224,1135063.0,Europe,1,,,325190,level_5,311224,exact,both_mapped_different
Thailand,333515,333991,1134106.0,Asia,2,,,33351B,exact,333991,exact,both_mapped_different
Romania,334512,334513,1134005.0,Europe,2,,,334512,exact,334513,exact,both_mapped_different
South Africa,333519,331511,1130822.0,Africa,2,,,33351B,exact,331510,level_5,both_mapped_different
Vietnam,313210,327993,1129184.0,Asia,1,,,313200,level_4,327993,exact,both_mapped_different
Japan,333995,333618,1128821.0,Asia,1,,,33399B,exact,333618,exact,both_mapped_different
Slovakia,327991,327390,1128428.0,Europe,1,,,327991,exact,327390,level_5,both_mapped_different
Colombia,337127,337124,1127607.0,South_America,1,,,337127,exact,33712N,exact,both_mapped_different
Czech Republic,333996,333914,1123801.0,Europe,1,,,33399B,exact,333914,exact,both_mapped_different
Turkey,326199,314120,1123575.0,Europe,2,,,326190,level_5,314120,level_5,both_mapped_different
Colombia,321219,327999,1121327.0,South_America,1,,,321200,level_4,327999,exact,both_mapped_different
Finland,331210,331110,1118589.0,Europe,17,,,331200,level_4,331110,level_4,both_mapped_different
Latvia,325411,325412,1117744.0,Europe,3,,,325411,exact,325412,exact,both_mapped_different
Netherlands,327212,327993,1117231.0,Europe,1,,,327200,level_4,327993,exact,both_mapped_different
Guatemala,325414,325413,1114880.0,South_America,1,,,325414,exact,325413,exact,both_mapped_different
Ireland,332996,332919,1114738.0,Europe,8,,,332996,exact,33291A,exact,both_mapped_different
Honduras,321912,113310,1111749.0,South_America,1,,,321910,level_5,113000,level_3,both_mapped_different
Germany,334510,335999,1111398.0,Europe,1,,,334510,exact,335999,exact,both_mapped_different
Germany,333992,331491,1108628.0,Europe,2,,,33399A,exact,331490,level_5,both_mapped_different
South Africa,930000,336411,1108048.0,Africa,1,,,S00300,noncomparable_imports,336411,exact,both_mapped_different
Italy,327991,327120,1106781.0,Europe,1,,,327991,exact,327100,level_4,both_mapped_different
Namibia,325199,325998,1106028.0,Africa,1,,,325190,level_5,3259A0,level_5,both_mapped_different
Honduras,325414,325413,1102240.0,South_America,1,,,325414,exact,325413,exact,both_mapped_different
Sweden,335921,327215,1102107.0,Europe,3,,,335920,level_5,327200,level_4,both_mapped_different
United Kingdom,327212,314994,1100774.0,Europe,2,,,327200,level_4,314900,level_4,both_mapped_different
Malaysia,327999,339910,1100561.0,Asia,1,,,327999,exact,339910,level_5,both_mapped_different
Germany,339113,326199,1099870.0,Europe,2,,,339113,exact,326190,level_5,both_mapped_different
United Kingdom,322299,322121,1099580.0,Europe,6,,,322299,exact,322120,level_5,both_mapped_different
Spain,325411,111339,1095463.0,Europe,1,,,325411,exact,111300,level_4,both_mapped_different
Czech Republic,333515,333517,1094838.0,Europe,4,,,33351B,exact,333517,exact,both_mapped_different
Canada,332999,331491,1089838.0,North_America,1,,,332999,exact,331490,level_5,both_mapped_different
Germany,332323,331491,1089720.0,Europe,1,,,332320,level_5,331490,level_5,both_mapped_different
China,311999,114119,1088964.0,Asia,2,,,311990,level_5,114000,level_3,both_mapped_different
France,910000,331491,1087221.0,Europe,1,,,S00300,noncomparable_imports,331490,level_5,both_mapped_different
Singapore,331210,331110,1085248.0,Asia,4,,,331200,level_4,331110,level_4,both_mapped_different
United Kingdom,115210,11211X,1082373.0,Europe,4,,,115000,level_3,1121A0,exact,both_mapped_different
Spain,321219,327390,1079549.0,Europe,1,,,321200,level_4,327390,level_5,both_mapped_different
Japan,334413,335999,1078215.0,Asia,1,,,334413,exact,335999,exact,both_mapped_different
China,331491,332999,1078141.0,Asia,3,,,331490,level_5,332999,exact,both_mapped_different
Canada,335999,334419,1077928.0,North_America,1,,,335999,exact,33441A,exact,both_mapped_different
Spain,325199,311224,1074107.0,Europe,3,,,325190,level_5,311224,exact,both_mapped_different
Guatemala,337127,337215,1073569.0,South_America,1,,,337127,exact,337215,exact,both_mapped_different
Czech Republic,333519,331511,1072382.0,Europe,3,,,33351B,exact,331510,level_5,both_mapped_different
Hong Kong,322230,323111,1070068.0,Asia,2,,,322230,level_5,323110,level_5,both_mapped_different
Spain,333924,336999,1069805.0,Europe,1,,,333920,level_5,336999,exact,both_mapped_different
Taiwan,325510,325998,1069286.0,Asia,1,,,325510,level_5,3259A0,level_5,both_mapped_different
Indonesia,990000,333111,1059598.0,Asia,1,,,S00300,noncomparable_imports,333111,exact,both_mapped_different
"Korea, South",333992,331491,1059405.0,Asia,2,,,33399A,exact,331490,level_5,both_mapped_different
China,333120,333924,1059020.0,Asia,1,,,333120,level_5,333920,level_5,both_mapped_different
France,326140,326113,1058710.0,Europe,1,,,326140,level_5,326110,level_5,both_mapped_different
China,322120,322299,1057591.0,Asia,2,,,322120,level_5,322299,exact,both_mapped_different
Denmark,333924,336999,1057109.0,Europe,1,,,333920,level_5,336999,exact,both_mapped_different
Malaysia,311421,311411,1053780.0,Asia,1,,,311420,level_5,311410,level_5,both_mapped_different
Canada,339113,316998,1052593.0,North_America,1,,,339113,exact,316000,level_3,both_mapped_different
Mexico,333111,333120,1051687.0,North_America,4,,,333111,exact,333120,level_5,both_mapped_different
Canada,325998,325620,1049946.0,North_America,2,,,3259A0,level_5,325620,level_5,both_mapped_different
Austria,325998,325613,1049104.0,Europe,1,,,3259A0,level_5,325610,level_5,both_mapped_different
Poland,334515,337127,1046609.0,Europe,1,,,334515,exact,337127,exact,both_mapped_different
Japan,336211,333120,1045932.0,Asia,1,,,336211,exact,333120,level_5,both_mapped_different
Germany,339930,339910,1045589.0,Europe,2,,,339930,level_5,339910,level_5,both_mapped_different
Poland,325199,325998,1045310.0,Europe,3,,,325190,level_5,3259A0,level_5,both_mapped_different
Chile,311710,114112,1042869.0,South_America,4,,,311700,level_4,114000,level_3,both_mapped_different
Japan,336390,336214,1041092.0,Asia,1,,,336390,level_5,336214,exact,both_mapped_different
Denmark,332420,332439,1038083.0,Europe,3,,,332420,level_5,332430,level_5,both_mapped_different
Taiwan,337127,337215,1035287.0,Asia,1,,,337127,exact,337215,exact,both_mapped_different
Japan,332420,332439,1034107.0,Asia,4,,,332420,level_5,332430,level_5,both_mapped_different
Malaysia,333996,333914,1033906.0,Asia,1,,,33399B,exact,333914,exact,both_mapped_different
Kazakhstan,331420,331410,1033252.0,Europe,1,,,331420,level_5,331410,exact,both_mapped_different
Turkey,335932,327212,1032184.0,Europe,1,,,335930,level_5,327200,level_4,both_mapped_different
"Korea, South",326199,314120,1031795.0,Asia,2,,,326190,level_5,314120,level_5,both_mapped_different
Austria,332721,333111,1030233.0,Europe,1,,,332720,level_5,333111,exact,both_mapped_different
Monaco,325998,325199,1029908.0,Europe,1,,,3259A0,level_5,325190,level_5,both_mapped_different
Cambodia,337127,337215,1025911.0,Asia,1,,,337127,exact,337215,exact,both_mapped_different
Czech Republic,337215,337127,1025216.0,Europe,1,,,337215,exact,337127,exact,both_mapped_different
Denmark,335932,326199,1023187.0,Europe,1,,,335930,level_5,326190,level_5,both_mapped_different
Taiwan,325510,325520,1022594.0,Asia,1,,,325510,level_5,325520,level_5,both_mapped_different
Japan,333519,331513,1021731.0,Asia,2,,,33351B,exact,331510,level_5,both_mapped_different
Denmark,331210,331110,1021633.0,Europe,11,,,331200,level_4,331110,level_4,both_mapped_different
"Korea, South",990000,325413,1021026.0,Asia,1,,,S00300,noncomparable_imports,325413,exact,both_mapped_different
Czech Republic,325199,325212,1020751.0,Europe,2,,,325190,level_5,3252A0,exact,both_mapped_different
China,325199,325130,1020652.0,Asia,1,,,325190,level_5,325130,level_5,both_mapped_different
Russia,325120,325180,1019340.0,Europe,1,,,325120,level_5,325180,level_5,both_mapped_different
Thailand,333514,332216,1017918.0,Asia,1,,,333514,exact,332200,level_4,both_mapped_different
Singapore,325510,325998,1017360.0,Asia,1,,,325510,level_5,3259A0,level_5,both_mapped_different
Italy,335999,334419,1017338.0,Europe,1,,,335999,exact,33441A,exact,both_mapped_different
India,335932,327212,1015076.0,Asia,2,,,335930,level_5,327200,level_4,both_mapped_different
Italy,333415,335312,1014756.0,Europe,1,,,333415,exact,335312,exact,both_mapped_different
Malaysia,333515,332216,1013644.0,Asia,1,,,33351B,exact,332200,level_4,both_mapped_different
Czech Republic,334515,337127,1013593.0,Europe,1,,,334515,exact,337127,exact,both_mapped_different
United Kingdom,910000,325199,1013344.0,Europe,4,,,S00300,noncomparable_imports,325190,level_5,both_mapped_different
"Korea, South",990000,333111,1012200.0,Asia,1,,,S00300,noncomparable_imports,333111,exact,both_mapped_different
Canada,333241,333999,1010326.0,North_America,1,,,33329A,exact,33399A,exact,both_mapped_different
"Korea, South",322211,322299,1009695.0,Asia,1,,,322210,level_5,322299,exact,both_mapped_different
United Kingdom,333111,336212,1008742.0,Europe,1,,,333111,exact,336212,exact,both_mapped_different
Hong Kong,332439,332999,1006384.0,Asia,1,,,332430,level_5,332999,exact,both_mapped_different
South Africa,325411,325412,1006109.0,Africa,3,,,325411,exact,325412,exact,both_mapped_different
Ireland,333924,336999,1005920.0,Europe,1,,,333920,level_5,336999,exact,both_mapped_different
Spain,335220,333414,1005054.0,Europe,3,,,335220,exact,333414,exact,both_mapped_different
Sweden,339113,322291,1004898.0,Europe,1,,,339113,exact,322291,exact,both_mapped_different
Colombia,324191,325613,1003369.0,South_America,1,,,324190,level_5,325610,level_5,both_mapped_different
China,325411,325199,1002159.0,Asia,3,,,325411,exact,325190,level_5,both_mapped_different
Mexico,335220,332216,1001122.0,North_America,2,,,335220,exact,332200,level_4,both_mapped_different
Switzerland,334419,334413,999283.0,Europe,1,,,33441A,exact,334413,exact,both_mapped_different
Finland,335220,333414,996892.0,Europe,3,,,335220,exact,333414,exact,both_mapped_different
Ecuador,311710,114112,996590.0,South_America,4,,,311700,level_4,114000,level_3,both_mapped_different
Netherlands,327991,327390,993953.0,Europe,3,,,327991,exact,327390,level_5,both_mapped_different
Malaysia,332439,332999,992189.0,Asia,1,,,332430,level_5,332999,exact,both_mapped_different
France,314999,990000,990309.0,Europe,5,,,314900,level_4,S00300,noncomparable_imports,both_mapped_different
Finland,334111,334118,989995.0,Europe,1,,,334111,exact,334118,exact,both_mapped_different
Vietnam,316210,322121,988729.0,Asia,1,,,316000,level_3,322120,level_5,both_mapped_different
New Zealand,327212,327993,986162.0,Oceana,1,,,327200,level_4,327993,exact,both_mapped_different
Turkey,332112,332999,984172.0,Europe,1,,,33211A,exact,332999,exact,both_mapped_different
Slovenia,339113,337127,980602.0,Europe,1,,,339113,exact,337127,exact,both_mapped_different
"Korea, South",333613,336310,979033.0,Asia,2,,,333613,exact,336310,level_5,both_mapped_different
Turkey,311710,114112,978883.0,Europe,2,,,311700,level_4,114000,level_3,both_mapped_different
France,334514,334519,975270.0,Europe,2,,,334514,exact,33451A,exact,both_mapped_different
Poland,325998,325613,970244.0,Europe,1,,,3259A0,level_5,325610,level_5,both_mapped_different
Australia,333924,333120,969289.0,Oceana,2,,,333920,level_5,333120,level_5,both_mapped_different
Israel,325998,334413,966014.0,Asia,1,,,3259A0,level_5,334413,exact,both_mapped_different
Denmark,325998,325199,965295.0,Europe,3,,,3259A0,level_5,325190,level_5,both_mapped_different
New Zealand,332996,332919,962030.0,Oceana,10,,,332996,exact,33291A,exact,both_mapped_different
Poland,333515,333517,961338.0,Europe,4,,,33351B,exact,333517,exact,both_mapped_different
Philippines,325199,311224,957721.0,Asia,1,,,325190,level_5,311224,exact,both_mapped_different
Vietnam,321999,113310,957413.0,Asia,1,,,3219A0,level_5,113000,level_3,both_mapped_different
United Kingdom,339113,322291,956846.0,Europe,1,,,339113,exact,322291,exact,both_mapped_different
Spain,326150,326113,955885.0,Europe,4,,,326150,level_5,326110,level_5,both_mapped_different
Ireland,333111,333120,955080.0,Europe,2,,,333111,exact,333120,level_5,both_mapped_different
Singapore,910000,331491,955016.0,Asia,1,,,S00300,noncomparable_imports,331490,level_5,both_mapped_different
Sweden,333923,333999,953623.0,Europe,2,,,333920,level_5,33399A,exact,both_mapped_different
Malaysia,331210,331110,952823.0,Asia,10,,,331200,level_4,331110,level_4,both_mapped_different
Australia,325199,325211,950310.0,Oceana,1,,,325190,level_5,325211,exact,both_mapped_different
India,212390,339910,949467.0,Asia,7,,,2123A0,level_5,339910,level_5,both_mapped_different
Norway,333511,333249,947731.0,Europe,1,,,333511,exact,33329A,exact,both_mapped_different
China,324191,325613,947359.0,Asia,2,,,324190,level_5,325610,level_5,both_mapped_different
Slovakia,336350,335312,947195.0,Europe,1,,,336350,level_5,335312,exact,both_mapped_different
France,335220,332216,947034.0,Europe,2,,,335220,exact,332200,level_4,both_mapped_different
"Korea, South",334419,334310,943606.0,Asia,2,,,33441A,exact,334300,level_4,both_mapped_different
Cambodia,321918,321999,942728.0,Asia,1,,,321910,level_5,3219A0,level_5,both_mapped_different
Denmark,327212,327993,936943.0,Europe,2,,,327200,level_4,327993,exact,both_mapped_different
United Kingdom,336412,336413,935640.0,Europe,2,,,336412,exact,336413,exact,both_mapped_different
Argentina,111335,115114,932625.0,South_America,1,,,111300,level_4,115000,level_3,both_mapped_different
Denmark,334512,334513,932207.0,Europe,2,,,334512,exact,334513,exact,both_mapped_different
Ukraine,333111,333241,930366.0,Europe,1,,,333111,exact,33329A,exact,both_mapped_different
Malaysia,332111,332999,929528.0,Asia,1,,,33211A,exact,332999,exact,both_mapped_different
Slovakia,990000,333111,928519.0,Europe,1,,,S00300,noncomparable_imports,333111,exact,both_mapped_different
Lithuania,337127,337215,928013.0,Europe,1,,,337127,exact,337215,exact,both_mapped_different
Italy,332215,331511,927151.0,Europe,3,,,332200,level_4,331510,level_5,both_mapped_different
Pakistan,326199,314120,926196.0,Asia,2,,,326190,level_5,314120,level_5,both_mapped_different
United Arab Emirates,325998,325620,924925.0,Asia,2,,,3259A0,level_5,325620,level_5,both_mapped_different
United Kingdom,325180,325411,924711.0,Europe,1,,,325180,level_5,325411,exact,both_mapped_different
Switzerland,327999,339910,924042.0,Europe,2,,,327999,exact,339910,level_5,both_mapped_different
Kazakhstan,321911,337215,923295.0,Europe,1,,,321910,level_5,337215,exact,both_mapped_different
France,325320,325199,921830.0,Europe,2,,,325320,level_5,325190,level_5,both_mapped_different
Vietnam,325180,325130,921366.0,Asia,1,,,325180,level_5,325130,level_5,both_mapped_different
Germany,325411,325199,920989.0,Europe,2,,,325411,exact,325190,level_5,both_mapped_different
France,331410,331492,919647.0,Europe,1,,,331410,exact,331490,level_5,both_mapped_different
Belgium,332420,332439,918725.0,Europe,1,,,332420,level_5,332430,level_5,both_mapped_different
Austria,990000,333111,918209.0,Europe,1,,,S00300,noncomparable_imports,333111,exact,both_mapped_different
China,332721,333111,914638.0,Asia,2,,,332720,level_5,333111,exact,both_mapped_different
Israel,325180,325411,913913.0,Asia,1,,,325180,level_5,325411,exact,both_mapped_different
Switzerland,337127,337124,913591.0,Europe,2,,,337127,exact,33712N,exact,both_mapped_different
United Kingdom,325998,325620,911695.0,Europe,2,,,3259A0,level_5,325620,level_5,both_mapped_different
France,336612,336611,910762.0,Europe,1,,,336612,exact,336611,exact,both_mapped_different
Austria,333515,333991,910394.0,Europe,2,,,33351B,exact,333991,exact,both_mapped_different
Taiwan,325180,325130,907796.0,Asia,1,,,325180,level_5,325130,level_5,both_mapped_different
Canada,333515,333991,904961.0,North_America,2,,,33351B,exact,333991,exact,both_mapped_different
Canada,212390,339910,903197.0,North_America,3,,,2123A0,level_5,339910,level_5,both_mapped_different
China,111335,115114,902568.0,Asia,1,,,111300,level_4,115000,level_3,both_mapped_different
Hungary,990000,333111,902422.0,Europe,1,,,S00300,noncomparable_imports,333111,exact,both_mapped_different
South Africa,325998,325199,902217.0,Africa,5,,,3259A0,level_5,325190,level_5,both_mapped_different
Ireland,333120,333924,900630.0,Europe,1,,,333120,level_5,333920,level_5,both_mapped_different
Austria,327991,327390,900566.0,Europe,3,,,327991,exact,327390,level_5,both_mapped_different
Hong Kong,334419,333314,899392.0,Asia,3,,,33441A,exact,333314,exact,both_mapped_different
Italy,322120,322130,898180.0,Europe,3,,,322120,level_5,322130,level_5,both_mapped_different
Denmark,336390,336214,896295.0,Europe,1,,,336390,level_5,336214,exact,both_mapped_different
Germany,323111,323120,893111.0,Europe,1,,,323110,level_5,323120,level_5,both_mapped_different
Brazil,335999,334419,892977.0,South_America,1,,,335999,exact,33441A,exact,both_mapped_different
Netherlands,332111,332999,892728.0,Europe,2,,,33211A,exact,332999,exact,both_mapped_different
Belize,325199,325998,892045.0,South_America,3,,,325190,level_5,3259A0,level_5,both_mapped_different
United Kingdom,333111,333120,891224.0,Europe,2,,,333111,exact,333120,level_5,both_mapped_different
Switzerland,332420,332439,890527.0,Europe,1,,,332420,level_5,332430,level_5,both_mapped_different
Brazil,339113,337127,890412.0,South_America,1,,,339113,exact,337127,exact,both_mapped_different
China,339999,326199,889963.0,Asia,1,,,339990,level_5,326190,level_5,both_mapped_different
Netherlands,333111,333241,889941.0,Europe,1,,,333111,exact,33329A,exact,both_mapped_different
Poland,326140,326113,889309.0,Europe,1,,,326140,level_5,326110,level_5,both_mapped_different
Belgium,990000,333111,888680.0,Europe,1,,,S00300,noncomparable_imports,333111,exact,both_mapped_different
United Kingdom,331420,332999,887094.0,Europe,5,,,331420,level_5,332999,exact,both_mapped_different
Japan,332112,332999,886720.0,Asia,1,,,33211A,exact,332999,exact,both_mapped_different
Canada,325411,111339,886035.0,North_America,1,,,325411,exact,111300,level_4,both_mapped_different
Italy,325992,990000,885295.0,Europe,1,,,3259A0,level_5,S00300,noncomparable_imports,both_mapped_different
Japan,325199,325212,884330.0,Asia,2,,,325190,level_5,3252A0,exact,both_mapped_different
Denmark,335312,334419,880920.0,Europe,1,,,335312,exact,33441A,exact,both_mapped_different
United Kingdom,335999,334419,880864.0,Europe,1,,,335999,exact,33441A,exact,both_mapped_different
Germany,335220,333414,880184.0,Europe,5,,,335220,exact,333414,exact,both_mapped_different
Israel,326150,326113,874599.0,Asia,3,,,326150,level_5,326110,level_5,both_mapped_different
Romania,336390,333111,872826.0,Europe,2,,,336390,level_5,333111,exact,both_mapped_different
Canada,325998,334413,872422.0,North_America,1,,,3259A0,level_5,334413,exact,both_mapped_different
Netherlands,333515,333991,866852.0,Europe,2,,,33351B,exact,333991,exact,both_mapped_different
Czech Republic,327991,327390,866739.0,Europe,3,,,327991,exact,327390,level_5,both_mapped_different
Greece,990000,337212,864976.0,Europe,1,,,S00300,noncomparable_imports,33721A,exact,both_mapped_different
New Zealand,339113,337127,864220.0,Oceana,1,,,339113,exact,337127,exact,both_mapped_different
Denmark,339940,326199,862480.0,Europe,1,,,339940,level_5,326190,level_5,both_mapped_different
Indonesia,334310,334220,862143.0,Asia,2,,,334300,level_4,334220,level_5,both_mapped_different
Switzerland,337215,337127,860395.0,Europe,1,,,337215,exact,337127,exact,both_mapped_different
Brazil,111335,115114,858336.0,South_America,1,,,111300,level_4,115000,level_3,both_mapped_different
Germany,332999,327110,857725.0,Europe,1,,,332999,exact,327100,level_4,both_mapped_different
Poland,332439,332999,854115.0,Europe,1,,,332430,level_5,332999,exact,both_mapped_different
Sweden,930000,333517,850467.0,Europe,10,,,S00300,noncomparable_imports,333517,exact,both_mapped_different
Austria,339113,337127,849024.0,Europe,1,,,339113,exact,337127,exact,both_mapped_different
Indonesia,322230,323111,846750.0,Asia,3,,,322230,level_5,323110,level_5,both_mapped_different
Austria,322120,322130,845483.0,Europe,2,,,322120,level_5,322130,level_5,both_mapped_different
Cambodia,326199,314120,844384.0,Asia,2,,,326190,level_5,314120,level_5,both_mapped_different
Turkey,334111,334118,844322.0,Europe,1,,,334111,exact,334118,exact,both_mapped_different
Hong Kong,339930,336411,844187.0,Asia,3,,,339930,level_5,336411,exact,both_mapped_different
Mexico,339920,314910,843678.0,North_America,2,,,339920,level_5,314900,level_4,both_mapped_different
Italy,339999,313210,842718.0,Europe,1,,,339990,level_5,313200,level_4,both_mapped_different
Malaysia,333515,333991,841891.0,Asia,2,,,33351B,exact,333991,exact,both_mapped_different
Albania,335999,335929,841465.0,Europe,3,,,335999,exact,335920,level_5,both_mapped_different
Canada,334515,333999,837323.0,North_America,1,,,334515,exact,33399A,exact,both_mapped_different
Switzerland,325510,325520,837312.0,Europe,1,,,325510,level_5,325520,level_5,both_mapped_different
Thailand,332439,332999,836024.0,Asia,1,,,332430,level_5,332999,exact,both_mapped_different
Turkey,333241,333111,836020.0,Europe,2,,,33329A,exact,333111,exact,both_mapped_different
"Korea, South",325199,311224,834284.0,Asia,3,,,325190,level_5,311224,exact,both_mapped_different
Poland,332991,332722,833546.0,Europe,1,,,332991,exact,332720,level_5,both_mapped_different
Germany,339112,335999,833529.0,Europe,1,,,339112,exact,335999,exact,both_mapped_different
Belgium,334111,334118,833433.0,Europe,1,,,334111,exact,334118,exact,both_mapped_different
Malaysia,321219,327390,833240.0,Asia,1,,,321200,level_4,327390,level_5,both_mapped_different
Italy,339940,326199,833098.0,Europe,1,,,339940,level_5,326190,level_5,both_mapped_different
Japan,333111,333241,828572.0,Asia,1,,,333111,exact,33329A,exact,both_mapped_different
Italy,325510,325520,828174.0,Europe,1,,,325510,level_5,325520,level_5,both_mapped_different
France,332721,333111,827680.0,Europe,1,,,332720,level_5,333111,exact,both_mapped_different
Australia,339910,114119,826440.0,Oceana,1,,,339910,level_5,114000,level_3,both_mapped_different
Ukraine,334310,334220,825841.0,Europe,1,,,334300,level_4,334220,level_5,both_mapped_different
Spain,334310,334220,825530.0,Europe,1,,,334300,level_4,334220,level_5,both_mapped_different
Mexico,339994,314120,824711.0,North_America,2,,,339990,level_5,314120,level_5,both_mapped_different
India,313230,327215,821606.0,Asia,1,,,313200,level_4,327200,level_4,both_mapped_different
Czech Republic,930000,336411,821065.0,Europe,1,,,S00300,noncomparable_imports,336411,exact,both_mapped_different
Italy,339930,336411,819509.0,Europe,4,,,339930,level_5,336411,exact,both_mapped_different
Thailand,325411,111339,817519.0,Asia,1,,,325411,exact,111300,level_4,both_mapped_different
Indonesia,326140,326113,816324.0,Asia,1,,,326140,level_5,326110,level_5,both_mapped_different
Thailand,326199,314120,815844.0,Asia,2,,,326190,level_5,314120,level_5,both_mapped_different
Italy,321219,327999,814590.0,Europe,1,,,321200,level_4,327999,exact,both_mapped_different
Slovenia,336390,336214,813841.0,Europe,2,,,336390,level_5,336214,exact,both_mapped_different
Colombia,311421,311411,813511.0,South_America,1,,,311420,level_5,311410,level_5,both_mapped_different
France,325194,325211,810695.0,Europe,1,,,325190,level_5,325211,exact,both_mapped_different
South Africa,325411,111339,810459.0,Africa,1,,,325411,exact,111300,level_4,both_mapped_different
Poland,333923,333999,808586.0,Europe,2,,,333920,level_5,33399A,exact,both_mapped_different
"Korea, South",311710,114112,808262.0,Asia,9,,,311700,level_4,114000,level_3,both_mapped_different
Finland,322211,322299,806896.0,Europe,1,,,322210,level_5,322299,exact,both_mapped_different
New Zealand,333923,333999,805160.0,Oceana,2,,,333920,level_5,33399A,exact,both_mapped_different
Finland,332996,332919,804614.0,Europe,23,,,332996,exact,33291A,exact,both_mapped_different
Malaysia,336350,335312,804604.0,Asia,1,,,336350,level_5,335312,exact,both_mapped_different
Austria,325411,111339,803598.0,Europe,1,,,325411,exact,111300,level_4,both_mapped_different
United Kingdom,332721,336350,802556.0,Europe,2,,,332720,level_5,336350,level_5,both_mapped_different
United Kingdom,325620,325611,801601.0,Europe,1,,,325620,level_5,325610,level_5,both_mapped_different
Japan,325510,325998,800517.0,Asia,1,,,325510,level_5,3259A0,level_5,both_mapped_different
United Kingdom,334516,334519,800399.0,Europe,1,,,334516,exact,33451A,exact,both_mapped_different
Finland,334516,334519,800195.0,Europe,1,,,334516,exact,33451A,exact,both_mapped_different
Bangladesh,321911,337215,799031.0,Asia,1,,,321910,level_5,337215,exact,both_mapped_different
Italy,930000,333519,794518.0,Europe,2,,,S00300,noncomparable_imports,33351B,exact,both_mapped_different
United Kingdom,333995,333618,794116.0,Europe,1,,,33399B,exact,333618,exact,both_mapped_different
Philippines,337127,337215,793042.0,Asia,1,,,337127,exact,337215,exact,both_mapped_different
Australia,339930,336411,791937.0,Oceana,2,,,339930,level_5,336411,exact,both_mapped_different
France,322211,322299,790619.0,Europe,1,,,322210,level_5,322299,exact,both_mapped_different
Turkey,339113,337127,788685.0,Europe,1,,,339113,exact,337127,exact,both_mapped_different
Germany,333415,337127,788514.0,Europe,1,,,333415,exact,337127,exact,both_mapped_different
Tunisia,333923,333999,787700.0,Africa,1,,,333920,level_5,33399A,exact,both_mapped_different
Cambodia,332439,332999,787550.0,Asia,1,,,332430,level_5,332999,exact,both_mapped_different
Canada,326199,314120,785385.0,North_America,2,,,326190,level_5,314120,level_5,both_mapped_different
India,322120,322230,784716.0,Asia,1,,,322120,level_5,322230,level_5,both_mapped_different
Honduras,337127,337215,781536.0,South_America,1,,,337127,exact,337215,exact,both_mapped_different
Norway,332111,332999,780741.0,Europe,2,,,33211A,exact,332999,exact,both_mapped_different
China,333241,333999,780609.0,Asia,1,,,33329A,exact,33399A,exact,both_mapped_different
France,333241,333999,777287.0,Europe,1,,,33329A,exact,33399A,exact,both_mapped_different
India,333511,333249,776372.0,Asia,1,,,333511,exact,33329A,exact,both_mapped_different
Indonesia,339940,322121,774074.0,Asia,2,,,339940,level_5,322120,level_5,both_mapped_different
Ireland,325412,312111,772700.0,Europe,1,,,325412,exact,312110,level_5,both_mapped_different
Tunisia,335312,334419,771282.0,Africa,1,,,335312,exact,33441A,exact,both_mapped_different
Lithuania,327991,327390,770942.0,Europe,1,,,327991,exact,327390,level_5,both_mapped_different
Latvia,337127,337124,764957.0,Europe,1,,,337127,exact,33712N,exact,both_mapped_different
Singapore,325199,311224,764797.0,Asia,2,,,325190,level_5,311224,exact,both_mapped_different
Japan,325510,325520,764554.0,Asia,1,,,325510,level_5,325520,level_5,both_mapped_different
Bulgaria,337127,337124,764525.0,Europe,2,,,337127,exact,33712N,exact,both_mapped_different
China,333511,333249,761812.0,Asia,1,,,333511,exact,33329A,exact,both_mapped_different
Mexico,325199,311224,761798.0,North_America,2,,,325190,level_5,311224,exact,both_mapped_different
Japan,325199,311224,761792.0,Asia,3,,,325190,level_5,311224,exact,both_mapped_different
Belgium,313230,327212,758460.0,Europe,1,,,313200,level_4,327200,level_4,both_mapped_different
Japan,333241,333999,757220.0,Asia,1,,,33329A,exact,33399A,exact,both_mapped_different
Switzerland,335921,327215,755839.0,Europe,4,,,335920,level_5,327200,level_4,both_mapped_different
Bulgaria,332991,332722,755818.0,Europe,1,,,332991,exact,332720,level_5,both_mapped_different
Turkey,339940,322121,753324.0,Europe,1,,,339940,level_5,322120,level_5,both_mapped_different
Colombia,339930,339910,752437.0,South_America,2,,,339930,level_5,339910,level_5,both_mapped_different
United Kingdom,331410,332999,751663.0,Europe,1,,,331410,exact,332999,exact,both_mapped_different
Indonesia,339910,114119,750530.0,Asia,1,,,339910,level_5,114000,level_3,both_mapped_different
Germany,314999,325220,748785.0,Europe,2,,,314900,level_4,3252A0,level_5,both_mapped_different
Belgium,910000,331491,747970.0,Europe,1,,,S00300,noncomparable_imports,331490,level_5,both_mapped_different
Slovenia,327212,327993,747519.0,Europe,1,,,327200,level_4,327993,exact,both_mapped_different
Sweden,336330,333111,745886.0,Europe,2,,,3363A0,level_5,333111,exact,both_mapped_different
Hungary,333923,333999,745167.0,Europe,2,,,333920,level_5,33399A,exact,both_mapped_different
India,930000,333517,744507.0,Asia,10,,,S00300,noncomparable_imports,333517,exact,both_mapped_different
Taiwan,339930,336411,743076.0,Asia,1,,,339930,level_5,336411,exact,both_mapped_different
El Salvador,325199,325211,743070.0,South_America,1,,,325190,level_5,325211,exact,both_mapped_different
Vietnam,327212,327993,741693.0,Asia,1,,,327200,level_4,327993,exact,both_mapped_different
Spain,311710,114112,741430.0,Europe,3,,,311700,level_4,114000,level_3,both_mapped_different
France,336390,336214,737541.0,Europe,1,,,336390,level_5,336214,exact,both_mapped_different
United Kingdom,334514,334519,736557.0,Europe,2,,,334514,exact,33451A,exact,both_mapped_different
India,322130,322220,736531.0,Asia,4,,,322130,level_5,322220,level_5,both_mapped_different
Sweden,332216,332111,736070.0,Europe,1,,,332200,level_4,33211A,exact,both_mapped_different
"Korea, South",334515,337127,735571.0,Asia,1,,,334515,exact,337127,exact,both_mapped_different
Germany,325199,325613,734234.0,Europe,2,,,325190,level_5,325610,level_5,both_mapped_different
Croatia,325199,325998,733978.0,Europe,2,,,325190,level_5,3259A0,level_5,both_mapped_different
Pakistan,339113,315280,731162.0,Asia,5,,,339113,exact,315000,level_3,both_mapped_different
Guatemala,325411,111339,730128.0,South_America,1,,,325411,exact,111300,level_4,both_mapped_different
Philippines,334413,335999,728479.0,Asia,1,,,334413,exact,335999,exact,both_mapped_different
Italy,335932,327212,727869.0,Europe,2,,,335930,level_5,327200,level_4,both_mapped_different
Taiwan,311710,114112,727436.0,Asia,4,,,311700,level_4,114000,level_3,both_mapped_different
Sri Lanka,327212,327993,725115.0,Asia,1,,,327200,level_4,327993,exact,both_mapped_different
Spain,339940,326199,724744.0,Europe,1,,,339940,level_5,326190,level_5,both_mapped_different
Peru,990000,337212,723282.0,South_America,1,,,S00300,noncomparable_imports,33721A,exact,both_mapped_different
Turkey,334512,334513,720303.0,Europe,2,,,334512,exact,334513,exact,both_mapped_different
Poland,339930,339910,719942.0,Europe,2,,,339930,level_5,339910,level_5,both_mapped_different
Thailand,337127,337215,719762.0,Asia,1,,,337127,exact,337215,exact,both_mapped_different
Malaysia,334419,333314,719021.0,Asia,3,,,33441A,exact,333314,exact,both_mapped_different
Pakistan,336390,336214,717782.0,Asia,1,,,336390,level_5,336214,exact,both_mapped_different
China,990000,339999,717312.0,Asia,1,,,S00300,noncomparable_imports,339990,level_5,both_mapped_different
India,332510,335999,716990.0,Asia,2,,,332500,level_4,335999,exact,both_mapped_different
Austria,339113,316998,716029.0,Europe,1,,,339113,exact,316000,level_3,both_mapped_different
Spain,325510,325998,715913.0,Europe,1,,,325510,level_5,3259A0,level_5,both_mapped_different
Mexico,333996,333914,715699.0,North_America,1,,,33399B,exact,333914,exact,both_mapped_different
Argentina,336350,335312,714897.0,South_America,1,,,336350,level_5,335312,exact,both_mapped_different
Norway,337127,337215,713565.0,Europe,1,,,337127,exact,337215,exact,both_mapped_different
Slovakia,334512,334513,710535.0,Europe,2,,,334512,exact,334513,exact,both_mapped_different
United Arab Emirates,325998,325199,709206.0,Asia,3,,,3259A0,level_5,325190,level_5,both_mapped_different
Thailand,331420,332999,708740.0,Asia,2,,,331420,level_5,332999,exact,both_mapped_different
Switzerland,326140,326113,707716.0,Europe,1,,,326140,level_5,326110,level_5,both_mapped_different
Egypt,337127,337124,706038.0,Africa,2,,,337127,exact,33712N,exact,both_mapped_different
Japan,327999,339910,705119.0,Asia,2,,,327999,exact,339910,level_5,both_mapped_different
Philippines,322230,323111,704665.0,Asia,1,,,322230,level_5,323110,level_5,both_mapped_different
Sweden,337215,337127,703894.0,Europe,1,,,337215,exact,337127,exact,both_mapped_different
Mexico,333111,333241,703417.0,North_America,1,,,333111,exact,33329A,exact,both_mapped_different
"Korea, South",331410,332999,703195.0,Asia,1,,,331410,exact,332999,exact,both_mapped_different
Switzerland,335220,332216,703102.0,Europe,2,,,335220,exact,332200,level_4,both_mapped_different
Indonesia,334512,334513,702328.0,Asia,2,,,334512,exact,334513,exact,both_mapped_different
Norway,335999,334419,700469.0,Europe,1,,,335999,exact,33441A,exact,both_mapped_different
"Korea, South",322130,322121,698415.0,Asia,2,,,322130,level_5,322120,level_5,both_mapped_different
Spain,336390,336214,697416.0,Europe,1,,,336390,level_5,336214,exact,both_mapped_different
Malta,335999,335929,697305.0,Europe,3,,,335999,exact,335920,level_5,both_mapped_different
Netherlands,337215,337127,695724.0,Europe,1,,,337215,exact,337127,exact,both_mapped_different
Botswana,212390,339910,694926.0,Africa,6,,,2123A0,level_5,339910,level_5,both_mapped_different
Mexico,332618,331222,694714.0,North_America,1,,,332600,level_4,331200,level_4,both_mapped_different
Curacao,335999,335929,694641.0,South_America,3,,,335999,exact,335920,level_5,both_mapped_different
Denmark,325199,325212,692620.0,Europe,1,,,325190,level_5,3252A0,exact,both_mapped_different
Poland,333111,333120,691506.0,Europe,1,,,333111,exact,333120,level_5,both_mapped_different
Saudi Arabia,325998,325620,691111.0,Asia,2,,,3259A0,level_5,325620,level_5,both_mapped_different
Peru,325211,910000,685861.0,South_America,1,,,325211,exact,S00300,noncomparable_imports,both_mapped_different
Austria,339999,335999,685434.0,Europe,1,,,339990,level_5,335999,exact,both_mapped_different
Bulgaria,334419,334413,684163.0,Europe,1,,,33441A,exact,334413,exact,both_mapped_different
United Kingdom,314999,325220,684151.0,Europe,3,,,314900,level_4,3252A0,level_5,both_mapped_different
Italy,333515,332216,683504.0,Europe,1,,,33351B,exact,332200,level_4,both_mapped_different
France,333415,337127,683153.0,Europe,1,,,333415,exact,337127,exact,both_mapped_different
Spain,322130,322220,682720.0,Europe,2,,,322130,level_5,322220,level_5,both_mapped_different
Taiwan,327212,314994,682496.0,Asia,1,,,327200,level_4,314900,level_4,both_mapped_different
Austria,333111,333241,679444.0,Europe,1,,,333111,exact,33329A,exact,both_mapped_different
United Kingdom,336612,336611,678335.0,Europe,2,,,336612,exact,336611,exact,both_mapped_different
Mexico,322120,322130,676483.0,North_America,2,,,322120,level_5,322130,level_5,both_mapped_different
Denmark,930000,333517,676194.0,Europe,7,,,S00300,noncomparable_imports,333517,exact,both_mapped_different
Bangladesh,337127,337124,674594.0,Asia,1,,,337127,exact,33712N,exact,both_mapped_different
Switzerland,333992,335999,672640.0,Europe,1,,,33399A,exact,335999,exact,both_mapped_different
Mexico,322130,322121,671720.0,North_America,2,,,322130,level_5,322120,level_5,both_mapped_different
Finland,339113,337127,671464.0,Europe,1,,,339113,exact,337127,exact,both_mapped_different
Malaysia,322130,322220,671350.0,Asia,2,,,322130,level_5,322220,level_5,both_mapped_different
Germany,910000,331491,669380.0,Europe,1,,,S00300,noncomparable_imports,331490,level_5,both_mapped_different
Poland,333515,333991,667961.0,Europe,2,,,33351B,exact,333991,exact,both_mapped_different
"Korea, South",313210,327993,666479.0,Asia,1,,,313200,level_4,327993,exact,both_mapped_different
Slovenia,332721,336350,665336.0,Europe,1,,,332720,level_5,336350,level_5,both_mapped_different
Singapore,334510,339112,663618.0,Asia,1,,,334510,exact,339112,exact,both_mapped_different
China,910000,325199,662826.0,Asia,4,,,S00300,noncomparable_imports,325190,level_5,both_mapped_different
Lithuania,335312,334419,661086.0,Europe,1,,,335312,exact,33441A,exact,both_mapped_different
South Africa,990000,333111,660843.0,Africa,1,,,S00300,noncomparable_imports,333111,exact,both_mapped_different
Denmark,337127,337124,659702.0,Europe,3,,,337127,exact,33712N,exact,both_mapped_different
Germany,322211,322299,659105.0,Europe,1,,,322210,level_5,322299,exact,both_mapped_different
Vietnam,333924,333120,657251.0,Asia,1,,,333920,level_5,333120,level_5,both_mapped_different
Chile,325998,325199,655792.0,South_America,4,,,3259A0,level_5,325190,level_5,both_mapped_different
Brazil,311999,114119,655647.0,South_America,2,,,311990,level_5,114000,level_3,both_mapped_different
Luxembourg,336390,336214,654309.0,Europe,1,,,336390,level_5,336214,exact,both_mapped_different
Croatia,325411,111339,654179.0,Europe,1,,,325411,exact,111300,level_4,both_mapped_different
Japan,339930,339910,653468.0,Asia,2,,,339930,level_5,339910,level_5,both_mapped_different
Vietnam,335220,332216,653142.0,Asia,2,,,335220,exact,332200,level_4,both_mapped_different
United Kingdom,325920,332993,651797.0,Europe,1,,,3259A0,level_5,33299A,exact,both_mapped_different
Brazil,333515,332216,651378.0,South_America,1,,,33351B,exact,332200,level_4,both_mapped_different
Japan,322211,322299,650026.0,Asia,1,,,322210,level_5,322299,exact,both_mapped_different
Belgium,325211,910000,649280.0,Europe,3,,,325211,exact,S00300,noncomparable_imports,both_mapped_different
Brazil,334510,339113,649075.0,South_America,1,,,334510,exact,339113,exact,both_mapped_different
Poland,325199,311224,648748.0,Europe,2,,,325190,level_5,311224,exact,both_mapped_different
Switzerland,333996,333914,645427.0,Europe,1,,,33399B,exact,333914,exact,both_mapped_different
Dominican Republic,332420,332439,645387.0,South_America,1,,,332420,level_5,332430,level_5,both_mapped_different
France,325211,910000,644881.0,Europe,3,,,325211,exact,S00300,noncomparable_imports,both_mapped_different
Finland,325194,325211,644627.0,Europe,1,,,325190,level_5,325211,exact,both_mapped_different
Hong Kong,339910,114119,644167.0,Asia,1,,,339910,level_5,114000,level_3,both_mapped_different
Kazakhstan,326299,337215,641113.0,Europe,1,,,326290,level_5,337215,exact,both_mapped_different
Brazil,336412,336413,641037.0,South_America,1,,,336412,exact,336413,exact,both_mapped_different
Colombia,339113,337127,640046.0,South_America,1,,,339113,exact,337127,exact,both_mapped_different
United Arab Emirates,327991,327390,639220.0,Asia,3,,,327991,exact,327390,level_5,both_mapped_different
Thailand,327212,327993,638016.0,Asia,1,,,327200,level_4,327993,exact,both_mapped_different
Indonesia,325998,334413,636695.0,Asia,1,,,3259A0,level_5,334413,exact,both_mapped_different
Taiwan,322230,323111,634797.0,Asia,3,,,322230,level_5,323110,level_5,both_mapped_different
Netherlands,321918,321999,633463.0,Europe,1,,,321910,level_5,3219A0,level_5,both_mapped_different
United Arab Emirates,324199,325998,632531.0,Asia,2,,,324190,level_5,3259A0,level_5,both_mapped_different
Vietnam,339940,323111,631097.0,Asia,1,,,339940,level_5,323110,level_5,both_mapped_different
France,332216,332111,630313.0,Europe,1,,,332200,level_4,33211A,exact,both_mapped_different
"Korea, South",334511,339930,629911.0,Asia,1,,,334511,exact,339930,level_5,both_mapped_different
Australia,111335,115114,629167.0,Oceana,1,,,111300,level_4,115000,level_3,both_mapped_different
Switzerland,313230,327215,629049.0,Europe,1,,,313200,level_4,327200,level_4,both_mapped_different
Sweden,335220,332216,628463.0,Europe,2,,,335220,exact,332200,level_4,both_mapped_different
Argentina,990000,333111,627711.0,South_America,1,,,S00300,noncomparable_imports,333111,exact,both_mapped_different
Hong Kong,339113,322291,625309.0,Asia,1,,,339113,exact,322291,exact,both_mapped_different
Turkey,332215,332999,623332.0,Europe,4,,,332200,level_4,332999,exact,both_mapped_different
China,339999,339114,622235.0,Asia,1,,,339990,level_5,339114,exact,both_mapped_different
India,990000,315190,622008.0,Asia,1,,,S00300,noncomparable_imports,315000,level_3,both_mapped_different
Italy,325411,111339,621694.0,Europe,1,,,325411,exact,111300,level_4,both_mapped_different
Singapore,339930,339910,620567.0,Asia,2,,,339930,level_5,339910,level_5,both_mapped_different
United Kingdom,331491,332999,619885.0,Europe,3,,,331490,level_5,332999,exact,both_mapped_different
Namibia,327991,327120,619430.0,Africa,1,,,327991,exact,327100,level_4,both_mapped_different
Ecuador,325199,325998,618590.0,South_America,6,,,325190,level_5,3259A0,level_5,both_mapped_different
Ireland,339113,337127,616780.0,Europe,1,,,339113,exact,337127,exact,both_mapped_different
Taiwan,335921,327215,613641.0,Asia,5,,,335920,level_5,327200,level_4,both_mapped_different
Philippines,321911,337215,612108.0,Asia,1,,,321910,level_5,337215,exact,both_mapped_different
Singapore,333924,336999,612022.0,Asia,1,,,333920,level_5,336999,exact,both_mapped_different
Mexico,316990,339999,609616.0,North_America,1,,,316000,level_3,339990,level_5,both_mapped_different
New Zealand,332111,332999,609057.0,Oceana,2,,,33211A,exact,332999,exact,both_mapped_different
Australia,325620,325611,608676.0,Oceana,1,,,325620,level_5,325610,level_5,both_mapped_different
Germany,322120,322220,607988.0,Europe,1,,,322120,level_5,322220,level_5,both_mapped_different
China,332215,332618,606696.0,Asia,1,,,332200,level_4,332600,level_4,both_mapped_different
Hong Kong,334510,339113,606580.0,Asia,1,,,334510,exact,339113,exact,both_mapped_different
"Korea, South",322120,322130,606514.0,Asia,2,,,322120,level_5,322130,level_5,both_mapped_different
Colombia,336390,336214,605471.0,South_America,1,,,336390,level_5,336214,exact,both_mapped_different
Czech Republic,313210,327993,604635.0,Europe,1,,,313200,level_4,327993,exact,both_mapped_different
Netherlands,334515,337127,603633.0,Europe,1,,,334515,exact,337127,exact,both_mapped_different
Malaysia,339994,314120,603556.0,Asia,1,,,339990,level_5,314120,level_5,both_mapped_different
Spain,333514,332216,603381.0,Europe,1,,,333514,exact,332200,level_4,both_mapped_different
France,333514,332216,602886.0,Europe,1,,,333514,exact,332200,level_4,both_mapped_different
Poland,325411,111339,602653.0,Europe,1,,,325411,exact,111300,level_4,both_mapped_different
Taiwan,332721,333111,601972.0,Asia,1,,,332720,level_5,333111,exact,both_mapped_different
Pakistan,332215,331511,600620.0,Asia,1,,,332200,level_4,331510,level_5,both_mapped_different
Japan,321911,337215,599602.0,Asia,1,,,321910,level_5,337215,exact,both_mapped_different
Netherlands,333515,333517,599486.0,Europe,5,,,33351B,exact,333517,exact,both_mapped_different
Vietnam,333415,335312,598733.0,Asia,1,,,333415,exact,335312,exact,both_mapped_different
Japan,332439,332999,598256.0,Asia,1,,,332430,level_5,332999,exact,both_mapped_different
France,313210,327993,597629.0,Europe,1,,,313200,level_4,327993,exact,both_mapped_different
Italy,313230,327215,597324.0,Europe,1,,,313200,level_4,327200,level_4,both_mapped_different
India,327390,327999,597058.0,Asia,1,,,327390,level_5,327999,exact,both_mapped_different
Netherlands,332215,331511,596091.0,Europe,2,,,332200,level_4,331510,level_5,both_mapped_different
United Kingdom,332323,331491,594929.0,Europe,1,,,332320,level_5,331490,level_5,both_mapped_different
Ukraine,321911,337215,593990.0,Europe,1,,,321910,level_5,337215,exact,both_mapped_different
Vietnam,325411,111339,592725.0,Asia,1,,,325411,exact,111300,level_4,both_mapped_different
Spain,325180,325411,592666.0,Europe,1,,,325180,level_5,325411,exact,both_mapped_different
France,311612,326121,592371.0,Europe,2,,,31161A,exact,326120,level_5,both_mapped_different
Slovenia,333415,337127,591500.0,Europe,1,,,333415,exact,337127,exact,both_mapped_different
Slovenia,332996,332919,590788.0,Europe,12,,,332996,exact,33291A,exact,both_mapped_different
China,325199,311225,588153.0,Asia,1,,,325190,level_5,311225,exact,both_mapped_different
Brazil,336330,333111,586309.0,South_America,2,,,3363A0,level_5,333111,exact,both_mapped_different
Hungary,334515,337127,585387.0,Europe,1,,,334515,exact,337127,exact,both_mapped_different
Spain,333111,336212,585340.0,Europe,1,,,333111,exact,336212,exact,both_mapped_different
India,333111,333120,584293.0,Asia,4,,,333111,exact,333120,level_5,both_mapped_different
Italy,336390,333111,584228.0,Europe,2,,,336390,level_5,333111,exact,both_mapped_different
Vietnam,322120,322130,583921.0,Asia,2,,,322120,level_5,322130,level_5,both_mapped_different
Taiwan,322220,332999,583302.0,Asia,2,,,322220,level_5,332999,exact,both_mapped_different
Taiwan,990000,337212,583044.0,Asia,1,,,S00300,noncomparable_imports,33721A,exact,both_mapped_different
Brazil,333613,336310,583001.0,South_America,2,,,333613,exact,336310,level_5,both_mapped_different
Turkey,333924,336999,582658.0,Europe,1,,,333920,level_5,336999,exact,both_mapped_different
Czech Republic,334511,339930,582641.0,Europe,1,,,334511,exact,339930,level_5,both_mapped_different
Brazil,334111,334118,582307.0,South_America,1,,,334111,exact,334118,exact,both_mapped_different
Turkey,336390,336214,582047.0,Europe,2,,,336390,level_5,336214,exact,both_mapped_different
Slovenia,322299,322121,581294.0,Europe,1,,,322299,exact,322120,level_5,both_mapped_different
United Kingdom,322211,322299,579095.0,Europe,1,,,322210,level_5,322299,exact,both_mapped_different
Thailand,333111,333241,579084.0,Asia,1,,,333111,exact,33329A,exact,both_mapped_different
United Kingdom,339999,327110,578170.0,Europe,3,,,339990,level_5,327100,level_4,both_mapped_different
Bulgaria,322220,332999,577725.0,Europe,1,,,322220,level_5,332999,exact,both_mapped_different
Japan,331420,331410,577036.0,Asia,2,,,331420,level_5,331410,exact,both_mapped_different
United Arab Emirates,325620,325611,576618.0,Asia,1,,,325620,level_5,325610,level_5,both_mapped_different
Cambodia,335220,333414,576330.0,Asia,2,,,335220,exact,333414,exact,both_mapped_different
Japan,322230,323111,576242.0,Asia,3,,,322230,level_5,323110,level_5,both_mapped_different
Norway,115210,11211X,576232.0,Europe,2,,,115000,level_3,1121A0,exact,both_mapped_different
Hong Kong,339113,315280,575576.0,Asia,2,,,339113,exact,315000,level_3,both_mapped_different
"Korea, South",325510,325520,575513.0,Asia,1,,,325510,level_5,325520,level_5,both_mapped_different
Ukraine,325199,325998,574851.0,Europe,6,,,325190,level_5,3259A0,level_5,both_mapped_different
"Korea, South",335220,332216,572798.0,Asia,2,,,335220,exact,332200,level_4,both_mapped_different
Belgium,316990,339999,570722.0,Europe,1,,,316000,level_3,339990,level_5,both_mapped_different
Canada,336211,336111,570601.0,North_America,1,,,336211,exact,336111,exact,both_mapped_different
Greece,327991,327390,569417.0,Europe,2,,,327991,exact,327390,level_5,both_mapped_different
China,930000,333519,568203.0,Asia,1,,,S00300,noncomparable_imports,33351B,exact,both_mapped_different
Morocco,334310,334220,566790.0,Africa,1,,,334300,level_4,334220,level_5,both_mapped_different
China,313210,314999,566157.0,Asia,1,,,313200,level_4,314900,level_4,both_mapped_different
Poland,335220,333414,566107.0,Europe,6,,,335220,exact,333414,exact,both_mapped_different
Finland,334310,334220,566040.0,Europe,1,,,334300,level_4,334220,level_5,both_mapped_different
Sweden,334419,334413,565788.0,Europe,1,,,33441A,exact,334413,exact,both_mapped_different
Poland,333111,333241,565696.0,Europe,1,,,333111,exact,33329A,exact,both_mapped_different
Brazil,336390,336214,565545.0,South_America,1,,,336390,level_5,336214,exact,both_mapped_different
Romania,337127,337215,563661.0,Europe,1,,,337127,exact,337215,exact,both_mapped_different
Mexico,325199,325613,562403.0,North_America,2,,,325190,level_5,325610,level_5,both_mapped_different
Romania,325411,111339,560311.0,Europe,1,,,325411,exact,111300,level_4,both_mapped_different
Canada,334516,333413,559422.0,North_America,1,,,334516,exact,333413,exact,both_mapped_different
Italy,339113,322291,559376.0,Europe,2,,,339113,exact,322291,exact,both_mapped_different
Switzerland,333923,333999,559227.0,Europe,2,,,333920,level_5,33399A,exact,both_mapped_different
Denmark,322211,322299,557346.0,Europe,1,,,322210,level_5,322299,exact,both_mapped_different
Malaysia,335999,334419,557214.0,Asia,1,,,335999,exact,33441A,exact,both_mapped_different
Ukraine,325180,325130,557055.0,Europe,1,,,325180,level_5,325130,level_5,both_mapped_different
Netherlands,336612,336611,556965.0,Europe,2,,,336612,exact,336611,exact,both_mapped_different
Australia,334310,334220,556367.0,Oceana,2,,,334300,level_4,334220,level_5,both_mapped_different
Hungary,334111,334118,555944.0,Europe,1,,,334111,exact,334118,exact,both_mapped_different
United Kingdom,337127,337215,555383.0,Europe,1,,,337127,exact,337215,exact,both_mapped_different
Thailand,336390,333111,554470.0,Asia,2,,,336390,level_5,333111,exact,both_mapped_different
Costa Rica,334510,339112,553845.0,South_America,1,,,334510,exact,339112,exact,both_mapped_different
Taiwan,339920,314910,552848.0,Asia,1,,,339920,level_5,314900,level_4,both_mapped_different
Canada,332721,336350,551791.0,North_America,2,,,332720,level_5,336350,level_5,both_mapped_different
Taiwan,334413,335999,551625.0,Asia,1,,,334413,exact,335999,exact,both_mapped_different
Belgium,334515,337127,550774.0,Europe,1,,,334515,exact,337127,exact,both_mapped_different
Serbia,321911,337215,550488.0,Europe,1,,,321910,level_5,337215,exact,both_mapped_different
Slovakia,332996,332919,550338.0,Europe,8,,,332996,exact,33291A,exact,both_mapped_different
South Africa,325211,910000,550058.0,Africa,2,,,325211,exact,S00300,noncomparable_imports,both_mapped_different
Bangladesh,322230,323111,549439.0,Asia,1,,,322230,level_5,323110,level_5,both_mapped_different
Dominican Republic,325411,111339,549265.0,South_America,1,,,325411,exact,111300,level_4,both_mapped_different
Germany,336211,333120,548976.0,Europe,1,,,336211,exact,333120,level_5,both_mapped_different
Switzerland,339930,339910,548675.0,Europe,2,,,339930,level_5,339910,level_5,both_mapped_different
Australia,333613,336310,547985.0,Oceana,2,,,333613,exact,336310,level_5,both_mapped_different
Germany,332618,331222,547967.0,Europe,1,,,332600,level_4,331200,level_4,both_mapped_different
Italy,321219,327390,547765.0,Europe,1,,,321200,level_4,327390,level_5,both_mapped_different
Netherlands,332420,332439,546834.0,Europe,3,,,332420,level_5,332430,level_5,both_mapped_different
Indonesia,326150,326113,544646.0,Asia,1,,,326150,level_5,326110,level_5,both_mapped_different
Sweden,332991,332722,543830.0,Europe,1,,,332991,exact,332720,level_5,both_mapped_different
Mexico,327991,327120,542162.0,North_America,1,,,327991,exact,327100,level_4,both_mapped_different
Turkey,325199,311224,541770.0,Europe,2,,,325190,level_5,311224,exact,both_mapped_different
Spain,336612,326299,541747.0,Europe,1,,,336612,exact,326290,level_5,both_mapped_different
Bulgaria,333515,333517,540041.0,Europe,5,,,33351B,exact,333517,exact,both_mapped_different
Slovakia,334515,337127,539252.0,Europe,1,,,334515,exact,337127,exact,both_mapped_different
Burma,335999,335929,536550.0,Asia,1,,,335999,exact,335920,level_5,both_mapped_different
Philippines,990000,333111,534619.0,Asia,1,,,S00300,noncomparable_imports,333111,exact,both_mapped_different
Germany,339930,336411,533186.0,Europe,3,,,339930,level_5,336411,exact,both_mapped_different
Czech Republic,326299,337215,531283.0,Europe,1,,,326290,level_5,337215,exact,both_mapped_different
Germany,990000,339999,530805.0,Europe,1,,,S00300,noncomparable_imports,339990,level_5,both_mapped_different
Spain,325180,325613,530709.0,Europe,1,,,325180,level_5,325610,level_5,both_mapped_different
South Africa,332111,332999,528134.0,Africa,2,,,33211A,exact,332999,exact,both_mapped_different
France,339940,326199,527966.0,Europe,1,,,339940,level_5,326190,level_5,both_mapped_different
Mexico,322120,322230,527227.0,North_America,1,,,322120,level_5,322230,level_5,both_mapped_different
Germany,325998,325620,524986.0,Europe,2,,,3259A0,level_5,325620,level_5,both_mapped_different
India,324191,325613,523976.0,Asia,2,,,324190,level_5,325610,level_5,both_mapped_different
Switzerland,990000,334516,523830.0,Europe,1,,,S00300,noncomparable_imports,334516,exact,both_mapped_different
Costa Rica,332420,332439,523385.0,South_America,1,,,332420,level_5,332430,level_5,both_mapped_different
Taiwan,334515,337127,523016.0,Asia,1,,,334515,exact,337127,exact,both_mapped_different
Taiwan,325194,325211,522585.0,Asia,1,,,325190,level_5,325211,exact,both_mapped_different
Spain,325199,325212,521698.0,Europe,2,,,325190,level_5,3252A0,exact,both_mapped_different
Serbia,335999,335929,521304.0,Europe,4,,,335999,exact,335920,level_5,both_mapped_different
Estonia,321918,321999,521160.0,Europe,1,,,321910,level_5,3219A0,level_5,both_mapped_different
United Kingdom,327991,327390,520465.0,Europe,3,,,327991,exact,327390,level_5,both_mapped_different
Slovenia,335921,327215,519764.0,Europe,2,,,335920,level_5,327200,level_4,both_mapped_different
Thailand,322220,332999,519756.0,Asia,2,,,322220,level_5,332999,exact,both_mapped_different
Spain,336330,333111,516820.0,Europe,3,,,3363A0,level_5,333111,exact,both_mapped_different
India,334419,333314,514905.0,Asia,1,,,33441A,exact,333314,exact,both_mapped_different
Ireland,325992,990000,514130.0,Europe,1,,,3259A0,level_5,S00300,noncomparable_imports,both_mapped_different
France,336211,333120,513535.0,Europe,1,,,336211,exact,333120,level_5,both_mapped_different
Vietnam,332111,332999,513311.0,Asia,2,,,33211A,exact,332999,exact,both_mapped_different
United Kingdom,339994,314120,512521.0,Europe,1,,,339990,level_5,314120,level_5,both_mapped_different
Hong Kong,337127,337124,511806.0,Asia,2,,,337127,exact,33712N,exact,both_mapped_different
Thailand,332111,332999,511344.0,Asia,2,,,33211A,exact,332999,exact,both_mapped_different
Finland,325998,325199,510869.0,Europe,1,,,3259A0,level_5,325190,level_5,both_mapped_different
Indonesia,336120,336211,509910.0,Asia,1,,,336120,level_5,336211,exact,both_mapped_different
Denmark,990000,333111,508125.0,Europe,1,,,S00300,noncomparable_imports,333111,exact,both_mapped_different
Sweden,336350,335312,508093.0,Europe,1,,,336350,level_5,335312,exact,both_mapped_different
India,327991,327120,507541.0,Asia,1,,,327991,exact,327100,level_4,both_mapped_different
Switzerland,335929,331318,507182.0,Europe,1,,,335920,level_5,33131B,exact,both_mapped_different
Israel,323111,323120,506700.0,Asia,1,,,323110,level_5,323120,level_5,both_mapped_different
Germany,339999,335999,505487.0,Europe,1,,,339990,level_5,335999,exact,both_mapped_different
Germany,331420,331410,504786.0,Europe,1,,,331420,level_5,331410,exact,both_mapped_different
Vietnam,339113,315990,504245.0,Asia,2,,,339113,exact,315000,level_3,both_mapped_different
Norway,333996,333618,503941.0,Europe,1,,,33399B,exact,333618,exact,both_mapped_different
Poland,339940,326199,503770.0,Europe,1,,,339940,level_5,326190,level_5,both_mapped_different
Finland,333923,333999,501615.0,Europe,2,,,333920,level_5,33399A,exact,both_mapped_different
Switzerland,333111,333120,500556.0,Europe,1,,,333111,exact,333120,level_5,both_mapped_different
Malaysia,930000,336411,500000.0,Asia,1,,,S00300,noncomparable_imports,336411,exact,both_mapped_different
Ukraine,339113,316998,498697.0,Europe,1,,,339113,exact,316000,level_3,both_mapped_different
Hungary,337215,337127,498650.0,Europe,1,,,337215,exact,337127,exact,both_mapped_different
Austria,325180,325130,498526.0,Europe,1,,,325180,level_5,325130,level_5,both_mapped_different
New Zealand,990000,325413,497300.0,Oceana,1,,,S00300,noncomparable_imports,325413,exact,both_mapped_different
Mexico,316210,322121,496835.0,North_America,1,,,316000,level_3,322120,level_5,both_mapped_different
Indonesia,339999,332999,495534.0,Asia,1,,,339990,level_5,332999,exact,both_mapped_different
Switzerland,325199,325211,495469.0,Europe,1,,,325190,level_5,325211,exact,both_mapped_different
Estonia,990000,333111,494657.0,Europe,1,,,S00300,noncomparable_imports,333111,exact,both_mapped_different
Netherlands,115210,11211X,494289.0,Europe,2,,,115000,level_3,1121A0,exact,both_mapped_different
Philippines,322299,322121,493994.0,Asia,2,,,322299,exact,322120,level_5,both_mapped_different
France,325199,325613,493092.0,Europe,2,,,325190,level_5,325610,level_5,both_mapped_different
Pakistan,339113,314120,493002.0,Asia,1,,,339113,exact,314120,level_5,both_mapped_different
Italy,316990,339999,492650.0,Europe,1,,,316000,level_3,339990,level_5,both_mapped_different
"Korea, South",339113,315990,491422.0,Asia,2,,,339113,exact,315000,level_3,both_mapped_different
India,314999,325220,490547.0,Asia,2,,,314900,level_4,3252A0,level_5,both_mapped_different
Canada,333519,331513,490529.0,North_America,3,,,33351B,exact,331510,level_5,both_mapped_different
Canada,325120,325199,490375.0,North_America,1,,,325120,level_5,325190,level_5,both_mapped_different
United Kingdom,335929,331318,490074.0,Europe,1,,,335920,level_5,33131B,exact,both_mapped_different
Mexico,334419,334310,489694.0,North_America,2,,,33441A,exact,334300,level_4,both_mapped_different
Spain,322211,322299,487702.0,Europe,1,,,322210,level_5,322299,exact,both_mapped_different
Hungary,326299,337215,486957.0,Europe,1,,,326290,level_5,337215,exact,both_mapped_different
Germany,333511,333249,486481.0,Europe,1,,,333511,exact,33329A,exact,both_mapped_different
Germany,339999,339114,485198.0,Europe,1,,,339990,level_5,339114,exact,both_mapped_different
Belgium,339113,337127,484997.0,Europe,1,,,339113,exact,337127,exact,both_mapped_different
Hong Kong,311999,114119,483897.0,Asia,1,,,311990,level_5,114000,level_3,both_mapped_different
Ireland,313230,327215,483864.0,Europe,1,,,313200,level_4,327200,level_4,both_mapped_different
Belgium,327212,327993,483859.0,Europe,1,,,327200,level_4,327993,exact,both_mapped_different
Belgium,322120,322299,482357.0,Europe,1,,,322120,level_5,322299,exact,both_mapped_different
Spain,910000,325199,481773.0,Europe,1,,,S00300,noncomparable_imports,325190,level_5,both_mapped_different
Russia,325199,325998,480506.0,Europe,1,,,325190,level_5,3259A0,level_5,both_mapped_different
Germany,339113,322291,479742.0,Europe,1,,,339113,exact,322291,exact,both_mapped_different
Italy,333415,337127,479005.0,Europe,1,,,333415,exact,337127,exact,both_mapped_different
Netherlands,325180,325613,478275.0,Europe,2,,,325180,level_5,325610,level_5,both_mapped_different
Russia,325998,325199,477362.0,Europe,1,,,3259A0,level_5,325190,level_5,both_mapped_different
Italy,311421,311411,477256.0,Europe,1,,,311420,level_5,311410,level_5,both_mapped_different
Pakistan,322211,322299,475653.0,Asia,1,,,322210,level_5,322299,exact,both_mapped_different
Czech Republic,326150,326113,475247.0,Europe,3,,,326150,level_5,326110,level_5,both_mapped_different
Indonesia,322299,322121,475233.0,Asia,3,,,322299,exact,322120,level_5,both_mapped_different
Estonia,334510,339113,475098.0,Europe,1,,,334510,exact,339113,exact,both_mapped_different
Belgium,333241,333111,474982.0,Europe,1,,,33329A,exact,333111,exact,both_mapped_different
Malaysia,332991,332722,474348.0,Asia,1,,,332991,exact,332720,level_5,both_mapped_different
India,331420,331410,474030.0,Asia,2,,,331420,level_5,331410,exact,both_mapped_different
Cyprus,334111,334118,473223.0,Europe,1,,,334111,exact,334118,exact,both_mapped_different
Spain,332510,335999,472928.0,Europe,1,,,332500,level_4,335999,exact,both_mapped_different
Belgium,336612,336611,472805.0,Europe,1,,,336612,exact,336611,exact,both_mapped_different
Vietnam,335932,326199,471958.0,Asia,1,,,335930,level_5,326190,level_5,both_mapped_different
Brazil,327120,327992,471956.0,South_America,1,,,327100,level_4,327992,exact,both_mapped_different
Switzerland,333241,333999,471856.0,Europe,1,,,33329A,exact,33399A,exact,both_mapped_different
Israel,930000,333517,471448.0,Asia,2,,,S00300,noncomparable_imports,333517,exact,both_mapped_different
Hong Kong,332420,332439,470217.0,Asia,3,,,332420,level_5,332430,level_5,both_mapped_different
Spain,334515,337127,469347.0,Europe,1,,,334515,exact,337127,exact,both_mapped_different
Sweden,333924,336999,468905.0,Europe,1,,,333920,level_5,336999,exact,both_mapped_different
Kazakhstan,325199,325998,468365.0,Europe,1,,,325190,level_5,3259A0,level_5,both_mapped_different
Netherlands,339113,326199,467972.0,Europe,1,,,339113,exact,326190,level_5,both_mapped_different
Greece,322211,322299,466490.0,Europe,1,,,322210,level_5,322299,exact,both_mapped_different
Taiwan,336211,336111,465970.0,Asia,1,,,336211,exact,336111,exact,both_mapped_different
Finland,930000,336411,465798.0,Europe,1,,,S00300,noncomparable_imports,336411,exact,both_mapped_different
Switzerland,322220,332999,464984.0,Europe,2,,,322220,level_5,332999,exact,both_mapped_different
San Marino,321911,337215,464433.0,Europe,1,,,321910,level_5,337215,exact,both_mapped_different
Latvia,339113,337127,464408.0,Europe,1,,,339113,exact,337127,exact,both_mapped_different
Vietnam,335921,327215,464006.0,Asia,5,,,335920,level_5,327200,level_4,both_mapped_different
Sri Lanka,325411,111339,463720.0,Asia,1,,,325411,exact,111300,level_4,both_mapped_different
Austria,324199,325998,463397.0,Europe,1,,,324190,level_5,3259A0,level_5,both_mapped_different
Czech Republic,339920,314910,462612.0,Europe,1,,,339920,level_5,314900,level_4,both_mapped_different
Poland,335932,326199,462326.0,Europe,1,,,335930,level_5,326190,level_5,both_mapped_different
Denmark,326299,337215,462123.0,Europe,1,,,326290,level_5,337215,exact,both_mapped_different
Denmark,333515,333517,461503.0,Europe,4,,,33351B,exact,333517,exact,both_mapped_different
Canada,327120,327992,461456.0,North_America,1,,,327100,level_4,327992,exact,both_mapped_different
Israel,339999,339114,460966.0,Asia,1,,,339990,level_5,339114,exact,both_mapped_different
Lithuania,326150,326113,460556.0,Europe,2,,,326150,level_5,326110,level_5,both_mapped_different
Israel,334515,333999,460346.0,Asia,1,,,334515,exact,33399A,exact,both_mapped_different
Portugal,930000,336411,460155.0,Europe,1,,,S00300,noncomparable_imports,336411,exact,both_mapped_different
China,336211,333120,459267.0,Asia,1,,,336211,exact,333120,level_5,both_mapped_different
France,339930,336411,459230.0,Europe,2,,,339930,level_5,336411,exact,both_mapped_different
Chile,325414,325413,459037.0,South_America,1,,,325414,exact,325413,exact,both_mapped_different
Peru,331420,332999,456418.0,South_America,1,,,331420,level_5,332999,exact,both_mapped_different
Spain,990000,325413,456060.0,Europe,1,,,S00300,noncomparable_imports,325413,exact,both_mapped_different
"Korea, South",325199,325998,455944.0,Asia,3,,,325190,level_5,3259A0,level_5,both_mapped_different
India,311999,114119,455485.0,Asia,2,,,311990,level_5,114000,level_3,both_mapped_different
China,339999,321999,454889.0,Asia,1,,,339990,level_5,3219A0,level_5,both_mapped_different
Switzerland,333514,332216,454386.0,Europe,1,,,333514,exact,332200,level_4,both_mapped_different
Czech Republic,337127,337215,453715.0,Europe,1,,,337127,exact,337215,exact,both_mapped_different
Austria,325998,334413,452911.0,Europe,1,,,3259A0,level_5,334413,exact,both_mapped_different
Philippines,334512,334513,450533.0,Asia,2,,,334512,exact,334513,exact,both_mapped_different
Argentina,930000,336411,450000.0,South_America,1,,,S00300,noncomparable_imports,336411,exact,both_mapped_different
Saudi Arabia,325998,325199,449828.0,Asia,1,,,3259A0,level_5,325190,level_5,both_mapped_different
Japan,930000,333519,449316.0,Asia,1,,,S00300,noncomparable_imports,33351B,exact,both_mapped_different
Japan,335929,331318,449168.0,Asia,1,,,335920,level_5,33131B,exact,both_mapped_different
Italy,339113,316998,449047.0,Europe,1,,,339113,exact,316000,level_3,both_mapped_different
France,339999,313210,448980.0,Europe,1,,,339990,level_5,313200,level_4,both_mapped_different
Turkey,325510,325520,448211.0,Europe,1,,,325510,level_5,325520,level_5,both_mapped_different
Canada,325320,325199,447000.0,North_America,4,,,325320,level_5,325190,level_5,both_mapped_different
New Zealand,325411,111339,446948.0,Oceana,1,,,325411,exact,111300,level_4,both_mapped_different
Slovakia,337127,337124,446841.0,Europe,1,,,337127,exact,33712N,exact,both_mapped_different
Bulgaria,337127,337215,446763.0,Europe,1,,,337127,exact,337215,exact,both_mapped_different
Belgium,333924,333120,446074.0,Europe,1,,,333920,level_5,333120,level_5,both_mapped_different
Germany,334413,335999,446028.0,Europe,1,,,334413,exact,335999,exact,both_mapped_different
Czech Republic,930000,333517,444748.0,Europe,5,,,S00300,noncomparable_imports,333517,exact,both_mapped_different
Ghana,324199,325998,444669.0,Africa,1,,,324190,level_5,3259A0,level_5,both_mapped_different
Italy,336120,333120,444603.0,Europe,1,,,336120,level_5,333120,level_5,both_mapped_different
Austria,313210,327993,444586.0,Europe,1,,,313200,level_4,327993,exact,both_mapped_different
Norway,333923,333999,444302.0,Europe,2,,,333920,level_5,33399A,exact,both_mapped_different
Philippines,337215,337127,443912.0,Asia,1,,,337215,exact,337127,exact,both_mapped_different
Singapore,327991,327390,442979.0,Asia,1,,,327991,exact,327390,level_5,both_mapped_different
Japan,335999,334419,442295.0,Asia,1,,,335999,exact,33441A,exact,both_mapped_different
Morocco,334510,339113,442231.0,Africa,1,,,334510,exact,339113,exact,both_mapped_different
Netherlands,325180,325411,440613.0,Europe,1,,,325180,level_5,325411,exact,both_mapped_different
Czech Republic,327212,327993,439780.0,Europe,1,,,327200,level_4,327993,exact,both_mapped_different
Canada,314999,325220,439421.0,North_America,4,,,314900,level_4,3252A0,level_5,both_mapped_different
Indonesia,321918,321999,439201.0,Asia,1,,,321910,level_5,3219A0,level_5,both_mapped_different
Austria,331420,332999,439052.0,Europe,1,,,331420,level_5,332999,exact,both_mapped_different
Croatia,335999,335929,435675.0,Europe,2,,,335999,exact,335920,level_5,both_mapped_different
Spain,327991,327120,435524.0,Europe,1,,,327991,exact,327100,level_4,both_mapped_different
Russia,327212,327993,435478.0,Europe,2,,,327200,level_4,327993,exact,both_mapped_different
Italy,326199,314120,434020.0,Europe,2,,,326190,level_5,314120,level_5,both_mapped_different
Vietnam,333519,331511,433579.0,Asia,2,,,33351B,exact,331510,level_5,both_mapped_different
Switzerland,334516,334519,432199.0,Europe,1,,,334516,exact,33451A,exact,both_mapped_different
Lithuania,334516,333413,432195.0,Europe,1,,,334516,exact,333413,exact,both_mapped_different
Germany,332215,332618,431216.0,Europe,1,,,332200,level_4,332600,level_4,both_mapped_different
Colombia,333111,333241,430530.0,South_America,1,,,333111,exact,33329A,exact,both_mapped_different
Latvia,339113,339112,429645.0,Europe,1,,,339113,exact,339112,exact,both_mapped_different
Argentina,337127,337215,429569.0,South_America,1,,,337127,exact,337215,exact,both_mapped_different
Japan,910000,331491,428661.0,Asia,1,,,S00300,noncomparable_imports,331490,level_5,both_mapped_different
Austria,321911,337215,428217.0,Europe,1,,,321910,level_5,337215,exact,both_mapped_different
Venezuela,325211,910000,427170.0,South_America,2,,,325211,exact,S00300,noncomparable_imports,both_mapped_different
Malaysia,325199,311225,427086.0,Asia,1,,,325190,level_5,311225,exact,both_mapped_different
Singapore,990000,333111,425486.0,Asia,1,,,S00300,noncomparable_imports,333111,exact,both_mapped_different
Italy,332215,332999,425289.0,Europe,3,,,332200,level_4,332999,exact,both_mapped_different
Netherlands,339930,339910,424974.0,Europe,2,,,339930,level_5,339910,level_5,both_mapped_different
Costa Rica,325998,325199,424714.0,South_America,3,,,3259A0,level_5,325190,level_5,both_mapped_different
France,339999,321999,424668.0,Europe,1,,,339990,level_5,3219A0,level_5,both_mapped_different
Trinidad and Tobago,325211,910000,423843.0,South_America,3,,,325211,exact,S00300,noncomparable_imports,both_mapped_different
El Salvador,325199,325998,423166.0,South_America,1,,,325190,level_5,3259A0,level_5,both_mapped_different
Japan,326140,326113,421970.0,Asia,1,,,326140,level_5,326110,level_5,both_mapped_different
Taiwan,332215,331511,421207.0,Asia,3,,,332200,level_4,331510,level_5,both_mapped_different
Japan,337127,337124,420663.0,Asia,4,,,337127,exact,33712N,exact,both_mapped_different
Taiwan,339113,322291,419823.0,Asia,1,,,339113,exact,322291,exact,both_mapped_different
Sweden,332510,335999,419464.0,Europe,1,,,332500,level_4,335999,exact,both_mapped_different
Netherlands,335312,334419,419257.0,Europe,1,,,335312,exact,33441A,exact,both_mapped_different
Canada,333511,333249,419010.0,North_America,1,,,333511,exact,33329A,exact,both_mapped_different
Brazil,333120,333924,417752.0,South_America,1,,,333120,level_5,333920,level_5,both_mapped_different
Norway,325998,325199,417659.0,Europe,2,,,3259A0,level_5,325190,level_5,both_mapped_different
Brazil,314999,990000,417146.0,South_America,3,,,314900,level_4,S00300,noncomparable_imports,both_mapped_different
Taiwan,333241,333111,416905.0,Asia,2,,,33329A,exact,333111,exact,both_mapped_different
Sweden,333996,333618,416541.0,Europe,1,,,33399B,exact,333618,exact,both_mapped_different
Colombia,325998,325199,416401.0,South_America,3,,,3259A0,level_5,325190,level_5,both_mapped_different
Hungary,324191,325613,416199.0,Europe,1,,,324190,level_5,325610,level_5,both_mapped_different
Mexico,334515,333999,416097.0,North_America,1,,,334515,exact,33399A,exact,both_mapped_different
India,311421,311411,415829.0,Asia,1,,,311420,level_5,311410,level_5,both_mapped_different
Poland,325998,334413,415608.0,Europe,1,,,3259A0,level_5,334413,exact,both_mapped_different
Poland,322230,323111,413996.0,Europe,3,,,322230,level_5,323110,level_5,both_mapped_different
Australia,335312,334419,413656.0,Oceana,1,,,335312,exact,33441A,exact,both_mapped_different
Ireland,334310,334220,411013.0,Europe,2,,,334300,level_4,334220,level_5,both_mapped_different
Colombia,321911,337215,409874.0,South_America,1,,,321910,level_5,337215,exact,both_mapped_different
Finland,327212,327993,409630.0,Europe,2,,,327200,level_4,327993,exact,both_mapped_different
Sweden,930000,333519,409394.0,Europe,1,,,S00300,noncomparable_imports,33351B,exact,both_mapped_different
Tunisia,336612,326299,409191.0,Africa,1,,,336612,exact,326290,level_5,both_mapped_different
Japan,930000,336411,409000.0,Asia,2,,,S00300,noncomparable_imports,336411,exact,both_mapped_different
Taiwan,335220,332216,408832.0,Asia,2,,,335220,exact,332200,level_4,both_mapped_different
Greece,335932,326199,408733.0,Europe,1,,,335930,level_5,326190,level_5,both_mapped_different
Bangladesh,339920,314910,408541.0,Asia,1,,,339920,level_5,314900,level_4,both_mapped_different
Belgium,311514,325199,408280.0,Europe,1,,,311514,exact,325190,level_5,both_mapped_different
Guyana,212390,339910,407953.0,South_America,1,,,2123A0,level_5,339910,level_5,both_mapped_different
El Salvador,325211,910000,406876.0,South_America,2,,,325211,exact,S00300,noncomparable_imports,both_mapped_different
Canada,323111,323120,406837.0,North_America,1,,,323110,level_5,323120,level_5,both_mapped_different
Japan,325194,325211,406794.0,Asia,1,,,325190,level_5,325211,exact,both_mapped_different
Japan,326299,337215,406042.0,Asia,1,,,326290,level_5,337215,exact,both_mapped_different
Uzbekistan,325411,111339,405979.0,Europe,1,,,325411,exact,111300,level_4,both_mapped_different
Mexico,321918,321999,405833.0,North_America,2,,,321910,level_5,3219A0,level_5,both_mapped_different
Netherlands,322230,323111,404752.0,Europe,2,,,322230,level_5,323110,level_5,both_mapped_different
China,333111,336212,404271.0,Asia,2,,,333111,exact,336212,exact,both_mapped_different
Netherlands,325510,325520,404149.0,Europe,1,,,325510,level_5,325520,level_5,both_mapped_different
Sri Lanka,311710,114112,403612.0,Asia,2,,,311700,level_4,114000,level_3,both_mapped_different
Australia,325211,910000,403357.0,Oceana,2,,,325211,exact,S00300,noncomparable_imports,both_mapped_different
Belgium,334310,334220,403086.0,Europe,2,,,334300,level_4,334220,level_5,both_mapped_different
Philippines,335312,334419,402759.0,Asia,1,,,335312,exact,33441A,exact,both_mapped_different
Mexico,333992,331491,402618.0,North_America,2,,,33399A,exact,331490,level_5,both_mapped_different
Italy,339999,327110,401808.0,Europe,3,,,339990,level_5,327100,level_4,both_mapped_different
Greece,334515,337127,401691.0,Europe,1,,,334515,exact,337127,exact,both_mapped_different
Switzerland,322299,322121,400832.0,Europe,2,,,322299,exact,322120,level_5,both_mapped_different
Bangladesh,339930,339910,400583.0,Asia,1,,,339930,level_5,339910,level_5,both_mapped_different
Australia,325411,111339,400174.0,Oceana,1,,,325411,exact,111300,level_4,both_mapped_different
Slovakia,313230,327215,399098.0,Europe,1,,,313200,level_4,327200,level_4,both_mapped_different
Finland,334510,339113,399001.0,Europe,1,,,334510,exact,339113,exact,both_mapped_different
El Salvador,325411,111339,398130.0,South_America,1,,,325411,exact,111300,level_4,both_mapped_different
France,339112,335999,397953.0,Europe,1,,,339112,exact,335999,exact,both_mapped_different
Poland,339113,322291,395161.0,Europe,1,,,339113,exact,322291,exact,both_mapped_different
Denmark,327420,327999,395125.0,Europe,1,,,327400,level_4,327999,exact,both_mapped_different
Hungary,331491,332999,395073.0,Europe,1,,,331490,level_5,332999,exact,both_mapped_different
South Africa,321912,113310,394126.0,Africa,2,,,321910,level_5,113000,level_3,both_mapped_different
Italy,322120,322220,393795.0,Europe,1,,,322120,level_5,322220,level_5,both_mapped_different
Belgium,333924,336999,393774.0,Europe,1,,,333920,level_5,336999,exact,both_mapped_different
Turkey,336612,336611,393650.0,Europe,2,,,336612,exact,336611,exact,both_mapped_different
Greece,334111,334118,393180.0,Europe,1,,,334111,exact,334118,exact,both_mapped_different
China,321912,113310,392981.0,Asia,4,,,321910,level_5,113000,level_3,both_mapped_different
Thailand,325510,325520,392706.0,Asia,1,,,325510,level_5,325520,level_5,both_mapped_different
Argentina,325998,325199,392702.0,South_America,3,,,3259A0,level_5,325190,level_5,both_mapped_different
India,339113,339112,391025.0,Asia,1,,,339113,exact,339112,exact,both_mapped_different
United Kingdom,314999,990000,390307.0,Europe,5,,,314900,level_4,S00300,noncomparable_imports,both_mapped_different
Turkey,332439,332999,389896.0,Europe,1,,,332430,level_5,332999,exact,both_mapped_different
Hong Kong,325998,325613,389190.0,Asia,1,,,3259A0,level_5,325610,level_5,both_mapped_different
Italy,334511,339930,388538.0,Europe,1,,,334511,exact,339930,level_5,both_mapped_different
Brazil,325180,325613,388075.0,South_America,2,,,325180,level_5,325610,level_5,both_mapped_different
Sri Lanka,335999,335929,387274.0,Asia,3,,,335999,exact,335920,level_5,both_mapped_different
Germany,339113,316998,387109.0,Europe,1,,,339113,exact,316000,level_3,both_mapped_different
Lebanon,337127,337124,386982.0,Asia,2,,,337127,exact,33712N,exact,both_mapped_different
Ireland,326299,337215,386214.0,Europe,1,,,326290,level_5,337215,exact,both_mapped_different
Bangladesh,325199,325998,385115.0,Asia,2,,,325190,level_5,3259A0,level_5,both_mapped_different
Poland,335932,327212,384912.0,Europe,2,,,335930,level_5,327200,level_4,both_mapped_different
Brazil,335220,332216,384063.0,South_America,2,,,335220,exact,332200,level_4,both_mapped_different
Netherlands,325199,325613,383954.0,Europe,2,,,325190,level_5,325610,level_5,both_mapped_different
Eswatini,325998,325199,383910.0,Africa,1,,,3259A0,level_5,325190,level_5,both_mapped_different
Canada,336310,333618,383598.0,North_America,2,,,336310,level_5,333618,exact,both_mapped_different
Thailand,339910,114119,383401.0,Asia,1,,,339910,level_5,114000,level_3,both_mapped_different
Thailand,331491,332999,383176.0,Asia,1,,,331490,level_5,332999,exact,both_mapped_different
Cambodia,326299,337215,383057.0,Asia,1,,,326290,level_5,337215,exact,both_mapped_different
Thailand,339999,327110,382081.0,Asia,3,,,339990,level_5,327100,level_4,both_mapped_different
New Zealand,335999,335929,381166.0,Oceana,4,,,335999,exact,335920,level_5,both_mapped_different
Belgium,332111,332999,380200.0,Europe,1,,,33211A,exact,332999,exact,both_mapped_different
Hong Kong,337215,337127,379536.0,Asia,1,,,337215,exact,337127,exact,both_mapped_different
El Salvador,325414,325413,379160.0,South_America,1,,,325414,exact,325413,exact,both_mapped_different
United Arab Emirates,332439,332999,379012.0,Asia,1,,,332430,level_5,332999,exact,both_mapped_different
"Korea, South",321911,337215,378051.0,Asia,1,,,321910,level_5,337215,exact,both_mapped_different
Turkey,334515,333999,377778.0,Europe,1,,,334515,exact,33399A,exact,both_mapped_different
Colombia,326299,337215,377202.0,South_America,1,,,326290,level_5,337215,exact,both_mapped_different
Japan,334516,334519,376760.0,Asia,1,,,334516,exact,33451A,exact,both_mapped_different
India,335220,332216,376363.0,Asia,2,,,335220,exact,332200,level_4,both_mapped_different
Sweden,339113,326199,376201.0,Europe,1,,,339113,exact,326190,level_5,both_mapped_different
Slovenia,333996,333914,375977.0,Europe,1,,,33399B,exact,333914,exact,both_mapped_different
Malaysia,322220,332999,375104.0,Asia,1,,,322220,level_5,332999,exact,both_mapped_different
Thailand,339113,326199,374856.0,Asia,2,,,339113,exact,326190,level_5,both_mapped_different
Spain,334413,335999,374782.0,Europe,1,,,334413,exact,335999,exact,both_mapped_different
Japan,331410,332999,374452.0,Asia,1,,,331410,exact,332999,exact,both_mapped_different
Canada,334510,335999,374294.0,North_America,1,,,334510,exact,335999,exact,both_mapped_different
Slovakia,333514,332216,374119.0,Europe,1,,,333514,exact,332200,level_4,both_mapped_different
Czech Republic,339999,313210,373141.0,Europe,1,,,339990,level_5,313200,level_4,both_mapped_different
Philippines,335929,331318,372880.0,Asia,1,,,335920,level_5,33131B,exact,both_mapped_different
Malaysia,325992,990000,372720.0,Asia,2,,,3259A0,level_5,S00300,noncomparable_imports,both_mapped_different
Norway,331210,331110,372391.0,Europe,9,,,331200,level_4,331110,level_4,both_mapped_different
Austria,333924,336999,372319.0,Europe,1,,,333920,level_5,336999,exact,both_mapped_different
Switzerland,339999,327110,372039.0,Europe,2,,,339990,level_5,327100,level_4,both_mapped_different
"Korea, South",336390,333111,371948.0,Asia,2,,,336390,level_5,333111,exact,both_mapped_different
Slovenia,326299,313320,371936.0,Europe,1,,,326290,level_5,313300,level_4,both_mapped_different
India,325199,325211,371266.0,Asia,1,,,325190,level_5,325211,exact,both_mapped_different
Malaysia,333613,336310,371121.0,Asia,2,,,333613,exact,336310,level_5,both_mapped_different
Taiwan,336390,333111,371103.0,Asia,2,,,336390,level_5,333111,exact,both_mapped_different
Egypt,335999,335929,369669.0,Africa,3,,,335999,exact,335920,level_5,both_mapped_different
United Kingdom,335932,327212,369532.0,Europe,2,,,335930,level_5,327200,level_4,both_mapped_different
Singapore,332999,331491,369301.0,Asia,1,,,332999,exact,331490,level_5,both_mapped_different
Ireland,322230,323111,368657.0,Europe,2,,,322230,level_5,323110,level_5,both_mapped_different
Netherlands,334310,334220,367147.0,Europe,2,,,334300,level_4,334220,level_5,both_mapped_different
Netherlands,325199,325212,366880.0,Europe,2,,,325190,level_5,3252A0,exact,both_mapped_different
Singapore,332991,332722,366153.0,Asia,1,,,332991,exact,332720,level_5,both_mapped_different
Netherlands,930000,336411,366000.0,Europe,2,,,S00300,noncomparable_imports,336411,exact,both_mapped_different
Switzerland,339999,313210,365767.0,Europe,1,,,339990,level_5,313200,level_4,both_mapped_different
Czech Republic,332420,332439,363807.0,Europe,3,,,332420,level_5,332430,level_5,both_mapped_different
Turkey,333613,336310,363034.0,Europe,2,,,333613,exact,336310,level_5,both_mapped_different
Paraguay,335999,335929,362230.0,South_America,1,,,335999,exact,335920,level_5,both_mapped_different
Norway,325199,311225,362120.0,Europe,1,,,325190,level_5,311225,exact,both_mapped_different
Slovenia,321911,337215,361941.0,Europe,1,,,321910,level_5,337215,exact,both_mapped_different
Netherlands,334419,334413,361199.0,Europe,1,,,33441A,exact,334413,exact,both_mapped_different
Taiwan,333992,331491,360632.0,Asia,2,,,33399A,exact,331490,level_5,both_mapped_different
China,322120,322220,360604.0,Asia,1,,,322120,level_5,322220,level_5,both_mapped_different
Spain,332215,331511,360294.0,Europe,2,,,332200,level_4,331510,level_5,both_mapped_different
New Zealand,326199,314120,360071.0,Oceana,2,,,326190,level_5,314120,level_5,both_mapped_different
Hungary,335312,334419,359785.0,Europe,1,,,335312,exact,33441A,exact,both_mapped_different
France,339999,327110,359494.0,Europe,3,,,339990,level_5,327100,level_4,both_mapped_different
Brazil,321912,113310,359452.0,South_America,1,,,321910,level_5,113000,level_3,both_mapped_different
Romania,334310,334220,357986.0,Europe,2,,,334300,level_4,334220,level_5,both_mapped_different
Netherlands,339113,339112,357930.0,Europe,1,,,339113,exact,339112,exact,both_mapped_different
Ireland,337215,337127,357010.0,Europe,1,,,337215,exact,337127,exact,both_mapped_different
South Africa,327991,327390,356728.0,Africa,2,,,327991,exact,327390,level_5,both_mapped_different
Belgium,314999,990000,356466.0,Europe,5,,,314900,level_4,S00300,noncomparable_imports,both_mapped_different
France,311999,114119,356332.0,Europe,1,,,311990,level_5,114000,level_3,both_mapped_different
New Zealand,325620,325611,356318.0,Oceana,1,,,325620,level_5,325610,level_5,both_mapped_different
United Kingdom,990000,334516,355719.0,Europe,1,,,S00300,noncomparable_imports,334516,exact,both_mapped_different
Germany,115210,311613,355696.0,Europe,1,,,115000,level_3,31161A,exact,both_mapped_different
Sweden,990000,333111,355509.0,Europe,1,,,S00300,noncomparable_imports,333111,exact,both_mapped_different
New Zealand,332510,335999,355463.0,Oceana,2,,,332500,level_4,335999,exact,both_mapped_different
Romania,325199,325998,355348.0,Europe,1,,,325190,level_5,3259A0,level_5,both_mapped_different
Denmark,325998,325613,355052.0,Europe,1,,,3259A0,level_5,325610,level_5,both_mapped_different
Turkey,990000,315190,354904.0,Europe,1,,,S00300,noncomparable_imports,315000,level_3,both_mapped_different
France,334419,333314,354361.0,Europe,3,,,33441A,exact,333314,exact,both_mapped_different
Italy,339113,326199,354321.0,Europe,1,,,339113,exact,326190,level_5,both_mapped_different
Philippines,314999,990000,354034.0,Asia,2,,,314900,level_4,S00300,noncomparable_imports,both_mapped_different
Costa Rica,336612,326299,353853.0,South_America,1,,,336612,exact,326290,level_5,both_mapped_different
United Kingdom,311710,114112,352985.0,Europe,3,,,311700,level_4,114000,level_3,both_mapped_different
United Kingdom,334419,333314,351949.0,Europe,3,,,33441A,exact,333314,exact,both_mapped_different
Thailand,335932,326199,351310.0,Asia,1,,,335930,level_5,326190,level_5,both_mapped_different
Slovenia,337127,337215,351116.0,Europe,1,,,337127,exact,337215,exact,both_mapped_different
Austria,339999,327110,350343.0,Europe,3,,,339990,level_5,327100,level_4,both_mapped_different
Hong Kong,331420,332999,350084.0,Asia,2,,,331420,level_5,332999,exact,both_mapped_different
Latvia,313210,327993,349916.0,Europe,1,,,313200,level_4,327993,exact,both_mapped_different
Ireland,331420,332999,349883.0,Europe,3,,,331420,level_5,332999,exact,both_mapped_different
Peru,332996,332919,349463.0,South_America,6,,,332996,exact,33291A,exact,both_mapped_different
Pakistan,336390,333111,348668.0,Asia,2,,,336390,level_5,333111,exact,both_mapped_different
Dominican Republic,339999,335999,348401.0,South_America,1,,,339990,level_5,335999,exact,both_mapped_different
Australia,334419,333314,347963.0,Oceana,2,,,33441A,exact,333314,exact,both_mapped_different
"Korea, South",930000,333519,346677.0,Asia,1,,,S00300,noncomparable_imports,33351B,exact,both_mapped_different
Canada,336412,336413,346155.0,North_America,2,,,336412,exact,336413,exact,both_mapped_different
France,313210,314999,345873.0,Europe,1,,,313200,level_4,314900,level_4,both_mapped_different
France,325510,325520,345257.0,Europe,1,,,325510,level_5,325520,level_5,both_mapped_different
Slovakia,930000,333517,345246.0,Europe,1,,,S00300,noncomparable_imports,333517,exact,both_mapped_different
Slovakia,337215,337127,344974.0,Europe,1,,,337215,exact,337127,exact,both_mapped_different
Singapore,334515,337127,343474.0,Asia,1,,,334515,exact,337127,exact,both_mapped_different
Israel,325199,311224,342744.0,Asia,2,,,325190,level_5,311224,exact,both_mapped_different
Morocco,327212,327993,342336.0,Africa,1,,,327200,level_4,327993,exact,both_mapped_different
Finland,335999,334419,342099.0,Europe,1,,,335999,exact,33441A,exact,both_mapped_different
Portugal,336612,336611,341568.0,Europe,1,,,336612,exact,336611,exact,both_mapped_different
Switzerland,339940,326199,341470.0,Europe,1,,,339940,level_5,326190,level_5,both_mapped_different
Slovakia,322120,322130,340461.0,Europe,1,,,322120,level_5,322130,level_5,both_mapped_different
Vietnam,339999,332999,340354.0,Asia,2,,,339990,level_5,332999,exact,both_mapped_different
Bulgaria,333515,333991,340184.0,Europe,2,,,33351B,exact,333991,exact,both_mapped_different
Turkey,322230,323111,340113.0,Europe,3,,,322230,level_5,323110,level_5,both_mapped_different
Israel,337215,337127,339651.0,Asia,1,,,337215,exact,337127,exact,both_mapped_different
"Korea, South",336330,333111,339465.0,Asia,3,,,3363A0,level_5,333111,exact,both_mapped_different
Italy,331410,331492,338957.0,Europe,1,,,331410,exact,331490,level_5,both_mapped_different
Canada,333515,332216,338831.0,North_America,1,,,33351B,exact,332200,level_4,both_mapped_different
Netherlands,321911,337215,338690.0,Europe,1,,,321910,level_5,337215,exact,both_mapped_different
France,332215,332999,338052.0,Europe,2,,,332200,level_4,332999,exact,both_mapped_different
Sri Lanka,327991,327390,337568.0,Asia,1,,,327991,exact,327390,level_5,both_mapped_different
Hong Kong,334310,334220,337310.0,Asia,1,,,334300,level_4,334220,level_5,both_mapped_different
United Kingdom,322120,322230,337243.0,Europe,1,,,322120,level_5,322230,level_5,both_mapped_different
Belgium,326299,337215,336907.0,Europe,1,,,326290,level_5,337215,exact,both_mapped_different
Vietnam,322130,322220,336557.0,Asia,3,,,322130,level_5,322220,level_5,both_mapped_different
Turkey,332215,331511,336284.0,Europe,3,,,332200,level_4,331510,level_5,both_mapped_different
Israel,990000,325413,335619.0,Asia,1,,,S00300,noncomparable_imports,325413,exact,both_mapped_different
Cambodia,333923,333999,335340.0,Asia,1,,,333920,level_5,33399A,exact,both_mapped_different
United Kingdom,339930,336411,334403.0,Europe,3,,,339930,level_5,336411,exact,both_mapped_different
India,339920,314910,334177.0,Asia,2,,,339920,level_5,314900,level_4,both_mapped_different
Congo (Kinshasa),212390,339910,334145.0,Africa,1,,,2123A0,level_5,339910,level_5,both_mapped_different
Japan,325620,325611,333747.0,Asia,1,,,325620,level_5,325610,level_5,both_mapped_different
Mexico,336612,326299,333254.0,North_America,1,,,336612,exact,326290,level_5,both_mapped_different
Mexico,321219,327390,332964.0,North_America,1,,,321200,level_4,327390,level_5,both_mapped_different
Australia,334515,337127,332785.0,Oceana,1,,,334515,exact,337127,exact,both_mapped_different
China,322120,322130,331965.0,Asia,4,,,322120,level_5,322130,level_5,both_mapped_different
Cambodia,334419,334413,331100.0,Asia,1,,,33441A,exact,334413,exact,both_mapped_different
France,321918,321999,330922.0,Europe,1,,,321910,level_5,3219A0,level_5,both_mapped_different
Ireland,333924,333120,330908.0,Europe,1,,,333920,level_5,333120,level_5,both_mapped_different
Dominican Republic,339113,326199,330614.0,South_America,1,,,339113,exact,326190,level_5,both_mapped_different
United Kingdom,332215,331511,329898.0,Europe,2,,,332200,level_4,331510,level_5,both_mapped_different
Poland,333996,333914,329115.0,Europe,1,,,33399B,exact,333914,exact,both_mapped_different
Switzerland,322230,323111,328214.0,Europe,2,,,322230,level_5,323110,level_5,both_mapped_different
Cambodia,316210,322121,327799.0,Asia,1,,,316000,level_3,322120,level_5,both_mapped_different
Costa Rica,332996,332919,327608.0,South_America,5,,,332996,exact,33291A,exact,both_mapped_different
Malaysia,325211,910000,327475.0,Asia,3,,,325211,exact,S00300,noncomparable_imports,both_mapped_different
United Kingdom,333415,335312,325937.0,Europe,1,,,333415,exact,335312,exact,both_mapped_different
Colombia,331410,332999,325687.0,South_America,1,,,331410,exact,332999,exact,both_mapped_different
Belgium,325992,990000,325369.0,Europe,1,,,3259A0,level_5,S00300,noncomparable_imports,both_mapped_different
Morocco,339930,339910,325158.0,Africa,2,,,339930,level_5,339910,level_5,both_mapped_different
India,336120,333120,325110.0,Asia,1,,,336120,level_5,333120,level_5,both_mapped_different
India,339930,336411,324200.0,Asia,1,,,339930,level_5,336411,exact,both_mapped_different
Finland,339999,313210,323860.0,Europe,1,,,339990,level_5,313200,level_4,both_mapped_different
Lithuania,325199,311999,323827.0,Europe,1,,,325190,level_5,311990,level_5,both_mapped_different
Peru,325920,332993,323333.0,South_America,1,,,3259A0,level_5,33299A,exact,both_mapped_different
France,332721,336350,323204.0,Europe,2,,,332720,level_5,336350,level_5,both_mapped_different
Israel,212390,339910,323200.0,Asia,1,,,2123A0,level_5,339910,level_5,both_mapped_different
Singapore,326299,337215,322451.0,Asia,1,,,326290,level_5,337215,exact,both_mapped_different
India,333111,333241,321811.0,Asia,1,,,333111,exact,33329A,exact,both_mapped_different
Slovenia,326150,326113,321471.0,Europe,2,,,326150,level_5,326110,level_5,both_mapped_different
Belize,339113,337127,321091.0,South_America,1,,,339113,exact,337127,exact,both_mapped_different
Belgium,339940,326199,320397.0,Europe,1,,,339940,level_5,326190,level_5,both_mapped_different
Ukraine,336612,326299,319883.0,Europe,1,,,336612,exact,326290,level_5,both_mapped_different
Germany,325194,325211,319497.0,Europe,1,,,325190,level_5,325211,exact,both_mapped_different
Taiwan,331313,331314,319174.0,Asia,1,,,331313,exact,331314,exact,both_mapped_different
Israel,327999,339910,318926.0,Asia,2,,,327999,exact,339910,level_5,both_mapped_different
Brazil,337215,337127,318752.0,South_America,1,,,337215,exact,337127,exact,both_mapped_different
Ghana,325211,910000,318333.0,Africa,2,,,325211,exact,S00300,noncomparable_imports,both_mapped_different
Romania,930000,336411,318193.0,Europe,1,,,S00300,noncomparable_imports,336411,exact,both_mapped_different
Bangladesh,332999,326299,318088.0,Asia,1,,,332999,exact,326290,level_5,both_mapped_different
Belgium,327999,339910,317906.0,Europe,2,,,327999,exact,339910,level_5,both_mapped_different
New Zealand,930000,333517,317293.0,Oceana,1,,,S00300,noncomparable_imports,333517,exact,both_mapped_different
Finland,336211,333120,317102.0,Europe,1,,,336211,exact,333120,level_5,both_mapped_different
Brazil,339930,339910,316110.0,South_America,2,,,339930,level_5,339910,level_5,both_mapped_different
Canada,332216,332111,315847.0,North_America,1,,,332200,level_4,33211A,exact,both_mapped_different
United Arab Emirates,333923,333999,314922.0,Asia,2,,,333920,level_5,33399A,exact,both_mapped_different
Malaysia,335932,326199,314605.0,Asia,1,,,335930,level_5,326190,level_5,both_mapped_different
Australia,337127,337124,314591.0,Oceana,1,,,337127,exact,33712N,exact,both_mapped_different
Belgium,335932,326199,313335.0,Europe,1,,,335930,level_5,326190,level_5,both_mapped_different
Spain,334512,334513,313015.0,Europe,2,,,334512,exact,334513,exact,both_mapped_different
Japan,322120,322299,311980.0,Asia,2,,,322120,level_5,322299,exact,both_mapped_different
China,314999,112990,311701.0,Asia,1,,,314900,level_4,112A00,level_4,both_mapped_different
Germany,336211,336111,310531.0,Europe,1,,,336211,exact,336111,exact,both_mapped_different
Netherlands,336330,333111,310285.0,Europe,1,,,3363A0,level_5,333111,exact,both_mapped_different
Israel,337127,337124,309931.0,Asia,3,,,337127,exact,33712N,exact,both_mapped_different
United Arab Emirates,335999,335929,309810.0,Asia,5,,,335999,exact,335920,level_5,both_mapped_different
Thailand,336350,335312,309707.0,Asia,1,,,336350,level_5,335312,exact,both_mapped_different
Solomon Islands,325411,111339,308463.0,Oceana,1,,,325411,exact,111300,level_4,both_mapped_different
Japan,325992,325199,308182.0,Asia,1,,,3259A0,level_5,325190,level_5,both_mapped_different
Canada,331491,332999,308166.0,North_America,2,,,331490,level_5,332999,exact,both_mapped_different
Australia,336390,336214,307975.0,Oceana,1,,,336390,level_5,336214,exact,both_mapped_different
United Kingdom,336612,326299,307914.0,Europe,1,,,336612,exact,326290,level_5,both_mapped_different
Philippines,336612,336611,307888.0,Asia,1,,,336612,exact,336611,exact,both_mapped_different
Taiwan,316990,339999,307706.0,Asia,1,,,316000,level_3,339990,level_5,both_mapped_different
Vietnam,339994,314120,307669.0,Asia,1,,,339990,level_5,314120,level_5,both_mapped_different
Bulgaria,990000,315190,306561.0,Europe,1,,,S00300,noncomparable_imports,315000,level_3,both_mapped_different
Japan,333415,337127,306303.0,Asia,1,,,333415,exact,337127,exact,both_mapped_different
Netherlands,333519,331511,305277.0,Europe,2,,,33351B,exact,331510,level_5,both_mapped_different
Poland,990000,325413,303980.0,Europe,1,,,S00300,noncomparable_imports,325413,exact,both_mapped_different
Mexico,336214,321991,303884.0,North_America,1,,,336214,exact,3219A0,level_5,both_mapped_different
Netherlands,322211,322299,303792.0,Europe,1,,,322210,level_5,322299,exact,both_mapped_different
Switzerland,321911,337215,303291.0,Europe,1,,,321910,level_5,337215,exact,both_mapped_different
Israel,339994,314120,303281.0,Asia,1,,,339990,level_5,314120,level_5,both_mapped_different
Switzerland,334511,339930,302368.0,Europe,1,,,334511,exact,339930,level_5,both_mapped_different
Spain,325998,334413,302235.0,Europe,1,,,3259A0,level_5,334413,exact,both_mapped_different
Spain,333519,331513,300831.0,Europe,2,,,33351B,exact,331510,level_5,both_mapped_different
Brazil,325998,325620,300753.0,South_America,1,,,3259A0,level_5,325620,level_5,both_mapped_different
Italy,325998,325620,300519.0,Europe,2,,,3259A0,level_5,325620,level_5,both_mapped_different
Italy,332215,339910,299875.0,Europe,2,,,332200,level_4,339910,level_5,both_mapped_different
Japan,325120,325199,299630.0,Asia,1,,,325120,level_5,325190,level_5,both_mapped_different
Finland,332420,332439,299105.0,Europe,2,,,332420,level_5,332430,level_5,both_mapped_different
Slovakia,336390,336214,299014.0,Europe,1,,,336390,level_5,336214,exact,both_mapped_different
Denmark,333241,333999,298414.0,Europe,1,,,33329A,exact,33399A,exact,both_mapped_different
Greece,325411,111339,298107.0,Europe,1,,,325411,exact,111300,level_4,both_mapped_different
Thailand,322120,322230,298042.0,Asia,1,,,322120,level_5,322230,level_5,both_mapped_different
"Korea, South",332215,331511,297997.0,Asia,3,,,332200,level_4,331510,level_5,both_mapped_different
Vietnam,333515,332216,297831.0,Asia,1,,,33351B,exact,332200,level_4,both_mapped_different
Taiwan,327332,327999,297606.0,Asia,1,,,327330,level_5,327999,exact,both_mapped_different
Hong Kong,327999,339910,296613.0,Asia,2,,,327999,exact,339910,level_5,both_mapped_different
Malaysia,339113,315280,296346.0,Asia,4,,,339113,exact,315000,level_3,both_mapped_different
Germany,325199,325211,296335.0,Europe,1,,,325190,level_5,325211,exact,both_mapped_different
Turkey,335220,333414,295531.0,Europe,5,,,335220,exact,333414,exact,both_mapped_different
Poland,332112,332999,294643.0,Europe,1,,,33211A,exact,332999,exact,both_mapped_different
Cyprus,325199,325998,294142.0,Europe,2,,,325190,level_5,3259A0,level_5,both_mapped_different
Japan,333996,333914,293888.0,Asia,1,,,33399B,exact,333914,exact,both_mapped_different
India,321219,327999,293621.0,Asia,1,,,321200,level_4,327999,exact,both_mapped_different
Switzerland,334514,334519,293344.0,Europe,2,,,334514,exact,33451A,exact,both_mapped_different
Belgium,333514,332216,292475.0,Europe,1,,,333514,exact,332200,level_4,both_mapped_different
Israel,335921,327215,292114.0,Asia,3,,,335920,level_5,327200,level_4,both_mapped_different
Australia,325510,325520,292082.0,Oceana,1,,,325510,level_5,325520,level_5,both_mapped_different
Japan,336310,333618,291871.0,Asia,3,,,336310,level_5,333618,exact,both_mapped_different
Vietnam,332112,332999,291572.0,Asia,1,,,33211A,exact,332999,exact,both_mapped_different
Russia,910000,325180,291461.0,Europe,1,,,S00300,noncomparable_imports,325180,level_5,both_mapped_different
Indonesia,332439,332999,291412.0,Asia,1,,,332430,level_5,332999,exact,both_mapped_different
India,111335,115114,290936.0,Asia,1,,,111300,level_4,115000,level_3,both_mapped_different
Norway,324199,325998,290664.0,Europe,1,,,324190,level_5,3259A0,level_5,both_mapped_different
Portugal,332996,332919,290576.0,Europe,5,,,332996,exact,33291A,exact,both_mapped_different
Comoros,325199,325998,290547.0,Africa,3,,,325190,level_5,3259A0,level_5,both_mapped_different
Brazil,334310,334220,290028.0,South_America,1,,,334300,level_4,334220,level_5,both_mapped_different
New Zealand,115210,311613,289896.0,Oceana,1,,,115000,level_3,31161A,exact,both_mapped_different
Belgium,333120,333924,289499.0,Europe,1,,,333120,level_5,333920,level_5,both_mapped_different
"Korea, South",313230,327212,288024.0,Asia,1,,,313200,level_4,327200,level_4,both_mapped_different
Brazil,311710,114112,287910.0,South_America,1,,,311700,level_4,114000,level_3,both_mapped_different
Italy,325998,325411,287544.0,Europe,2,,,3259A0,level_5,325411,exact,both_mapped_different
Poland,332420,332439,287481.0,Europe,3,,,332420,level_5,332430,level_5,both_mapped_different
Vietnam,339113,314120,287314.0,Asia,1,,,339113,exact,314120,level_5,both_mapped_different
New Zealand,336390,336214,287220.0,Oceana,2,,,336390,level_5,336214,exact,both_mapped_different
Czech Republic,332439,332999,286537.0,Europe,1,,,332430,level_5,332999,exact,both_mapped_different
Switzerland,333241,333111,286470.0,Europe,2,,,33329A,exact,333111,exact,both_mapped_different
Mexico,339930,336411,285620.0,North_America,2,,,339930,level_5,336411,exact,both_mapped_different
Turkey,325998,325620,285480.0,Europe,2,,,3259A0,level_5,325620,level_5,both_mapped_different
Poland,334419,333314,285294.0,Europe,3,,,33441A,exact,333314,exact,both_mapped_different
Ghana,326150,326113,285092.0,Africa,1,,,326150,level_5,326110,level_5,both_mapped_different
Moldova,325199,325998,285079.0,Europe,1,,,325190,level_5,3259A0,level_5,both_mapped_different
Czech Republic,339113,339112,284648.0,Europe,1,,,339113,exact,339112,exact,both_mapped_different
France,313230,327215,284623.0,Europe,1,,,313200,level_4,327200,level_4,both_mapped_different
Portugal,339999,327110,284212.0,Europe,2,,,339990,level_5,327100,level_4,both_mapped_different
Canada,910000,325180,283266.0,North_America,2,,,S00300,noncomparable_imports,325180,level_5,both_mapped_different
China,336211,336111,282806.0,Asia,1,,,336211,exact,336111,exact,both_mapped_different
South Africa,325998,325620,282380.0,Africa,2,,,3259A0,level_5,325620,level_5,both_mapped_different
"Korea, South",325411,111339,282360.0,Asia,1,,,325411,exact,111300,level_4,both_mapped_different
Turkey,325180,325613,282278.0,Europe,1,,,325180,level_5,325610,level_5,both_mapped_different
Taiwan,339999,321999,282035.0,Asia,1,,,339990,level_5,3219A0,level_5,both_mapped_different
Germany,316990,339999,281863.0,Europe,1,,,316000,level_3,339990,level_5,both_mapped_different
Austria,339930,339910,281689.0,Europe,2,,,339930,level_5,339910,level_5,both_mapped_different
Sweden,326150,326113,280982.0,Europe,2,,,326150,level_5,326110,level_5,both_mapped_different
Norway,333995,333618,280661.0,Europe,1,,,33399B,exact,333618,exact,both_mapped_different
China,333995,333618,280307.0,Asia,1,,,33399B,exact,333618,exact,both_mapped_different
Sweden,321219,327390,280161.0,Europe,1,,,321200,level_4,327390,level_5,both_mapped_different
Spain,335999,334419,279571.0,Europe,1,,,335999,exact,33441A,exact,both_mapped_different
Mexico,333511,333249,279388.0,North_America,1,,,333511,exact,33329A,exact,both_mapped_different
Switzerland,335932,327212,279339.0,Europe,2,,,335930,level_5,327200,level_4,both_mapped_different
Bulgaria,326299,337215,279315.0,Europe,1,,,326290,level_5,337215,exact,both_mapped_different
Thailand,332215,331511,278909.0,Asia,2,,,332200,level_4,331510,level_5,both_mapped_different
Denmark,334515,337127,278851.0,Europe,1,,,334515,exact,337127,exact,both_mapped_different
Vietnam,990000,337212,278839.0,Asia,1,,,S00300,noncomparable_imports,33721A,exact,both_mapped_different
Japan,990000,334516,278419.0,Asia,1,,,S00300,noncomparable_imports,334516,exact,both_mapped_different
Saudi Arabia,336612,336611,278400.0,Asia,1,,,336612,exact,336611,exact,both_mapped_different
Israel,339940,326199,277981.0,Asia,1,,,339940,level_5,326190,level_5,both_mapped_different
Cambodia,339994,314120,277912.0,Asia,1,,,339990,level_5,314120,level_5,both_mapped_different
Canada,334516,334519,277667.0,North_America,1,,,334516,exact,33451A,exact,both_mapped_different
Dominica,325199,325998,277645.0,South_America,1,,,325190,level_5,3259A0,level_5,both_mapped_different
Taiwan,339999,339114,277276.0,Asia,1,,,339990,level_5,339114,exact,both_mapped_different
Portugal,322211,322299,277242.0,Europe,1,,,322210,level_5,322299,exact,both_mapped_different
Greece,337127,337124,277138.0,Europe,3,,,337127,exact,33712N,exact,both_mapped_different
Hong Kong,339940,326199,276940.0,Asia,1,,,339940,level_5,326190,level_5,both_mapped_different
Netherlands,990000,333111,276917.0,Europe,1,,,S00300,noncomparable_imports,333111,exact,both_mapped_different
Italy,339994,314120,276818.0,Europe,2,,,339990,level_5,314120,level_5,both_mapped_different
Austria,332111,332999,275997.0,Europe,2,,,33211A,exact,332999,exact,both_mapped_different
Italy,334419,333314,275543.0,Europe,3,,,33441A,exact,333314,exact,both_mapped_different
Mexico,336211,336111,275532.0,North_America,1,,,336211,exact,336111,exact,both_mapped_different
Canada,332721,333111,275160.0,North_America,2,,,332720,level_5,333111,exact,both_mapped_different
Israel,332991,332722,274766.0,Asia,1,,,332991,exact,332720,level_5,both_mapped_different
Germany,332216,332111,274342.0,Europe,1,,,332200,level_4,33211A,exact,both_mapped_different
Romania,336120,336211,274269.0,Europe,1,,,336120,level_5,336211,exact,both_mapped_different
India,325199,325212,274170.0,Asia,2,,,325190,level_5,3252A0,exact,both_mapped_different
Ukraine,325411,111339,273990.0,Europe,1,,,325411,exact,111300,level_4,both_mapped_different
Romania,990000,333111,273634.0,Europe,1,,,S00300,noncomparable_imports,333111,exact,both_mapped_different
Romania,327212,327993,273166.0,Europe,1,,,327200,level_4,327993,exact,both_mapped_different
Serbia,337215,337127,273046.0,Europe,1,,,337215,exact,337127,exact,both_mapped_different
Australia,336350,335312,272681.0,Oceana,1,,,336350,level_5,335312,exact,both_mapped_different
Jamaica,311710,114112,272310.0,South_America,1,,,311700,level_4,114000,level_3,both_mapped_different
Hungary,339113,337127,272102.0,Europe,1,,,339113,exact,337127,exact,both_mapped_different
Spain,334510,339112,272065.0,Europe,1,,,334510,exact,339112,exact,both_mapped_different
Germany,334516,333413,271612.0,Europe,1,,,334516,exact,333413,exact,both_mapped_different
Netherlands,990000,336611,270967.0,Europe,1,,,S00300,noncomparable_imports,336611,exact,both_mapped_different
Spain,334516,334519,270953.0,Europe,1,,,334516,exact,33451A,exact,both_mapped_different
Netherlands,321912,113310,270878.0,Europe,1,,,321910,level_5,113000,level_3,both_mapped_different
Poland,335220,332216,270793.0,Europe,2,,,335220,exact,332200,level_4,both_mapped_different
Italy,325199,325613,270370.0,Europe,2,,,325190,level_5,325610,level_5,both_mapped_different
Netherlands,326140,326113,270192.0,Europe,1,,,326140,level_5,326110,level_5,both_mapped_different
Malaysia,333514,332216,269953.0,Asia,1,,,333514,exact,332200,level_4,both_mapped_different
Brazil,322130,322121,269799.0,South_America,2,,,322130,level_5,322120,level_5,both_mapped_different
Hungary,327991,327390,269397.0,Europe,2,,,327991,exact,327390,level_5,both_mapped_different
Sweden,333415,335312,269224.0,Europe,1,,,333415,exact,335312,exact,both_mapped_different
Ireland,311710,114112,269099.0,Europe,2,,,311700,level_4,114000,level_3,both_mapped_different
Finland,325411,325412,269036.0,Europe,3,,,325411,exact,325412,exact,both_mapped_different
Netherlands,322120,322130,268715.0,Europe,1,,,322120,level_5,322130,level_5,both_mapped_different
Honduras,311710,114112,268586.0,South_America,2,,,311700,level_4,114000,level_3,both_mapped_different
Belgium,314999,325220,268503.0,Europe,1,,,314900,level_4,3252A0,level_5,both_mapped_different
Dominican Republic,333415,335312,268391.0,South_America,1,,,333415,exact,335312,exact,both_mapped_different
Brazil,336612,336611,267943.0,South_America,1,,,336612,exact,336611,exact,both_mapped_different
Serbia,990000,337212,267864.0,Europe,1,,,S00300,noncomparable_imports,33721A,exact,both_mapped_different
British Indian Ocean Territories,334413,335999,267647.0,Africa,1,,,334413,exact,335999,exact,both_mapped_different
Belgium,333515,333991,267440.0,Europe,1,,,33351B,exact,333991,exact,both_mapped_different
Belgium,335932,327212,266720.0,Europe,1,,,335930,level_5,327200,level_4,both_mapped_different
United Arab Emirates,322299,322121,266414.0,Asia,1,,,322299,exact,322120,level_5,both_mapped_different
Israel,331420,332999,266214.0,Asia,1,,,331420,level_5,332999,exact,both_mapped_different
Switzerland,331410,332999,264954.0,Europe,1,,,331410,exact,332999,exact,both_mapped_different
Uruguay,332439,332999,264829.0,South_America,1,,,332430,level_5,332999,exact,both_mapped_different
India,331410,332999,264627.0,Asia,1,,,331410,exact,332999,exact,both_mapped_different
Canada,316990,339999,264125.0,North_America,1,,,316000,level_3,339990,level_5,both_mapped_different
United Kingdom,327420,327999,263789.0,Europe,1,,,327400,level_4,327999,exact,both_mapped_different
Turkey,334310,334220,263565.0,Europe,1,,,334300,level_4,334220,level_5,both_mapped_different
Estonia,337215,337127,263084.0,Europe,1,,,337215,exact,337127,exact,both_mapped_different
Indonesia,334419,333314,262498.0,Asia,2,,,33441A,exact,333314,exact,both_mapped_different
Netherlands,332439,332999,262449.0,Europe,1,,,332430,level_5,332999,exact,both_mapped_different
Taiwan,322130,322220,261989.0,Asia,2,,,322130,level_5,322220,level_5,both_mapped_different
Hong Kong,339113,316998,261623.0,Asia,1,,,339113,exact,316000,level_3,both_mapped_different
Sri Lanka,334413,335999,261360.0,Asia,1,,,334413,exact,335999,exact,both_mapped_different
Turkey,333415,337127,260517.0,Europe,1,,,333415,exact,337127,exact,both_mapped_different
Romania,325510,325998,259878.0,Europe,1,,,325510,level_5,3259A0,level_5,both_mapped_different
Romania,325998,325199,259732.0,Europe,5,,,3259A0,level_5,325190,level_5,both_mapped_different
Italy,332721,333111,259523.0,Europe,2,,,332720,level_5,333111,exact,both_mapped_different
Brazil,311421,311411,259441.0,South_America,1,,,311420,level_5,311410,level_5,both_mapped_different
United Kingdom,990000,339999,259312.0,Europe,1,,,S00300,noncomparable_imports,339990,level_5,both_mapped_different
United Arab Emirates,334512,334513,258983.0,Asia,2,,,334512,exact,334513,exact,both_mapped_different
Philippines,339999,327110,258949.0,Asia,2,,,339990,level_5,327100,level_4,both_mapped_different
Italy,339999,321999,258819.0,Europe,2,,,339990,level_5,3219A0,level_5,both_mapped_different
Belgium,331210,331110,258809.0,Europe,6,,,331200,level_4,331110,level_4,both_mapped_different
Belgium,325199,325212,258477.0,Europe,2,,,325190,level_5,3252A0,exact,both_mapped_different
Cambodia,322211,322299,258423.0,Asia,1,,,322210,level_5,322299,exact,both_mapped_different
Austria,334510,339113,258400.0,Europe,1,,,334510,exact,339113,exact,both_mapped_different
Lithuania,334419,333314,258019.0,Europe,1,,,33441A,exact,333314,exact,both_mapped_different
Taiwan,325199,325998,258019.0,Asia,2,,,325190,level_5,3259A0,level_5,both_mapped_different
Guatemala,339113,315280,257896.0,South_America,1,,,339113,exact,315000,level_3,both_mapped_different
Latvia,333515,333517,257875.0,Europe,2,,,33351B,exact,333517,exact,both_mapped_different
Singapore,337215,337127,257441.0,Asia,1,,,337215,exact,337127,exact,both_mapped_different
Pakistan,325411,111339,257363.0,Asia,1,,,325411,exact,111300,level_4,both_mapped_different
Portugal,339113,337127,257341.0,Europe,1,,,339113,exact,337127,exact,both_mapped_different
"Korea, South",331410,331492,257047.0,Asia,1,,,331410,exact,331490,level_5,both_mapped_different
Australia,334419,334310,256898.0,Oceana,2,,,33441A,exact,334300,level_4,both_mapped_different
Cambodia,332420,332439,256554.0,Asia,1,,,332420,level_5,332430,level_5,both_mapped_different
Germany,327332,327999,256175.0,Europe,1,,,327330,level_5,327999,exact,both_mapped_different
New Zealand,325998,325199,256148.0,Oceana,5,,,3259A0,level_5,325190,level_5,both_mapped_different
Austria,336390,333111,255443.0,Europe,1,,,336390,level_5,333111,exact,both_mapped_different
Thailand,332112,332999,255308.0,Asia,1,,,33211A,exact,332999,exact,both_mapped_different
Austria,332991,332722,254751.0,Europe,1,,,332991,exact,332720,level_5,both_mapped_different
Argentina,334111,334118,254272.0,South_America,1,,,334111,exact,334118,exact,both_mapped_different
Bahamas,334512,334513,253794.0,South_America,1,,,334512,exact,334513,exact,both_mapped_different
Dominican Republic,334512,334513,253794.0,South_America,1,,,334512,exact,334513,exact,both_mapped_different
United Kingdom,323111,323120,253212.0,Europe,1,,,323110,level_5,323120,level_5,both_mapped_different
Singapore,335312,334419,253176.0,Asia,1,,,335312,exact,33441A,exact,both_mapped_different
Austria,335932,326199,252974.0,Europe,1,,,335930,level_5,326190,level_5,both_mapped_different
Finland,333613,336310,252812.0,Europe,2,,,333613,exact,336310,level_5,both_mapped_different
Kazakhstan,332996,332919,251880.0,Europe,2,,,332996,exact,33291A,exact,both_mapped_different
Sweden,327991,327390,251647.0,Europe,3,,,327991,exact,327390,level_5,both_mapped_different
United Kingdom,325320,325194,251568.0,Europe,1,,,325320,level_5,325190,level_5,both_mapped_different
Denmark,321219,327390,251498.0,Europe,1,,,321200,level_4,327390,level_5,both_mapped_different
Italy,333111,333120,251442.0,Europe,4,,,333111,exact,333120,level_5,both_mapped_different
Japan,327212,327993,251345.0,Asia,2,,,327200,level_4,327993,exact,both_mapped_different
United Kingdom,339113,326199,250937.0,Europe,2,,,339113,exact,326190,level_5,both_mapped_different
Japan,325920,332993,250893.0,Asia,1,,,3259A0,level_5,33299A,exact,both_mapped_different
Poland,311421,311411,250597.0,Europe,1,,,311420,level_5,311410,level_5,both_mapped_different
Mexico,333515,333991,250447.0,North_America,1,,,33351B,exact,333991,exact,both_mapped_different
Germany,334419,334310,249453.0,Europe,2,,,33441A,exact,334300,level_4,both_mapped_different
United Kingdom,332215,332999,249395.0,Europe,2,,,332200,level_4,332999,exact,both_mapped_different
Brazil,332991,332722,249086.0,South_America,1,,,332991,exact,332720,level_5,both_mapped_different
Honduras,321918,321999,249054.0,South_America,1,,,321910,level_5,3219A0,level_5,both_mapped_different
Italy,910000,331491,247811.0,Europe,1,,,S00300,noncomparable_imports,331490,level_5,both_mapped_different
Taiwan,325199,325130,247497.0,Asia,1,,,325190,level_5,325130,level_5,both_mapped_different
France,336390,333111,247238.0,Europe,2,,,336390,level_5,333111,exact,both_mapped_different
Slovakia,331210,331110,246449.0,Europe,4,,,331200,level_4,331110,level_4,both_mapped_different
Australia,333519,331511,246376.0,Oceana,1,,,33351B,exact,331510,level_5,both_mapped_different
Czech Republic,334310,334220,245961.0,Europe,2,,,334300,level_4,334220,level_5,both_mapped_different
New Caledonia,325199,325998,245410.0,Oceana,4,,,325190,level_5,3259A0,level_5,both_mapped_different
Mexico,339113,315990,245307.0,North_America,1,,,339113,exact,315000,level_3,both_mapped_different
United Kingdom,322130,322220,245048.0,Europe,3,,,322130,level_5,322220,level_5,both_mapped_different
Ireland,322220,332999,244982.0,Europe,1,,,322220,level_5,332999,exact,both_mapped_different
Nepal,339930,339910,244328.0,Asia,1,,,339930,level_5,339910,level_5,both_mapped_different
New Zealand,334510,335999,243825.0,Oceana,1,,,334510,exact,335999,exact,both_mapped_different
Hong Kong,326199,314120,243629.0,Asia,2,,,326190,level_5,314120,level_5,both_mapped_different
Austria,333515,332216,243539.0,Europe,1,,,33351B,exact,332200,level_4,both_mapped_different
Germany,336120,333120,243193.0,Europe,1,,,336120,level_5,333120,level_5,both_mapped_different
Malaysia,339999,339114,243088.0,Asia,1,,,339990,level_5,339114,exact,both_mapped_different
Malaysia,326140,326113,242989.0,Asia,1,,,326140,level_5,326110,level_5,both_mapped_different
Canada,339994,314120,242988.0,North_America,2,,,339990,level_5,314120,level_5,both_mapped_different
Cayman Islands,334512,334513,242488.0,South_America,1,,,334512,exact,334513,exact,both_mapped_different
Israel,333923,333999,241959.0,Asia,1,,,333920,level_5,33399A,exact,both_mapped_different
United Kingdom,325510,325998,241289.0,Europe,1,,,325510,level_5,3259A0,level_5,both_mapped_different
Philippines,331420,332999,241023.0,Asia,1,,,331420,level_5,332999,exact,both_mapped_different
Thailand,335932,327212,240504.0,Asia,1,,,335930,level_5,327200,level_4,both_mapped_different
Czech Republic,990000,325413,240456.0,Europe,1,,,S00300,noncomparable_imports,325413,exact,both_mapped_different
Romania,333924,336999,240328.0,Europe,1,,,333920,level_5,336999,exact,both_mapped_different
Mauritius,322230,323111,240224.0,Africa,1,,,322230,level_5,323110,level_5,both_mapped_different
Austria,333923,333999,239852.0,Europe,2,,,333920,level_5,33399A,exact,both_mapped_different
Indonesia,336350,335312,239658.0,Asia,1,,,336350,level_5,335312,exact,both_mapped_different
Serbia,339113,322291,239215.0,Europe,1,,,339113,exact,322291,exact,both_mapped_different
Portugal,321219,327390,238739.0,Europe,1,,,321200,level_4,327390,level_5,both_mapped_different
South Africa,333515,333517,238610.0,Africa,2,,,33351B,exact,333517,exact,both_mapped_different
Japan,333924,333120,238015.0,Asia,1,,,333920,level_5,333120,level_5,both_mapped_different
Sweden,334419,333314,237920.0,Europe,3,,,33441A,exact,333314,exact,both_mapped_different
Spain,326140,326113,237915.0,Europe,1,,,326140,level_5,326110,level_5,both_mapped_different
New Zealand,115210,11211X,237815.0,Oceana,3,,,115000,level_3,1121A0,exact,both_mapped_different
Netherlands,332216,332111,237607.0,Europe,1,,,332200,level_4,33211A,exact,both_mapped_different
Denmark,333613,336310,237535.0,Europe,2,,,333613,exact,336310,level_5,both_mapped_different
France,327420,327999,237492.0,Europe,1,,,327400,level_4,327999,exact,both_mapped_different
"Korea, South",332216,332111,237387.0,Asia,1,,,332200,level_4,33211A,exact,both_mapped_different
France,334516,334519,237314.0,Europe,1,,,334516,exact,33451A,exact,both_mapped_different
"Korea, South",339112,335999,236952.0,Asia,1,,,339112,exact,335999,exact,both_mapped_different
Malaysia,335921,327215,236924.0,Asia,3,,,335920,level_5,327200,level_4,both_mapped_different
Finland,336390,336214,236707.0,Europe,1,,,336390,level_5,336214,exact,both_mapped_different
Norway,333924,336999,236350.0,Europe,1,,,333920,level_5,336999,exact,both_mapped_different
Colombia,327991,327390,236063.0,South_America,3,,,327991,exact,327390,level_5,both_mapped_different
Oman,325998,325199,235851.0,Asia,1,,,3259A0,level_5,325190,level_5,both_mapped_different
Hungary,333924,336999,235836.0,Europe,1,,,333920,level_5,336999,exact,both_mapped_different
Romania,325998,325620,235674.0,Europe,1,,,3259A0,level_5,325620,level_5,both_mapped_different
Ecuador,311421,311411,235644.0,South_America,1,,,311420,level_5,311410,level_5,both_mapped_different
Iceland,326140,326113,235045.0,Europe,1,,,326140,level_5,326110,level_5,both_mapped_different
Ghana,331491,332999,235000.0,Africa,1,,,331490,level_5,332999,exact,both_mapped_different
Thailand,930000,333517,234032.0,Asia,2,,,S00300,noncomparable_imports,333517,exact,both_mapped_different
Israel,322220,332999,233700.0,Asia,1,,,322220,level_5,332999,exact,both_mapped_different
Canada,334514,334519,233675.0,North_America,1,,,334514,exact,33451A,exact,both_mapped_different
Honduras,324199,325998,233246.0,South_America,1,,,324190,level_5,3259A0,level_5,both_mapped_different
Greece,322130,322121,233038.0,Europe,1,,,322130,level_5,322120,level_5,both_mapped_different
Poland,335999,334419,232744.0,Europe,1,,,335999,exact,33441A,exact,both_mapped_different
Brazil,333924,336999,232253.0,South_America,1,,,333920,level_5,336999,exact,both_mapped_different
Indonesia,339113,315280,231809.0,Asia,1,,,339113,exact,315000,level_3,both_mapped_different
New Zealand,325411,325412,231425.0,Oceana,4,,,325411,exact,325412,exact,both_mapped_different
Philippines,334510,339113,230981.0,Asia,1,,,334510,exact,339113,exact,both_mapped_different
Ecuador,325998,325199,230472.0,South_America,1,,,3259A0,level_5,325190,level_5,both_mapped_different
Sweden,332420,332439,230402.0,Europe,2,,,332420,level_5,332430,level_5,both_mapped_different
Finland,321219,327999,230322.0,Europe,1,,,321200,level_4,327999,exact,both_mapped_different
Bulgaria,990000,325413,229800.0,Europe,1,,,S00300,noncomparable_imports,325413,exact,both_mapped_different
Malaysia,339940,326199,229797.0,Asia,1,,,339940,level_5,326190,level_5,both_mapped_different
Poland,334515,333999,229383.0,Europe,1,,,334515,exact,33399A,exact,both_mapped_different
Vietnam,322220,332999,228558.0,Asia,1,,,322220,level_5,332999,exact,both_mapped_different
Morocco,313210,327993,228160.0,Africa,1,,,313200,level_4,327993,exact,both_mapped_different
Ireland,990000,333111,228060.0,Europe,1,,,S00300,noncomparable_imports,333111,exact,both_mapped_different
Sweden,325510,325520,227235.0,Europe,1,,,325510,level_5,325520,level_5,both_mapped_different
Hungary,311999,114119,226970.0,Europe,1,,,311990,level_5,114000,level_3,both_mapped_different
Czech Republic,313230,327215,226967.0,Europe,1,,,313200,level_4,327200,level_4,both_mapped_different
Indonesia,337215,337127,226212.0,Asia,1,,,337215,exact,337127,exact,both_mapped_different
France,311421,311411,226006.0,Europe,1,,,311420,level_5,311410,level_5,both_mapped_different
Malaysia,333923,333999,225701.0,Asia,2,,,333920,level_5,33399A,exact,both_mapped_different
Czech Republic,333613,336310,225593.0,Europe,1,,,333613,exact,336310,level_5,both_mapped_different
Costa Rica,337127,337124,225545.0,South_America,2,,,337127,exact,33712N,exact,both_mapped_different
Malaysia,332323,331491,225244.0,Asia,1,,,332320,level_5,331490,level_5,both_mapped_different
Spain,333613,336310,225191.0,Europe,2,,,333613,exact,336310,level_5,both_mapped_different
Argentina,930000,333517,225000.0,South_America,1,,,S00300,noncomparable_imports,333517,exact,both_mapped_different
Israel,333515,333517,224843.0,Asia,3,,,33351B,exact,333517,exact,both_mapped_different
Greece,326140,326113,224657.0,Europe,1,,,326140,level_5,326110,level_5,both_mapped_different
Australia,326299,337215,224630.0,Oceana,1,,,326290,level_5,337215,exact,both_mapped_different
Netherlands,326199,314120,223833.0,Europe,1,,,326190,level_5,314120,level_5,both_mapped_different
Netherlands,313230,327215,223733.0,Europe,1,,,313200,level_4,327200,level_4,both_mapped_different
Spain,331410,331492,223275.0,Europe,2,,,331410,exact,331490,level_5,both_mapped_different
Spain,115210,11211X,223255.0,Europe,2,,,115000,level_3,1121A0,exact,both_mapped_different
Fiji,311710,114112,223168.0,Oceana,3,,,311700,level_4,114000,level_3,both_mapped_different
United Kingdom,327999,339910,222817.0,Europe,2,,,327999,exact,339910,level_5,both_mapped_different
China,325992,990000,222809.0,Asia,2,,,3259A0,level_5,S00300,noncomparable_imports,both_mapped_different
Spain,325199,325613,222600.0,Europe,1,,,325190,level_5,325610,level_5,both_mapped_different
Sweden,333111,333241,222048.0,Europe,1,,,333111,exact,33329A,exact,both_mapped_different
Norway,325998,334413,221307.0,Europe,1,,,3259A0,level_5,334413,exact,both_mapped_different
Singapore,335932,326199,220982.0,Asia,1,,,335930,level_5,326190,level_5,both_mapped_different
Singapore,334516,334519,220737.0,Asia,1,,,334516,exact,33451A,exact,both_mapped_different
Indonesia,334515,337127,220136.0,Asia,1,,,334515,exact,337127,exact,both_mapped_different
Turkey,322130,322121,220059.0,Europe,2,,,322130,level_5,322120,level_5,both_mapped_different
Italy,339940,323111,219869.0,Europe,1,,,339940,level_5,323110,level_5,both_mapped_different
Spain,339994,314120,219101.0,Europe,1,,,339990,level_5,314120,level_5,both_mapped_different
Norway,325199,325212,219013.0,Europe,1,,,325190,level_5,3252A0,exact,both_mapped_different
Estonia,990000,325413,218876.0,Europe,1,,,S00300,noncomparable_imports,325413,exact,both_mapped_different
Portugal,325998,325199,218690.0,Europe,1,,,3259A0,level_5,325190,level_5,both_mapped_different
South Africa,337127,337124,218617.0,Africa,3,,,337127,exact,33712N,exact,both_mapped_different
Switzerland,325199,325212,218465.0,Europe,1,,,325190,level_5,3252A0,exact,both_mapped_different
Hong Kong,321911,337215,217498.0,Asia,1,,,321910,level_5,337215,exact,both_mapped_different
Brazil,333514,332216,217300.0,South_America,1,,,333514,exact,332200,level_4,both_mapped_different
Belgium,212390,339910,217086.0,Europe,3,,,2123A0,level_5,339910,level_5,both_mapped_different
Canada,990000,334516,216908.0,North_America,1,,,S00300,noncomparable_imports,334516,exact,both_mapped_different
Thailand,336120,336211,216633.0,Asia,1,,,336120,level_5,336211,exact,both_mapped_different
Australia,333120,333924,216423.0,Oceana,1,,,333120,level_5,333920,level_5,both_mapped_different
Qatar,325998,325199,216217.0,Asia,1,,,3259A0,level_5,325190,level_5,both_mapped_different
Chile,336390,333111,216111.0,South_America,2,,,336390,level_5,333111,exact,both_mapped_different
Brazil,325199,325613,216043.0,South_America,2,,,325190,level_5,325610,level_5,both_mapped_different
Taiwan,327910,332999,216001.0,Asia,1,,,327910,level_5,332999,exact,both_mapped_different
Israel,322130,322220,215825.0,Asia,1,,,322130,level_5,322220,level_5,both_mapped_different
Mexico,325180,325411,215662.0,North_America,1,,,325180,level_5,325411,exact,both_mapped_different
Haiti,339930,339910,215406.0,South_America,1,,,339930,level_5,339910,level_5,both_mapped_different
Turkey,327420,327999,215304.0,Europe,1,,,327400,level_4,327999,exact,both_mapped_different
Poland,930000,333517,215192.0,Europe,2,,,S00300,noncomparable_imports,333517,exact,both_mapped_different
New Zealand,333515,333517,215142.0,Oceana,2,,,33351B,exact,333517,exact,both_mapped_different
Turkey,324191,325613,214698.0,Europe,2,,,324190,level_5,325610,level_5,both_mapped_different
Canada,990000,337212,214610.0,North_America,1,,,S00300,noncomparable_imports,33721A,exact,both_mapped_different
Romania,334515,337127,214385.0,Europe,1,,,334515,exact,337127,exact,both_mapped_different
Brazil,325199,325212,214211.0,South_America,2,,,325190,level_5,3252A0,exact,both_mapped_different
Malaysia,333415,335312,214095.0,Asia,1,,,333415,exact,335312,exact,both_mapped_different
Costa Rica,311421,311411,213957.0,South_America,1,,,311420,level_5,311410,level_5,both_mapped_different
Hong Kong,990000,325413,213807.0,Asia,1,,,S00300,noncomparable_imports,325413,exact,both_mapped_different
France,333992,335999,213479.0,Europe,1,,,33399A,exact,335999,exact,both_mapped_different
Netherlands,334413,335999,213258.0,Europe,1,,,334413,exact,335999,exact,both_mapped_different
"Korea, South",333241,333999,213116.0,Asia,1,,,33329A,exact,33399A,exact,both_mapped_different
Laos,339113,315280,213004.0,Asia,2,,,339113,exact,315000,level_3,both_mapped_different
Turkey,339994,314120,212615.0,Europe,2,,,339990,level_5,314120,level_5,both_mapped_different
Bolivia,321911,337215,212456.0,South_America,1,,,321910,level_5,337215,exact,both_mapped_different
Sweden,333515,333991,212119.0,Europe,2,,,33351B,exact,333991,exact,both_mapped_different
Japan,327991,327390,211610.0,Asia,2,,,327991,exact,327390,level_5,both_mapped_different
Philippines,333515,333517,211238.0,Asia,3,,,33351B,exact,333517,exact,both_mapped_different
United Kingdom,326140,326113,210996.0,Europe,1,,,326140,level_5,326110,level_5,both_mapped_different
China,311612,326121,210784.0,Asia,2,,,31161A,exact,326120,level_5,both_mapped_different
Argentina,325998,325613,210497.0,South_America,1,,,3259A0,level_5,325610,level_5,both_mapped_different
Taiwan,326140,326113,210390.0,Asia,1,,,326140,level_5,326110,level_5,both_mapped_different
Netherlands,331491,332999,210359.0,Europe,2,,,331490,level_5,332999,exact,both_mapped_different
Belgium,313210,327993,210348.0,Europe,1,,,313200,level_4,327993,exact,both_mapped_different
Slovakia,339113,337127,210000.0,Europe,1,,,339113,exact,337127,exact,both_mapped_different
Czech Republic,339930,336411,209789.0,Europe,2,,,339930,level_5,336411,exact,both_mapped_different
Denmark,337215,337127,209696.0,Europe,1,,,337215,exact,337127,exact,both_mapped_different
Dominican Republic,334310,334220,209414.0,South_America,1,,,334300,level_4,334220,level_5,both_mapped_different
New Zealand,339920,314910,208922.0,Oceana,1,,,339920,level_5,314900,level_4,both_mapped_different
Portugal,333515,333517,208652.0,Europe,5,,,33351B,exact,333517,exact,both_mapped_different
Austria,337127,337124,208495.0,Europe,3,,,337127,exact,33712N,exact,both_mapped_different
Italy,327420,327999,208243.0,Europe,1,,,327400,level_4,327999,exact,both_mapped_different
Turkey,333515,333517,208173.0,Europe,2,,,33351B,exact,333517,exact,both_mapped_different
Taiwan,324191,325613,208168.0,Asia,2,,,324190,level_5,325610,level_5,both_mapped_different
Sweden,313230,327215,208107.0,Europe,1,,,313200,level_4,327200,level_4,both_mapped_different
South Africa,111335,115114,207609.0,Africa,1,,,111300,level_4,115000,level_3,both_mapped_different
Finland,325199,325998,207251.0,Europe,3,,,325190,level_5,3259A0,level_5,both_mapped_different
Spain,333111,333241,207083.0,Europe,1,,,333111,exact,33329A,exact,both_mapped_different
United Kingdom,333996,333914,207047.0,Europe,1,,,33399B,exact,333914,exact,both_mapped_different
Greece,332215,332999,206079.0,Europe,1,,,332200,level_4,332999,exact,both_mapped_different
Honduras,321911,337215,205215.0,South_America,1,,,321910,level_5,337215,exact,both_mapped_different
Taiwan,311612,326121,204495.0,Asia,1,,,31161A,exact,326120,level_5,both_mapped_different
Malaysia,311999,114119,204332.0,Asia,1,,,311990,level_5,114000,level_3,both_mapped_different
Turkey,331420,332999,203612.0,Europe,2,,,331420,level_5,332999,exact,both_mapped_different
Latvia,337127,337215,203320.0,Europe,1,,,337127,exact,337215,exact,both_mapped_different
Spain,325510,325520,203265.0,Europe,1,,,325510,level_5,325520,level_5,both_mapped_different
Netherlands,326299,337215,203191.0,Europe,1,,,326290,level_5,337215,exact,both_mapped_different
Germany,325180,325613,203117.0,Europe,1,,,325180,level_5,325610,level_5,both_mapped_different
France,334510,339112,202810.0,Europe,1,,,334510,exact,339112,exact,both_mapped_different
Morocco,327991,327120,202809.0,Africa,1,,,327991,exact,327100,level_4,both_mapped_different
Netherlands,322299,322121,202669.0,Europe,5,,,322299,exact,322120,level_5,both_mapped_different
Hong Kong,990000,315190,202485.0,Asia,1,,,S00300,noncomparable_imports,315000,level_3,both_mapped_different
United Kingdom,332216,332111,202401.0,Europe,1,,,332200,level_4,33211A,exact,both_mapped_different
Switzerland,332216,332111,202208.0,Europe,1,,,332200,level_4,33211A,exact,both_mapped_different
France,326199,314120,202182.0,Europe,2,,,326190,level_5,314120,level_5,both_mapped_different
Brazil,331313,331314,202147.0,South_America,1,,,331313,exact,331314,exact,both_mapped_different
South Africa,331313,331314,201860.0,Africa,1,,,331313,exact,331314,exact,both_mapped_different
Japan,322120,322230,199997.0,Asia,1,,,322120,level_5,322230,level_5,both_mapped_different
Japan,327910,331511,199915.0,Asia,1,,,327910,level_5,331510,level_5,both_mapped_different
Japan,990000,337212,199833.0,Asia,1,,,S00300,noncomparable_imports,33721A,exact,both_mapped_different
Latvia,336390,333111,199698.0,Europe,2,,,336390,level_5,333111,exact,both_mapped_different
Brazil,334515,337127,199641.0,South_America,1,,,334515,exact,337127,exact,both_mapped_different
Italy,325180,325613,199538.0,Europe,2,,,325180,level_5,325610,level_5,both_mapped_different
Switzerland,334419,333314,199449.0,Europe,2,,,33441A,exact,333314,exact,both_mapped_different
Eswatini,339930,339910,198823.0,Africa,1,,,339930,level_5,339910,level_5,both_mapped_different
Hong Kong,327991,327390,198786.0,Asia,1,,,327991,exact,327390,level_5,both_mapped_different
Haiti,325211,910000,198019.0,South_America,2,,,325211,exact,S00300,noncomparable_imports,both_mapped_different
United Kingdom,339113,316998,197923.0,Europe,1,,,339113,exact,316000,level_3,both_mapped_different
United Kingdom,336330,333111,197901.0,Europe,2,,,3363A0,level_5,333111,exact,both_mapped_different
Turkey,332510,335999,197828.0,Europe,2,,,332500,level_4,335999,exact,both_mapped_different
Norway,115210,311613,197626.0,Europe,1,,,115000,level_3,31161A,exact,both_mapped_different
Ireland,332420,332439,197587.0,Europe,2,,,332420,level_5,332430,level_5,both_mapped_different
Taiwan,332215,332999,197352.0,Asia,2,,,332200,level_4,332999,exact,both_mapped_different
Austria,321219,327390,197086.0,Europe,1,,,321200,level_4,327390,level_5,both_mapped_different
Netherlands,339112,335999,196272.0,Europe,1,,,339112,exact,335999,exact,both_mapped_different
Hungary,335929,331318,195762.0,Europe,1,,,335920,level_5,33131B,exact,both_mapped_different
India,332215,339910,195534.0,Asia,1,,,332200,level_4,339910,level_5,both_mapped_different
Romania,335932,326199,195515.0,Europe,1,,,335930,level_5,326190,level_5,both_mapped_different
Israel,339930,339910,195443.0,Asia,2,,,339930,level_5,339910,level_5,both_mapped_different
Mexico,334516,334519,195246.0,North_America,1,,,334516,exact,33451A,exact,both_mapped_different
Mexico,332323,331491,195084.0,North_America,1,,,332320,level_5,331490,level_5,both_mapped_different
France,322130,322220,194957.0,Europe,2,,,322130,level_5,322220,level_5,both_mapped_different
Philippines,335932,326199,194924.0,Asia,1,,,335930,level_5,326190,level_5,both_mapped_different
Hong Kong,990000,332216,194886.0,Asia,1,,,S00300,noncomparable_imports,332200,level_4,both_mapped_different
New Zealand,337215,337127,194750.0,Oceana,1,,,337215,exact,337127,exact,both_mapped_different
Malaysia,339930,339910,194728.0,Asia,1,,,339930,level_5,339910,level_5,both_mapped_different
El Salvador,314999,325220,194671.0,South_America,1,,,314900,level_4,3252A0,level_5,both_mapped_different
South Africa,335999,334419,194661.0,Africa,1,,,335999,exact,33441A,exact,both_mapped_different
Spain,335220,332216,194471.0,Europe,2,,,335220,exact,332200,level_4,both_mapped_different
Czech Republic,336390,336214,194272.0,Europe,1,,,336390,level_5,336214,exact,both_mapped_different
Nicaragua,337127,337124,194225.0,South_America,1,,,337127,exact,33712N,exact,both_mapped_different
Mexico,990000,325413,193461.0,North_America,1,,,S00300,noncomparable_imports,325413,exact,both_mapped_different
France,327991,327120,193352.0,Europe,1,,,327991,exact,327100,level_4,both_mapped_different
Italy,334413,335999,193316.0,Europe,1,,,334413,exact,335999,exact,both_mapped_different
Brazil,333519,331511,193245.0,South_America,3,,,33351B,exact,331510,level_5,both_mapped_different
Tonga,325411,111339,193127.0,Oceana,1,,,325411,exact,111300,level_4,both_mapped_different
Greece,325510,325520,193101.0,Europe,1,,,325510,level_5,325520,level_5,both_mapped_different
Dominican Republic,339113,337127,192938.0,South_America,1,,,339113,exact,337127,exact,both_mapped_different
Netherlands,212390,339910,192605.0,Europe,1,,,2123A0,level_5,339910,level_5,both_mapped_different
Philippines,326199,314120,192392.0,Asia,2,,,326190,level_5,314120,level_5,both_mapped_different
Indonesia,326199,314120,192388.0,Asia,2,,,326190,level_5,314120,level_5,both_mapped_different
Chile,321912,113310,192321.0,South_America,1,,,321910,level_5,113000,level_3,both_mapped_different
"Korea, South",339113,326199,192274.0,Asia,1,,,339113,exact,326190,level_5,both_mapped_different
Romania,326299,337215,192105.0,Europe,1,,,326290,level_5,337215,exact,both_mapped_different
Dominican Republic,327991,327390,192093.0,South_America,2,,,327991,exact,327390,level_5,both_mapped_different
Australia,327991,327390,191652.0,Oceana,2,,,327991,exact,327390,level_5,both_mapped_different
Lithuania,337215,337127,191630.0,Europe,1,,,337215,exact,337127,exact,both_mapped_different
Lithuania,334512,334513,191597.0,Europe,2,,,334512,exact,334513,exact,both_mapped_different
Ukraine,325998,325199,191565.0,Europe,2,,,3259A0,level_5,325190,level_5,both_mapped_different
India,327910,332999,191505.0,Asia,1,,,327910,level_5,332999,exact,both_mapped_different
Germany,333995,333618,191198.0,Europe,1,,,33399B,exact,333618,exact,both_mapped_different
Latvia,333241,333111,190659.0,Europe,2,,,33329A,exact,333111,exact,both_mapped_different
Belgium,339999,332999,190644.0,Europe,2,,,339990,level_5,332999,exact,both_mapped_different
Germany,321912,113310,190162.0,Europe,3,,,321910,level_5,113000,level_3,both_mapped_different
Turkey,339999,327110,190077.0,Europe,3,,,339990,level_5,327100,level_4,both_mapped_different
France,333415,335312,189698.0,Europe,1,,,333415,exact,335312,exact,both_mapped_different
United Arab Emirates,325998,325411,189500.0,Asia,1,,,3259A0,level_5,325411,exact,both_mapped_different
Turkey,334515,337127,189360.0,Europe,1,,,334515,exact,337127,exact,both_mapped_different
Colombia,322230,323111,189302.0,South_America,2,,,322230,level_5,323110,level_5,both_mapped_different
Colombia,332111,332999,189037.0,South_America,2,,,33211A,exact,332999,exact,both_mapped_different
Pakistan,332111,332999,188685.0,Asia,2,,,33211A,exact,332999,exact,both_mapped_different
Slovakia,930000,336411,188507.0,Europe,1,,,S00300,noncomparable_imports,336411,exact,both_mapped_different
Hong Kong,322211,322299,188457.0,Asia,1,,,322210,level_5,322299,exact,both_mapped_different
Czech Republic,332510,335999,188145.0,Europe,1,,,332500,level_4,335999,exact,both_mapped_different
Germany,333415,335312,188090.0,Europe,1,,,333415,exact,335312,exact,both_mapped_different
Thailand,311999,114119,187866.0,Asia,2,,,311990,level_5,114000,level_3,both_mapped_different
Macedonia,334510,339113,187665.0,Europe,1,,,334510,exact,339113,exact,both_mapped_different
Israel,311612,326121,187551.0,Asia,2,,,31161A,exact,326120,level_5,both_mapped_different
Sweden,326299,337215,187549.0,Europe,1,,,326290,level_5,337215,exact,both_mapped_different
Norway,325998,325613,187261.0,Europe,1,,,3259A0,level_5,325610,level_5,both_mapped_different
Hungary,334310,334220,187062.0,Europe,1,,,334300,level_4,334220,level_5,both_mapped_different
Ecuador,333923,333999,187019.0,South_America,1,,,333920,level_5,33399A,exact,both_mapped_different
Slovenia,336612,326299,186824.0,Europe,1,,,336612,exact,326290,level_5,both_mapped_different
Sri Lanka,332420,332439,186615.0,Asia,1,,,332420,level_5,332430,level_5,both_mapped_different
Finland,333996,333618,186426.0,Europe,1,,,33399B,exact,333618,exact,both_mapped_different
Malaysia,322230,323111,186345.0,Asia,2,,,322230,level_5,323110,level_5,both_mapped_different
Italy,334516,334519,186124.0,Europe,1,,,334516,exact,33451A,exact,both_mapped_different
India,333924,333120,186000.0,Asia,1,,,333920,level_5,333120,level_5,both_mapped_different
Poland,910000,325199,185930.0,Europe,1,,,S00300,noncomparable_imports,325190,level_5,both_mapped_different
Philippines,334310,334220,185706.0,Asia,2,,,334300,level_4,334220,level_5,both_mapped_different
Turkey,322120,322299,185544.0,Europe,1,,,322120,level_5,322299,exact,both_mapped_different
Croatia,325199,311224,185154.0,Europe,1,,,325190,level_5,311224,exact,both_mapped_different
Malaysia,334515,337127,184465.0,Asia,1,,,334515,exact,337127,exact,both_mapped_different
Peru,325998,325199,184355.0,South_America,3,,,3259A0,level_5,325190,level_5,both_mapped_different
Netherlands,333415,337127,184225.0,Europe,1,,,333415,exact,337127,exact,both_mapped_different
Mexico,322120,322220,184209.0,North_America,1,,,322120,level_5,322220,level_5,both_mapped_different
Singapore,333923,333999,183933.0,Asia,2,,,333920,level_5,33399A,exact,both_mapped_different
Taiwan,333511,333249,183722.0,Asia,1,,,333511,exact,33329A,exact,both_mapped_different
Italy,335929,331318,183465.0,Europe,1,,,335920,level_5,33131B,exact,both_mapped_different
Belgium,335312,334419,183365.0,Europe,1,,,335312,exact,33441A,exact,both_mapped_different
Spain,325199,325211,183191.0,Europe,1,,,325190,level_5,325211,exact,both_mapped_different
Austria,325199,325212,182974.0,Europe,1,,,325190,level_5,3252A0,exact,both_mapped_different
Belgium,334413,335999,182655.0,Europe,1,,,334413,exact,335999,exact,both_mapped_different
Switzerland,324199,325998,182247.0,Europe,2,,,324190,level_5,3259A0,level_5,both_mapped_different
Haiti,322230,323111,181500.0,South_America,1,,,322230,level_5,323110,level_5,both_mapped_different
Turkey,336612,326299,181202.0,Europe,1,,,336612,exact,326290,level_5,both_mapped_different
China,332215,339910,181012.0,Asia,2,,,332200,level_4,339910,level_5,both_mapped_different
Madagascar,327999,339910,180893.0,Africa,1,,,327999,exact,339910,level_5,both_mapped_different
Spain,334419,334310,180876.0,Europe,1,,,33441A,exact,334300,level_4,both_mapped_different
Indonesia,322130,322220,180853.0,Asia,1,,,322130,level_5,322220,level_5,both_mapped_different
"Korea, South",322120,322299,180812.0,Asia,2,,,322120,level_5,322299,exact,both_mapped_different
United Kingdom,325411,111339,180586.0,Europe,1,,,325411,exact,111300,level_4,both_mapped_different
Indonesia,322211,322299,180574.0,Asia,1,,,322210,level_5,322299,exact,both_mapped_different
Lebanon,325199,325998,180437.0,Asia,2,,,325190,level_5,3259A0,level_5,both_mapped_different
Moldova,111335,115114,180090.0,Europe,1,,,111300,level_4,115000,level_3,both_mapped_different
Spain,311942,325130,180073.0,Europe,1,,,311940,level_5,325130,level_5,both_mapped_different
Ireland,339940,326199,180041.0,Europe,1,,,339940,level_5,326190,level_5,both_mapped_different
United Kingdom,325211,910000,179402.0,Europe,3,,,325211,exact,S00300,noncomparable_imports,both_mapped_different
France,322120,322220,179316.0,Europe,1,,,322120,level_5,322220,level_5,both_mapped_different
India,339113,314120,179118.0,Asia,1,,,339113,exact,314120,level_5,both_mapped_different
Canada,311612,326121,178938.0,North_America,2,,,31161A,exact,326120,level_5,both_mapped_different
Austria,325199,311224,178919.0,Europe,1,,,325190,level_5,311224,exact,both_mapped_different
Hungary,322211,322299,178742.0,Europe,1,,,322210,level_5,322299,exact,both_mapped_different
Czech Republic,325998,325613,178645.0,Europe,1,,,3259A0,level_5,325610,level_5,both_mapped_different
China,990000,336611,178546.0,Asia,1,,,S00300,noncomparable_imports,336611,exact,both_mapped_different
France,334510,335999,178374.0,Europe,1,,,334510,exact,335999,exact,both_mapped_different
Dominican Republic,325180,325130,178235.0,South_America,2,,,325180,level_5,325130,level_5,both_mapped_different
Taiwan,333515,332216,178114.0,Asia,1,,,33351B,exact,332200,level_4,both_mapped_different
Slovenia,334111,334118,177837.0,Europe,1,,,334111,exact,334118,exact,both_mapped_different
Spain,311421,311411,177809.0,Europe,1,,,311420,level_5,311410,level_5,both_mapped_different
Madagascar,325998,325620,177631.0,Africa,1,,,3259A0,level_5,325620,level_5,both_mapped_different
Turkey,333923,333999,177543.0,Europe,2,,,333920,level_5,33399A,exact,both_mapped_different
Colombia,335220,333414,177533.0,South_America,4,,,335220,exact,333414,exact,both_mapped_different
Latvia,339930,336411,177109.0,Europe,2,,,339930,level_5,336411,exact,both_mapped_different
Austria,990000,334516,176702.0,Europe,1,,,S00300,noncomparable_imports,334516,exact,both_mapped_different
Costa Rica,325411,111339,176624.0,South_America,1,,,325411,exact,111300,level_4,both_mapped_different
Belgium,321918,321999,176290.0,Europe,1,,,321910,level_5,3219A0,level_5,both_mapped_different
Italy,332216,332111,176144.0,Europe,1,,,332200,level_4,33211A,exact,both_mapped_different
Belgium,337215,337127,175965.0,Europe,1,,,337215,exact,337127,exact,both_mapped_different
Estonia,335220,333414,175601.0,Europe,2,,,335220,exact,333414,exact,both_mapped_different
Norway,336612,326299,175592.0,Europe,1,,,336612,exact,326290,level_5,both_mapped_different
Estonia,335921,327215,175405.0,Europe,2,,,335920,level_5,327200,level_4,both_mapped_different
Hungary,333514,332216,175211.0,Europe,1,,,333514,exact,332200,level_4,both_mapped_different
Croatia,337127,337124,174860.0,Europe,1,,,337127,exact,33712N,exact,both_mapped_different
South Africa,332721,336350,174551.0,Africa,1,,,332720,level_5,336350,level_5,both_mapped_different
Belgium,332215,331511,174457.0,Europe,2,,,332200,level_4,331510,level_5,both_mapped_different
China,314999,990000,174332.0,Asia,5,,,314900,level_4,S00300,noncomparable_imports,both_mapped_different
Germany,327420,327999,173703.0,Europe,1,,,327400,level_4,327999,exact,both_mapped_different
France,337127,337215,173318.0,Europe,1,,,337127,exact,337215,exact,both_mapped_different
France,339910,114119,172820.0,Europe,1,,,339910,level_5,114000,level_3,both_mapped_different
Slovakia,910000,331491,172788.0,Europe,1,,,S00300,noncomparable_imports,331490,level_5,both_mapped_different
Mexico,325180,325311,172770.0,North_America,1,,,325180,level_5,325310,level_5,both_mapped_different
Netherlands,339940,326199,172572.0,Europe,1,,,339940,level_5,326190,level_5,both_mapped_different
Bulgaria,311999,114119,172493.0,Europe,1,,,311990,level_5,114000,level_3,both_mapped_different
France,334419,334310,172046.0,Europe,2,,,33441A,exact,334300,level_4,both_mapped_different
"Korea, South",339930,339910,171985.0,Asia,1,,,339930,level_5,339910,level_5,both_mapped_different
New Zealand,336612,326299,171884.0,Oceana,1,,,336612,exact,326290,level_5,both_mapped_different
India,327420,327999,171868.0,Asia,1,,,327400,level_4,327999,exact,both_mapped_different
Indonesia,339113,315990,171728.0,Asia,1,,,339113,exact,315000,level_3,both_mapped_different
Ukraine,326299,337215,171690.0,Europe,1,,,326290,level_5,337215,exact,both_mapped_different
"Korea, South",327999,339910,171642.0,Asia,2,,,327999,exact,339910,level_5,both_mapped_different
Taiwan,333519,331511,171304.0,Asia,1,,,33351B,exact,331510,level_5,both_mapped_different
Austria,336310,333618,171293.0,Europe,1,,,336310,level_5,333618,exact,both_mapped_different
Philippines,334111,334118,170997.0,Asia,1,,,334111,exact,334118,exact,both_mapped_different
India,333241,333111,170996.0,Asia,2,,,33329A,exact,333111,exact,both_mapped_different
South Africa,339999,332999,170763.0,Africa,1,,,339990,level_5,332999,exact,both_mapped_different
United Kingdom,990000,337212,170759.0,Europe,1,,,S00300,noncomparable_imports,33721A,exact,both_mapped_different
Brazil,336211,333120,170700.0,South_America,1,,,336211,exact,333120,level_5,both_mapped_different
Canada,313230,327212,170634.0,North_America,1,,,313200,level_4,327200,level_4,both_mapped_different
Romania,326150,326113,170533.0,Europe,2,,,326150,level_5,326110,level_5,both_mapped_different
Guyana,321912,113310,169840.0,South_America,1,,,321910,level_5,113000,level_3,both_mapped_different
Turkey,335932,326199,169676.0,Europe,1,,,335930,level_5,326190,level_5,both_mapped_different
Honduras,333924,336999,169369.0,South_America,1,,,333920,level_5,336999,exact,both_mapped_different
Tunisia,322230,323111,169286.0,Africa,2,,,322230,level_5,323110,level_5,both_mapped_different
Turkey,327212,327993,169058.0,Europe,1,,,327200,level_4,327993,exact,both_mapped_different
Mali,335999,335929,168693.0,Africa,1,,,335999,exact,335920,level_5,both_mapped_different
Indonesia,335220,333414,168647.0,Asia,4,,,335220,exact,333414,exact,both_mapped_different
Italy,311612,326121,168492.0,Europe,2,,,31161A,exact,326120,level_5,both_mapped_different
Ireland,326150,326113,168028.0,Europe,2,,,326150,level_5,326110,level_5,both_mapped_different
United Arab Emirates,314999,990000,167415.0,Asia,1,,,314900,level_4,S00300,noncomparable_imports,both_mapped_different
Argentina,337215,337127,167413.0,South_America,1,,,337215,exact,337127,exact,both_mapped_different
France,333996,333618,167283.0,Europe,1,,,33399B,exact,333618,exact,both_mapped_different
Turkey,333111,333241,167183.0,Europe,1,,,333111,exact,33329A,exact,both_mapped_different
Australia,333241,333111,166978.0,Oceana,2,,,33329A,exact,333111,exact,both_mapped_different
Poland,334511,339930,166713.0,Europe,1,,,334511,exact,339930,level_5,both_mapped_different
Mexico,332721,333111,166542.0,North_America,2,,,332720,level_5,333111,exact,both_mapped_different
Turkey,322130,322220,166481.0,Europe,4,,,322130,level_5,322220,level_5,both_mapped_different
Spain,326199,314120,166446.0,Europe,2,,,326190,level_5,314120,level_5,both_mapped_different
Austria,334419,333314,166261.0,Europe,2,,,33441A,exact,333314,exact,both_mapped_different
United Kingdom,333996,333618,166143.0,Europe,1,,,33399B,exact,333618,exact,both_mapped_different
Brazil,322230,323111,165748.0,South_America,3,,,322230,level_5,323110,level_5,both_mapped_different
Austria,334515,333999,165600.0,Europe,1,,,334515,exact,33399A,exact,both_mapped_different
"Korea, South",313210,314999,165536.0,Asia,1,,,313200,level_4,314900,level_4,both_mapped_different
Slovenia,334512,334513,165389.0,Europe,2,,,334512,exact,334513,exact,both_mapped_different
Israel,334419,334413,165252.0,Asia,1,,,33441A,exact,334413,exact,both_mapped_different
Costa Rica,334310,334220,165037.0,South_America,1,,,334300,level_4,334220,level_5,both_mapped_different
United Kingdom,326199,314120,164668.0,Europe,2,,,326190,level_5,314120,level_5,both_mapped_different
Hong Kong,335932,326199,164575.0,Asia,1,,,335930,level_5,326190,level_5,both_mapped_different
Portugal,339930,339910,164534.0,Europe,1,,,339930,level_5,339910,level_5,both_mapped_different
Greece,333241,333111,164309.0,Europe,2,,,33329A,exact,333111,exact,both_mapped_different
Poland,339112,335999,164269.0,Europe,1,,,339112,exact,335999,exact,both_mapped_different
Poland,331210,331110,163780.0,Europe,3,,,331200,level_4,331110,level_4,both_mapped_different
Latvia,332618,331222,163495.0,Europe,1,,,332600,level_4,331200,level_4,both_mapped_different
"Korea, South",336612,336611,163485.0,Asia,1,,,336612,exact,336611,exact,both_mapped_different
Saudi Arabia,335999,335929,163365.0,Asia,3,,,335999,exact,335920,level_5,both_mapped_different
Austria,339113,315280,163206.0,Europe,1,,,339113,exact,315000,level_3,both_mapped_different
Taiwan,334514,334519,163087.0,Asia,1,,,334514,exact,33451A,exact,both_mapped_different
Sweden,336120,336211,162969.0,Europe,1,,,336120,level_5,336211,exact,both_mapped_different
Spain,332439,332999,162249.0,Europe,1,,,332430,level_5,332999,exact,both_mapped_different
Netherlands,333613,336310,162160.0,Europe,2,,,333613,exact,336310,level_5,both_mapped_different
Denmark,331410,331492,161716.0,Europe,1,,,331410,exact,331490,level_5,both_mapped_different
Thailand,322211,322299,161690.0,Asia,1,,,322210,level_5,322299,exact,both_mapped_different
Brazil,333111,336212,161545.0,South_America,1,,,333111,exact,336212,exact,both_mapped_different
Brazil,325998,325613,161308.0,South_America,1,,,3259A0,level_5,325610,level_5,both_mapped_different
Singapore,322211,322299,161288.0,Asia,1,,,322210,level_5,322299,exact,both_mapped_different
Romania,337127,337124,161047.0,Europe,2,,,337127,exact,33712N,exact,both_mapped_different
Taiwan,333111,333241,161026.0,Asia,1,,,333111,exact,33329A,exact,both_mapped_different
Belgium,336612,326299,160948.0,Europe,1,,,336612,exact,326290,level_5,both_mapped_different
Mexico,325199,325212,160491.0,North_America,2,,,325190,level_5,3252A0,exact,both_mapped_different
Netherlands,335929,331318,160487.0,Europe,1,,,335920,level_5,33131B,exact,both_mapped_different
Germany,332721,333111,160000.0,Europe,2,,,332720,level_5,333111,exact,both_mapped_different
Luxembourg,334512,334513,159610.0,Europe,2,,,334512,exact,334513,exact,both_mapped_different
Laos,337127,337124,159557.0,Asia,1,,,337127,exact,33712N,exact,both_mapped_different
Malta,311710,114112,159395.0,Europe,1,,,311700,level_4,114000,level_3,both_mapped_different
Lithuania,313230,327212,159286.0,Europe,1,,,313200,level_4,327200,level_4,both_mapped_different
Cambodia,990000,337212,159173.0,Asia,1,,,S00300,noncomparable_imports,33721A,exact,both_mapped_different
Hong Kong,335929,331318,159133.0,Asia,1,,,335920,level_5,33131B,exact,both_mapped_different
Hong Kong,337127,337215,159060.0,Asia,1,,,337127,exact,337215,exact,both_mapped_different
Switzerland,332112,332999,158962.0,Europe,1,,,33211A,exact,332999,exact,both_mapped_different
Sweden,336390,336214,158934.0,Europe,1,,,336390,level_5,336214,exact,both_mapped_different
Hong Kong,325199,325998,158814.0,Asia,4,,,325190,level_5,3259A0,level_5,both_mapped_different
Nigeria,325199,325998,158765.0,Africa,1,,,325190,level_5,3259A0,level_5,both_mapped_different
Germany,336612,326299,158714.0,Europe,1,,,336612,exact,326290,level_5,both_mapped_different
Belgium,332439,332999,158336.0,Europe,1,,,332430,level_5,332999,exact,both_mapped_different
India,327332,327999,158301.0,Asia,1,,,327330,level_5,327999,exact,both_mapped_different
Malaysia,333519,331511,158300.0,Asia,1,,,33351B,exact,331510,level_5,both_mapped_different
Italy,333995,333618,158160.0,Europe,1,,,33399B,exact,333618,exact,both_mapped_different
Italy,339112,335999,158131.0,Europe,1,,,339112,exact,335999,exact,both_mapped_different
United Arab Emirates,332991,332722,157964.0,Asia,1,,,332991,exact,332720,level_5,both_mapped_different
Thailand,333415,335312,157775.0,Asia,1,,,333415,exact,335312,exact,both_mapped_different
Burma,333924,336999,157694.0,Asia,1,,,333920,level_5,336999,exact,both_mapped_different
China,910000,331491,157393.0,Asia,1,,,S00300,noncomparable_imports,331490,level_5,both_mapped_different
Mexico,323111,323120,157317.0,North_America,1,,,323110,level_5,323120,level_5,both_mapped_different
India,325412,312111,157301.0,Asia,1,,,325412,exact,312110,level_5,both_mapped_different
Brazil,332439,332999,157240.0,South_America,1,,,332430,level_5,332999,exact,both_mapped_different
Japan,332721,333111,157109.0,Asia,2,,,332720,level_5,333111,exact,both_mapped_different
Finland,333111,333120,157084.0,Europe,1,,,333111,exact,333120,level_5,both_mapped_different
India,334419,334310,156868.0,Asia,2,,,33441A,exact,334300,level_4,both_mapped_different
China,314999,325220,156839.0,Asia,2,,,314900,level_4,3252A0,level_5,both_mapped_different
India,316990,339999,156610.0,Asia,1,,,316000,level_3,339990,level_5,both_mapped_different
Tunisia,327991,327120,156588.0,Africa,1,,,327991,exact,327100,level_4,both_mapped_different
Singapore,332111,332999,156328.0,Asia,1,,,33211A,exact,332999,exact,both_mapped_different
India,339113,316998,156181.0,Asia,1,,,339113,exact,316000,level_3,both_mapped_different
China,326299,313320,156089.0,Asia,1,,,326290,level_5,313300,level_4,both_mapped_different
India,332216,332111,155893.0,Asia,1,,,332200,level_4,33211A,exact,both_mapped_different
India,311710,114112,155691.0,Asia,4,,,311700,level_4,114000,level_3,both_mapped_different
Latvia,327212,327993,155602.0,Europe,2,,,327200,level_4,327993,exact,both_mapped_different
Ireland,314999,990000,155500.0,Europe,1,,,314900,level_4,S00300,noncomparable_imports,both_mapped_different
Dominican Republic,325199,325212,155320.0,South_America,1,,,325190,level_5,3252A0,exact,both_mapped_different
Morocco,335932,326199,154742.0,Africa,1,,,335930,level_5,326190,level_5,both_mapped_different
Taiwan,339113,315280,154692.0,Asia,1,,,339113,exact,315000,level_3,both_mapped_different
Thailand,325199,325212,154567.0,Asia,2,,,325190,level_5,3252A0,exact,both_mapped_different
Ireland,334512,334513,154389.0,Europe,2,,,334512,exact,334513,exact,both_mapped_different
Turkey,325998,325613,153765.0,Europe,1,,,3259A0,level_5,325610,level_5,both_mapped_different
Lebanon,325998,325199,153701.0,Asia,1,,,3259A0,level_5,325190,level_5,both_mapped_different
Switzerland,327212,327993,153694.0,Europe,2,,,327200,level_4,327993,exact,both_mapped_different
Dominican Republic,322120,322130,153252.0,South_America,1,,,322120,level_5,322130,level_5,both_mapped_different
Turkey,333996,333914,153123.0,Europe,1,,,33399B,exact,333914,exact,both_mapped_different
Malaysia,324199,325998,152989.0,Asia,1,,,324190,level_5,3259A0,level_5,both_mapped_different
Bosnia and Herzegovina,325199,325998,152641.0,Europe,1,,,325190,level_5,3259A0,level_5,both_mapped_different
Slovakia,327212,327993,152301.0,Europe,1,,,327200,level_4,327993,exact,both_mapped_different
Dominican Republic,326140,326113,152188.0,South_America,1,,,326140,level_5,326110,level_5,both_mapped_different
Australia,322220,332999,151995.0,Oceana,2,,,322220,level_5,332999,exact,both_mapped_different
Czech Republic,339113,337127,151555.0,Europe,1,,,339113,exact,337127,exact,both_mapped_different
India,325180,325613,151040.0,Asia,2,,,325180,level_5,325610,level_5,both_mapped_different
Poland,325510,325520,150883.0,Europe,1,,,325510,level_5,325520,level_5,both_mapped_different
Colombia,332112,332999,150606.0,South_America,1,,,33211A,exact,332999,exact,both_mapped_different
Estonia,334419,333314,150313.0,Europe,1,,,33441A,exact,333314,exact,both_mapped_different
Hong Kong,325211,910000,150231.0,Asia,2,,,325211,exact,S00300,noncomparable_imports,both_mapped_different
Malaysia,325998,325620,150091.0,Asia,1,,,3259A0,level_5,325620,level_5,both_mapped_different
Austria,325992,990000,150051.0,Europe,2,,,3259A0,level_5,S00300,noncomparable_imports,both_mapped_different
Czech Republic,335929,331318,149833.0,Europe,1,,,335920,level_5,33131B,exact,both_mapped_different
Guyana,324199,325998,149781.0,South_America,1,,,324190,level_5,3259A0,level_5,both_mapped_different
Ireland,334111,334118,149579.0,Europe,1,,,334111,exact,334118,exact,both_mapped_different
Vietnam,334419,334310,149430.0,Asia,1,,,33441A,exact,334300,level_4,both_mapped_different
"Korea, South",311421,311411,149062.0,Asia,1,,,311420,level_5,311410,level_5,both_mapped_different
Greece,321911,337215,149045.0,Europe,1,,,321910,level_5,337215,exact,both_mapped_different
Hong Kong,334111,334118,149033.0,Asia,1,,,334111,exact,334118,exact,both_mapped_different
Vietnam,333111,333241,149000.0,Asia,1,,,333111,exact,33329A,exact,both_mapped_different
Colombia,334310,334220,148966.0,South_America,1,,,334300,level_4,334220,level_5,both_mapped_different
Switzerland,336612,336611,148646.0,Europe,2,,,336612,exact,336611,exact,both_mapped_different
Chile,339940,326199,148518.0,South_America,1,,,339940,level_5,326190,level_5,both_mapped_different
Spain,327420,327999,148405.0,Europe,1,,,327400,level_4,327999,exact,both_mapped_different
United Kingdom,339113,315280,148388.0,Europe,3,,,339113,exact,315000,level_3,both_mapped_different
Brazil,332215,331511,148319.0,South_America,2,,,332200,level_4,331510,level_5,both_mapped_different
India,333120,336120,148000.0,Asia,1,,,333120,level_5,336120,level_5,both_mapped_different
Romania,332991,332722,147972.0,Europe,1,,,332991,exact,332720,level_5,both_mapped_different
Belgium,322211,322299,147941.0,Europe,1,,,322210,level_5,322299,exact,both_mapped_different
Canada,339940,323111,147645.0,North_America,1,,,339940,level_5,323110,level_5,both_mapped_different
Austria,332216,332111,147583.0,Europe,1,,,332200,level_4,33211A,exact,both_mapped_different
Thailand,327910,331511,147201.0,Asia,1,,,327910,level_5,331510,level_5,both_mapped_different
"Korea, South",332721,333111,147148.0,Asia,2,,,332720,level_5,333111,exact,both_mapped_different
Romania,322230,323111,146813.0,Europe,2,,,322230,level_5,323110,level_5,both_mapped_different
Slovakia,313230,327212,146300.0,Europe,1,,,313200,level_4,327200,level_4,both_mapped_different
China,334516,333413,146010.0,Asia,1,,,334516,exact,333413,exact,both_mapped_different
Australia,930000,336411,146000.0,Oceana,2,,,S00300,noncomparable_imports,336411,exact,both_mapped_different
Brazil,313230,327215,145777.0,South_America,1,,,313200,level_4,327200,level_4,both_mapped_different
Poland,333415,335312,145736.0,Europe,1,,,333415,exact,335312,exact,both_mapped_different
Italy,336120,333111,145214.0,Europe,1,,,336120,level_5,333111,exact,both_mapped_different
Singapore,324191,325613,145084.0,Asia,2,,,324190,level_5,325610,level_5,both_mapped_different
Latvia,990000,325413,145067.0,Europe,1,,,S00300,noncomparable_imports,325413,exact,both_mapped_different
Singapore,333613,336310,144495.0,Asia,2,,,333613,exact,336310,level_5,both_mapped_different
Netherlands,327120,327992,144474.0,Europe,1,,,327100,level_4,327992,exact,both_mapped_different
Taiwan,333111,333120,144426.0,Asia,1,,,333111,exact,333120,level_5,both_mapped_different
"Korea, South",325510,325998,144381.0,Asia,1,,,325510,level_5,3259A0,level_5,both_mapped_different
Turkey,336350,335312,144191.0,Europe,1,,,336350,level_5,335312,exact,both_mapped_different
Brazil,335932,327212,144180.0,South_America,1,,,335930,level_5,327200,level_4,both_mapped_different
Bosnia and Herzegovina,325920,332993,144000.0,Europe,1,,,3259A0,level_5,33299A,exact,both_mapped_different
France,332215,339910,143958.0,Europe,2,,,332200,level_4,339910,level_5,both_mapped_different
Switzerland,322211,322299,143736.0,Europe,1,,,322210,level_5,322299,exact,both_mapped_different
Ireland,336390,336214,143655.0,Europe,1,,,336390,level_5,336214,exact,both_mapped_different
Taiwan,332999,331491,143611.0,Asia,1,,,332999,exact,331490,level_5,both_mapped_different
Costa Rica,333111,333241,143565.0,South_America,1,,,333111,exact,33329A,exact,both_mapped_different
Lithuania,332618,331222,143508.0,Europe,1,,,332600,level_4,331200,level_4,both_mapped_different
Switzerland,327390,327999,143312.0,Europe,1,,,327390,level_5,327999,exact,both_mapped_different
Australia,335929,331318,143232.0,Oceana,1,,,335920,level_5,33131B,exact,both_mapped_different
Canada,311999,114119,143088.0,North_America,2,,,311990,level_5,114000,level_3,both_mapped_different
Bosnia and Herzegovina,321911,337215,142840.0,Europe,1,,,321910,level_5,337215,exact,both_mapped_different
Canada,327332,327999,142772.0,North_America,1,,,327330,level_5,327999,exact,both_mapped_different
Paraguay,990000,333111,142750.0,South_America,1,,,S00300,noncomparable_imports,333111,exact,both_mapped_different
Sweden,339930,339910,142369.0,Europe,2,,,339930,level_5,339910,level_5,both_mapped_different
Ukraine,334515,333999,142350.0,Europe,1,,,334515,exact,33399A,exact,both_mapped_different
Poland,334419,334413,142304.0,Europe,1,,,33441A,exact,334413,exact,both_mapped_different
Germany,333996,333618,142117.0,Europe,1,,,33399B,exact,333618,exact,both_mapped_different
Czech Republic,327332,327999,141881.0,Europe,1,,,327330,level_5,327999,exact,both_mapped_different
Chile,335312,334419,141422.0,South_America,1,,,335312,exact,33441A,exact,both_mapped_different
Germany,115210,11211X,141414.0,Europe,3,,,115000,level_3,1121A0,exact,both_mapped_different
New Zealand,339999,327110,141380.0,Oceana,1,,,339990,level_5,327100,level_4,both_mapped_different
Switzerland,336390,336214,140834.0,Europe,2,,,336390,level_5,336214,exact,both_mapped_different
Greece,325194,325211,140786.0,Europe,1,,,325190,level_5,325211,exact,both_mapped_different
Indonesia,339113,326199,140632.0,Asia,1,,,339113,exact,326190,level_5,both_mapped_different
Morocco,337127,337124,140488.0,Africa,3,,,337127,exact,33712N,exact,both_mapped_different
United Kingdom,336310,333618,140329.0,Europe,2,,,336310,level_5,333618,exact,both_mapped_different
Portugal,910000,325412,140077.0,Europe,1,,,S00300,noncomparable_imports,325412,exact,both_mapped_different
Belarus,324191,325613,140028.0,Europe,1,,,324190,level_5,325610,level_5,both_mapped_different
South Africa,325510,325520,139709.0,Africa,1,,,325510,level_5,325520,level_5,both_mapped_different
Philippines,325199,325998,139647.0,Asia,4,,,325190,level_5,3259A0,level_5,both_mapped_different
Belgium,339930,339910,139516.0,Europe,2,,,339930,level_5,339910,level_5,both_mapped_different
Croatia,339930,336411,139424.0,Europe,3,,,339930,level_5,336411,exact,both_mapped_different
Turkey,333415,335312,138947.0,Europe,1,,,333415,exact,335312,exact,both_mapped_different
New Zealand,335220,333414,138898.0,Oceana,4,,,335220,exact,333414,exact,both_mapped_different
Mexico,332215,331511,138881.0,North_America,2,,,332200,level_4,331510,level_5,both_mapped_different
Japan,313230,327215,138754.0,Asia,1,,,313200,level_4,327200,level_4,both_mapped_different
Australia,333923,333999,138747.0,Oceana,2,,,333920,level_5,33399A,exact,both_mapped_different
United Arab Emirates,327991,327120,138703.0,Asia,1,,,327991,exact,327100,level_4,both_mapped_different
Netherlands,333241,333999,138615.0,Europe,1,,,33329A,exact,33399A,exact,both_mapped_different
Burma,322211,322299,138520.0,Asia,1,,,322210,level_5,322299,exact,both_mapped_different
Malaysia,339113,322291,138214.0,Asia,2,,,339113,exact,322291,exact,both_mapped_different
Kazakhstan,335220,333414,137767.0,Europe,2,,,335220,exact,333414,exact,both_mapped_different
Vietnam,336310,333618,137693.0,Asia,1,,,336310,level_5,333618,exact,both_mapped_different
Israel,313230,327215,136589.0,Asia,1,,,313200,level_4,327200,level_4,both_mapped_different
India,337127,337215,136217.0,Asia,1,,,337127,exact,337215,exact,both_mapped_different
New Zealand,327991,327120,136030.0,Oceana,1,,,327991,exact,327100,level_4,both_mapped_different
Uruguay,334510,339113,135500.0,South_America,1,,,334510,exact,339113,exact,both_mapped_different
Peru,990000,333111,135178.0,South_America,1,,,S00300,noncomparable_imports,333111,exact,both_mapped_different
Argentina,339930,339910,134703.0,South_America,2,,,339930,level_5,339910,level_5,both_mapped_different
Colombia,336390,333111,133728.0,South_America,1,,,336390,level_5,333111,exact,both_mapped_different
Switzerland,115210,11211X,133665.0,Europe,1,,,115000,level_3,1121A0,exact,both_mapped_different
Egypt,327212,327993,133634.0,Africa,1,,,327200,level_4,327993,exact,both_mapped_different
Portugal,337127,337215,133575.0,Europe,1,,,337127,exact,337215,exact,both_mapped_different
South Africa,313210,327993,133511.0,Africa,1,,,313200,level_4,327993,exact,both_mapped_different
Argentina,336390,336214,133296.0,South_America,1,,,336390,level_5,336214,exact,both_mapped_different
South Africa,331410,331492,133020.0,Africa,1,,,331410,exact,331490,level_5,both_mapped_different
Australia,334419,334413,132937.0,Oceana,1,,,33441A,exact,334413,exact,both_mapped_different
Hong Kong,327991,327120,132929.0,Asia,1,,,327991,exact,327100,level_4,both_mapped_different
Dominican Republic,990000,315190,132890.0,South_America,1,,,S00300,noncomparable_imports,315000,level_3,both_mapped_different
Kazakhstan,326150,326113,132834.0,Europe,1,,,326150,level_5,326110,level_5,both_mapped_different
El Salvador,322230,323111,132210.0,South_America,1,,,322230,level_5,323110,level_5,both_mapped_different
Singapore,334310,334220,132059.0,Asia,2,,,334300,level_4,334220,level_5,both_mapped_different
Malaysia,332112,332999,131914.0,Asia,1,,,33211A,exact,332999,exact,both_mapped_different
France,325120,325180,131766.0,Europe,1,,,325120,level_5,325180,level_5,both_mapped_different
Japan,313230,327212,131713.0,Asia,1,,,313200,level_4,327200,level_4,both_mapped_different
United Arab Emirates,322230,323111,131636.0,Asia,2,,,322230,level_5,323110,level_5,both_mapped_different
Malaysia,322130,322121,131613.0,Asia,1,,,322130,level_5,322120,level_5,both_mapped_different
Ukraine,990000,325413,131519.0,Europe,1,,,S00300,noncomparable_imports,325413,exact,both_mapped_different
Pakistan,339113,315990,131174.0,Asia,2,,,339113,exact,315000,level_3,both_mapped_different
United Arab Emirates,325211,910000,131140.0,Asia,2,,,325211,exact,S00300,noncomparable_imports,both_mapped_different
Canada,325412,312111,131085.0,North_America,1,,,325412,exact,312110,level_5,both_mapped_different
Switzerland,325211,910000,130743.0,Europe,2,,,325211,exact,S00300,noncomparable_imports,both_mapped_different
Croatia,331210,331110,130630.0,Europe,1,,,331200,level_4,331110,level_4,both_mapped_different
Netherlands,336612,326299,130390.0,Europe,1,,,336612,exact,326290,level_5,both_mapped_different
United Arab Emirates,333924,336999,130000.0,Asia,1,,,333920,level_5,336999,exact,both_mapped_different
Slovakia,333515,333517,129607.0,Europe,2,,,33351B,exact,333517,exact,both_mapped_different
Thailand,336330,333111,129358.0,Asia,2,,,3363A0,level_5,333111,exact,both_mapped_different
France,322120,322299,129351.0,Europe,2,,,322120,level_5,322299,exact,both_mapped_different
New Zealand,339930,339910,129327.0,Oceana,2,,,339930,level_5,339910,level_5,both_mapped_different
Netherlands,333995,333618,129199.0,Europe,1,,,33399B,exact,333618,exact,both_mapped_different
"Korea, South",325180,325411,129124.0,Asia,1,,,325180,level_5,325411,exact,both_mapped_different
Greece,333923,333999,128943.0,Europe,1,,,333920,level_5,33399A,exact,both_mapped_different
Taiwan,331491,332999,128743.0,Asia,2,,,331490,level_5,332999,exact,both_mapped_different
Finland,321911,337215,128548.0,Europe,1,,,321910,level_5,337215,exact,both_mapped_different
Bulgaria,930000,333517,128523.0,Europe,2,,,S00300,noncomparable_imports,333517,exact,both_mapped_different
Lithuania,313210,327993,128470.0,Europe,1,,,313200,level_4,327993,exact,both_mapped_different
Israel,332439,332999,128462.0,Asia,1,,,332430,level_5,332999,exact,both_mapped_different
Nepal,322120,322230,128366.0,Asia,1,,,322120,level_5,322230,level_5,both_mapped_different
Australia,339940,326199,128342.0,Oceana,1,,,339940,level_5,326190,level_5,both_mapped_different
Hong Kong,323111,323120,128121.0,Asia,1,,,323110,level_5,323120,level_5,both_mapped_different
Switzerland,339112,335999,128047.0,Europe,1,,,339112,exact,335999,exact,both_mapped_different
Lithuania,336390,336214,127847.0,Europe,1,,,336390,level_5,336214,exact,both_mapped_different
Finland,333515,333991,127794.0,Europe,2,,,33351B,exact,333991,exact,both_mapped_different
South Africa,316990,339999,127771.0,Africa,1,,,316000,level_3,339990,level_5,both_mapped_different
Uruguay,990000,333111,127769.0,South_America,1,,,S00300,noncomparable_imports,333111,exact,both_mapped_different
Austria,335999,334419,127520.0,Europe,1,,,335999,exact,33441A,exact,both_mapped_different
India,322130,322121,127497.0,Asia,2,,,322130,level_5,322120,level_5,both_mapped_different
Hong Kong,331210,331110,127468.0,Asia,4,,,331200,level_4,331110,level_4,both_mapped_different
Slovenia,333519,331513,127250.0,Europe,1,,,33351B,exact,331510,level_5,both_mapped_different
"Korea, South",335929,331318,126708.0,Asia,1,,,335920,level_5,33131B,exact,both_mapped_different
Japan,339930,336411,126397.0,Asia,2,,,339930,level_5,336411,exact,both_mapped_different
South Africa,325998,325613,126236.0,Africa,1,,,3259A0,level_5,325610,level_5,both_mapped_different
Spain,325998,325620,126184.0,Europe,2,,,3259A0,level_5,325620,level_5,both_mapped_different
France,332510,335999,126013.0,Europe,2,,,332500,level_4,335999,exact,both_mapped_different
China,311942,325130,126008.0,Asia,1,,,311940,level_5,325130,level_5,both_mapped_different
Pakistan,332216,332111,125253.0,Asia,1,,,332200,level_4,33211A,exact,both_mapped_different
Italy,325510,325998,124530.0,Europe,1,,,325510,level_5,3259A0,level_5,both_mapped_different
Sweden,331420,332999,124275.0,Europe,1,,,331420,level_5,332999,exact,both_mapped_different
Ecuador,321918,321999,124176.0,South_America,2,,,321910,level_5,3219A0,level_5,both_mapped_different
Poland,322220,332999,124080.0,Europe,1,,,322220,level_5,332999,exact,both_mapped_different
Estonia,325998,325199,124078.0,Europe,1,,,3259A0,level_5,325190,level_5,both_mapped_different
Belgium,339930,336411,123894.0,Europe,1,,,339930,level_5,336411,exact,both_mapped_different
Portugal,322230,323111,123784.0,Europe,3,,,322230,level_5,323110,level_5,both_mapped_different
Taiwan,334515,333999,123226.0,Asia,1,,,334515,exact,33399A,exact,both_mapped_different
Thailand,333924,333120,123000.0,Asia,1,,,333920,level_5,333120,level_5,both_mapped_different
Turkey,339940,326199,122957.0,Europe,1,,,339940,level_5,326190,level_5,both_mapped_different
China,327212,314994,122777.0,Asia,2,,,327200,level_4,314900,level_4,both_mapped_different
Lithuania,334515,337127,122721.0,Europe,1,,,334515,exact,337127,exact,both_mapped_different
Slovakia,334111,334118,122720.0,Europe,1,,,334111,exact,334118,exact,both_mapped_different
Latvia,334512,334513,122437.0,Europe,2,,,334512,exact,334513,exact,both_mapped_different
Slovenia,333924,336999,122131.0,Europe,1,,,333920,level_5,336999,exact,both_mapped_different
Denmark,325199,325998,122108.0,Europe,3,,,325190,level_5,3259A0,level_5,both_mapped_different
Mexico,339999,313210,121976.0,North_America,1,,,339990,level_5,313200,level_4,both_mapped_different
Iceland,335999,335929,121898.0,Europe,1,,,335999,exact,335920,level_5,both_mapped_different
Pakistan,325199,325998,121824.0,Asia,6,,,325190,level_5,3259A0,level_5,both_mapped_different
Romania,334111,334118,121800.0,Europe,1,,,334111,exact,334118,exact,both_mapped_different
Brazil,333992,331491,121562.0,South_America,1,,,33399A,exact,331490,level_5,both_mapped_different
Mexico,333924,333120,121524.0,North_America,2,,,333920,level_5,333120,level_5,both_mapped_different
Guatemala,325211,910000,121384.0,South_America,1,,,325211,exact,S00300,noncomparable_imports,both_mapped_different
Netherlands,314999,990000,120464.0,Europe,5,,,314900,level_4,S00300,noncomparable_imports,both_mapped_different
South Africa,322220,332999,120411.0,Africa,1,,,322220,level_5,332999,exact,both_mapped_different
Hong Kong,333924,336999,120123.0,Asia,1,,,333920,level_5,336999,exact,both_mapped_different
Romania,333514,332216,119913.0,Europe,1,,,333514,exact,332200,level_4,both_mapped_different
Turkey,333924,333120,119818.0,Europe,1,,,333920,level_5,333120,level_5,both_mapped_different
Morocco,335312,334419,119560.0,Africa,1,,,335312,exact,33441A,exact,both_mapped_different
Japan,332216,332111,119481.0,Asia,1,,,332200,level_4,33211A,exact,both_mapped_different
United Kingdom,333992,331491,119479.0,Europe,2,,,33399A,exact,331490,level_5,both_mapped_different
South Africa,336120,336211,119381.0,Africa,1,,,336120,level_5,336211,exact,both_mapped_different
Indonesia,334511,339930,119301.0,Asia,1,,,334511,exact,339930,level_5,both_mapped_different
Germany,336612,336611,119218.0,Europe,2,,,336612,exact,336611,exact,both_mapped_different
United Arab Emirates,325998,325613,119045.0,Asia,1,,,3259A0,level_5,325610,level_5,both_mapped_different
United Arab Emirates,335932,326199,118608.0,Asia,1,,,335930,level_5,326190,level_5,both_mapped_different
Spain,325194,325211,118554.0,Europe,1,,,325190,level_5,325211,exact,both_mapped_different
Pakistan,990000,315190,118379.0,Asia,1,,,S00300,noncomparable_imports,315000,level_3,both_mapped_different
Australia,333415,335312,118314.0,Oceana,1,,,333415,exact,335312,exact,both_mapped_different
Canada,334419,334310,118027.0,North_America,2,,,33441A,exact,334300,level_4,both_mapped_different
Netherlands,327999,339910,117911.0,Europe,2,,,327999,exact,339910,level_5,both_mapped_different
Malaysia,930000,333517,117754.0,Asia,2,,,S00300,noncomparable_imports,333517,exact,both_mapped_different
Portugal,334111,334118,117453.0,Europe,1,,,334111,exact,334118,exact,both_mapped_different
Estonia,325199,325212,117335.0,Europe,1,,,325190,level_5,3252A0,exact,both_mapped_different
Pakistan,335999,335929,117270.0,Asia,3,,,335999,exact,335920,level_5,both_mapped_different
Norway,335312,334419,117248.0,Europe,1,,,335312,exact,33441A,exact,both_mapped_different
Greece,331491,332999,117216.0,Europe,1,,,331490,level_5,332999,exact,both_mapped_different
New Zealand,325211,910000,117216.0,Oceana,1,,,325211,exact,S00300,noncomparable_imports,both_mapped_different
Argentina,324199,325998,117040.0,South_America,1,,,324190,level_5,3259A0,level_5,both_mapped_different
Brazil,314999,325220,116160.0,South_America,2,,,314900,level_4,3252A0,level_5,both_mapped_different
Malaysia,990000,333111,116062.0,Asia,1,,,S00300,noncomparable_imports,333111,exact,both_mapped_different
Pakistan,325199,311224,115966.0,Asia,1,,,325190,level_5,311224,exact,both_mapped_different
Colombia,325199,325212,115858.0,South_America,1,,,325190,level_5,3252A0,exact,both_mapped_different
China,990000,315990,115296.0,Asia,1,,,S00300,noncomparable_imports,315000,level_3,both_mapped_different
Norway,334515,333999,115124.0,Europe,1,,,334515,exact,33399A,exact,both_mapped_different
Germany,334514,334519,114915.0,Europe,2,,,334514,exact,33451A,exact,both_mapped_different
Lithuania,325199,311224,114654.0,Europe,1,,,325190,level_5,311224,exact,both_mapped_different
Romania,333241,333111,114619.0,Europe,1,,,33329A,exact,333111,exact,both_mapped_different
Netherlands,336350,335312,114585.0,Europe,1,,,336350,level_5,335312,exact,both_mapped_different
Japan,332999,331491,114479.0,Asia,1,,,332999,exact,331490,level_5,both_mapped_different
Australia,325998,325613,114251.0,Oceana,1,,,3259A0,level_5,325610,level_5,both_mapped_different
Italy,333992,331491,114043.0,Europe,1,,,33399A,exact,331490,level_5,both_mapped_different
Slovenia,313230,327215,114023.0,Europe,1,,,313200,level_4,327200,level_4,both_mapped_different
Mexico,311999,114119,113897.0,North_America,2,,,311990,level_5,114000,level_3,both_mapped_different
Sri Lanka,335929,331318,113851.0,Asia,1,,,335920,level_5,33131B,exact,both_mapped_different
Sweden,331410,331492,113670.0,Europe,2,,,331410,exact,331490,level_5,both_mapped_different
Cambodia,336390,336214,113590.0,Asia,1,,,336390,level_5,336214,exact,both_mapped_different
Taiwan,339994,314120,113551.0,Asia,2,,,339990,level_5,314120,level_5,both_mapped_different
Spain,333241,333999,112583.0,Europe,1,,,33329A,exact,33399A,exact,both_mapped_different
Portugal,333519,331511,112403.0,Europe,1,,,33351B,exact,331510,level_5,both_mapped_different
Netherlands,322120,322230,112395.0,Europe,1,,,322120,level_5,322230,level_5,both_mapped_different
Hong Kong,325194,325211,112320.0,Asia,1,,,325190,level_5,325211,exact,both_mapped_different
Slovenia,325199,325998,112032.0,Europe,2,,,325190,level_5,3259A0,level_5,both_mapped_different
Peru,336350,335312,111957.0,South_America,1,,,336350,level_5,335312,exact,both_mapped_different
Egypt,325998,325199,111803.0,Africa,2,,,3259A0,level_5,325190,level_5,both_mapped_different
Australia,115210,311613,111796.0,Oceana,1,,,115000,level_3,31161A,exact,both_mapped_different
Ireland,325998,334413,111609.0,Europe,1,,,3259A0,level_5,334413,exact,both_mapped_different
India,325998,325411,111413.0,Asia,1,,,3259A0,level_5,325411,exact,both_mapped_different
Bolivia,337127,337215,111407.0,South_America,1,,,337127,exact,337215,exact,both_mapped_different
Colombia,326150,326113,111400.0,South_America,1,,,326150,level_5,326110,level_5,both_mapped_different
Argentina,335220,332216,111328.0,South_America,1,,,335220,exact,332200,level_4,both_mapped_different
Mexico,115210,11211X,110915.0,North_America,1,,,115000,level_3,1121A0,exact,both_mapped_different
Sierra Leone,212390,339910,110843.0,Africa,3,,,2123A0,level_5,339910,level_5,both_mapped_different
Guatemala,990000,325413,110660.0,South_America,1,,,S00300,noncomparable_imports,325413,exact,both_mapped_different
France,335929,331318,110321.0,Europe,1,,,335920,level_5,33131B,exact,both_mapped_different
Mexico,332313,332420,110281.0,North_America,1,,,332310,level_5,332420,level_5,both_mapped_different
Egypt,311612,326121,110268.0,Africa,1,,,31161A,exact,326120,level_5,both_mapped_different
Latvia,334310,334220,110126.0,Europe,2,,,334300,level_4,334220,level_5,both_mapped_different
Switzerland,335999,334419,110026.0,Europe,1,,,335999,exact,33441A,exact,both_mapped_different
Singapore,325620,325611,109908.0,Asia,1,,,325620,level_5,325610,level_5,both_mapped_different
Indonesia,316990,339999,109831.0,Asia,1,,,316000,level_3,339990,level_5,both_mapped_different
Finland,332439,332999,109768.0,Europe,1,,,332430,level_5,332999,exact,both_mapped_different
Thailand,333111,333120,109620.0,Asia,1,,,333111,exact,333120,level_5,both_mapped_different
Thailand,327999,339910,109557.0,Asia,2,,,327999,exact,339910,level_5,both_mapped_different
Switzerland,332439,332999,109467.0,Europe,1,,,332430,level_5,332999,exact,both_mapped_different
Switzerland,339940,322121,109463.0,Europe,2,,,339940,level_5,322120,level_5,both_mapped_different
Indonesia,334510,339113,109222.0,Asia,1,,,334510,exact,339113,exact,both_mapped_different
Luxembourg,332996,332919,109154.0,Europe,5,,,332996,exact,33291A,exact,both_mapped_different
Colombia,325180,325130,108843.0,South_America,2,,,325180,level_5,325130,level_5,both_mapped_different
Saudi Arabia,322299,322121,108797.0,Asia,1,,,322299,exact,322120,level_5,both_mapped_different
Canada,339920,314910,108706.0,North_America,2,,,339920,level_5,314900,level_4,both_mapped_different
United Arab Emirates,326140,326113,108516.0,Asia,1,,,326140,level_5,326110,level_5,both_mapped_different
Taiwan,333415,335312,108504.0,Asia,1,,,333415,exact,335312,exact,both_mapped_different
Taiwan,313230,327215,108500.0,Asia,1,,,313200,level_4,327200,level_4,both_mapped_different
Croatia,332420,332439,108394.0,Europe,1,,,332420,level_5,332430,level_5,both_mapped_different
France,325199,311225,108342.0,Europe,1,,,325190,level_5,311225,exact,both_mapped_different
Netherlands,339999,313210,108170.0,Europe,1,,,339990,level_5,313200,level_4,both_mapped_different
Spain,111335,115114,108092.0,Europe,1,,,111300,level_4,115000,level_3,both_mapped_different
Afghanistan,325411,111339,108078.0,Asia,1,,,325411,exact,111300,level_4,both_mapped_different
Portugal,990000,333111,107730.0,Europe,1,,,S00300,noncomparable_imports,333111,exact,both_mapped_different
Israel,325992,990000,107700.0,Asia,1,,,3259A0,level_5,S00300,noncomparable_imports,both_mapped_different
Turkey,332721,333111,107563.0,Europe,2,,,332720,level_5,333111,exact,both_mapped_different
Malaysia,339999,327110,106994.0,Asia,3,,,339990,level_5,327100,level_4,both_mapped_different
Thailand,339940,326199,106983.0,Asia,1,,,339940,level_5,326190,level_5,both_mapped_different
Malaysia,332510,335999,106942.0,Asia,2,,,332500,level_4,335999,exact,both_mapped_different
"Korea, South",339113,316998,106907.0,Asia,1,,,339113,exact,316000,level_3,both_mapped_different
Japan,313210,314999,106884.0,Asia,1,,,313200,level_4,314900,level_4,both_mapped_different
Israel,325998,325620,106852.0,Asia,2,,,3259A0,level_5,325620,level_5,both_mapped_different
Peru,111335,115114,106673.0,South_America,1,,,111300,level_4,115000,level_3,both_mapped_different
Mexico,332215,335220,106644.0,North_America,2,,,332200,level_4,335220,exact,both_mapped_different
Canada,332999,331511,106642.0,North_America,1,,,332999,exact,331510,level_5,both_mapped_different
Switzerland,325411,111339,106295.0,Europe,1,,,325411,exact,111300,level_4,both_mapped_different
Israel,331410,332999,106154.0,Asia,1,,,331410,exact,332999,exact,both_mapped_different
United Arab Emirates,325510,325520,106016.0,Asia,1,,,325510,level_5,325520,level_5,both_mapped_different
Spain,311999,114119,106010.0,Europe,1,,,311990,level_5,114000,level_3,both_mapped_different
Denmark,336211,336111,106000.0,Europe,1,,,336211,exact,336111,exact,both_mapped_different
Australia,322299,322121,105939.0,Oceana,2,,,322299,exact,322120,level_5,both_mapped_different
Austria,326140,326113,105801.0,Europe,1,,,326140,level_5,326110,level_5,both_mapped_different
Turkey,339920,314910,105745.0,Europe,1,,,339920,level_5,314900,level_4,both_mapped_different
Sweden,325180,325130,105698.0,Europe,1,,,325180,level_5,325130,level_5,both_mapped_different
New Zealand,336310,333618,105550.0,Oceana,1,,,336310,level_5,333618,exact,both_mapped_different
"Korea, South",111335,115114,105396.0,Asia,1,,,111300,level_4,115000,level_3,both_mapped_different
Austria,336390,336214,104953.0,Europe,1,,,336390,level_5,336214,exact,both_mapped_different
Romania,339999,313210,104722.0,Europe,1,,,339990,level_5,313200,level_4,both_mapped_different
Denmark,337127,337215,104697.0,Europe,1,,,337127,exact,337215,exact,both_mapped_different
Italy,331420,331410,104464.0,Europe,2,,,331420,level_5,331410,exact,both_mapped_different
Ukraine,321999,113310,104396.0,Europe,2,,,3219A0,level_5,113000,level_3,both_mapped_different
Portugal,325998,325613,104154.0,Europe,1,,,3259A0,level_5,325610,level_5,both_mapped_different
Dominican Republic,311421,311411,103945.0,South_America,1,,,311420,level_5,311410,level_5,both_mapped_different
New Zealand,313210,327993,103697.0,Oceana,1,,,313200,level_4,327993,exact,both_mapped_different
Brazil,212390,339910,103560.0,South_America,2,,,2123A0,level_5,339910,level_5,both_mapped_different
Argentina,321911,337215,103540.0,South_America,1,,,321910,level_5,337215,exact,both_mapped_different
China,339940,322121,103522.0,Asia,2,,,339940,level_5,322120,level_5,both_mapped_different
South Africa,336612,336611,103448.0,Africa,1,,,336612,exact,336611,exact,both_mapped_different
Denmark,322120,322130,103334.0,Europe,1,,,322120,level_5,322130,level_5,both_mapped_different
Norway,334511,339930,103279.0,Europe,1,,,334511,exact,339930,level_5,both_mapped_different
Brazil,325320,325199,103224.0,South_America,1,,,325320,level_5,325190,level_5,both_mapped_different
"Korea, South",322120,322230,103090.0,Asia,1,,,322120,level_5,322230,level_5,both_mapped_different
Dominican Republic,334515,337127,102527.0,South_America,1,,,334515,exact,337127,exact,both_mapped_different
Belgium,325199,325130,102376.0,Europe,1,,,325190,level_5,325130,level_5,both_mapped_different
Ukraine,336390,336214,101958.0,Europe,1,,,336390,level_5,336214,exact,both_mapped_different
Mexico,325510,325998,101323.0,North_America,1,,,325510,level_5,3259A0,level_5,both_mapped_different
China,336120,333120,101283.0,Asia,1,,,336120,level_5,333120,level_5,both_mapped_different
Malaysia,334510,335999,101200.0,Asia,1,,,334510,exact,335999,exact,both_mapped_different
Portugal,335312,334419,100845.0,Europe,1,,,335312,exact,33441A,exact,both_mapped_different
Thailand,322230,323111,100736.0,Asia,2,,,322230,level_5,323110,level_5,both_mapped_different
New Zealand,311999,114119,100666.0,Oceana,1,,,311990,level_5,114000,level_3,both_mapped_different
Italy,990000,334516,100532.0,Europe,2,,,S00300,noncomparable_imports,334516,exact,both_mapped_different
Spain,339113,326199,100352.0,Europe,1,,,339113,exact,326190,level_5,both_mapped_different
Thailand,990000,333111,100333.0,Asia,1,,,S00300,noncomparable_imports,333111,exact,both_mapped_different
Brazil,332721,336350,100183.0,South_America,2,,,332720,level_5,336350,level_5,both_mapped_different
Spain,332618,331222,100140.0,Europe,1,,,332600,level_4,331200,level_4,both_mapped_different
Israel,333415,335312,100036.0,Asia,1,,,333415,exact,335312,exact,both_mapped_different
Dominican Republic,339994,314120,100015.0,South_America,1,,,339990,level_5,314120,level_5,both_mapped_different
Iceland,336612,326299,100000.0,Europe,1,,,336612,exact,326290,level_5,both_mapped_different
Poland,930000,336411,100000.0,Europe,1,,,S00300,noncomparable_imports,336411,exact,both_mapped_different
Mozambique,339113,337127,99949.0,Africa,1,,,339113,exact,337127,exact,both_mapped_different
Taiwan,325180,325411,99940.0,Asia,1,,,325180,level_5,325411,exact,both_mapped_different
Israel,334413,335999,99912.0,Asia,1,,,334413,exact,335999,exact,both_mapped_different
Ireland,335312,334419,99748.0,Europe,1,,,335312,exact,33441A,exact,both_mapped_different
Japan,327212,314994,99506.0,Asia,2,,,327200,level_4,314900,level_4,both_mapped_different
Denmark,339999,327110,99231.0,Europe,2,,,339990,level_5,327100,level_4,both_mapped_different
Luxembourg,930000,333519,98991.0,Europe,1,,,S00300,noncomparable_imports,33351B,exact,both_mapped_different
Argentina,335932,326199,98723.0,South_America,1,,,335930,level_5,326190,level_5,both_mapped_different
Lithuania,336120,336211,98682.0,Europe,1,,,336120,level_5,336211,exact,both_mapped_different
Estonia,326299,337215,98567.0,Europe,1,,,326290,level_5,337215,exact,both_mapped_different
Slovakia,325620,325611,98355.0,Europe,1,,,325620,level_5,325610,level_5,both_mapped_different
Chile,336350,335312,98103.0,South_America,1,,,336350,level_5,335312,exact,both_mapped_different
Sri Lanka,336120,333120,98000.0,Asia,1,,,336120,level_5,333120,level_5,both_mapped_different
Lebanon,325411,111339,97984.0,Asia,1,,,325411,exact,111300,level_4,both_mapped_different
Brazil,333923,333999,97897.0,South_America,2,,,333920,level_5,33399A,exact,both_mapped_different
Austria,336211,333120,97831.0,Europe,1,,,336211,exact,333120,level_5,both_mapped_different
Italy,325180,325411,97644.0,Europe,1,,,325180,level_5,325411,exact,both_mapped_different
Israel,334419,334310,97637.0,Asia,2,,,33441A,exact,334300,level_4,both_mapped_different
Turkey,333515,333991,97634.0,Europe,2,,,33351B,exact,333991,exact,both_mapped_different
Poland,332618,331222,97577.0,Europe,1,,,332600,level_4,331200,level_4,both_mapped_different
Norway,325510,325520,97392.0,Europe,1,,,325510,level_5,325520,level_5,both_mapped_different
Micronesia,325998,325199,97051.0,Oceana,1,,,3259A0,level_5,325190,level_5,both_mapped_different
Italy,334419,334310,96957.0,Europe,2,,,33441A,exact,334300,level_4,both_mapped_different
Singapore,325992,990000,96865.0,Asia,1,,,3259A0,level_5,S00300,noncomparable_imports,both_mapped_different
Greece,339930,339910,96809.0,Europe,2,,,339930,level_5,339910,level_5,both_mapped_different
Ireland,321911,337215,96597.0,Europe,1,,,321910,level_5,337215,exact,both_mapped_different
Ukraine,337127,337215,96586.0,Europe,1,,,337127,exact,337215,exact,both_mapped_different
Turkey,339113,339112,96346.0,Europe,1,,,339113,exact,339112,exact,both_mapped_different
Iraq,334111,334118,96180.0,Asia,1,,,334111,exact,334118,exact,both_mapped_different
Turkey,990000,337212,96157.0,Europe,1,,,S00300,noncomparable_imports,33721A,exact,both_mapped_different
Indonesia,339999,321999,96140.0,Asia,2,,,339990,level_5,3219A0,level_5,both_mapped_different
Denmark,332439,332999,96034.0,Europe,1,,,332430,level_5,332999,exact,both_mapped_different
United Kingdom,930000,333519,95860.0,Europe,2,,,S00300,noncomparable_imports,33351B,exact,both_mapped_different
Chile,332996,332919,95811.0,South_America,2,,,332996,exact,33291A,exact,both_mapped_different
Guatemala,339999,327110,95778.0,South_America,2,,,339990,level_5,327100,level_4,both_mapped_different
Eswatini,325199,325998,95760.0,Africa,1,,,325190,level_5,3259A0,level_5,both_mapped_different
Spain,322230,323111,95720.0,Europe,3,,,322230,level_5,323110,level_5,both_mapped_different
Japan,314999,325220,95613.0,Asia,2,,,314900,level_4,3252A0,level_5,both_mapped_different
Belgium,332999,331491,95462.0,Europe,1,,,332999,exact,331490,level_5,both_mapped_different
Moldova,313210,327993,95369.0,Europe,1,,,313200,level_4,327993,exact,both_mapped_different
Vietnam,333514,332216,95313.0,Asia,1,,,333514,exact,332200,level_4,both_mapped_different
Indonesia,339999,327110,95287.0,Asia,2,,,339990,level_5,327100,level_4,both_mapped_different
Mexico,910000,331491,95238.0,North_America,1,,,S00300,noncomparable_imports,331490,level_5,both_mapped_different
Israel,325199,325212,95192.0,Asia,2,,,325190,level_5,3252A0,exact,both_mapped_different
Malaysia,326150,326113,95150.0,Asia,3,,,326150,level_5,326110,level_5,both_mapped_different
Switzerland,332618,331222,95143.0,Europe,1,,,332600,level_4,331200,level_4,both_mapped_different
France,311710,114112,95100.0,Europe,1,,,311700,level_4,114000,level_3,both_mapped_different
Thailand,322120,322130,95070.0,Asia,1,,,322120,level_5,322130,level_5,both_mapped_different
Peru,321918,321999,95062.0,South_America,1,,,321910,level_5,3219A0,level_5,both_mapped_different
Sweden,333613,336310,95053.0,Europe,1,,,333613,exact,336310,level_5,both_mapped_different
Panama,990000,333111,94962.0,South_America,1,,,S00300,noncomparable_imports,333111,exact,both_mapped_different
Peru,990000,315190,94891.0,South_America,1,,,S00300,noncomparable_imports,315000,level_3,both_mapped_different
Gabon,332510,335999,94876.0,Africa,1,,,332500,level_4,335999,exact,both_mapped_different
Singapore,333514,332216,94876.0,Asia,1,,,333514,exact,332200,level_4,both_mapped_different
Vietnam,339113,316998,94862.0,Asia,1,,,339113,exact,316000,level_3,both_mapped_different
Vietnam,930000,333517,94824.0,Asia,4,,,S00300,noncomparable_imports,333517,exact,both_mapped_different
Tunisia,325411,111339,94787.0,Africa,1,,,325411,exact,111300,level_4,both_mapped_different
Tonga,335999,335929,94380.0,Oceana,1,,,335999,exact,335920,level_5,both_mapped_different
South Africa,334512,334513,94330.0,Africa,1,,,334512,exact,334513,exact,both_mapped_different
Morocco,321911,337215,94301.0,Africa,1,,,321910,level_5,337215,exact,both_mapped_different
Australia,333514,332216,94125.0,Oceana,1,,,333514,exact,332200,level_4,both_mapped_different
Germany,339920,314910,94100.0,Europe,1,,,339920,level_5,314900,level_4,both_mapped_different
South Africa,314999,990000,94051.0,Africa,3,,,314900,level_4,S00300,noncomparable_imports,both_mapped_different
Canada,325199,311225,94050.0,North_America,1,,,325190,level_5,311225,exact,both_mapped_different
Sweden,333514,332216,94035.0,Europe,1,,,333514,exact,332200,level_4,both_mapped_different
Taiwan,930000,333519,93818.0,Asia,1,,,S00300,noncomparable_imports,33351B,exact,both_mapped_different
Colombia,326199,314120,93790.0,South_America,1,,,326190,level_5,314120,level_5,both_mapped_different
India,311612,326121,93768.0,Asia,2,,,31161A,exact,326120,level_5,both_mapped_different
South Africa,339930,339910,93638.0,Africa,2,,,339930,level_5,339910,level_5,both_mapped_different
Indonesia,332111,332999,93624.0,Asia,1,,,33211A,exact,332999,exact,both_mapped_different
Italy,314999,990000,93426.0,Europe,4,,,314900,level_4,S00300,noncomparable_imports,both_mapped_different
Tunisia,339113,337127,93084.0,Africa,1,,,339113,exact,337127,exact,both_mapped_different
Denmark,327120,327992,92862.0,Europe,1,,,327100,level_4,327992,exact,both_mapped_different
Vietnam,334510,339112,92723.0,Asia,1,,,334510,exact,339112,exact,both_mapped_different
Italy,311710,114112,92611.0,Europe,1,,,311700,level_4,114000,level_3,both_mapped_different
Russia,990000,325413,92215.0,Europe,1,,,S00300,noncomparable_imports,325413,exact,both_mapped_different
Romania,327991,327390,92206.0,Europe,2,,,327991,exact,327390,level_5,both_mapped_different
El Salvador,332996,332919,92148.0,South_America,4,,,332996,exact,33291A,exact,both_mapped_different
Japan,311612,326121,92008.0,Asia,1,,,31161A,exact,326120,level_5,both_mapped_different
Israel,336350,335312,91959.0,Asia,1,,,336350,level_5,335312,exact,both_mapped_different
Egypt,327910,331511,91851.0,Africa,1,,,327910,level_5,331510,level_5,both_mapped_different
Iceland,333111,333241,91760.0,Europe,1,,,333111,exact,33329A,exact,both_mapped_different
Australia,335999,334419,91362.0,Oceana,1,,,335999,exact,33441A,exact,both_mapped_different
Hungary,337127,337124,91163.0,Europe,1,,,337127,exact,33712N,exact,both_mapped_different
Ecuador,325199,311224,91000.0,South_America,1,,,325190,level_5,311224,exact,both_mapped_different
France,339920,314910,90951.0,Europe,1,,,339920,level_5,314900,level_4,both_mapped_different
Philippines,335932,327212,90620.0,Asia,1,,,335930,level_5,327200,level_4,both_mapped_different
Australia,333996,333618,90619.0,Oceana,1,,,33399B,exact,333618,exact,both_mapped_different
Belgium,335921,327215,90595.0,Europe,1,,,335920,level_5,327200,level_4,both_mapped_different
Romania,333613,336310,90550.0,Europe,1,,,333613,exact,336310,level_5,both_mapped_different
Poland,339113,326199,90491.0,Europe,1,,,339113,exact,326190,level_5,both_mapped_different
Latvia,337215,337127,90257.0,Europe,1,,,337215,exact,337127,exact,both_mapped_different
China,325199,325613,90203.0,Asia,1,,,325190,level_5,325610,level_5,both_mapped_different
Ethiopia,325411,111339,90165.0,Africa,1,,,325411,exact,111300,level_4,both_mapped_different
India,325199,325613,90068.0,Asia,2,,,325190,level_5,325610,level_5,both_mapped_different
United Arab Emirates,321911,337215,89858.0,Asia,1,,,321910,level_5,337215,exact,both_mapped_different
Estonia,325211,910000,89677.0,Europe,1,,,325211,exact,S00300,noncomparable_imports,both_mapped_different
Estonia,339920,314910,89630.0,Europe,1,,,339920,level_5,314900,level_4,both_mapped_different
Portugal,331210,331110,89416.0,Europe,4,,,331200,level_4,331110,level_4,both_mapped_different
Belgium,333111,333241,89400.0,Europe,1,,,333111,exact,33329A,exact,both_mapped_different
Finland,334515,333999,89400.0,Europe,1,,,334515,exact,33399A,exact,both_mapped_different
Oman,325211,910000,89313.0,Asia,2,,,325211,exact,S00300,noncomparable_imports,both_mapped_different
Spain,339999,327110,89270.0,Europe,2,,,339990,level_5,327100,level_4,both_mapped_different
Estonia,337127,337124,89243.0,Europe,1,,,337127,exact,33712N,exact,both_mapped_different
Poland,323111,323120,89189.0,Europe,1,,,323110,level_5,323120,level_5,both_mapped_different
Argentina,335999,335929,89126.0,South_America,4,,,335999,exact,335920,level_5,both_mapped_different
Italy,321918,321999,89098.0,Europe,2,,,321910,level_5,3219A0,level_5,both_mapped_different
Brazil,332510,335999,89019.0,South_America,2,,,332500,level_4,335999,exact,both_mapped_different
Brazil,339113,322291,88819.0,South_America,1,,,339113,exact,322291,exact,both_mapped_different
India,325180,325311,88773.0,Asia,1,,,325180,level_5,325310,level_5,both_mapped_different
Belarus,325998,325199,88672.0,Europe,1,,,3259A0,level_5,325190,level_5,both_mapped_different
Spain,333415,337127,88481.0,Europe,1,,,333415,exact,337127,exact,both_mapped_different
Costa Rica,322230,323111,88466.0,South_America,1,,,322230,level_5,323110,level_5,both_mapped_different
"Korea, South",332215,332618,88443.0,Asia,1,,,332200,level_4,332600,level_4,both_mapped_different
United Kingdom,333241,333999,88377.0,Europe,1,,,33329A,exact,33399A,exact,both_mapped_different
Croatia,334310,334220,88192.0,Europe,2,,,334300,level_4,334220,level_5,both_mapped_different
Canada,332313,332420,88187.0,North_America,1,,,332310,level_5,332420,level_5,both_mapped_different
Bosnia and Herzegovina,326299,337215,88184.0,Europe,1,,,326290,level_5,337215,exact,both_mapped_different
Singapore,325120,325199,88160.0,Asia,1,,,325120,level_5,325190,level_5,both_mapped_different
Belgium,333111,336212,88130.0,Europe,1,,,333111,exact,336212,exact,both_mapped_different
Czech Republic,336612,336611,88088.0,Europe,2,,,336612,exact,336611,exact,both_mapped_different
Bulgaria,332996,332919,88052.0,Europe,5,,,332996,exact,33291A,exact,both_mapped_different
Australia,339930,339910,87916.0,Oceana,1,,,339930,level_5,339910,level_5,both_mapped_different
Denmark,334515,333999,87861.0,Europe,1,,,334515,exact,33399A,exact,both_mapped_different
Taiwan,327420,327999,87714.0,Asia,1,,,327400,level_4,327999,exact,both_mapped_different
Singapore,331491,332999,87454.0,Asia,2,,,331490,level_5,332999,exact,both_mapped_different
Ireland,334419,334413,87448.0,Europe,1,,,33441A,exact,334413,exact,both_mapped_different
Macedonia,336390,333111,87408.0,Europe,1,,,336390,level_5,333111,exact,both_mapped_different
Italy,322130,322121,87394.0,Europe,2,,,322130,level_5,322120,level_5,both_mapped_different
Botswana,327999,339910,86864.0,Africa,1,,,327999,exact,339910,level_5,both_mapped_different
Spain,333995,333618,86846.0,Europe,1,,,33399B,exact,333618,exact,both_mapped_different
Czech Republic,332991,332722,86680.0,Europe,1,,,332991,exact,332720,level_5,both_mapped_different
Sweden,339999,327110,86667.0,Europe,2,,,339990,level_5,327100,level_4,both_mapped_different
Canada,339113,315280,86258.0,North_America,1,,,339113,exact,315000,level_3,both_mapped_different
Israel,333515,333991,86031.0,Asia,1,,,33351B,exact,333991,exact,both_mapped_different
Greece,333415,337127,85971.0,Europe,1,,,333415,exact,337127,exact,both_mapped_different
"Korea, South",325199,325130,85967.0,Asia,1,,,325190,level_5,325130,level_5,both_mapped_different
Netherlands,334514,334519,85845.0,Europe,1,,,334514,exact,33451A,exact,both_mapped_different
Japan,332215,332999,85794.0,Asia,3,,,332200,level_4,332999,exact,both_mapped_different
Jordan,327120,327992,85668.0,Asia,1,,,327100,level_4,327992,exact,both_mapped_different
Japan,339113,315280,85642.0,Asia,2,,,339113,exact,315000,level_3,both_mapped_different
Jordan,325411,325412,85484.0,Asia,2,,,325411,exact,325412,exact,both_mapped_different
Czech Republic,339940,326199,85479.0,Europe,1,,,339940,level_5,326190,level_5,both_mapped_different
"Korea, South",322130,322220,85373.0,Asia,2,,,322130,level_5,322220,level_5,both_mapped_different
Peru,322130,322220,85262.0,South_America,2,,,322130,level_5,322220,level_5,both_mapped_different
Australia,313230,327215,85135.0,Oceana,1,,,313200,level_4,327200,level_4,both_mapped_different
South Africa,336612,326299,84657.0,Africa,1,,,336612,exact,326290,level_5,both_mapped_different
India,321912,113310,84438.0,Asia,1,,,321910,level_5,113000,level_3,both_mapped_different
Costa Rica,325998,334413,84429.0,South_America,1,,,3259A0,level_5,334413,exact,both_mapped_different
France,314999,325220,84326.0,Europe,1,,,314900,level_4,3252A0,level_5,both_mapped_different
Sweden,322211,322299,84320.0,Europe,1,,,322210,level_5,322299,exact,both_mapped_different
Vietnam,327420,327999,84311.0,Asia,1,,,327400,level_4,327999,exact,both_mapped_different
Italy,323111,323120,84206.0,Europe,1,,,323110,level_5,323120,level_5,both_mapped_different
Austria,322211,322299,84034.0,Europe,1,,,322210,level_5,322299,exact,both_mapped_different
Denmark,332111,332999,83907.0,Europe,2,,,33211A,exact,332999,exact,both_mapped_different
Uruguay,325211,910000,83880.0,South_America,1,,,325211,exact,S00300,noncomparable_imports,both_mapped_different
Austria,332721,336350,83821.0,Europe,1,,,332720,level_5,336350,level_5,both_mapped_different
Dominican Republic,322211,322299,83606.0,South_America,1,,,322210,level_5,322299,exact,both_mapped_different
Philippines,332439,332999,83549.0,Asia,1,,,332430,level_5,332999,exact,both_mapped_different
Egypt,325199,325211,83448.0,Africa,1,,,325190,level_5,325211,exact,both_mapped_different
Taiwan,333415,337127,83328.0,Asia,1,,,333415,exact,337127,exact,both_mapped_different
Cameroon,332439,332999,83301.0,Africa,1,,,332430,level_5,332999,exact,both_mapped_different
Poland,334510,339113,83088.0,Europe,1,,,334510,exact,339113,exact,both_mapped_different
Poland,334510,339112,83037.0,Europe,1,,,334510,exact,339112,exact,both_mapped_different
Belgium,311421,311411,83006.0,Europe,1,,,311420,level_5,311410,level_5,both_mapped_different
India,325180,325411,82869.0,Asia,1,,,325180,level_5,325411,exact,both_mapped_different
Bulgaria,334310,334220,82808.0,Europe,1,,,334300,level_4,334220,level_5,both_mapped_different
Costa Rica,910000,331491,82610.0,South_America,1,,,S00300,noncomparable_imports,331490,level_5,both_mapped_different
"Korea, South",332999,326299,82593.0,Asia,1,,,332999,exact,326290,level_5,both_mapped_different
Turkey,335312,334419,82253.0,Europe,1,,,335312,exact,33441A,exact,both_mapped_different
Japan,326199,314120,81861.0,Asia,2,,,326190,level_5,314120,level_5,both_mapped_different
France,334511,339930,81860.0,Europe,1,,,334511,exact,339930,level_5,both_mapped_different
United Kingdom,325180,325613,81690.0,Europe,2,,,325180,level_5,325610,level_5,both_mapped_different
Sierra Leone,333519,331511,81487.0,Africa,1,,,33351B,exact,331510,level_5,both_mapped_different
Canada,332215,331511,81346.0,North_America,2,,,332200,level_4,331510,level_5,both_mapped_different
Philippines,333924,336999,81315.0,Asia,1,,,333920,level_5,336999,exact,both_mapped_different
Honduras,325199,325211,81257.0,South_America,1,,,325190,level_5,325211,exact,both_mapped_different
Thailand,324191,325613,81176.0,Asia,1,,,324190,level_5,325610,level_5,both_mapped_different
India,326140,326113,81115.0,Asia,1,,,326140,level_5,326110,level_5,both_mapped_different
Belgium,325411,111339,81027.0,Europe,1,,,325411,exact,111300,level_4,both_mapped_different
Germany,321219,327390,81017.0,Europe,1,,,321200,level_4,327390,level_5,both_mapped_different
Serbia,325998,325199,80856.0,Europe,1,,,3259A0,level_5,325190,level_5,both_mapped_different
Australia,336612,336611,80833.0,Oceana,2,,,336612,exact,336611,exact,both_mapped_different
Thailand,336612,336611,80694.0,Asia,1,,,336612,exact,336611,exact,both_mapped_different
South Africa,339113,322291,80665.0,Africa,1,,,339113,exact,322291,exact,both_mapped_different
Germany,326199,314120,80624.0,Europe,2,,,326190,level_5,314120,level_5,both_mapped_different
Sweden,326299,313320,80536.0,Europe,1,,,326290,level_5,313300,level_4,both_mapped_different
Denmark,333996,333618,80505.0,Europe,1,,,33399B,exact,333618,exact,both_mapped_different
Austria,313230,327212,80489.0,Europe,1,,,313200,level_4,327200,level_4,both_mapped_different
Pakistan,332439,332999,80392.0,Asia,1,,,332430,level_5,332999,exact,both_mapped_different
Austria,335921,327215,80326.0,Europe,2,,,335920,level_5,327200,level_4,both_mapped_different
Turkey,333111,336212,80300.0,Europe,1,,,333111,exact,336212,exact,both_mapped_different
Ecuador,325411,111339,80282.0,South_America,1,,,325411,exact,111300,level_4,both_mapped_different
India,339112,335999,80209.0,Asia,1,,,339112,exact,335999,exact,both_mapped_different
Poland,327212,314994,80087.0,Europe,1,,,327200,level_4,314900,level_4,both_mapped_different
Canada,322120,322230,79670.0,North_America,1,,,322120,level_5,322230,level_5,both_mapped_different
Egypt,325211,910000,79636.0,Africa,1,,,325211,exact,S00300,noncomparable_imports,both_mapped_different
Denmark,327332,327999,79510.0,Europe,1,,,327330,level_5,327999,exact,both_mapped_different
Finland,332991,332722,79435.0,Europe,1,,,332991,exact,332720,level_5,both_mapped_different
Philippines,339910,114119,79212.0,Asia,1,,,339910,level_5,114000,level_3,both_mapped_different
Spain,327120,327992,79049.0,Europe,1,,,327100,level_4,327992,exact,both_mapped_different
Singapore,339112,335999,79048.0,Asia,1,,,339112,exact,335999,exact,both_mapped_different
Germany,311612,326121,78893.0,Europe,2,,,31161A,exact,326120,level_5,both_mapped_different
Ireland,332991,332722,78887.0,Europe,1,,,332991,exact,332720,level_5,both_mapped_different
Armenia,334413,335999,78750.0,Europe,1,,,334413,exact,335999,exact,both_mapped_different
Mexico,339999,332999,78734.0,North_America,2,,,339990,level_5,332999,exact,both_mapped_different
Australia,327212,327993,78727.0,Oceana,1,,,327200,level_4,327993,exact,both_mapped_different
Guatemala,990000,333111,78679.0,South_America,1,,,S00300,noncomparable_imports,333111,exact,both_mapped_different
Serbia,311421,311411,78635.0,Europe,1,,,311420,level_5,311410,level_5,both_mapped_different
Singapore,990000,325413,78534.0,Asia,1,,,S00300,noncomparable_imports,325413,exact,both_mapped_different
Poland,334419,334310,78510.0,Europe,1,,,33441A,exact,334300,level_4,both_mapped_different
Netherlands,334516,334519,78459.0,Europe,1,,,334516,exact,33451A,exact,both_mapped_different
Pakistan,334413,335999,78400.0,Asia,1,,,334413,exact,335999,exact,both_mapped_different
Ukraine,327991,327390,77638.0,Europe,1,,,327991,exact,327390,level_5,both_mapped_different
Iceland,332420,332439,77584.0,Europe,1,,,332420,level_5,332430,level_5,both_mapped_different
China,332215,335220,77468.0,Asia,1,,,332200,level_4,335220,exact,both_mapped_different
Ecuador,990000,337212,77360.0,South_America,1,,,S00300,noncomparable_imports,33721A,exact,both_mapped_different
Switzerland,327991,327390,77316.0,Europe,1,,,327991,exact,327390,level_5,both_mapped_different
Switzerland,336310,333618,77050.0,Europe,1,,,336310,level_5,333618,exact,both_mapped_different
China,325180,325311,77002.0,Asia,1,,,325180,level_5,325310,level_5,both_mapped_different
New Zealand,334111,334118,76998.0,Oceana,1,,,334111,exact,334118,exact,both_mapped_different
Bulgaria,322120,322130,76940.0,Europe,1,,,322120,level_5,322130,level_5,both_mapped_different
Norway,337127,337124,76793.0,Europe,1,,,337127,exact,33712N,exact,both_mapped_different
Israel,334510,339112,76622.0,Asia,1,,,334510,exact,339112,exact,both_mapped_different
Bangladesh,332439,332999,76437.0,Asia,1,,,332430,level_5,332999,exact,both_mapped_different
Netherlands,334510,339112,76384.0,Europe,1,,,334510,exact,339112,exact,both_mapped_different
Pakistan,311710,114112,76346.0,Asia,2,,,311700,level_4,114000,level_3,both_mapped_different
Indonesia,334111,334118,76344.0,Asia,1,,,334111,exact,334118,exact,both_mapped_different
Taiwan,324199,325998,76286.0,Asia,1,,,324190,level_5,3259A0,level_5,both_mapped_different
Norway,327212,327993,76221.0,Europe,1,,,327200,level_4,327993,exact,both_mapped_different
Portugal,335220,333414,76116.0,Europe,4,,,335220,exact,333414,exact,both_mapped_different
United Kingdom,332999,331491,76018.0,Europe,1,,,332999,exact,331490,level_5,both_mapped_different
Taiwan,339112,335999,75925.0,Asia,1,,,339112,exact,335999,exact,both_mapped_different
South Africa,910000,325199,75920.0,Africa,1,,,S00300,noncomparable_imports,325190,level_5,both_mapped_different
Costa Rica,910000,325199,75745.0,South_America,1,,,S00300,noncomparable_imports,325190,level_5,both_mapped_different
Turkey,322299,322121,75623.0,Europe,4,,,322299,exact,322120,level_5,both_mapped_different
Liechtenstein,331410,332999,75618.0,Europe,1,,,331410,exact,332999,exact,both_mapped_different
Portugal,333514,332216,75505.0,Europe,1,,,333514,exact,332200,level_4,both_mapped_different
Hungary,332111,332999,75489.0,Europe,1,,,33211A,exact,332999,exact,both_mapped_different
South Africa,339999,321999,75429.0,Africa,1,,,339990,level_5,3219A0,level_5,both_mapped_different
Slovenia,332439,332999,75224.0,Europe,1,,,332430,level_5,332999,exact,both_mapped_different
Thailand,325998,325613,75215.0,Asia,1,,,3259A0,level_5,325610,level_5,both_mapped_different
Mauritius,325199,325998,75148.0,Africa,3,,,325190,level_5,3259A0,level_5,both_mapped_different
Canada,327999,339910,75035.0,North_America,2,,,327999,exact,339910,level_5,both_mapped_different
Chile,326299,337215,75000.0,South_America,1,,,326290,level_5,337215,exact,both_mapped_different
Costa Rica,332991,332722,74992.0,South_America,1,,,332991,exact,332720,level_5,both_mapped_different
Philippines,322120,322230,74882.0,Asia,1,,,322120,level_5,322230,level_5,both_mapped_different
Dominican Republic,331210,331110,74600.0,South_America,1,,,331200,level_4,331110,level_4,both_mapped_different
Philippines,334510,339112,74496.0,Asia,1,,,334510,exact,339112,exact,both_mapped_different
Pakistan,333613,336310,74453.0,Asia,1,,,333613,exact,336310,level_5,both_mapped_different
"Korea, South",990000,337212,74391.0,Asia,1,,,S00300,noncomparable_imports,33721A,exact,both_mapped_different
Austria,332439,332999,74373.0,Europe,1,,,332430,level_5,332999,exact,both_mapped_different
Laos,333924,336999,74200.0,Asia,1,,,333920,level_5,336999,exact,both_mapped_different
South Africa,334515,333999,74200.0,Africa,1,,,334515,exact,33399A,exact,both_mapped_different
Canada,990000,313210,74188.0,North_America,1,,,S00300,noncomparable_imports,313200,level_4,both_mapped_different
Pakistan,990000,315990,74139.0,Asia,1,,,S00300,noncomparable_imports,315000,level_3,both_mapped_different
Ireland,339930,339910,74026.0,Europe,1,,,339930,level_5,339910,level_5,both_mapped_different
Poland,316990,339999,74015.0,Europe,1,,,316000,level_3,339990,level_5,both_mapped_different
Belgium,333996,333914,73930.0,Europe,1,,,33399B,exact,333914,exact,both_mapped_different
Australia,313230,327212,73911.0,Oceana,1,,,313200,level_4,327200,level_4,both_mapped_different
Serbia,326299,337215,73884.0,Europe,1,,,326290,level_5,337215,exact,both_mapped_different
Italy,327910,332999,73648.0,Europe,1,,,327910,level_5,332999,exact,both_mapped_different
South Africa,322299,322121,73562.0,Africa,1,,,322299,exact,322120,level_5,both_mapped_different
Greece,327420,327999,73397.0,Europe,1,,,327400,level_4,327999,exact,both_mapped_different
Ireland,337127,337124,73335.0,Europe,2,,,337127,exact,33712N,exact,both_mapped_different
Bulgaria,325998,325199,73294.0,Europe,3,,,3259A0,level_5,325190,level_5,both_mapped_different
United Kingdom,339920,314910,73278.0,Europe,2,,,339920,level_5,314900,level_4,both_mapped_different
Denmark,115210,311613,73174.0,Europe,1,,,115000,level_3,31161A,exact,both_mapped_different
Poland,325620,325611,73061.0,Europe,1,,,325620,level_5,325610,level_5,both_mapped_different
Netherlands,311999,114119,73052.0,Europe,1,,,311990,level_5,114000,level_3,both_mapped_different
Canada,331420,332999,72919.0,North_America,4,,,331420,level_5,332999,exact,both_mapped_different
Singapore,325998,325620,72873.0,Asia,1,,,3259A0,level_5,325620,level_5,both_mapped_different
Argentina,334510,339113,72790.0,South_America,1,,,334510,exact,339113,exact,both_mapped_different
France,336330,333111,72755.0,Europe,2,,,3363A0,level_5,333111,exact,both_mapped_different
Czech Republic,325199,325211,72665.0,Europe,1,,,325190,level_5,325211,exact,both_mapped_different
Estonia,326150,326113,72646.0,Europe,1,,,326150,level_5,326110,level_5,both_mapped_different
Switzerland,337127,337215,72547.0,Europe,1,,,337127,exact,337215,exact,both_mapped_different
Spain,323111,323120,72535.0,Europe,1,,,323110,level_5,323120,level_5,both_mapped_different
Taiwan,331410,332999,72256.0,Asia,1,,,331410,exact,332999,exact,both_mapped_different
France,332313,332420,72147.0,Europe,1,,,332310,level_5,332420,level_5,both_mapped_different
France,115210,311613,72061.0,Europe,1,,,115000,level_3,31161A,exact,both_mapped_different
Colombia,326140,326113,71996.0,South_America,1,,,326140,level_5,326110,level_5,both_mapped_different
Australia,332439,332999,71880.0,Oceana,1,,,332430,level_5,332999,exact,both_mapped_different
Australia,331210,331110,71874.0,Oceana,5,,,331200,level_4,331110,level_4,both_mapped_different
Israel,325620,325611,71829.0,Asia,1,,,325620,level_5,325610,level_5,both_mapped_different
Colombia,334515,333999,71809.0,South_America,1,,,334515,exact,33399A,exact,both_mapped_different
United Arab Emirates,337215,337127,71693.0,Asia,1,,,337215,exact,337127,exact,both_mapped_different
Singapore,335921,327215,71656.0,Asia,2,,,335920,level_5,327200,level_4,both_mapped_different
China,990000,314999,71640.0,Asia,1,,,S00300,noncomparable_imports,314900,level_4,both_mapped_different
Switzerland,326199,314120,71607.0,Europe,1,,,326190,level_5,314120,level_5,both_mapped_different
Switzerland,325620,325611,71500.0,Europe,1,,,325620,level_5,325610,level_5,both_mapped_different
Greece,326299,337215,71326.0,Europe,1,,,326290,level_5,337215,exact,both_mapped_different
Greece,332420,332439,71294.0,Europe,4,,,332420,level_5,332430,level_5,both_mapped_different
Portugal,311710,114112,71057.0,Europe,3,,,311700,level_4,114000,level_3,both_mapped_different
Switzerland,333415,337127,71035.0,Europe,1,,,333415,exact,337127,exact,both_mapped_different
Netherlands,332112,332999,70945.0,Europe,1,,,33211A,exact,332999,exact,both_mapped_different
Turkey,336120,336211,70852.0,Europe,2,,,336120,level_5,336211,exact,both_mapped_different
Hungary,339930,339910,70848.0,Europe,1,,,339930,level_5,339910,level_5,both_mapped_different
Vietnam,339999,335999,70831.0,Asia,1,,,339990,level_5,335999,exact,both_mapped_different
Netherlands,332721,336350,70672.0,Europe,2,,,332720,level_5,336350,level_5,both_mapped_different
Marshall Islands,321911,337215,70574.0,Oceana,1,,,321910,level_5,337215,exact,both_mapped_different
Belgium,115210,311613,70286.0,Europe,1,,,115000,level_3,31161A,exact,both_mapped_different
Turkey,327910,331511,70278.0,Europe,1,,,327910,level_5,331510,level_5,both_mapped_different
Jamaica,325211,910000,70213.0,South_America,2,,,325211,exact,S00300,noncomparable_imports,both_mapped_different
Turkey,325180,325130,70092.0,Europe,2,,,325180,level_5,325130,level_5,both_mapped_different
Panama,326299,313320,69890.0,South_America,1,,,326290,level_5,313300,level_4,both_mapped_different
Portugal,335932,327212,69804.0,Europe,1,,,335930,level_5,327200,level_4,both_mapped_different
United Arab Emirates,333613,336310,69782.0,Asia,2,,,333613,exact,336310,level_5,both_mapped_different
United Arab Emirates,322220,332999,69736.0,Asia,1,,,322220,level_5,332999,exact,both_mapped_different
Japan,990000,314999,69627.0,Asia,1,,,S00300,noncomparable_imports,314900,level_4,both_mapped_different
Romania,337215,337127,69566.0,Europe,1,,,337215,exact,337127,exact,both_mapped_different
Morocco,326299,337215,69376.0,Africa,1,,,326290,level_5,337215,exact,both_mapped_different
Switzerland,334515,333999,69373.0,Europe,1,,,334515,exact,33399A,exact,both_mapped_different
South Africa,325180,325613,69293.0,Africa,2,,,325180,level_5,325610,level_5,both_mapped_different
Hungary,327212,327993,69226.0,Europe,1,,,327200,level_4,327993,exact,both_mapped_different
Brazil,336390,333111,69004.0,South_America,2,,,336390,level_5,333111,exact,both_mapped_different
Sweden,334516,334519,68930.0,Europe,1,,,334516,exact,33451A,exact,both_mapped_different
Belgium,321911,337215,68864.0,Europe,1,,,321910,level_5,337215,exact,both_mapped_different
Belgium,990000,337212,68841.0,Europe,1,,,S00300,noncomparable_imports,33721A,exact,both_mapped_different
Slovenia,930000,333517,68822.0,Europe,2,,,S00300,noncomparable_imports,333517,exact,both_mapped_different
New Zealand,336612,336611,68821.0,Oceana,2,,,336612,exact,336611,exact,both_mapped_different
Czech Republic,332111,332999,68807.0,Europe,1,,,33211A,exact,332999,exact,both_mapped_different
Norway,339920,314910,68806.0,Europe,1,,,339920,level_5,314900,level_4,both_mapped_different
Denmark,332215,331511,68800.0,Europe,1,,,332200,level_4,331510,level_5,both_mapped_different
Finland,339113,322291,68788.0,Europe,1,,,339113,exact,322291,exact,both_mapped_different
France,334515,333999,68702.0,Europe,1,,,334515,exact,33399A,exact,both_mapped_different
Panama,332721,336350,68684.0,South_America,1,,,332720,level_5,336350,level_5,both_mapped_different
Germany,990000,337212,68597.0,Europe,1,,,S00300,noncomparable_imports,33721A,exact,both_mapped_different
Angola,212390,339910,68586.0,Africa,1,,,2123A0,level_5,339910,level_5,both_mapped_different
Bulgaria,325998,325620,68581.0,Europe,1,,,3259A0,level_5,325620,level_5,both_mapped_different
Denmark,332112,332999,68535.0,Europe,1,,,33211A,exact,332999,exact,both_mapped_different
Senegal,334510,339113,68531.0,Africa,1,,,334510,exact,339113,exact,both_mapped_different
Spain,335932,326199,68525.0,Europe,1,,,335930,level_5,326190,level_5,both_mapped_different
Slovenia,335932,326199,68498.0,Europe,1,,,335930,level_5,326190,level_5,both_mapped_different
Italy,339113,315280,68461.0,Europe,3,,,339113,exact,315000,level_3,both_mapped_different
"Korea, South",327991,327120,68382.0,Asia,1,,,327991,exact,327100,level_4,both_mapped_different
Peru,339113,315280,68378.0,South_America,1,,,339113,exact,315000,level_3,both_mapped_different
South Africa,332996,332919,68224.0,Africa,4,,,332996,exact,33291A,exact,both_mapped_different
France,990000,339999,67755.0,Europe,1,,,S00300,noncomparable_imports,339990,level_5,both_mapped_different
India,333519,331513,67648.0,Asia,1,,,33351B,exact,331510,level_5,both_mapped_different
China,322120,322230,67577.0,Asia,1,,,322120,level_5,322230,level_5,both_mapped_different
Mexico,325199,325211,67482.0,North_America,1,,,325190,level_5,325211,exact,both_mapped_different
Spain,322120,322220,67458.0,Europe,1,,,322120,level_5,322220,level_5,both_mapped_different
Thailand,316990,339999,67458.0,Asia,1,,,316000,level_3,339990,level_5,both_mapped_different
Colombia,334111,334118,67394.0,South_America,1,,,334111,exact,334118,exact,both_mapped_different
Ireland,325199,325211,67380.0,Europe,1,,,325190,level_5,325211,exact,both_mapped_different
Thailand,335929,331318,67373.0,Asia,1,,,335920,level_5,33131B,exact,both_mapped_different
Germany,339999,326199,67227.0,Europe,1,,,339990,level_5,326190,level_5,both_mapped_different
Japan,334510,339112,67101.0,Asia,1,,,334510,exact,339112,exact,both_mapped_different
Hong Kong,335220,333414,67056.0,Asia,3,,,335220,exact,333414,exact,both_mapped_different
Slovakia,339113,326199,67050.0,Europe,1,,,339113,exact,326190,level_5,both_mapped_different
South Africa,334510,335999,67030.0,Africa,1,,,334510,exact,335999,exact,both_mapped_different
Luxembourg,333519,331511,66899.0,Europe,1,,,33351B,exact,331510,level_5,both_mapped_different
Armenia,325411,111339,66784.0,Europe,1,,,325411,exact,111300,level_4,both_mapped_different
Dominican Republic,322130,322220,66731.0,South_America,1,,,322130,level_5,322220,level_5,both_mapped_different
France,322120,322230,66677.0,Europe,1,,,322120,level_5,322230,level_5,both_mapped_different
Panama,325998,325199,66644.0,South_America,1,,,3259A0,level_5,325190,level_5,both_mapped_different
Singapore,327999,339910,66634.0,Asia,2,,,327999,exact,339910,level_5,both_mapped_different
Mexico,339999,339114,66567.0,North_America,1,,,339990,level_5,339114,exact,both_mapped_different
"Korea, South",314999,325220,66560.0,Asia,1,,,314900,level_4,3252A0,level_5,both_mapped_different
Sri Lanka,337215,337127,66486.0,Asia,1,,,337215,exact,337127,exact,both_mapped_different
Portugal,327991,327120,66401.0,Europe,1,,,327991,exact,327100,level_4,both_mapped_different
Pakistan,339920,314910,66283.0,Asia,2,,,339920,level_5,314900,level_4,both_mapped_different
Philippines,339940,326199,66214.0,Asia,1,,,339940,level_5,326190,level_5,both_mapped_different
Austria,337215,337127,65962.0,Europe,1,,,337215,exact,337127,exact,both_mapped_different
Canada,332215,332618,65829.0,North_America,1,,,332200,level_4,332600,level_4,both_mapped_different
China,327332,327999,65817.0,Asia,1,,,327330,level_5,327999,exact,both_mapped_different
Switzerland,331491,332999,65771.0,Europe,2,,,331490,level_5,332999,exact,both_mapped_different
Turkey,337127,337215,65762.0,Europe,1,,,337127,exact,337215,exact,both_mapped_different
Estonia,333924,333120,65744.0,Europe,1,,,333920,level_5,333120,level_5,both_mapped_different
Thailand,333996,333914,65621.0,Asia,1,,,33399B,exact,333914,exact,both_mapped_different
Colombia,339999,327110,65483.0,South_America,1,,,339990,level_5,327100,level_4,both_mapped_different
Mexico,332999,326299,65482.0,North_America,1,,,332999,exact,326290,level_5,both_mapped_different
Turkey,327120,327992,65352.0,Europe,1,,,327100,level_4,327992,exact,both_mapped_different
Serbia,325199,325998,65351.0,Europe,1,,,325190,level_5,3259A0,level_5,both_mapped_different
Estonia,332111,332999,65346.0,Europe,1,,,33211A,exact,332999,exact,both_mapped_different
New Zealand,335932,326199,65339.0,Oceana,1,,,335930,level_5,326190,level_5,both_mapped_different
Switzerland,325180,325130,65336.0,Europe,2,,,325180,level_5,325130,level_5,both_mapped_different
United Kingdom,325199,325211,65209.0,Europe,1,,,325190,level_5,325211,exact,both_mapped_different
Taiwan,322120,322130,65162.0,Asia,1,,,322120,level_5,322130,level_5,both_mapped_different
Italy,333112,333111,65079.0,Europe,1,,,333112,exact,333111,exact,both_mapped_different
Egypt,311421,311411,65049.0,Africa,1,,,311420,level_5,311410,level_5,both_mapped_different
Malaysia,325199,311224,65000.0,Asia,1,,,325190,level_5,311224,exact,both_mapped_different
Denmark,334510,339112,64992.0,Europe,1,,,334510,exact,339112,exact,both_mapped_different
France,910000,325199,64920.0,Europe,1,,,S00300,noncomparable_imports,325190,level_5,both_mapped_different
Ireland,331210,331110,64902.0,Europe,3,,,331200,level_4,331110,level_4,both_mapped_different
Brazil,339999,327110,64868.0,South_America,1,,,339990,level_5,327100,level_4,both_mapped_different
Ukraine,324199,325998,64833.0,Europe,2,,,324190,level_5,3259A0,level_5,both_mapped_different
Singapore,332420,332439,64825.0,Asia,2,,,332420,level_5,332430,level_5,both_mapped_different
Mexico,930000,333519,64823.0,North_America,1,,,S00300,noncomparable_imports,33351B,exact,both_mapped_different
Colombia,339940,326199,64754.0,South_America,1,,,339940,level_5,326190,level_5,both_mapped_different
Taiwan,325199,325212,64740.0,Asia,1,,,325190,level_5,3252A0,exact,both_mapped_different
Slovakia,334419,333314,64703.0,Europe,1,,,33441A,exact,333314,exact,both_mapped_different
Slovenia,326140,326113,64512.0,Europe,1,,,326140,level_5,326110,level_5,both_mapped_different
Croatia,332618,331222,64506.0,Europe,1,,,332600,level_4,331200,level_4,both_mapped_different
Georgia,327991,327390,64496.0,Europe,1,,,327991,exact,327390,level_5,both_mapped_different
Poland,322120,322230,64472.0,Europe,1,,,322120,level_5,322230,level_5,both_mapped_different
Thailand,327420,327999,64418.0,Asia,1,,,327400,level_4,327999,exact,both_mapped_different
Costa Rica,332111,332999,64356.0,South_America,1,,,33211A,exact,332999,exact,both_mapped_different
Sri Lanka,333514,332216,64182.0,Asia,1,,,333514,exact,332200,level_4,both_mapped_different
Spain,334419,334413,64086.0,Europe,1,,,33441A,exact,334413,exact,both_mapped_different
Jamaica,325411,111339,64040.0,South_America,1,,,325411,exact,111300,level_4,both_mapped_different
Vietnam,990000,336611,64000.0,Asia,1,,,S00300,noncomparable_imports,336611,exact,both_mapped_different
France,339113,326199,63945.0,Europe,1,,,339113,exact,326190,level_5,both_mapped_different
Costa Rica,325510,325520,63900.0,South_America,1,,,325510,level_5,325520,level_5,both_mapped_different
Croatia,333613,336310,63871.0,Europe,1,,,333613,exact,336310,level_5,both_mapped_different
Panama,335999,335929,63808.0,South_America,2,,,335999,exact,335920,level_5,both_mapped_different
Colombia,339994,314120,63730.0,South_America,1,,,339990,level_5,314120,level_5,both_mapped_different
Albania,337127,337124,63571.0,Europe,3,,,337127,exact,33712N,exact,both_mapped_different
Finland,321918,321999,63433.0,Europe,2,,,321910,level_5,3219A0,level_5,both_mapped_different
Panama,325211,910000,63432.0,South_America,1,,,325211,exact,S00300,noncomparable_imports,both_mapped_different
Hungary,324199,325998,63394.0,Europe,2,,,324190,level_5,3259A0,level_5,both_mapped_different
Czech Republic,321918,321999,63375.0,Europe,1,,,321910,level_5,3219A0,level_5,both_mapped_different
India,311514,325199,63202.0,Asia,1,,,311514,exact,325190,level_5,both_mapped_different
United Arab Emirates,337127,337124,63000.0,Asia,1,,,337127,exact,33712N,exact,both_mapped_different
Honduras,339994,314120,62983.0,South_America,1,,,339990,level_5,314120,level_5,both_mapped_different
Cote d'Ivoire,325199,325998,62809.0,Africa,2,,,325190,level_5,3259A0,level_5,both_mapped_different
Poland,325180,325130,62694.0,Europe,3,,,325180,level_5,325130,level_5,both_mapped_different
Czech Republic,334419,333314,62659.0,Europe,3,,,33441A,exact,333314,exact,both_mapped_different
Egypt,336612,336611,62600.0,Africa,1,,,336612,exact,336611,exact,both_mapped_different
South Africa,335932,327212,62443.0,Africa,1,,,335930,level_5,327200,level_4,both_mapped_different
Israel,333514,332216,62387.0,Asia,1,,,333514,exact,332200,level_4,both_mapped_different
Sweden,339113,339112,62382.0,Europe,1,,,339113,exact,339112,exact,both_mapped_different
Russia,325411,111339,62298.0,Europe,1,,,325411,exact,111300,level_4,both_mapped_different
Czech Republic,333515,333991,62263.0,Europe,2,,,33351B,exact,333991,exact,both_mapped_different
Israel,322230,323111,62227.0,Asia,2,,,322230,level_5,323110,level_5,both_mapped_different
Macau,325199,325998,62225.0,Asia,3,,,325190,level_5,3259A0,level_5,both_mapped_different
Portugal,339112,335999,62216.0,Europe,1,,,339112,exact,335999,exact,both_mapped_different
Thailand,339940,322121,62150.0,Asia,1,,,339940,level_5,322120,level_5,both_mapped_different
France,990000,315190,62129.0,Europe,1,,,S00300,noncomparable_imports,315000,level_3,both_mapped_different
Australia,321918,321999,62106.0,Oceana,1,,,321910,level_5,3219A0,level_5,both_mapped_different
Italy,325320,325199,62100.0,Europe,2,,,325320,level_5,325190,level_5,both_mapped_different
Czech Republic,331410,332999,61983.0,Europe,1,,,331410,exact,332999,exact,both_mapped_different
Fiji,311421,311411,61836.0,Oceana,1,,,311420,level_5,311410,level_5,both_mapped_different
"Korea, South",335921,327215,61836.0,Asia,3,,,335920,level_5,327200,level_4,both_mapped_different
Nigeria,311710,114112,61781.0,Africa,3,,,311700,level_4,114000,level_3,both_mapped_different
"Korea, South",339999,332999,61652.0,Asia,1,,,339990,level_5,332999,exact,both_mapped_different
Sierra Leone,335999,335929,61642.0,Africa,2,,,335999,exact,335920,level_5,both_mapped_different
China,325199,325211,61485.0,Asia,1,,,325190,level_5,325211,exact,both_mapped_different
Brazil,325199,325211,61440.0,South_America,1,,,325190,level_5,325211,exact,both_mapped_different
India,332991,332722,61313.0,Asia,1,,,332991,exact,332720,level_5,both_mapped_different
Ukraine,337215,337127,61158.0,Europe,1,,,337215,exact,337127,exact,both_mapped_different
Japan,333241,333111,61104.0,Asia,1,,,33329A,exact,333111,exact,both_mapped_different
Switzerland,334413,335999,61100.0,Europe,1,,,334413,exact,335999,exact,both_mapped_different
Germany,336412,336413,61016.0,Europe,2,,,336412,exact,336413,exact,both_mapped_different
South Africa,325320,325199,60796.0,Africa,1,,,325320,level_5,325190,level_5,both_mapped_different
Bulgaria,990000,337212,60742.0,Europe,1,,,S00300,noncomparable_imports,33721A,exact,both_mapped_different
Poland,313210,327993,60703.0,Europe,1,,,313200,level_4,327993,exact,both_mapped_different
Indonesia,111335,115114,60479.0,Asia,1,,,111300,level_4,115000,level_3,both_mapped_different
Czech Republic,333241,333111,60421.0,Europe,2,,,33329A,exact,333111,exact,both_mapped_different
Bulgaria,333924,333120,60339.0,Europe,1,,,333920,level_5,333120,level_5,both_mapped_different
India,339940,323111,60322.0,Asia,1,,,339940,level_5,323110,level_5,both_mapped_different
Serbia,332996,332919,60287.0,Europe,2,,,332996,exact,33291A,exact,both_mapped_different
Costa Rica,332618,331222,60190.0,South_America,1,,,332600,level_4,331200,level_4,both_mapped_different
Colombia,336612,326299,60159.0,South_America,1,,,336612,exact,326290,level_5,both_mapped_different
Czech Republic,339930,339910,60129.0,Europe,1,,,339930,level_5,339910,level_5,both_mapped_different
Germany,327120,327992,60111.0,Europe,1,,,327100,level_4,327992,exact,both_mapped_different
Spain,316990,339999,60000.0,Europe,1,,,316000,level_3,339990,level_5,both_mapped_different
Thailand,930000,336411,60000.0,Asia,1,,,S00300,noncomparable_imports,336411,exact,both_mapped_different
Egypt,339940,326199,59792.0,Africa,1,,,339940,level_5,326190,level_5,both_mapped_different
Serbia,337127,337124,59629.0,Europe,2,,,337127,exact,33712N,exact,both_mapped_different
Malaysia,323111,323120,59611.0,Asia,1,,,323110,level_5,323120,level_5,both_mapped_different
Belgium,334515,333999,59510.0,Europe,1,,,334515,exact,33399A,exact,both_mapped_different
Norway,326299,337215,59501.0,Europe,1,,,326290,level_5,337215,exact,both_mapped_different
Japan,326299,313320,59463.0,Asia,1,,,326290,level_5,313300,level_4,both_mapped_different
Slovenia,325510,325520,59409.0,Europe,1,,,325510,level_5,325520,level_5,both_mapped_different
Vietnam,321912,113310,59401.0,Asia,2,,,321910,level_5,113000,level_3,both_mapped_different
Malaysia,334515,333999,59324.0,Asia,1,,,334515,exact,33399A,exact,both_mapped_different
Spain,322130,322121,59321.0,Europe,1,,,322130,level_5,322120,level_5,both_mapped_different
Pakistan,325510,325520,59305.0,Asia,1,,,325510,level_5,325520,level_5,both_mapped_different
Chile,325211,910000,59245.0,South_America,2,,,325211,exact,S00300,noncomparable_imports,both_mapped_different
Netherlands,332991,332722,59189.0,Europe,1,,,332991,exact,332720,level_5,both_mapped_different
Cambodia,325199,325998,59143.0,Asia,1,,,325190,level_5,3259A0,level_5,both_mapped_different
Mexico,334514,334519,59125.0,North_America,2,,,334514,exact,33451A,exact,both_mapped_different
United Arab Emirates,322211,322299,59114.0,Asia,1,,,322210,level_5,322299,exact,both_mapped_different
Guatemala,332996,332919,59111.0,South_America,1,,,332996,exact,33291A,exact,both_mapped_different
Guyana,325211,910000,59098.0,South_America,2,,,325211,exact,S00300,noncomparable_imports,both_mapped_different
Czech Republic,335220,332216,59094.0,Europe,2,,,335220,exact,332200,level_4,both_mapped_different
Saudi Arabia,326199,314120,58904.0,Asia,2,,,326190,level_5,314120,level_5,both_mapped_different
Czech Republic,334419,334413,58864.0,Europe,1,,,33441A,exact,334413,exact,both_mapped_different
Portugal,325211,910000,58828.0,Europe,3,,,325211,exact,S00300,noncomparable_imports,both_mapped_different
Indonesia,325620,325611,58800.0,Asia,1,,,325620,level_5,325610,level_5,both_mapped_different
Spain,339113,322291,58746.0,Europe,1,,,339113,exact,322291,exact,both_mapped_different
Suriname,336350,335312,58737.0,South_America,1,,,336350,level_5,335312,exact,both_mapped_different
Belgium,339999,327110,58655.0,Europe,1,,,339990,level_5,327100,level_4,both_mapped_different
Netherlands,327332,327999,58529.0,Europe,1,,,327330,level_5,327999,exact,both_mapped_different
Czech Republic,333514,332216,58519.0,Europe,1,,,333514,exact,332200,level_4,both_mapped_different
Greece,332111,332999,58468.0,Europe,1,,,33211A,exact,332999,exact,both_mapped_different
Romania,332439,332999,58451.0,Europe,1,,,332430,level_5,332999,exact,both_mapped_different
Portugal,990000,337212,58441.0,Europe,1,,,S00300,noncomparable_imports,33721A,exact,both_mapped_different
Portugal,335921,327215,58361.0,Europe,3,,,335920,level_5,327200,level_4,both_mapped_different
Turkey,311612,326121,58314.0,Europe,1,,,31161A,exact,326120,level_5,both_mapped_different
Spain,331420,332999,58258.0,Europe,3,,,331420,level_5,332999,exact,both_mapped_different
Liechtenstein,322220,332999,58255.0,Europe,1,,,322220,level_5,332999,exact,both_mapped_different
France,333111,333241,58233.0,Europe,1,,,333111,exact,33329A,exact,both_mapped_different
Finland,332111,332999,58212.0,Europe,2,,,33211A,exact,332999,exact,both_mapped_different
Jamaica,325998,325199,58148.0,South_America,4,,,3259A0,level_5,325190,level_5,both_mapped_different
Poland,336612,326299,57990.0,Europe,1,,,336612,exact,326290,level_5,both_mapped_different
Taiwan,332323,331491,57900.0,Asia,1,,,332320,level_5,331490,level_5,both_mapped_different
Saudi Arabia,325211,910000,57885.0,Asia,1,,,325211,exact,S00300,noncomparable_imports,both_mapped_different
Norway,335929,331318,57754.0,Europe,1,,,335920,level_5,33131B,exact,both_mapped_different
Slovakia,990000,325413,57672.0,Europe,1,,,S00300,noncomparable_imports,325413,exact,both_mapped_different
Switzerland,334510,335999,57479.0,Europe,1,,,334510,exact,335999,exact,both_mapped_different
Denmark,336350,335312,57463.0,Europe,1,,,336350,level_5,335312,exact,both_mapped_different
Czech Republic,333992,331491,57456.0,Europe,1,,,33399A,exact,331490,level_5,both_mapped_different
Georgia,332996,332919,57145.0,Europe,1,,,332996,exact,33291A,exact,both_mapped_different
Hungary,336390,333111,57076.0,Europe,2,,,336390,level_5,333111,exact,both_mapped_different
Denmark,313210,327993,57021.0,Europe,1,,,313200,level_4,327993,exact,both_mapped_different
Philippines,321918,321999,56943.0,Asia,1,,,321910,level_5,3219A0,level_5,both_mapped_different
Netherlands,337127,337215,56929.0,Europe,1,,,337127,exact,337215,exact,both_mapped_different
Australia,322120,322230,56885.0,Oceana,1,,,322120,level_5,322230,level_5,both_mapped_different
Portugal,332439,332999,56849.0,Europe,1,,,332430,level_5,332999,exact,both_mapped_different
Bulgaria,334512,334513,56563.0,Europe,2,,,334512,exact,334513,exact,both_mapped_different
United Kingdom,990000,313210,56524.0,Europe,1,,,S00300,noncomparable_imports,313200,level_4,both_mapped_different
Georgia,322211,322299,56375.0,Europe,1,,,322210,level_5,322299,exact,both_mapped_different
Slovakia,322230,323111,56370.0,Europe,2,,,322230,level_5,323110,level_5,both_mapped_different
New Zealand,334516,334519,56301.0,Oceana,1,,,334516,exact,33451A,exact,both_mapped_different
Turkey,327212,314994,56290.0,Europe,1,,,327200,level_4,314900,level_4,both_mapped_different
Bulgaria,334510,339112,56286.0,Europe,1,,,334510,exact,339112,exact,both_mapped_different
New Zealand,339940,326199,56250.0,Oceana,1,,,339940,level_5,326190,level_5,both_mapped_different
Turkey,327999,339910,56250.0,Europe,2,,,327999,exact,339910,level_5,both_mapped_different
Slovakia,325199,311224,56208.0,Europe,1,,,325190,level_5,311224,exact,both_mapped_different
Canada,115210,311613,56164.0,North_America,1,,,115000,level_3,31161A,exact,both_mapped_different
Finland,339999,327110,56033.0,Europe,3,,,339990,level_5,327100,level_4,both_mapped_different
Poland,335921,327215,55990.0,Europe,3,,,335920,level_5,327200,level_4,both_mapped_different
Ireland,325998,325620,55965.0,Europe,1,,,3259A0,level_5,325620,level_5,both_mapped_different
Portugal,325510,325520,55927.0,Europe,1,,,325510,level_5,325520,level_5,both_mapped_different
Netherlands,333415,335312,55922.0,Europe,1,,,333415,exact,335312,exact,both_mapped_different
Qatar,332991,332722,55844.0,Asia,1,,,332991,exact,332720,level_5,both_mapped_different
Hong Kong,335312,334419,55838.0,Asia,1,,,335312,exact,33441A,exact,both_mapped_different
Hong Kong,339920,314910,55809.0,Asia,1,,,339920,level_5,314900,level_4,both_mapped_different
Spain,327332,327999,55800.0,Europe,1,,,327330,level_5,327999,exact,both_mapped_different
Brazil,325510,325520,55787.0,South_America,1,,,325510,level_5,325520,level_5,both_mapped_different
Sweden,322230,323111,55780.0,Europe,2,,,322230,level_5,323110,level_5,both_mapped_different
Dominican Republic,325510,325520,55733.0,South_America,1,,,325510,level_5,325520,level_5,both_mapped_different
Australia,212390,339910,55680.0,Oceana,2,,,2123A0,level_5,339910,level_5,both_mapped_different
France,325620,325611,55577.0,Europe,1,,,325620,level_5,325610,level_5,both_mapped_different
Ireland,336211,336111,55558.0,Europe,1,,,336211,exact,336111,exact,both_mapped_different
Lithuania,325411,325412,55319.0,Europe,3,,,325411,exact,325412,exact,both_mapped_different
Taiwan,336120,336211,55140.0,Asia,1,,,336120,level_5,336211,exact,both_mapped_different
Zimbabwe,339930,339910,55112.0,Africa,1,,,339930,level_5,339910,level_5,both_mapped_different
Senegal,339930,339910,55000.0,Africa,1,,,339930,level_5,339910,level_5,both_mapped_different
Austria,333415,337127,54975.0,Europe,1,,,333415,exact,337127,exact,both_mapped_different
Belgium,337127,337215,54946.0,Europe,1,,,337127,exact,337215,exact,both_mapped_different
Belarus,335999,335929,54848.0,Europe,1,,,335999,exact,335920,level_5,both_mapped_different
Bulgaria,334111,334118,54821.0,Europe,1,,,334111,exact,334118,exact,both_mapped_different
Uruguay,990000,325413,54770.0,South_America,1,,,S00300,noncomparable_imports,325413,exact,both_mapped_different
Vietnam,332215,339910,54706.0,Asia,1,,,332200,level_4,339910,level_5,both_mapped_different
Ireland,325211,910000,54606.0,Europe,2,,,325211,exact,S00300,noncomparable_imports,both_mapped_different
Czech Republic,334515,333999,54597.0,Europe,1,,,334515,exact,33399A,exact,both_mapped_different
Austria,333111,333120,54577.0,Europe,1,,,333111,exact,333120,level_5,both_mapped_different
Ghana,212390,339910,54525.0,Africa,1,,,2123A0,level_5,339910,level_5,both_mapped_different
India,333111,336212,54522.0,Asia,1,,,333111,exact,336212,exact,both_mapped_different
Taiwan,325320,325199,54432.0,Asia,1,,,325320,level_5,325190,level_5,both_mapped_different
France,325180,325411,54425.0,Europe,1,,,325180,level_5,325411,exact,both_mapped_different
Mexico,333120,333924,54380.0,North_America,1,,,333120,level_5,333920,level_5,both_mapped_different
Hong Kong,316990,339999,54206.0,Asia,1,,,316000,level_3,339990,level_5,both_mapped_different
Canada,930000,333519,54196.0,North_America,2,,,S00300,noncomparable_imports,33351B,exact,both_mapped_different
Poland,339999,332999,54176.0,Europe,2,,,339990,level_5,332999,exact,both_mapped_different
Vietnam,335999,334419,54149.0,Asia,1,,,335999,exact,33441A,exact,both_mapped_different
Turkey,325620,325611,54129.0,Europe,1,,,325620,level_5,325610,level_5,both_mapped_different
Uruguay,325411,111339,54000.0,South_America,1,,,325411,exact,111300,level_4,both_mapped_different
Australia,332991,332722,53963.0,Oceana,1,,,332991,exact,332720,level_5,both_mapped_different
Romania,335921,327215,53892.0,Europe,1,,,335920,level_5,327200,level_4,both_mapped_different
Malaysia,322120,322230,53822.0,Asia,1,,,322120,level_5,322230,level_5,both_mapped_different
Netherlands,334515,333999,53757.0,Europe,1,,,334515,exact,33399A,exact,both_mapped_different
Romania,313210,327993,53730.0,Europe,1,,,313200,level_4,327993,exact,both_mapped_different
Ireland,332999,331491,53636.0,Europe,1,,,332999,exact,331490,level_5,both_mapped_different
Germany,327212,314994,53538.0,Europe,1,,,327200,level_4,314900,level_4,both_mapped_different
Japan,339112,335999,53383.0,Asia,1,,,339112,exact,335999,exact,both_mapped_different
Poland,332721,336350,53358.0,Europe,2,,,332720,level_5,336350,level_5,both_mapped_different
France,332323,331491,53293.0,Europe,1,,,332320,level_5,331490,level_5,both_mapped_different
Austria,335932,327212,53278.0,Europe,1,,,335930,level_5,327200,level_4,both_mapped_different
Portugal,322120,322130,53227.0,Europe,1,,,322120,level_5,322130,level_5,both_mapped_different
United Kingdom,322120,322220,53118.0,Europe,1,,,322120,level_5,322220,level_5,both_mapped_different
Malaysia,322211,322299,53029.0,Asia,1,,,322210,level_5,322299,exact,both_mapped_different
Ireland,333923,333999,52977.0,Europe,2,,,333920,level_5,33399A,exact,both_mapped_different
Costa Rica,325211,910000,52959.0,South_America,2,,,325211,exact,S00300,noncomparable_imports,both_mapped_different
Netherlands,321219,327999,52930.0,Europe,1,,,321200,level_4,327999,exact,both_mapped_different
Romania,321912,113310,52907.0,Europe,2,,,321910,level_5,113000,level_3,both_mapped_different
Australia,335220,333414,52879.0,Oceana,3,,,335220,exact,333414,exact,both_mapped_different
Netherlands,930000,333517,52841.0,Europe,3,,,S00300,noncomparable_imports,333517,exact,both_mapped_different
Germany,910000,325199,52689.0,Europe,2,,,S00300,noncomparable_imports,325190,level_5,both_mapped_different
Colombia,337215,337127,52491.0,South_America,1,,,337215,exact,337127,exact,both_mapped_different
Croatia,332996,332919,52461.0,Europe,5,,,332996,exact,33291A,exact,both_mapped_different
Hungary,336350,335312,52395.0,Europe,1,,,336350,level_5,335312,exact,both_mapped_different
Finland,337127,337124,52394.0,Europe,2,,,337127,exact,33712N,exact,both_mapped_different
Italy,334510,339112,52265.0,Europe,1,,,334510,exact,339112,exact,both_mapped_different
Uganda,334111,334118,52200.0,Africa,1,,,334111,exact,334118,exact,both_mapped_different
Italy,325199,311224,52196.0,Europe,2,,,325190,level_5,311224,exact,both_mapped_different
United Arab Emirates,334413,335999,52173.0,Asia,1,,,334413,exact,335999,exact,both_mapped_different
Somalia,325199,325998,52166.0,Africa,2,,,325190,level_5,3259A0,level_5,both_mapped_different
Hungary,325411,111339,52069.0,Europe,1,,,325411,exact,111300,level_4,both_mapped_different
"Korea, South",335999,334419,51848.0,Asia,1,,,335999,exact,33441A,exact,both_mapped_different
Netherlands,333514,332216,51797.0,Europe,1,,,333514,exact,332200,level_4,both_mapped_different
Belgium,327991,327120,51654.0,Europe,1,,,327991,exact,327100,level_4,both_mapped_different
Spain,339112,335999,51546.0,Europe,1,,,339112,exact,335999,exact,both_mapped_different
Czech Republic,313230,327212,51539.0,Europe,1,,,313200,level_4,327200,level_4,both_mapped_different
Denmark,326140,326113,51509.0,Europe,1,,,326140,level_5,326110,level_5,both_mapped_different
Hungary,339940,326199,51380.0,Europe,1,,,339940,level_5,326190,level_5,both_mapped_different
Slovakia,334310,334220,51341.0,Europe,1,,,334300,level_4,334220,level_5,both_mapped_different
Greece,325998,325199,51175.0,Europe,4,,,3259A0,level_5,325190,level_5,both_mapped_different
Spain,339113,316998,51172.0,Europe,1,,,339113,exact,316000,level_3,both_mapped_different
Turkey,332216,332111,51108.0,Europe,1,,,332200,level_4,33211A,exact,both_mapped_different
United Arab Emirates,324191,325613,51104.0,Asia,1,,,324190,level_5,325610,level_5,both_mapped_different
Japan,334511,339930,50981.0,Asia,1,,,334511,exact,339930,level_5,both_mapped_different
Malaysia,322299,322121,50978.0,Asia,2,,,322299,exact,322120,level_5,both_mapped_different
Egypt,326140,326113,50942.0,Africa,1,,,326140,level_5,326110,level_5,both_mapped_different
Finland,337215,337127,50881.0,Europe,1,,,337215,exact,337127,exact,both_mapped_different
China,331420,331410,50805.0,Asia,2,,,331420,level_5,331410,exact,both_mapped_different
Estonia,333111,336212,50800.0,Europe,1,,,333111,exact,336212,exact,both_mapped_different
Malaysia,335932,327212,50761.0,Asia,2,,,335930,level_5,327200,level_4,both_mapped_different
South Africa,990000,325413,50743.0,Africa,1,,,S00300,noncomparable_imports,325413,exact,both_mapped_different
Latvia,325411,111339,50668.0,Europe,1,,,325411,exact,111300,level_4,both_mapped_different
Brazil,332215,332999,50548.0,South_America,2,,,332200,level_4,332999,exact,both_mapped_different
Croatia,334512,334513,50508.0,Europe,2,,,334512,exact,334513,exact,both_mapped_different
Uruguay,325411,325412,50480.0,South_America,3,,,325411,exact,325412,exact,both_mapped_different
Mexico,990000,337212,50308.0,North_America,1,,,S00300,noncomparable_imports,33721A,exact,both_mapped_different
Costa Rica,334111,334118,50260.0,South_America,1,,,334111,exact,334118,exact,both_mapped_different
Australia,910000,331491,50232.0,Oceana,1,,,S00300,noncomparable_imports,331490,level_5,both_mapped_different
Dominican Republic,339999,327110,50232.0,South_America,2,,,339990,level_5,327100,level_4,both_mapped_different
Germany,212390,339910,50130.0,Europe,1,,,2123A0,level_5,339910,level_5,both_mapped_different
Cambodia,910000,325199,50086.0,Asia,1,,,S00300,noncomparable_imports,325190,level_5,both_mapped_different
Morocco,337215,337127,49964.0,Africa,1,,,337215,exact,337127,exact,both_mapped_different
India,325510,325520,49829.0,Asia,1,,,325510,level_5,325520,level_5,both_mapped_different
Dominican Republic,339920,339992,49789.0,South_America,1,,,339920,level_5,339990,level_5,both_mapped_different
Brazil,339910,114119,49783.0,South_America,1,,,339910,level_5,114000,level_3,both_mapped_different
Denmark,333111,336212,49730.0,Europe,1,,,333111,exact,336212,exact,both_mapped_different
Argentina,332991,332722,49700.0,South_America,1,,,332991,exact,332720,level_5,both_mapped_different
Dominican Republic,335312,334419,49695.0,South_America,1,,,335312,exact,33441A,exact,both_mapped_different
Ireland,332439,332999,49669.0,Europe,1,,,332430,level_5,332999,exact,both_mapped_different
Pakistan,325620,325611,49646.0,Asia,1,,,325620,level_5,325610,level_5,both_mapped_different
Honduras,339930,339910,49552.0,South_America,1,,,339930,level_5,339910,level_5,both_mapped_different
Poland,314999,990000,49508.0,Europe,4,,,314900,level_4,S00300,noncomparable_imports,both_mapped_different
South Africa,339920,314910,49468.0,Africa,1,,,339920,level_5,314900,level_4,both_mapped_different
Brazil,332420,332439,49350.0,South_America,2,,,332420,level_5,332430,level_5,both_mapped_different
France,910000,325412,49325.0,Europe,1,,,S00300,noncomparable_imports,325412,exact,both_mapped_different
Estonia,322211,322299,49310.0,Europe,1,,,322210,level_5,322299,exact,both_mapped_different
United Arab Emirates,321219,327999,49305.0,Asia,1,,,321200,level_4,327999,exact,both_mapped_different
Bulgaria,910000,325199,49210.0,Europe,1,,,S00300,noncomparable_imports,325190,level_5,both_mapped_different
Ukraine,335932,326199,49200.0,Europe,1,,,335930,level_5,326190,level_5,both_mapped_different
Colombia,333923,333999,49180.0,South_America,1,,,333920,level_5,33399A,exact,both_mapped_different
Israel,331210,331110,49161.0,Asia,2,,,331200,level_4,331110,level_4,both_mapped_different
Netherlands,321999,113310,49068.0,Europe,1,,,3219A0,level_5,113000,level_3,both_mapped_different
Armenia,327999,339910,49045.0,Europe,2,,,327999,exact,339910,level_5,both_mapped_different
Netherlands,327420,327999,49012.0,Europe,1,,,327400,level_4,327999,exact,both_mapped_different
Lithuania,990000,325413,48980.0,Europe,1,,,S00300,noncomparable_imports,325413,exact,both_mapped_different
Czech Republic,325620,325611,48959.0,Europe,1,,,325620,level_5,325610,level_5,both_mapped_different
Canada,339999,332999,48910.0,North_America,2,,,339990,level_5,332999,exact,both_mapped_different
India,332215,335220,48872.0,Asia,2,,,332200,level_4,335220,exact,both_mapped_different
Finland,326299,337215,48842.0,Europe,1,,,326290,level_5,337215,exact,both_mapped_different
Bahrain,331420,331410,48840.0,Asia,1,,,331420,level_5,331410,exact,both_mapped_different
New Zealand,331210,331110,48836.0,Oceana,3,,,331200,level_4,331110,level_4,both_mapped_different
Lithuania,311421,311411,48811.0,Europe,1,,,311420,level_5,311410,level_5,both_mapped_different
Thailand,334516,334519,48734.0,Asia,1,,,334516,exact,33451A,exact,both_mapped_different
Jamaica,335999,335929,48732.0,South_America,1,,,335999,exact,335920,level_5,both_mapped_different
Austria,334516,334519,48704.0,Europe,1,,,334516,exact,33451A,exact,both_mapped_different
Bangladesh,334413,335999,48671.0,Asia,1,,,334413,exact,335999,exact,both_mapped_different
Norway,326140,326113,48607.0,Europe,1,,,326140,level_5,326110,level_5,both_mapped_different
Romania,339999,327110,48509.0,Europe,1,,,339990,level_5,327100,level_4,both_mapped_different
Italy,313230,327212,48316.0,Europe,1,,,313200,level_4,327200,level_4,both_mapped_different
Belgium,336330,333111,48290.0,Europe,1,,,3363A0,level_5,333111,exact,both_mapped_different
Indonesia,339940,326199,48267.0,Asia,1,,,339940,level_5,326190,level_5,both_mapped_different
Japan,333515,332216,48165.0,Asia,1,,,33351B,exact,332200,level_4,both_mapped_different
India,339113,315990,48116.0,Asia,2,,,339113,exact,315000,level_3,both_mapped_different
Tanzania,321219,327390,48106.0,Africa,1,,,321200,level_4,327390,level_5,both_mapped_different
Italy,115210,11211X,48008.0,Europe,2,,,115000,level_3,1121A0,exact,both_mapped_different
Ethiopia,314999,990000,47960.0,Africa,2,,,314900,level_4,S00300,noncomparable_imports,both_mapped_different
Haiti,325411,111339,47954.0,South_America,1,,,325411,exact,111300,level_4,both_mapped_different
Honduras,326199,314120,47924.0,South_America,1,,,326190,level_5,314120,level_5,both_mapped_different
Latvia,313230,327215,47923.0,Europe,1,,,313200,level_4,327200,level_4,both_mapped_different
Luxembourg,326150,326113,47861.0,Europe,2,,,326150,level_5,326110,level_5,both_mapped_different
Slovakia,335932,326199,47657.0,Europe,1,,,335930,level_5,326190,level_5,both_mapped_different
Poland,990000,337212,47600.0,Europe,1,,,S00300,noncomparable_imports,33721A,exact,both_mapped_different
Estonia,335999,334419,47535.0,Europe,1,,,335999,exact,33441A,exact,both_mapped_different
Venezuela,339930,339910,47445.0,South_America,1,,,339930,level_5,339910,level_5,both_mapped_different
Vietnam,339112,335999,47202.0,Asia,1,,,339112,exact,335999,exact,both_mapped_different
Germany,333515,332216,47151.0,Europe,1,,,33351B,exact,332200,level_4,both_mapped_different
Thailand,333241,333111,47038.0,Asia,1,,,33329A,exact,333111,exact,both_mapped_different
Singapore,339994,314120,46955.0,Asia,1,,,339990,level_5,314120,level_5,both_mapped_different
Argentina,325199,311224,46908.0,South_America,1,,,325190,level_5,311224,exact,both_mapped_different
Vietnam,336612,336611,46764.0,Asia,1,,,336612,exact,336611,exact,both_mapped_different
Brazil,333511,333249,46588.0,South_America,1,,,333511,exact,33329A,exact,both_mapped_different
Poland,990000,314999,46580.0,Europe,1,,,S00300,noncomparable_imports,314900,level_4,both_mapped_different
Luxembourg,335999,335929,46557.0,Europe,3,,,335999,exact,335920,level_5,both_mapped_different
Australia,334515,333999,46531.0,Oceana,1,,,334515,exact,33399A,exact,both_mapped_different
Latvia,332439,332999,46493.0,Europe,1,,,332430,level_5,332999,exact,both_mapped_different
Macedonia,325411,111339,46433.0,Europe,1,,,325411,exact,111300,level_4,both_mapped_different
Dominican Republic,322230,323111,46332.0,South_America,1,,,322230,level_5,323110,level_5,both_mapped_different
Slovenia,333241,333111,46306.0,Europe,1,,,33329A,exact,333111,exact,both_mapped_different
Chile,335999,335929,46228.0,South_America,2,,,335999,exact,335920,level_5,both_mapped_different
Malaysia,334511,339930,46112.0,Asia,1,,,334511,exact,339930,level_5,both_mapped_different
Niue,333515,332216,46107.0,Oceana,1,,,33351B,exact,332200,level_4,both_mapped_different
Belgium,334516,334519,46079.0,Europe,1,,,334516,exact,33451A,exact,both_mapped_different
Germany,325320,325194,45988.0,Europe,2,,,325320,level_5,325190,level_5,both_mapped_different
Netherlands,339113,315280,45983.0,Europe,2,,,339113,exact,315000,level_3,both_mapped_different
France,336612,326299,45954.0,Europe,1,,,336612,exact,326290,level_5,both_mapped_different
Philippines,335921,327215,45908.0,Asia,1,,,335920,level_5,327200,level_4,both_mapped_different
Philippines,331210,331110,45860.0,Asia,1,,,331200,level_4,331110,level_4,both_mapped_different
Guatemala,325998,325199,45785.0,South_America,2,,,3259A0,level_5,325190,level_5,both_mapped_different
Netherlands,115210,311613,45748.0,Europe,1,,,115000,level_3,31161A,exact,both_mapped_different
Bosnia and Herzegovina,337127,337215,45634.0,Europe,1,,,337127,exact,337215,exact,both_mapped_different
South Africa,336350,335312,45608.0,Africa,1,,,336350,level_5,335312,exact,both_mapped_different
South Africa,333111,333241,45524.0,Africa,1,,,333111,exact,33329A,exact,both_mapped_different
Norway,337215,337127,45483.0,Europe,1,,,337215,exact,337127,exact,both_mapped_different
Sweden,332439,332999,45337.0,Europe,1,,,332430,level_5,332999,exact,both_mapped_different
Brazil,327212,327993,45329.0,South_America,1,,,327200,level_4,327993,exact,both_mapped_different
Ireland,212390,339910,45324.0,Europe,2,,,2123A0,level_5,339910,level_5,both_mapped_different
Australia,333112,333111,45302.0,Oceana,1,,,333112,exact,333111,exact,both_mapped_different
United Arab Emirates,326150,326113,45291.0,Asia,1,,,326150,level_5,326110,level_5,both_mapped_different
Brazil,325211,910000,45253.0,South_America,1,,,325211,exact,S00300,noncomparable_imports,both_mapped_different
Hong Kong,336390,336214,45189.0,Asia,1,,,336390,level_5,336214,exact,both_mapped_different
Spain,990000,339999,45153.0,Europe,1,,,S00300,noncomparable_imports,339990,level_5,both_mapped_different
Australia,333515,333991,45148.0,Oceana,1,,,33351B,exact,333991,exact,both_mapped_different
Sweden,322299,322121,45113.0,Europe,2,,,322299,exact,322120,level_5,both_mapped_different
Cayman Islands,990000,332216,45085.0,South_America,1,,,S00300,noncomparable_imports,332200,level_4,both_mapped_different
Belgium,327910,332999,44970.0,Europe,1,,,327910,level_5,332999,exact,both_mapped_different
Mauritius,910000,325199,44935.0,Africa,1,,,S00300,noncomparable_imports,325190,level_5,both_mapped_different
Germany,327910,331511,44810.0,Europe,1,,,327910,level_5,331510,level_5,both_mapped_different
Argentina,990000,325413,44753.0,South_America,1,,,S00300,noncomparable_imports,325413,exact,both_mapped_different
Poland,339999,327110,44626.0,Europe,1,,,339990,level_5,327100,level_4,both_mapped_different
Thailand,332991,332722,44594.0,Asia,1,,,332991,exact,332720,level_5,both_mapped_different
Malaysia,334510,339112,44533.0,Asia,1,,,334510,exact,339112,exact,both_mapped_different
United Arab Emirates,332215,331511,44438.0,Asia,2,,,332200,level_4,331510,level_5,both_mapped_different
India,332215,332618,44371.0,Asia,1,,,332200,level_4,332600,level_4,both_mapped_different
Brazil,326199,314120,44359.0,South_America,1,,,326190,level_5,314120,level_5,both_mapped_different
Estonia,336390,336214,44342.0,Europe,1,,,336390,level_5,336214,exact,both_mapped_different
Australia,332999,326299,44333.0,Oceana,1,,,332999,exact,326290,level_5,both_mapped_different
Kenya,339930,339910,44315.0,Africa,1,,,339930,level_5,339910,level_5,both_mapped_different
Philippines,990000,337212,44286.0,Asia,1,,,S00300,noncomparable_imports,33721A,exact,both_mapped_different
Lithuania,322230,323111,44227.0,Europe,2,,,322230,level_5,323110,level_5,both_mapped_different
China,333996,333618,44100.0,Asia,1,,,33399B,exact,333618,exact,both_mapped_different
Pakistan,325211,910000,44066.0,Asia,2,,,325211,exact,S00300,noncomparable_imports,both_mapped_different
Argentina,337127,337124,44065.0,South_America,1,,,337127,exact,33712N,exact,both_mapped_different
Bangladesh,339113,314120,44064.0,Asia,1,,,339113,exact,314120,level_5,both_mapped_different
Samoa,311421,311411,44000.0,Oceana,1,,,311420,level_5,311410,level_5,both_mapped_different
Spain,325620,325611,43944.0,Europe,1,,,325620,level_5,325610,level_5,both_mapped_different
Belgium,333613,336310,43926.0,Europe,2,,,333613,exact,336310,level_5,both_mapped_different
Taiwan,333992,335999,43904.0,Asia,1,,,33399A,exact,335999,exact,both_mapped_different
Pakistan,339930,339910,43827.0,Asia,2,,,339930,level_5,339910,level_5,both_mapped_different
Italy,115210,311613,43638.0,Europe,1,,,115000,level_3,31161A,exact,both_mapped_different
United Arab Emirates,325411,111339,43624.0,Asia,1,,,325411,exact,111300,level_4,both_mapped_different
Australia,326199,314120,43607.0,Oceana,1,,,326190,level_5,314120,level_5,both_mapped_different
Greece,316990,339999,43498.0,Europe,1,,,316000,level_3,339990,level_5,both_mapped_different
United Arab Emirates,322130,322121,43489.0,Asia,1,,,322130,level_5,322120,level_5,both_mapped_different
Norway,336612,336611,43438.0,Europe,1,,,336612,exact,336611,exact,both_mapped_different
Canada,311999,111998,43327.0,North_America,2,,,311990,level_5,111900,level_4,both_mapped_different
Czech Republic,339999,327110,43257.0,Europe,2,,,339990,level_5,327100,level_4,both_mapped_different
Thailand,323111,323120,43231.0,Asia,1,,,323110,level_5,323120,level_5,both_mapped_different
Finland,336612,336611,43154.0,Europe,1,,,336612,exact,336611,exact,both_mapped_different
Canada,322120,322299,43132.0,North_America,1,,,322120,level_5,322299,exact,both_mapped_different
Sweden,335220,333414,43033.0,Europe,4,,,335220,exact,333414,exact,both_mapped_different
United Kingdom,321999,113310,43030.0,Europe,1,,,3219A0,level_5,113000,level_3,both_mapped_different
China,334510,335999,42992.0,Asia,1,,,334510,exact,335999,exact,both_mapped_different
Costa Rica,333515,333517,42956.0,South_America,2,,,33351B,exact,333517,exact,both_mapped_different
Turkey,332618,331222,42855.0,Europe,1,,,332600,level_4,331200,level_4,both_mapped_different
Slovakia,331420,332999,42812.0,Europe,1,,,331420,level_5,332999,exact,both_mapped_different
Samoa,325411,111339,42750.0,Oceana,1,,,325411,exact,111300,level_4,both_mapped_different
Philippines,311421,311411,42733.0,Asia,1,,,311420,level_5,311410,level_5,both_mapped_different
Norway,990000,325413,42666.0,Europe,1,,,S00300,noncomparable_imports,325413,exact,both_mapped_different
Germany,332215,339910,42642.0,Europe,2,,,332200,level_4,339910,level_5,both_mapped_different
Brazil,339940,326199,42588.0,South_America,1,,,339940,level_5,326190,level_5,both_mapped_different
Poland,331420,332999,42569.0,Europe,2,,,331420,level_5,332999,exact,both_mapped_different
Vietnam,332721,333111,42566.0,Asia,2,,,332720,level_5,333111,exact,both_mapped_different
Netherlands,910000,325180,42310.0,Europe,1,,,S00300,noncomparable_imports,325180,level_5,both_mapped_different
Turkey,333111,333120,42302.0,Europe,1,,,333111,exact,333120,level_5,both_mapped_different
Slovakia,334510,339113,42179.0,Europe,1,,,334510,exact,339113,exact,both_mapped_different
Italy,990000,315990,42167.0,Europe,1,,,S00300,noncomparable_imports,315000,level_3,both_mapped_different
India,331491,332999,42133.0,Asia,2,,,331490,level_5,332999,exact,both_mapped_different
Singapore,321911,337215,42046.0,Asia,1,,,321910,level_5,337215,exact,both_mapped_different
Argentina,327991,327390,42010.0,South_America,2,,,327991,exact,327390,level_5,both_mapped_different
Poland,333111,336212,42000.0,Europe,1,,,333111,exact,336212,exact,both_mapped_different
Russia,335999,335929,41984.0,Europe,3,,,335999,exact,335920,level_5,both_mapped_different
Ireland,930000,333517,41960.0,Europe,2,,,S00300,noncomparable_imports,333517,exact,both_mapped_different
Chile,990000,325413,41904.0,South_America,1,,,S00300,noncomparable_imports,325413,exact,both_mapped_different
Norway,930000,333517,41853.0,Europe,2,,,S00300,noncomparable_imports,333517,exact,both_mapped_different
Latvia,331420,332999,41824.0,Europe,1,,,331420,level_5,332999,exact,both_mapped_different
South Africa,335932,326199,41813.0,Africa,1,,,335930,level_5,326190,level_5,both_mapped_different
Denmark,334419,334310,41770.0,Europe,1,,,33441A,exact,334300,level_4,both_mapped_different
Croatia,334419,334310,41744.0,Europe,1,,,33441A,exact,334300,level_4,both_mapped_different
Canada,331420,331410,41711.0,North_America,2,,,331420,level_5,331410,exact,both_mapped_different
Argentina,336330,333111,41703.0,South_America,1,,,3363A0,level_5,333111,exact,both_mapped_different
Spain,332215,332999,41680.0,Europe,1,,,332200,level_4,332999,exact,both_mapped_different
Bosnia and Herzegovina,333515,333517,41564.0,Europe,3,,,33351B,exact,333517,exact,both_mapped_different
Hungary,335999,334419,41526.0,Europe,1,,,335999,exact,33441A,exact,both_mapped_different
Albania,336330,333111,41504.0,Europe,1,,,3363A0,level_5,333111,exact,both_mapped_different
"Korea, South",332323,331491,41400.0,Asia,1,,,332320,level_5,331490,level_5,both_mapped_different
Hungary,334419,333314,41364.0,Europe,2,,,33441A,exact,333314,exact,both_mapped_different
New Zealand,334512,334513,41336.0,Oceana,2,,,334512,exact,334513,exact,both_mapped_different
Spain,990000,313210,41296.0,Europe,1,,,S00300,noncomparable_imports,313200,level_4,both_mapped_different
India,325199,325180,41255.0,Asia,1,,,325190,level_5,325180,level_5,both_mapped_different
Panama,337127,337124,41150.0,South_America,1,,,337127,exact,33712N,exact,both_mapped_different
Iceland,334310,334220,41148.0,Europe,1,,,334300,level_4,334220,level_5,both_mapped_different
Colombia,322211,322299,41100.0,South_America,1,,,322210,level_5,322299,exact,both_mapped_different
"Korea, South",327120,327992,41072.0,Asia,1,,,327100,level_4,327992,exact,both_mapped_different
Netherlands,334419,333314,40983.0,Europe,3,,,33441A,exact,333314,exact,both_mapped_different
Australia,336330,333111,40916.0,Oceana,2,,,3363A0,level_5,333111,exact,both_mapped_different
Serbia,322211,322299,40915.0,Europe,1,,,322210,level_5,322299,exact,both_mapped_different
Canada,333996,333618,40865.0,North_America,1,,,33399B,exact,333618,exact,both_mapped_different
United Kingdom,327120,327992,40801.0,Europe,1,,,327100,level_4,327992,exact,both_mapped_different
South Africa,324199,325998,40732.0,Africa,1,,,324190,level_5,3259A0,level_5,both_mapped_different
Canada,314999,990000,40711.0,North_America,4,,,314900,level_4,S00300,noncomparable_imports,both_mapped_different
Serbia,325411,111339,40683.0,Europe,1,,,325411,exact,111300,level_4,both_mapped_different
Sweden,332215,332999,40660.0,Europe,1,,,332200,level_4,332999,exact,both_mapped_different
Singapore,325411,111339,40500.0,Asia,1,,,325411,exact,111300,level_4,both_mapped_different
Australia,332111,332999,40499.0,Oceana,2,,,33211A,exact,332999,exact,both_mapped_different
Monaco,334512,334513,40442.0,Europe,1,,,334512,exact,334513,exact,both_mapped_different
Australia,990000,334516,40400.0,Oceana,1,,,S00300,noncomparable_imports,334516,exact,both_mapped_different
Suriname,325211,910000,40389.0,South_America,1,,,325211,exact,S00300,noncomparable_imports,both_mapped_different
Argentina,311710,114112,40320.0,South_America,1,,,311700,level_4,114000,level_3,both_mapped_different
Spain,115210,311613,40300.0,Europe,1,,,115000,level_3,31161A,exact,both_mapped_different
Greece,324199,325998,40212.0,Europe,1,,,324190,level_5,3259A0,level_5,both_mapped_different
Turkey,313210,327993,40209.0,Europe,1,,,313200,level_4,327993,exact,both_mapped_different
Colombia,339920,314910,40201.0,South_America,2,,,339920,level_5,314900,level_4,both_mapped_different
Taiwan,990000,334516,40183.0,Asia,1,,,S00300,noncomparable_imports,334516,exact,both_mapped_different
Vietnam,335932,327212,40106.0,Asia,1,,,335930,level_5,327200,level_4,both_mapped_different
Costa Rica,322220,332999,40099.0,South_America,1,,,322220,level_5,332999,exact,both_mapped_different
Israel,325510,325520,40093.0,Asia,1,,,325510,level_5,325520,level_5,both_mapped_different
Taiwan,339940,323111,40092.0,Asia,1,,,339940,level_5,323110,level_5,both_mapped_different
Spain,339940,322121,40020.0,Europe,2,,,339940,level_5,322120,level_5,both_mapped_different
Colombia,332510,335999,40000.0,South_America,1,,,332500,level_4,335999,exact,both_mapped_different
Czech Republic,113210,111998,40000.0,Europe,1,,,113000,level_3,111900,level_4,both_mapped_different
Slovenia,333613,336310,39996.0,Europe,2,,,333613,exact,336310,level_5,both_mapped_different
Sierra Leone,334111,334118,39972.0,Africa,1,,,334111,exact,334118,exact,both_mapped_different
Zimbabwe,325199,325998,39902.0,Africa,1,,,325190,level_5,3259A0,level_5,both_mapped_different
Turkey,322120,322220,39877.0,Europe,1,,,322120,level_5,322220,level_5,both_mapped_different
Netherlands,339940,323111,39869.0,Europe,1,,,339940,level_5,323110,level_5,both_mapped_different
Rwanda,325199,325998,39779.0,Africa,1,,,325190,level_5,3259A0,level_5,both_mapped_different
Denmark,334510,339113,39755.0,Europe,1,,,334510,exact,339113,exact,both_mapped_different
Poland,313230,327215,39750.0,Europe,1,,,313200,level_4,327200,level_4,both_mapped_different
India,326299,313320,39707.0,Asia,1,,,326290,level_5,313300,level_4,both_mapped_different
Spain,334511,339930,39677.0,Europe,1,,,334511,exact,339930,level_5,both_mapped_different
Cameroon,339940,326199,39665.0,Africa,1,,,339940,level_5,326190,level_5,both_mapped_different
Netherlands,339999,327110,39624.0,Europe,2,,,339990,level_5,327100,level_4,both_mapped_different
United Kingdom,115210,311613,39570.0,Europe,1,,,115000,level_3,31161A,exact,both_mapped_different
Belgium,335929,331318,39557.0,Europe,1,,,335920,level_5,33131B,exact,both_mapped_different
Turkey,323111,323120,39534.0,Europe,1,,,323110,level_5,323120,level_5,both_mapped_different
Hong Kong,334510,339112,39473.0,Asia,1,,,334510,exact,339112,exact,both_mapped_different
Nicaragua,321911,337215,39437.0,South_America,1,,,321910,level_5,337215,exact,both_mapped_different
Greece,990000,313210,39419.0,Europe,1,,,S00300,noncomparable_imports,313200,level_4,both_mapped_different
Lithuania,326140,326113,39419.0,Europe,1,,,326140,level_5,326110,level_5,both_mapped_different
Greece,332439,332999,39400.0,Europe,1,,,332430,level_5,332999,exact,both_mapped_different
United Arab Emirates,339930,339910,39308.0,Asia,1,,,339930,level_5,339910,level_5,both_mapped_different
Singapore,335999,334419,39305.0,Asia,1,,,335999,exact,33441A,exact,both_mapped_different
Portugal,314999,990000,39108.0,Europe,3,,,314900,level_4,S00300,noncomparable_imports,both_mapped_different
Croatia,325998,325199,39091.0,Europe,1,,,3259A0,level_5,325190,level_5,both_mapped_different
Japan,321918,321999,39044.0,Asia,2,,,321910,level_5,3219A0,level_5,both_mapped_different
Panama,339930,339910,39027.0,South_America,1,,,339930,level_5,339910,level_5,both_mapped_different
Germany,331313,331314,39023.0,Europe,1,,,331313,exact,331314,exact,both_mapped_different
Hong Kong,111335,115114,39013.0,Asia,1,,,111300,level_4,115000,level_3,both_mapped_different
Thailand,326140,326113,38988.0,Asia,1,,,326140,level_5,326110,level_5,both_mapped_different
Bulgaria,333924,336999,38925.0,Europe,1,,,333920,level_5,336999,exact,both_mapped_different
"Korea, South",334510,335999,38822.0,Asia,1,,,334510,exact,335999,exact,both_mapped_different
Tunisia,339113,315280,38796.0,Africa,1,,,339113,exact,315000,level_3,both_mapped_different
Israel,325998,325613,38764.0,Asia,1,,,3259A0,level_5,325610,level_5,both_mapped_different
Norway,333515,333517,38701.0,Europe,1,,,33351B,exact,333517,exact,both_mapped_different
Portugal,333515,333991,38699.0,Europe,1,,,33351B,exact,333991,exact,both_mapped_different
Slovakia,326150,326113,38638.0,Europe,1,,,326150,level_5,326110,level_5,both_mapped_different
Canada,339999,335999,38419.0,North_America,1,,,339990,level_5,335999,exact,both_mapped_different
New Zealand,337127,337124,38402.0,Oceana,2,,,337127,exact,33712N,exact,both_mapped_different
Israel,326140,326113,38377.0,Asia,1,,,326140,level_5,326110,level_5,both_mapped_different
Turkey,321918,321999,38373.0,Europe,1,,,321910,level_5,3219A0,level_5,both_mapped_different
Colombia,321219,327390,38360.0,South_America,1,,,321200,level_4,327390,level_5,both_mapped_different
Denmark,333515,333991,38348.0,Europe,2,,,33351B,exact,333991,exact,both_mapped_different
Malta,326199,314120,38311.0,Europe,1,,,326190,level_5,314120,level_5,both_mapped_different
Slovenia,332111,332999,38308.0,Europe,1,,,33211A,exact,332999,exact,both_mapped_different
Italy,334510,335999,38290.0,Europe,1,,,334510,exact,335999,exact,both_mapped_different
Finland,335929,331318,38217.0,Europe,1,,,335920,level_5,33131B,exact,both_mapped_different
Israel,332420,332439,38174.0,Asia,1,,,332420,level_5,332430,level_5,both_mapped_different
Belgium,331420,332999,38153.0,Europe,2,,,331420,level_5,332999,exact,both_mapped_different
Belgium,325510,325520,38105.0,Europe,1,,,325510,level_5,325520,level_5,both_mapped_different
Morocco,322120,322299,38050.0,Africa,1,,,322120,level_5,322299,exact,both_mapped_different
Bosnia and Herzegovina,336214,321991,38042.0,Europe,1,,,336214,exact,3219A0,level_5,both_mapped_different
Costa Rica,326299,337215,38030.0,South_America,1,,,326290,level_5,337215,exact,both_mapped_different
New Zealand,327991,327390,37960.0,Oceana,1,,,327991,exact,327390,level_5,both_mapped_different
French Polynesia,311710,114112,37951.0,Oceana,1,,,311700,level_4,114000,level_3,both_mapped_different
Mexico,327999,339910,37928.0,North_America,2,,,327999,exact,339910,level_5,both_mapped_different
Brazil,339113,326199,37882.0,South_America,2,,,339113,exact,326190,level_5,both_mapped_different
Macedonia,332439,332999,37800.0,Europe,1,,,332430,level_5,332999,exact,both_mapped_different
Thailand,339113,315990,37800.0,Asia,1,,,339113,exact,315000,level_3,both_mapped_different
Guatemala,339113,326199,37582.0,South_America,1,,,339113,exact,326190,level_5,both_mapped_different
Cambodia,339113,337127,37556.0,Asia,1,,,339113,exact,337127,exact,both_mapped_different
Portugal,333415,337127,37533.0,Europe,1,,,333415,exact,337127,exact,both_mapped_different
Australia,332420,332439,37476.0,Oceana,1,,,332420,level_5,332430,level_5,both_mapped_different
Thailand,333519,331513,37392.0,Asia,2,,,33351B,exact,331510,level_5,both_mapped_different
Romania,339940,326199,37391.0,Europe,1,,,339940,level_5,326190,level_5,both_mapped_different
Peru,337127,337124,37370.0,South_America,1,,,337127,exact,33712N,exact,both_mapped_different
United Kingdom,332215,339910,37365.0,Europe,2,,,332200,level_4,339910,level_5,both_mapped_different
Malaysia,335929,331318,37295.0,Asia,1,,,335920,level_5,33131B,exact,both_mapped_different
Bangladesh,339113,322291,37229.0,Asia,2,,,339113,exact,322291,exact,both_mapped_different
Poland,335929,331318,37150.0,Europe,1,,,335920,level_5,33131B,exact,both_mapped_different
Colombia,910000,331491,37141.0,South_America,1,,,S00300,noncomparable_imports,331490,level_5,both_mapped_different
South Africa,910000,325180,37135.0,Africa,1,,,S00300,noncomparable_imports,325180,level_5,both_mapped_different
Israel,333111,333241,37000.0,Asia,1,,,333111,exact,33329A,exact,both_mapped_different
Ukraine,333519,331511,36910.0,Europe,1,,,33351B,exact,331510,level_5,both_mapped_different
Switzerland,325199,311999,36900.0,Europe,1,,,325190,level_5,311990,level_5,both_mapped_different
Chile,333515,333991,36851.0,South_America,1,,,33351B,exact,333991,exact,both_mapped_different
South Africa,331210,331110,36671.0,Africa,1,,,331200,level_4,331110,level_4,both_mapped_different
Lebanon,327991,327390,36660.0,Asia,3,,,327991,exact,327390,level_5,both_mapped_different
South Africa,327212,327993,36600.0,Africa,1,,,327200,level_4,327993,exact,both_mapped_different
Lithuania,323111,323120,36567.0,Europe,1,,,323110,level_5,323120,level_5,both_mapped_different
Thailand,334515,337127,36564.0,Asia,1,,,334515,exact,337127,exact,both_mapped_different
Austria,333241,333111,36556.0,Europe,2,,,33329A,exact,333111,exact,both_mapped_different
Honduras,336350,335312,36490.0,South_America,1,,,336350,level_5,335312,exact,both_mapped_different
Slovakia,335921,327215,36436.0,Europe,1,,,335920,level_5,327200,level_4,both_mapped_different
New Zealand,339113,316998,36388.0,Oceana,1,,,339113,exact,316000,level_3,both_mapped_different
Gambia,311710,114112,36360.0,Africa,1,,,311700,level_4,114000,level_3,both_mapped_different
Ukraine,334515,337127,36308.0,Europe,1,,,334515,exact,337127,exact,both_mapped_different
New Zealand,332112,332999,36307.0,Oceana,1,,,33211A,exact,332999,exact,both_mapped_different
Cameroon,339113,326199,36300.0,Africa,1,,,339113,exact,326190,level_5,both_mapped_different
United Kingdom,326299,313320,36165.0,Europe,1,,,326290,level_5,313300,level_4,both_mapped_different
Austria,333995,333618,36119.0,Europe,1,,,33399B,exact,333618,exact,both_mapped_different
Spain,332721,333111,36037.0,Europe,1,,,332720,level_5,333111,exact,both_mapped_different
France,339994,314120,36019.0,Europe,1,,,339990,level_5,314120,level_5,both_mapped_different
France,339113,316998,35942.0,Europe,1,,,339113,exact,316000,level_3,both_mapped_different
Belgium,313210,314999,35919.0,Europe,1,,,313200,level_4,314900,level_4,both_mapped_different
Malaysia,325510,325520,35892.0,Asia,1,,,325510,level_5,325520,level_5,both_mapped_different
Ukraine,325510,325520,35872.0,Europe,1,,,325510,level_5,325520,level_5,both_mapped_different
Hong Kong,339113,337127,35871.0,Asia,1,,,339113,exact,337127,exact,both_mapped_different
Sri Lanka,333515,333517,35806.0,Asia,2,,,33351B,exact,333517,exact,both_mapped_different
Ghana,311710,114112,35760.0,Africa,1,,,311700,level_4,114000,level_3,both_mapped_different
Tunisia,339930,339910,35625.0,Africa,1,,,339930,level_5,339910,level_5,both_mapped_different
Barbados,325199,325212,35581.0,South_America,1,,,325190,level_5,3252A0,exact,both_mapped_different
Gabon,334310,334220,35558.0,Africa,1,,,334300,level_4,334220,level_5,both_mapped_different
Czech Republic,339113,322291,35547.0,Europe,1,,,339113,exact,322291,exact,both_mapped_different
Indonesia,339113,337127,35481.0,Asia,1,,,339113,exact,337127,exact,both_mapped_different
Taiwan,910000,325412,35434.0,Asia,1,,,S00300,noncomparable_imports,325412,exact,both_mapped_different
India,313210,314999,35373.0,Asia,1,,,313200,level_4,314900,level_4,both_mapped_different
Canada,336612,326299,35365.0,North_America,1,,,336612,exact,326290,level_5,both_mapped_different
Hungary,333613,336310,35344.0,Europe,1,,,333613,exact,336310,level_5,both_mapped_different
United Kingdom,325412,312111,35329.0,Europe,1,,,325412,exact,312110,level_5,both_mapped_different
Philippines,339113,315280,35326.0,Asia,2,,,339113,exact,315000,level_3,both_mapped_different
Vietnam,333992,335999,35203.0,Asia,1,,,33399A,exact,335999,exact,both_mapped_different
United Arab Emirates,326199,314120,35026.0,Asia,1,,,326190,level_5,314120,level_5,both_mapped_different
Tonga,311710,114112,35008.0,Oceana,1,,,311700,level_4,114000,level_3,both_mapped_different
Oman,321911,337215,35000.0,Asia,1,,,321910,level_5,337215,exact,both_mapped_different
Singapore,930000,333517,35000.0,Asia,1,,,S00300,noncomparable_imports,333517,exact,both_mapped_different
Greece,332996,332919,34964.0,Europe,4,,,332996,exact,33291A,exact,both_mapped_different
Philippines,339999,313210,34891.0,Asia,1,,,339990,level_5,313200,level_4,both_mapped_different
Bosnia and Herzegovina,335220,333414,34829.0,Europe,1,,,335220,exact,333414,exact,both_mapped_different
Ireland,327212,327993,34828.0,Europe,1,,,327200,level_4,327993,exact,both_mapped_different
Poland,339930,336411,34768.0,Europe,1,,,339930,level_5,336411,exact,both_mapped_different
Slovakia,325199,325998,34755.0,Europe,1,,,325190,level_5,3259A0,level_5,both_mapped_different
Nicaragua,327991,327390,34711.0,South_America,1,,,327991,exact,327390,level_5,both_mapped_different
"Korea, South",334510,339112,34665.0,Asia,1,,,334510,exact,339112,exact,both_mapped_different
Brazil,990000,325413,34652.0,South_America,1,,,S00300,noncomparable_imports,325413,exact,both_mapped_different
United Kingdom,313210,314999,34650.0,Europe,1,,,313200,level_4,314900,level_4,both_mapped_different
Niger,333923,333999,34619.0,Africa,1,,,333920,level_5,33399A,exact,both_mapped_different
Colombia,332420,332439,34575.0,South_America,2,,,332420,level_5,332430,level_5,both_mapped_different
Ireland,333111,336212,34567.0,Europe,1,,,333111,exact,336212,exact,both_mapped_different
France,323111,323120,34536.0,Europe,1,,,323110,level_5,323120,level_5,both_mapped_different
Canada,990000,339999,34450.0,North_America,1,,,S00300,noncomparable_imports,339990,level_5,both_mapped_different
Malaysia,325411,111339,34400.0,Asia,1,,,325411,exact,111300,level_4,both_mapped_different
Argentina,322130,322220,34360.0,South_America,1,,,322130,level_5,322220,level_5,both_mapped_different
Romania,334419,334310,34331.0,Europe,2,,,33441A,exact,334300,level_4,both_mapped_different
Sweden,332112,332999,34301.0,Europe,1,,,33211A,exact,332999,exact,both_mapped_different
Switzerland,325320,325194,34129.0,Europe,1,,,325320,level_5,325190,level_5,both_mapped_different
Nepal,334511,339930,34102.0,Asia,1,,,334511,exact,339930,level_5,both_mapped_different
Denmark,339930,339910,34031.0,Europe,1,,,339930,level_5,339910,level_5,both_mapped_different
Belgium,334510,335999,34024.0,Europe,1,,,334510,exact,335999,exact,both_mapped_different
Thailand,334510,339112,33989.0,Asia,1,,,334510,exact,339112,exact,both_mapped_different
Australia,326150,326113,33975.0,Oceana,2,,,326150,level_5,326110,level_5,both_mapped_different
Hungary,332510,335999,33903.0,Europe,1,,,332500,level_4,335999,exact,both_mapped_different
Morocco,334419,334413,33894.0,Africa,1,,,33441A,exact,334413,exact,both_mapped_different
Liechtenstein,335921,327215,33880.0,Europe,1,,,335920,level_5,327200,level_4,both_mapped_different
Spain,314999,990000,33802.0,Europe,3,,,314900,level_4,S00300,noncomparable_imports,both_mapped_different
Japan,339113,326199,33739.0,Asia,2,,,339113,exact,326190,level_5,both_mapped_different
Austria,314999,325220,33725.0,Europe,1,,,314900,level_4,3252A0,level_5,both_mapped_different
Netherlands,335932,326199,33716.0,Europe,1,,,335930,level_5,326190,level_5,both_mapped_different
Poland,339920,314910,33709.0,Europe,2,,,339920,level_5,314900,level_4,both_mapped_different
United Arab Emirates,334310,334220,33705.0,Asia,1,,,334300,level_4,334220,level_5,both_mapped_different
Australia,333515,333517,33641.0,Oceana,3,,,33351B,exact,333517,exact,both_mapped_different
Japan,334510,335999,33620.0,Asia,1,,,334510,exact,335999,exact,both_mapped_different
"Korea, South",332999,331491,33612.0,Asia,1,,,332999,exact,331490,level_5,both_mapped_different
Sweden,332215,331511,33592.0,Europe,3,,,332200,level_4,331510,level_5,both_mapped_different
Israel,322211,322299,33568.0,Asia,1,,,322210,level_5,322299,exact,both_mapped_different
Micronesia,332420,332439,33566.0,Oceana,1,,,332420,level_5,332430,level_5,both_mapped_different
Egypt,990000,337212,33562.0,Africa,1,,,S00300,noncomparable_imports,33721A,exact,both_mapped_different
Czech Republic,334516,334519,33546.0,Europe,1,,,334516,exact,33451A,exact,both_mapped_different
Japan,339994,314120,33538.0,Asia,1,,,339990,level_5,314120,level_5,both_mapped_different
Costa Rica,337127,337215,33521.0,South_America,1,,,337127,exact,337215,exact,both_mapped_different
Italy,336211,333120,33499.0,Europe,1,,,336211,exact,333120,level_5,both_mapped_different
Lesotho,325411,111339,33415.0,Africa,1,,,325411,exact,111300,level_4,both_mapped_different
Brazil,326140,326113,33372.0,South_America,1,,,326140,level_5,326110,level_5,both_mapped_different
Indonesia,339920,314910,33311.0,Asia,1,,,339920,level_5,314900,level_4,both_mapped_different
New Zealand,334419,334413,33292.0,Oceana,1,,,33441A,exact,334413,exact,both_mapped_different
Netherlands,339994,314120,33250.0,Europe,2,,,339990,level_5,314120,level_5,both_mapped_different
Lebanon,333415,337127,33179.0,Asia,1,,,333415,exact,337127,exact,both_mapped_different
Brazil,327420,327999,33143.0,South_America,1,,,327400,level_4,327999,exact,both_mapped_different
Sweden,314999,990000,33095.0,Europe,3,,,314900,level_4,S00300,noncomparable_imports,both_mapped_different
United Kingdom,910000,325412,33076.0,Europe,1,,,S00300,noncomparable_imports,325412,exact,both_mapped_different
Ecuador,990000,333111,33008.0,South_America,1,,,S00300,noncomparable_imports,333111,exact,both_mapped_different
Zimbabwe,327991,327390,32978.0,Africa,1,,,327991,exact,327390,level_5,both_mapped_different
France,332999,327110,32878.0,Europe,1,,,332999,exact,327100,level_4,both_mapped_different
Ireland,325510,325520,32838.0,Europe,1,,,325510,level_5,325520,level_5,both_mapped_different
Uruguay,335999,335929,32747.0,South_America,2,,,335999,exact,335920,level_5,both_mapped_different
New Zealand,333515,333991,32740.0,Oceana,1,,,33351B,exact,333991,exact,both_mapped_different
Romania,331420,332999,32740.0,Europe,1,,,331420,level_5,332999,exact,both_mapped_different
Monaco,337127,337124,32739.0,Europe,1,,,337127,exact,33712N,exact,both_mapped_different
Colombia,327390,327999,32737.0,South_America,1,,,327390,level_5,327999,exact,both_mapped_different
Bulgaria,332510,335999,32713.0,Europe,2,,,332500,level_4,335999,exact,both_mapped_different
Romania,990000,315190,32654.0,Europe,1,,,S00300,noncomparable_imports,315000,level_3,both_mapped_different
Ireland,339113,316998,32644.0,Europe,1,,,339113,exact,316000,level_3,both_mapped_different
United Arab Emirates,327999,339910,32606.0,Asia,1,,,327999,exact,339910,level_5,both_mapped_different
Jordan,337127,337124,32515.0,Asia,1,,,337127,exact,33712N,exact,both_mapped_different
Georgia,335932,326199,32497.0,Europe,1,,,335930,level_5,326190,level_5,both_mapped_different
Brazil,322211,322299,32495.0,South_America,1,,,322210,level_5,322299,exact,both_mapped_different
Mozambique,333996,333618,32444.0,Africa,1,,,33399B,exact,333618,exact,both_mapped_different
Macedonia,332215,331511,32400.0,Europe,1,,,332200,level_4,331510,level_5,both_mapped_different
Serbia,333923,333999,32396.0,Europe,1,,,333920,level_5,33399A,exact,both_mapped_different
Indonesia,336390,333111,32395.0,Asia,1,,,336390,level_5,333111,exact,both_mapped_different
Latvia,331210,331110,32319.0,Europe,1,,,331200,level_4,331110,level_4,both_mapped_different
Canada,326299,313320,32309.0,North_America,1,,,326290,level_5,313300,level_4,both_mapped_different
Lithuania,333924,333120,32288.0,Europe,1,,,333920,level_5,333120,level_5,both_mapped_different
Singapore,333519,331513,32183.0,Asia,1,,,33351B,exact,331510,level_5,both_mapped_different
Chile,333613,336310,32135.0,South_America,2,,,333613,exact,336310,level_5,both_mapped_different
Mexico,332999,331491,32119.0,North_America,1,,,332999,exact,331490,level_5,both_mapped_different
Dominican Republic,337215,337127,32109.0,South_America,1,,,337215,exact,337127,exact,both_mapped_different
Croatia,326150,326113,32106.0,Europe,1,,,326150,level_5,326110,level_5,both_mapped_different
Australia,336612,326299,32052.0,Oceana,1,,,336612,exact,326290,level_5,both_mapped_different
Greece,335220,333414,32023.0,Europe,1,,,335220,exact,333414,exact,both_mapped_different
Philippines,930000,333517,32000.0,Asia,1,,,S00300,noncomparable_imports,333517,exact,both_mapped_different
Ecuador,326299,337215,31998.0,South_America,1,,,326290,level_5,337215,exact,both_mapped_different
Saudi Arabia,339930,336411,31997.0,Asia,1,,,339930,level_5,336411,exact,both_mapped_different
Taiwan,332216,332111,31976.0,Asia,1,,,332200,level_4,33211A,exact,both_mapped_different
France,990000,337212,31970.0,Europe,1,,,S00300,noncomparable_imports,33721A,exact,both_mapped_different
Hong Kong,325998,325199,31970.0,Asia,1,,,3259A0,level_5,325190,level_5,both_mapped_different
Poland,332510,335999,31938.0,Europe,1,,,332500,level_4,335999,exact,both_mapped_different
Netherlands,333111,336212,31933.0,Europe,1,,,333111,exact,336212,exact,both_mapped_different
Hong Kong,333519,331511,31927.0,Asia,1,,,33351B,exact,331510,level_5,both_mapped_different
Slovenia,333923,333999,31876.0,Europe,1,,,333920,level_5,33399A,exact,both_mapped_different
Norway,313210,327993,31750.0,Europe,1,,,313200,level_4,327993,exact,both_mapped_different
Indonesia,336211,333120,31715.0,Asia,1,,,336211,exact,333120,level_5,both_mapped_different
Australia,322211,322299,31675.0,Oceana,1,,,322210,level_5,322299,exact,both_mapped_different
Monaco,326299,337215,31675.0,Europe,1,,,326290,level_5,337215,exact,both_mapped_different
Romania,333515,333517,31670.0,Europe,2,,,33351B,exact,333517,exact,both_mapped_different
Croatia,333924,336999,31609.0,Europe,1,,,333920,level_5,336999,exact,both_mapped_different
Germany,314999,990000,31597.0,Europe,2,,,314900,level_4,S00300,noncomparable_imports,both_mapped_different
Lebanon,335999,335929,31578.0,Asia,2,,,335999,exact,335920,level_5,both_mapped_different
Morocco,332996,332919,31577.0,Africa,1,,,332996,exact,33291A,exact,both_mapped_different
"Korea, South",333111,333120,31500.0,Asia,2,,,333111,exact,333120,level_5,both_mapped_different
Lithuania,339113,337127,31370.0,Europe,1,,,339113,exact,337127,exact,both_mapped_different
Dominican Republic,339930,339910,31364.0,South_America,1,,,339930,level_5,339910,level_5,both_mapped_different
Philippines,325998,325199,31363.0,Asia,2,,,3259A0,level_5,325190,level_5,both_mapped_different
Lithuania,334310,334220,31223.0,Europe,1,,,334300,level_4,334220,level_5,both_mapped_different
Turkey,333996,333618,31222.0,Europe,1,,,33399B,exact,333618,exact,both_mapped_different
Colombia,325199,325998,31214.0,South_America,3,,,325190,level_5,3259A0,level_5,both_mapped_different
India,322120,322130,31195.0,Asia,2,,,322120,level_5,322130,level_5,both_mapped_different
Sweden,337127,337215,31179.0,Europe,1,,,337127,exact,337215,exact,both_mapped_different
Thailand,325992,990000,31080.0,Asia,1,,,3259A0,level_5,S00300,noncomparable_imports,both_mapped_different
Italy,331410,332999,31078.0,Europe,1,,,331410,exact,332999,exact,both_mapped_different
Denmark,335929,331318,31071.0,Europe,1,,,335920,level_5,33131B,exact,both_mapped_different
Turkey,332215,339910,30958.0,Europe,1,,,332200,level_4,339910,level_5,both_mapped_different
Chile,325998,325613,30888.0,South_America,1,,,3259A0,level_5,325610,level_5,both_mapped_different
Monaco,334111,334118,30818.0,Europe,1,,,334111,exact,334118,exact,both_mapped_different
Romania,322299,322121,30814.0,Europe,1,,,322299,exact,322120,level_5,both_mapped_different
Romania,336211,336111,30809.0,Europe,1,,,336211,exact,336111,exact,both_mapped_different
French Polynesia,325998,325199,30742.0,Oceana,1,,,3259A0,level_5,325190,level_5,both_mapped_different
Austria,325510,325520,30690.0,Europe,1,,,325510,level_5,325520,level_5,both_mapped_different
Cambodia,325998,325199,30657.0,Asia,1,,,3259A0,level_5,325190,level_5,both_mapped_different
Brazil,324191,325613,30643.0,South_America,1,,,324190,level_5,325610,level_5,both_mapped_different
Israel,990000,313210,30605.0,Asia,1,,,S00300,noncomparable_imports,313200,level_4,both_mapped_different
Portugal,325620,325611,30575.0,Europe,1,,,325620,level_5,325610,level_5,both_mapped_different
Portugal,325199,325212,30434.0,Europe,2,,,325190,level_5,3252A0,exact,both_mapped_different
Jordan,325411,111339,30394.0,Asia,1,,,325411,exact,111300,level_4,both_mapped_different
Philippines,334419,333314,30392.0,Asia,1,,,33441A,exact,333314,exact,both_mapped_different
Sweden,332721,333111,30301.0,Europe,1,,,332720,level_5,333111,exact,both_mapped_different
"Korea, South",333995,333618,30276.0,Asia,1,,,33399B,exact,333618,exact,both_mapped_different
Panama,332439,332999,30262.0,South_America,1,,,332430,level_5,332999,exact,both_mapped_different
Andorra,339113,337127,30176.0,Europe,1,,,339113,exact,337127,exact,both_mapped_different
Hong Kong,333923,333999,30168.0,Asia,1,,,333920,level_5,33399A,exact,both_mapped_different
Lebanon,332420,332439,30163.0,Asia,1,,,332420,level_5,332430,level_5,both_mapped_different
Afghanistan,335999,335929,30156.0,Asia,4,,,335999,exact,335920,level_5,both_mapped_different
Luxembourg,335312,334419,30122.0,Europe,1,,,335312,exact,33441A,exact,both_mapped_different
Nicaragua,336350,335312,30094.0,South_America,1,,,336350,level_5,335312,exact,both_mapped_different
Brazil,335932,326199,30093.0,South_America,1,,,335930,level_5,326190,level_5,both_mapped_different
Singapore,332439,332999,30092.0,Asia,1,,,332430,level_5,332999,exact,both_mapped_different
Austria,339113,326199,30082.0,Europe,1,,,339113,exact,326190,level_5,both_mapped_different
Norway,339999,327110,30000.0,Europe,1,,,339990,level_5,327100,level_4,both_mapped_different
Sweden,333241,333999,30000.0,Europe,1,,,33329A,exact,33399A,exact,both_mapped_different
Malaysia,339112,335999,29999.0,Asia,1,,,339112,exact,335999,exact,both_mapped_different
Spain,336120,333120,29986.0,Europe,1,,,336120,level_5,333120,level_5,both_mapped_different
Finland,333241,333111,29944.0,Europe,1,,,33329A,exact,333111,exact,both_mapped_different
Moldova,325411,111339,29907.0,Europe,1,,,325411,exact,111300,level_4,both_mapped_different
Japan,331313,331314,29751.0,Asia,1,,,331313,exact,331314,exact,both_mapped_different
South Africa,333923,333999,29714.0,Africa,2,,,333920,level_5,33399A,exact,both_mapped_different
Denmark,333995,333618,29619.0,Europe,1,,,33399B,exact,333618,exact,both_mapped_different
Brazil,334419,334310,29550.0,South_America,1,,,33441A,exact,334300,level_4,both_mapped_different
Slovakia,337127,337215,29537.0,Europe,1,,,337127,exact,337215,exact,both_mapped_different
Ukraine,333241,333111,29515.0,Europe,1,,,33329A,exact,333111,exact,both_mapped_different
India,339113,326199,29499.0,Asia,1,,,339113,exact,326190,level_5,both_mapped_different
India,323111,323120,29493.0,Asia,1,,,323110,level_5,323120,level_5,both_mapped_different
Sweden,336390,333111,29462.0,Europe,1,,,336390,level_5,333111,exact,both_mapped_different
Egypt,325998,325613,29448.0,Africa,1,,,3259A0,level_5,325610,level_5,both_mapped_different
New Zealand,333924,336999,29443.0,Oceana,1,,,333920,level_5,336999,exact,both_mapped_different
United Kingdom,990000,315990,29425.0,Europe,1,,,S00300,noncomparable_imports,315000,level_3,both_mapped_different
Morocco,332439,332999,29422.0,Africa,1,,,332430,level_5,332999,exact,both_mapped_different
Sweden,333415,337127,29215.0,Europe,1,,,333415,exact,337127,exact,both_mapped_different
Iceland,990000,325413,29195.0,Europe,1,,,S00300,noncomparable_imports,325413,exact,both_mapped_different
Latvia,316990,339999,29164.0,Europe,1,,,316000,level_3,339990,level_5,both_mapped_different
India,339999,332999,29154.0,Asia,1,,,339990,level_5,332999,exact,both_mapped_different
Singapore,325180,325130,29132.0,Asia,2,,,325180,level_5,325130,level_5,both_mapped_different
Finland,334419,333314,29091.0,Europe,1,,,33441A,exact,333314,exact,both_mapped_different
Argentina,325180,325130,28980.0,South_America,1,,,325180,level_5,325130,level_5,both_mapped_different
Colombia,325620,325611,28980.0,South_America,1,,,325620,level_5,325610,level_5,both_mapped_different
"Korea, South",333415,337127,28911.0,Asia,1,,,333415,exact,337127,exact,both_mapped_different
Honduras,990000,333111,28881.0,South_America,1,,,S00300,noncomparable_imports,333111,exact,both_mapped_different
Denmark,333992,335999,28767.0,Europe,1,,,33399A,exact,335999,exact,both_mapped_different
Croatia,337127,337215,28754.0,Europe,1,,,337127,exact,337215,exact,both_mapped_different
Philippines,326150,326113,28749.0,Asia,1,,,326150,level_5,326110,level_5,both_mapped_different
Tajikistan,325199,325998,28748.0,Europe,1,,,325190,level_5,3259A0,level_5,both_mapped_different
Kyrgyzstan,339930,339910,28706.0,Europe,2,,,339930,level_5,339910,level_5,both_mapped_different
Haiti,311710,114112,28597.0,South_America,1,,,311700,level_4,114000,level_3,both_mapped_different
Kazakhstan,325411,111339,28565.0,Europe,1,,,325411,exact,111300,level_4,both_mapped_different
Italy,321912,113310,28499.0,Europe,1,,,321910,level_5,113000,level_3,both_mapped_different
Turkey,316210,322121,28483.0,Europe,1,,,316000,level_3,322120,level_5,both_mapped_different
Poland,311612,326121,28468.0,Europe,2,,,31161A,exact,326120,level_5,both_mapped_different
Bulgaria,321911,337215,28460.0,Europe,1,,,321910,level_5,337215,exact,both_mapped_different
Morocco,990000,315190,28429.0,Africa,1,,,S00300,noncomparable_imports,315000,level_3,both_mapped_different
Slovakia,334510,335999,28403.0,Europe,1,,,334510,exact,335999,exact,both_mapped_different
Panama,333923,333999,28378.0,South_America,1,,,333920,level_5,33399A,exact,both_mapped_different
Malaysia,325998,325613,28336.0,Asia,1,,,3259A0,level_5,325610,level_5,both_mapped_different
Poland,332721,333111,28330.0,Europe,1,,,332720,level_5,333111,exact,both_mapped_different
Australia,335921,327215,28294.0,Oceana,2,,,335920,level_5,327200,level_4,both_mapped_different
Thailand,334511,339930,28226.0,Asia,1,,,334511,exact,339930,level_5,both_mapped_different
Azerbaijan,325199,325998,28221.0,Europe,1,,,325190,level_5,3259A0,level_5,both_mapped_different
South Africa,334413,335999,28206.0,Africa,1,,,334413,exact,335999,exact,both_mapped_different
Luxembourg,333515,333517,28195.0,Europe,2,,,33351B,exact,333517,exact,both_mapped_different
Brazil,325620,325611,28167.0,South_America,1,,,325620,level_5,325610,level_5,both_mapped_different
Serbia,322230,323111,28140.0,Europe,1,,,322230,level_5,323110,level_5,both_mapped_different
Bulgaria,331410,332999,28126.0,Europe,1,,,331410,exact,332999,exact,both_mapped_different
Sweden,325211,910000,28126.0,Europe,1,,,325211,exact,S00300,noncomparable_imports,both_mapped_different
Denmark,333514,332216,28048.0,Europe,1,,,333514,exact,332200,level_4,both_mapped_different
Vietnam,111335,115114,28046.0,Asia,1,,,111300,level_4,115000,level_3,both_mapped_different
Spain,334419,333314,28013.0,Europe,1,,,33441A,exact,333314,exact,both_mapped_different
Venezuela,311710,114112,27992.0,South_America,1,,,311700,level_4,114000,level_3,both_mapped_different
Ireland,332215,331511,27985.0,Europe,1,,,332200,level_4,331510,level_5,both_mapped_different
Sweden,326140,326113,27907.0,Europe,1,,,326140,level_5,326110,level_5,both_mapped_different
Hungary,339112,335999,27891.0,Europe,1,,,339112,exact,335999,exact,both_mapped_different
Turkey,311999,114119,27865.0,Europe,1,,,311990,level_5,114000,level_3,both_mapped_different
Turkey,327390,327999,27842.0,Europe,1,,,327390,level_5,327999,exact,both_mapped_different
Cambodia,335929,331318,27816.0,Asia,1,,,335920,level_5,33131B,exact,both_mapped_different
India,334516,334519,27781.0,Asia,1,,,334516,exact,33451A,exact,both_mapped_different
Ireland,339940,323111,27755.0,Europe,1,,,339940,level_5,323110,level_5,both_mapped_different
Panama,322299,322121,27660.0,South_America,1,,,322299,exact,322120,level_5,both_mapped_different
Slovenia,339999,327110,27627.0,Europe,1,,,339990,level_5,327100,level_4,both_mapped_different
Lebanon,339930,339910,27625.0,Asia,1,,,339930,level_5,339910,level_5,both_mapped_different
Australia,321219,327390,27596.0,Oceana,1,,,321200,level_4,327390,level_5,both_mapped_different
Italy,333511,333249,27583.0,Europe,1,,,333511,exact,33329A,exact,both_mapped_different
Russia,332111,332999,27570.0,Europe,1,,,33211A,exact,332999,exact,both_mapped_different
Solomon Islands,311710,114112,27544.0,Oceana,1,,,311700,level_4,114000,level_3,both_mapped_different
"Korea, South",333111,333241,27510.0,Asia,1,,,333111,exact,33329A,exact,both_mapped_different
Austria,333992,335999,27325.0,Europe,1,,,33399A,exact,335999,exact,both_mapped_different
New Zealand,334510,339112,27306.0,Oceana,1,,,334510,exact,339112,exact,both_mapped_different
Finland,339113,326199,27300.0,Europe,1,,,339113,exact,326190,level_5,both_mapped_different
Iceland,332510,335999,27300.0,Europe,1,,,332500,level_4,335999,exact,both_mapped_different
India,333415,337127,27299.0,Asia,1,,,333415,exact,337127,exact,both_mapped_different
India,339940,322121,27284.0,Asia,1,,,339940,level_5,322120,level_5,both_mapped_different
Switzerland,321918,321999,27254.0,Europe,1,,,321910,level_5,3219A0,level_5,both_mapped_different
Italy,339999,326199,27193.0,Europe,1,,,339990,level_5,326190,level_5,both_mapped_different
Finland,334515,337127,27072.0,Europe,1,,,334515,exact,337127,exact,both_mapped_different
Mexico,321912,113310,27058.0,North_America,2,,,321910,level_5,113000,level_3,both_mapped_different
Egypt,321911,337215,27024.0,Africa,1,,,321910,level_5,337215,exact,both_mapped_different
Colombia,327420,327999,26892.0,South_America,1,,,327400,level_4,327999,exact,both_mapped_different
Italy,212390,339910,26862.0,Europe,2,,,2123A0,level_5,339910,level_5,both_mapped_different
Morocco,334111,334118,26837.0,Africa,1,,,334111,exact,334118,exact,both_mapped_different
Chile,337127,337124,26814.0,South_America,1,,,337127,exact,33712N,exact,both_mapped_different
Spain,339920,314910,26701.0,Europe,2,,,339920,level_5,314900,level_4,both_mapped_different
Luxembourg,325998,325199,26700.0,Europe,1,,,3259A0,level_5,325190,level_5,both_mapped_different
Finland,334419,334310,26674.0,Europe,2,,,33441A,exact,334300,level_4,both_mapped_different
Argentina,325194,325211,26668.0,South_America,1,,,325190,level_5,325211,exact,both_mapped_different
Germany,332215,332999,26657.0,Europe,3,,,332200,level_4,332999,exact,both_mapped_different
Czech Republic,339112,335999,26644.0,Europe,1,,,339112,exact,335999,exact,both_mapped_different
Latvia,335929,331318,26621.0,Europe,1,,,335920,level_5,33131B,exact,both_mapped_different
Pakistan,327991,327390,26609.0,Asia,1,,,327991,exact,327390,level_5,both_mapped_different
Croatia,321911,337215,26603.0,Europe,1,,,321910,level_5,337215,exact,both_mapped_different
South Africa,326299,313320,26559.0,Africa,1,,,326290,level_5,313300,level_4,both_mapped_different
Costa Rica,335929,331318,26556.0,South_America,1,,,335920,level_5,33131B,exact,both_mapped_different
Ecuador,339920,314910,26487.0,South_America,2,,,339920,level_5,314900,level_4,both_mapped_different
Ecuador,332420,332439,26473.0,South_America,1,,,332420,level_5,332430,level_5,both_mapped_different
United Kingdom,339999,339114,26462.0,Europe,1,,,339990,level_5,339114,exact,both_mapped_different
Austria,339994,314120,26436.0,Europe,1,,,339990,level_5,314120,level_5,both_mapped_different
Peru,325199,311224,26411.0,South_America,1,,,325190,level_5,311224,exact,both_mapped_different
Nepal,332215,332999,26327.0,Asia,1,,,332200,level_4,332999,exact,both_mapped_different
Thailand,336214,321991,26260.0,Asia,1,,,336214,exact,3219A0,level_5,both_mapped_different
Hong Kong,321918,321999,26206.0,Asia,1,,,321910,level_5,3219A0,level_5,both_mapped_different
Kyrgyzstan,336350,335312,26197.0,Europe,1,,,336350,level_5,335312,exact,both_mapped_different
Lithuania,334413,335999,26177.0,Europe,1,,,334413,exact,335999,exact,both_mapped_different
Pakistan,311421,311411,26175.0,Asia,1,,,311420,level_5,311410,level_5,both_mapped_different
Indonesia,333613,336310,26144.0,Asia,1,,,333613,exact,336310,level_5,both_mapped_different
Malaysia,333924,333120,26139.0,Asia,1,,,333920,level_5,333120,level_5,both_mapped_different
Latvia,326299,337215,26131.0,Europe,1,,,326290,level_5,337215,exact,both_mapped_different
Bulgaria,335312,334419,26046.0,Europe,1,,,335312,exact,33441A,exact,both_mapped_different
Germany,325992,325199,26037.0,Europe,1,,,3259A0,level_5,325190,level_5,both_mapped_different
Norway,334419,334413,25944.0,Europe,1,,,33441A,exact,334413,exact,both_mapped_different
France,332618,331222,25925.0,Europe,1,,,332600,level_4,331200,level_4,both_mapped_different
Australia,339920,314910,25907.0,Oceana,1,,,339920,level_5,314900,level_4,both_mapped_different
Tanzania,339930,339910,25860.0,Africa,1,,,339930,level_5,339910,level_5,both_mapped_different
Finland,335932,326199,25839.0,Europe,1,,,335930,level_5,326190,level_5,both_mapped_different
Laos,334419,333314,25780.0,Asia,1,,,33441A,exact,333314,exact,both_mapped_different
Indonesia,327390,327999,25743.0,Asia,1,,,327390,level_5,327999,exact,both_mapped_different
Switzerland,339113,326199,25656.0,Europe,2,,,339113,exact,326190,level_5,both_mapped_different
Vietnam,339999,321999,25613.0,Asia,2,,,339990,level_5,3219A0,level_5,both_mapped_different
Germany,321918,321999,25542.0,Europe,1,,,321910,level_5,3219A0,level_5,both_mapped_different
Tunisia,337215,337127,25500.0,Africa,1,,,337215,exact,337127,exact,both_mapped_different
Australia,335932,326199,25494.0,Oceana,1,,,335930,level_5,326190,level_5,both_mapped_different
Vietnam,335929,331318,25451.0,Asia,1,,,335920,level_5,33131B,exact,both_mapped_different
India,930000,333519,25406.0,Asia,1,,,S00300,noncomparable_imports,33351B,exact,both_mapped_different
Hungary,334419,334413,25383.0,Europe,1,,,33441A,exact,334413,exact,both_mapped_different
Estonia,332996,332919,25373.0,Europe,3,,,332996,exact,33291A,exact,both_mapped_different
Uganda,335312,334419,25361.0,Africa,1,,,335312,exact,33441A,exact,both_mapped_different
Cambodia,325620,325611,25343.0,Asia,1,,,325620,level_5,325610,level_5,both_mapped_different
Egypt,339930,339910,25337.0,Africa,1,,,339930,level_5,339910,level_5,both_mapped_different
Switzerland,332111,332999,25322.0,Europe,1,,,33211A,exact,332999,exact,both_mapped_different
Philippines,111335,115114,25318.0,Asia,1,,,111300,level_4,115000,level_3,both_mapped_different
Austria,321918,321999,25314.0,Europe,1,,,321910,level_5,3219A0,level_5,both_mapped_different
Turkey,325199,325211,25258.0,Europe,1,,,325190,level_5,325211,exact,both_mapped_different
Slovenia,337127,337124,25246.0,Europe,1,,,337127,exact,33712N,exact,both_mapped_different
Bulgaria,327991,327390,25217.0,Europe,2,,,327991,exact,327390,level_5,both_mapped_different
United Arab Emirates,333415,335312,25195.0,Asia,1,,,333415,exact,335312,exact,both_mapped_different
Slovakia,325998,334413,25168.0,Europe,1,,,3259A0,level_5,334413,exact,both_mapped_different
Argentina,990000,336611,25162.0,South_America,1,,,S00300,noncomparable_imports,336611,exact,both_mapped_different
Philippines,327212,327993,25137.0,Asia,1,,,327200,level_4,327993,exact,both_mapped_different
Brazil,333924,333120,25130.0,South_America,1,,,333920,level_5,333120,level_5,both_mapped_different
Germany,339999,332999,25087.0,Europe,2,,,339990,level_5,332999,exact,both_mapped_different
China,325180,325613,25050.0,Asia,1,,,325180,level_5,325610,level_5,both_mapped_different
China,334514,334519,25045.0,Asia,2,,,334514,exact,33451A,exact,both_mapped_different
Costa Rica,334515,333999,25000.0,South_America,1,,,334515,exact,33399A,exact,both_mapped_different
Costa Rica,930000,333517,25000.0,South_America,2,,,S00300,noncomparable_imports,333517,exact,both_mapped_different
Nigeria,335999,335929,25000.0,Africa,1,,,335999,exact,335920,level_5,both_mapped_different
Nicaragua,334515,337127,24980.0,South_America,1,,,334515,exact,337127,exact,both_mapped_different
Brazil,339999,313210,24968.0,South_America,1,,,339990,level_5,313200,level_4,both_mapped_different
Honduras,325199,325998,24955.0,South_America,1,,,325190,level_5,3259A0,level_5,both_mapped_different
Bahamas,333923,333999,24900.0,South_America,1,,,333920,level_5,33399A,exact,both_mapped_different
Bulgaria,335220,332216,24882.0,Europe,1,,,335220,exact,332200,level_4,both_mapped_different
Seychelles,333924,336999,24840.0,Africa,1,,,333920,level_5,336999,exact,both_mapped_different
Denmark,339999,313210,24836.0,Europe,1,,,339990,level_5,313200,level_4,both_mapped_different
Germany,332999,326299,24816.0,Europe,1,,,332999,exact,326290,level_5,both_mapped_different
United Kingdom,339910,114119,24800.0,Europe,1,,,339910,level_5,114000,level_3,both_mapped_different
Belgium,333515,333517,24783.0,Europe,3,,,33351B,exact,333517,exact,both_mapped_different
Finland,332216,332111,24710.0,Europe,1,,,332200,level_4,33211A,exact,both_mapped_different
United Kingdom,327991,327120,24690.0,Europe,1,,,327991,exact,327100,level_4,both_mapped_different
China,322130,322121,24688.0,Asia,2,,,322130,level_5,322120,level_5,both_mapped_different
Poland,339999,313210,24669.0,Europe,1,,,339990,level_5,313200,level_4,both_mapped_different
Poland,333511,333249,24656.0,Europe,1,,,333511,exact,33329A,exact,both_mapped_different
New Zealand,327999,339910,24647.0,Oceana,1,,,327999,exact,339910,level_5,both_mapped_different
Germany,336310,333618,24630.0,Europe,1,,,336310,level_5,333618,exact,both_mapped_different
Dominican Republic,336612,336611,24600.0,South_America,1,,,336612,exact,336611,exact,both_mapped_different
"Korea, South",990000,315190,24598.0,Asia,1,,,S00300,noncomparable_imports,315000,level_3,both_mapped_different
Portugal,990000,313210,24552.0,Europe,1,,,S00300,noncomparable_imports,313200,level_4,both_mapped_different
Luxembourg,325510,325520,24471.0,Europe,1,,,325510,level_5,325520,level_5,both_mapped_different
Argentina,334512,334513,24436.0,South_America,2,,,334512,exact,334513,exact,both_mapped_different
Italy,327120,327992,24386.0,Europe,1,,,327100,level_4,327992,exact,both_mapped_different
Israel,333996,333914,24376.0,Asia,1,,,33399B,exact,333914,exact,both_mapped_different
Belgium,334419,333314,24347.0,Europe,2,,,33441A,exact,333314,exact,both_mapped_different
Cambodia,334111,334118,24300.0,Asia,1,,,334111,exact,334118,exact,both_mapped_different
Ireland,321999,113310,24235.0,Europe,1,,,3219A0,level_5,113000,level_3,both_mapped_different
Norway,333613,336310,24231.0,Europe,2,,,333613,exact,336310,level_5,both_mapped_different
New Zealand,331491,332999,24174.0,Oceana,1,,,331490,level_5,332999,exact,both_mapped_different
Poland,322211,322299,24171.0,Europe,1,,,322210,level_5,322299,exact,both_mapped_different
Georgia,325998,334413,24100.0,Europe,1,,,3259A0,level_5,334413,exact,both_mapped_different
Portugal,333111,333241,24100.0,Europe,1,,,333111,exact,33329A,exact,both_mapped_different
Denmark,339994,314120,24092.0,Europe,1,,,339990,level_5,314120,level_5,both_mapped_different
Tunisia,335999,334419,24066.0,Africa,1,,,335999,exact,33441A,exact,both_mapped_different
Malaysia,332721,333111,24061.0,Asia,1,,,332720,level_5,333111,exact,both_mapped_different
Italy,990000,313210,24007.0,Europe,1,,,S00300,noncomparable_imports,313200,level_4,both_mapped_different
Honduras,325199,311225,24005.0,South_America,1,,,325190,level_5,311225,exact,both_mapped_different
New Zealand,313230,327215,24001.0,Oceana,1,,,313200,level_4,327200,level_4,both_mapped_different
Syria,332215,331511,24000.0,Asia,2,,,332200,level_4,331510,level_5,both_mapped_different
Ukraine,325411,325412,24000.0,Europe,2,,,325411,exact,325412,exact,both_mapped_different
Latvia,334111,334118,23928.0,Europe,1,,,334111,exact,334118,exact,both_mapped_different
Mexico,327120,327992,23870.0,North_America,1,,,327100,level_4,327992,exact,both_mapped_different
Peru,327991,327390,23861.0,South_America,1,,,327991,exact,327390,level_5,both_mapped_different
Saudi Arabia,314999,325220,23859.0,Asia,1,,,314900,level_4,3252A0,level_5,both_mapped_different
Singapore,334419,333314,23694.0,Asia,1,,,33441A,exact,333314,exact,both_mapped_different
Iceland,337215,337127,23682.0,Europe,1,,,337215,exact,337127,exact,both_mapped_different
Italy,339920,314910,23673.0,Europe,1,,,339920,level_5,314900,level_4,both_mapped_different
Bulgaria,334510,339113,23669.0,Europe,1,,,334510,exact,339113,exact,both_mapped_different
Brazil,910000,331491,23665.0,South_America,1,,,S00300,noncomparable_imports,331490,level_5,both_mapped_different
Thailand,313210,327993,23641.0,Asia,1,,,313200,level_4,327993,exact,both_mapped_different
Estonia,334419,334413,23619.0,Europe,1,,,33441A,exact,334413,exact,both_mapped_different
Cayman Islands,325199,325998,23600.0,South_America,1,,,325190,level_5,3259A0,level_5,both_mapped_different
India,332999,327110,23579.0,Asia,1,,,332999,exact,327100,level_4,both_mapped_different
Qatar,325211,910000,23544.0,Asia,1,,,325211,exact,S00300,noncomparable_imports,both_mapped_different
United Kingdom,311612,326121,23528.0,Europe,2,,,31161A,exact,326120,level_5,both_mapped_different
Portugal,339994,314120,23508.0,Europe,1,,,339990,level_5,314120,level_5,both_mapped_different
Lithuania,335220,333414,23474.0,Europe,2,,,335220,exact,333414,exact,both_mapped_different
Taiwan,325620,325611,23409.0,Asia,1,,,325620,level_5,325610,level_5,both_mapped_different
Estonia,333514,332216,23255.0,Europe,1,,,333514,exact,332200,level_4,both_mapped_different
Brazil,333241,333111,23213.0,South_America,1,,,33329A,exact,333111,exact,both_mapped_different
Germany,327910,332999,23132.0,Europe,1,,,327910,level_5,332999,exact,both_mapped_different
Italy,316990,334519,23121.0,Europe,1,,,316000,level_3,33451A,exact,both_mapped_different
Kuwait,332996,332919,23115.0,Asia,2,,,332996,exact,33291A,exact,both_mapped_different
Liechtenstein,334512,334513,23100.0,Europe,1,,,334512,exact,334513,exact,both_mapped_different
Singapore,333415,335312,23095.0,Asia,1,,,333415,exact,335312,exact,both_mapped_different
South Africa,333515,333991,23078.0,Africa,1,,,33351B,exact,333991,exact,both_mapped_different
Afghanistan,332215,331511,23075.0,Asia,1,,,332200,level_4,331510,level_5,both_mapped_different
Mauritania,311710,114112,23065.0,Africa,1,,,311700,level_4,114000,level_3,both_mapped_different
Estonia,322230,323111,23056.0,Europe,2,,,322230,level_5,323110,level_5,both_mapped_different
Hungary,334516,334519,23055.0,Europe,1,,,334516,exact,33451A,exact,both_mapped_different
Estonia,337127,337215,23020.0,Europe,1,,,337127,exact,337215,exact,both_mapped_different
Nepal,322120,322130,23018.0,Asia,1,,,322120,level_5,322130,level_5,both_mapped_different
Canada,325998,325411,23001.0,North_America,2,,,3259A0,level_5,325411,exact,both_mapped_different
Dominican Republic,334515,333999,23000.0,South_America,1,,,334515,exact,33399A,exact,both_mapped_different
Poland,336120,336211,23000.0,Europe,1,,,336120,level_5,336211,exact,both_mapped_different
Belgium,339113,322291,22995.0,Europe,1,,,339113,exact,322291,exact,both_mapped_different
Guatemala,337127,337124,22974.0,South_America,1,,,337127,exact,33712N,exact,both_mapped_different
Costa Rica,333515,333991,22972.0,South_America,1,,,33351B,exact,333991,exact,both_mapped_different
Egypt,322230,323111,22932.0,Africa,1,,,322230,level_5,323110,level_5,both_mapped_different
Samoa,333924,336999,22911.0,Oceana,1,,,333920,level_5,336999,exact,both_mapped_different
Spain,910000,331491,22905.0,Europe,1,,,S00300,noncomparable_imports,331490,level_5,both_mapped_different
Ukraine,325320,325199,22901.0,Europe,4,,,325320,level_5,325190,level_5,both_mapped_different
Ireland,313210,327993,22899.0,Europe,1,,,313200,level_4,327993,exact,both_mapped_different
Singapore,339113,315280,22896.0,Asia,1,,,339113,exact,315000,level_3,both_mapped_different
El Salvador,336350,335312,22877.0,South_America,1,,,336350,level_5,335312,exact,both_mapped_different
Pakistan,337127,337124,22849.0,Asia,1,,,337127,exact,33712N,exact,both_mapped_different
Malta,334511,339930,22847.0,Europe,1,,,334511,exact,339930,level_5,both_mapped_different
Italy,339999,332999,22838.0,Europe,2,,,339990,level_5,332999,exact,both_mapped_different
Spain,332112,332999,22773.0,Europe,1,,,33211A,exact,332999,exact,both_mapped_different
Denmark,335999,334419,22750.0,Europe,1,,,335999,exact,33441A,exact,both_mapped_different
Bosnia and Herzegovina,332996,332919,22669.0,Europe,4,,,332996,exact,33291A,exact,both_mapped_different
Taiwan,332215,332618,22619.0,Asia,1,,,332200,level_4,332600,level_4,both_mapped_different
Thailand,334515,333999,22619.0,Asia,1,,,334515,exact,33399A,exact,both_mapped_different
Bulgaria,337215,337127,22609.0,Europe,1,,,337215,exact,337127,exact,both_mapped_different
Ukraine,337127,337124,22599.0,Europe,1,,,337127,exact,33712N,exact,both_mapped_different
Taiwan,311421,311411,22566.0,Asia,1,,,311420,level_5,311410,level_5,both_mapped_different
Turkey,322120,322230,22564.0,Europe,1,,,322120,level_5,322230,level_5,both_mapped_different
Norway,339930,339910,22513.0,Europe,1,,,339930,level_5,339910,level_5,both_mapped_different
Sri Lanka,334515,337127,22477.0,Asia,1,,,334515,exact,337127,exact,both_mapped_different
Italy,313210,314999,22428.0,Europe,1,,,313200,level_4,314900,level_4,both_mapped_different
Netherlands,336310,333618,22320.0,Europe,1,,,336310,level_5,333618,exact,both_mapped_different
Belgium,322230,323111,22313.0,Europe,2,,,322230,level_5,323110,level_5,both_mapped_different
Colombia,335312,334419,22312.0,South_America,1,,,335312,exact,33441A,exact,both_mapped_different
Jordan,326199,314120,22190.0,Asia,1,,,326190,level_5,314120,level_5,both_mapped_different
Finland,334419,334413,22172.0,Europe,1,,,33441A,exact,334413,exact,both_mapped_different
Bosnia and Herzegovina,337127,337124,22147.0,Europe,1,,,337127,exact,33712N,exact,both_mapped_different
Denmark,325180,325613,22090.0,Europe,1,,,325180,level_5,325610,level_5,both_mapped_different
Hong Kong,333613,336310,22078.0,Asia,1,,,333613,exact,336310,level_5,both_mapped_different
Switzerland,339920,314910,22069.0,Europe,2,,,339920,level_5,314900,level_4,both_mapped_different
Qatar,326199,314120,21952.0,Asia,1,,,326190,level_5,314120,level_5,both_mapped_different
Canada,332323,331491,21941.0,North_America,1,,,332320,level_5,331490,level_5,both_mapped_different
China,332313,332420,21910.0,Asia,1,,,332310,level_5,332420,level_5,both_mapped_different
Egypt,322211,322299,21794.0,Africa,1,,,322210,level_5,322299,exact,both_mapped_different
Cyprus,332996,332919,21774.0,Europe,1,,,332996,exact,33291A,exact,both_mapped_different
Lithuania,324199,325998,21769.0,Europe,2,,,324190,level_5,3259A0,level_5,both_mapped_different
Israel,326199,314120,21752.0,Asia,1,,,326190,level_5,314120,level_5,both_mapped_different
Ukraine,339999,327110,21750.0,Europe,1,,,339990,level_5,327100,level_4,both_mapped_different
France,910000,325180,21704.0,Europe,1,,,S00300,noncomparable_imports,325180,level_5,both_mapped_different
Netherlands,311612,326121,21687.0,Europe,2,,,31161A,exact,326120,level_5,both_mapped_different
Greece,325620,325611,21686.0,Europe,1,,,325620,level_5,325610,level_5,both_mapped_different
Denmark,314999,990000,21641.0,Europe,2,,,314900,level_4,S00300,noncomparable_imports,both_mapped_different
Hong Kong,334512,334513,21641.0,Asia,2,,,334512,exact,334513,exact,both_mapped_different
Bolivia,333924,336999,21640.0,South_America,1,,,333920,level_5,336999,exact,both_mapped_different
Afghanistan,325199,325998,21615.0,Asia,1,,,325190,level_5,3259A0,level_5,both_mapped_different
Mexico,334516,333413,21602.0,North_America,1,,,334516,exact,333413,exact,both_mapped_different
Trinidad and Tobago,325998,325199,21525.0,South_America,1,,,3259A0,level_5,325190,level_5,both_mapped_different
Lithuania,325199,325998,21516.0,Europe,1,,,325190,level_5,3259A0,level_5,both_mapped_different
Finland,930000,333517,21500.0,Europe,2,,,S00300,noncomparable_imports,333517,exact,both_mapped_different
Greece,335929,331318,21484.0,Europe,1,,,335920,level_5,33131B,exact,both_mapped_different
Liechtenstein,332996,332919,21478.0,Europe,1,,,332996,exact,33291A,exact,both_mapped_different
Senegal,336350,335312,21474.0,Africa,1,,,336350,level_5,335312,exact,both_mapped_different
Poland,325992,990000,21449.0,Europe,1,,,3259A0,level_5,S00300,noncomparable_imports,both_mapped_different
Norway,339113,337127,21444.0,Europe,1,,,339113,exact,337127,exact,both_mapped_different
Belize,990000,337212,21426.0,South_America,1,,,S00300,noncomparable_imports,33721A,exact,both_mapped_different
Greece,333924,336999,21384.0,Europe,1,,,333920,level_5,336999,exact,both_mapped_different
Finland,990000,314999,21367.0,Europe,1,,,S00300,noncomparable_imports,314900,level_4,both_mapped_different
Philippines,339920,314910,21345.0,Asia,1,,,339920,level_5,314900,level_4,both_mapped_different
Peru,930000,333517,21280.0,South_America,1,,,S00300,noncomparable_imports,333517,exact,both_mapped_different
Morocco,339999,327110,21204.0,Africa,1,,,339990,level_5,327100,level_4,both_mapped_different
Nauru,321911,337215,21127.0,Oceana,1,,,321910,level_5,337215,exact,both_mapped_different
Slovenia,990000,333111,21124.0,Europe,1,,,S00300,noncomparable_imports,333111,exact,both_mapped_different
Slovenia,327390,327999,21106.0,Europe,1,,,327390,level_5,327999,exact,both_mapped_different
Slovakia,325998,325613,21018.0,Europe,1,,,3259A0,level_5,325610,level_5,both_mapped_different
Laos,339999,327110,21000.0,Asia,1,,,339990,level_5,327100,level_4,both_mapped_different
Slovenia,333111,333241,20958.0,Europe,1,,,333111,exact,33329A,exact,both_mapped_different
Peru,335999,335929,20902.0,South_America,1,,,335999,exact,335920,level_5,both_mapped_different
Niger,325411,325412,20846.0,Africa,1,,,325411,exact,325412,exact,both_mapped_different
China,336412,336413,20822.0,Asia,2,,,336412,exact,336413,exact,both_mapped_different
Lebanon,322211,322299,20811.0,Asia,1,,,322210,level_5,322299,exact,both_mapped_different
Ukraine,332996,332919,20747.0,Europe,3,,,332996,exact,33291A,exact,both_mapped_different
Thailand,321219,327999,20697.0,Asia,1,,,321200,level_4,327999,exact,both_mapped_different
Thailand,325180,325130,20688.0,Asia,2,,,325180,level_5,325130,level_5,both_mapped_different
Switzerland,311612,326121,20654.0,Europe,1,,,31161A,exact,326120,level_5,both_mapped_different
Hungary,332420,332439,20608.0,Europe,2,,,332420,level_5,332430,level_5,both_mapped_different
Bermuda,335999,335929,20600.0,South_America,2,,,335999,exact,335920,level_5,both_mapped_different
Germany,313210,314999,20597.0,Europe,1,,,313200,level_4,314900,level_4,both_mapped_different
Spain,322120,322230,20568.0,Europe,1,,,322120,level_5,322230,level_5,both_mapped_different
Estonia,325411,111339,20551.0,Europe,1,,,325411,exact,111300,level_4,both_mapped_different
Kuwait,325211,910000,20544.0,Asia,1,,,325211,exact,S00300,noncomparable_imports,both_mapped_different
Netherlands,335932,327212,20539.0,Europe,1,,,335930,level_5,327200,level_4,both_mapped_different
Portugal,334310,334220,20526.0,Europe,1,,,334300,level_4,334220,level_5,both_mapped_different
Czech Republic,332112,332999,20421.0,Europe,1,,,33211A,exact,332999,exact,both_mapped_different
India,990000,315990,20413.0,Asia,1,,,S00300,noncomparable_imports,315000,level_3,both_mapped_different
Egypt,332215,332999,20410.0,Africa,1,,,332200,level_4,332999,exact,both_mapped_different
Peru,332439,332999,20400.0,South_America,1,,,332430,level_5,332999,exact,both_mapped_different
Lithuania,332996,332919,20371.0,Europe,2,,,332996,exact,33291A,exact,both_mapped_different
Iceland,332996,332919,20342.0,Europe,1,,,332996,exact,33291A,exact,both_mapped_different
South Africa,333924,336999,20303.0,Africa,1,,,333920,level_5,336999,exact,both_mapped_different
United Kingdom,333511,333249,20276.0,Europe,1,,,333511,exact,33329A,exact,both_mapped_different
Georgia,334515,337127,20267.0,Europe,1,,,334515,exact,337127,exact,both_mapped_different
Denmark,339910,114119,20250.0,Europe,1,,,339910,level_5,114000,level_3,both_mapped_different
Canada,332999,327110,20208.0,North_America,1,,,332999,exact,327100,level_4,both_mapped_different
Italy,910000,325412,20206.0,Europe,1,,,S00300,noncomparable_imports,325412,exact,both_mapped_different
Philippines,332215,331511,20202.0,Asia,1,,,332200,level_4,331510,level_5,both_mapped_different
Portugal,339999,326199,20188.0,Europe,1,,,339990,level_5,326190,level_5,both_mapped_different
Croatia,337215,337127,20185.0,Europe,1,,,337215,exact,337127,exact,both_mapped_different
Dominican Republic,339940,326199,20129.0,South_America,1,,,339940,level_5,326190,level_5,both_mapped_different
Kyrgyzstan,326150,326113,20127.0,Europe,1,,,326150,level_5,326110,level_5,both_mapped_different
Peru,333613,336310,20121.0,South_America,2,,,333613,exact,336310,level_5,both_mapped_different
Slovakia,335932,327212,20090.0,Europe,1,,,335930,level_5,327200,level_4,both_mapped_different
China,115210,311613,20089.0,Asia,1,,,115000,level_3,31161A,exact,both_mapped_different
Ireland,333613,336310,20084.0,Europe,1,,,333613,exact,336310,level_5,both_mapped_different
Spain,336390,333111,20062.0,Europe,2,,,336390,level_5,333111,exact,both_mapped_different
Togo,325211,910000,20055.0,Africa,1,,,325211,exact,S00300,noncomparable_imports,both_mapped_different
Colombia,327332,327999,20041.0,South_America,1,,,327330,level_5,327999,exact,both_mapped_different
Austria,335220,333414,20037.0,Europe,2,,,335220,exact,333414,exact,both_mapped_different
Jordan,339999,335999,20020.0,Asia,1,,,339990,level_5,335999,exact,both_mapped_different
Andorra,334512,334513,20000.0,Europe,1,,,334512,exact,334513,exact,both_mapped_different
Andorra,335312,334419,20000.0,Europe,1,,,335312,exact,33441A,exact,both_mapped_different
Cayman Islands,335999,335929,20000.0,South_America,1,,,335999,exact,335920,level_5,both_mapped_different
Dominican Republic,321911,337215,20000.0,South_America,1,,,321910,level_5,337215,exact,both_mapped_different
Uruguay,314999,990000,20000.0,South_America,1,,,314900,level_4,S00300,noncomparable_imports,both_mapped_different
Venezuela,334111,334118,20000.0,South_America,1,,,334111,exact,334118,exact,both_mapped_different
Brazil,327999,339910,19955.0,South_America,1,,,327999,exact,339910,level_5,both_mapped_different
Estonia,336612,336611,19925.0,Europe,1,,,336612,exact,336611,exact,both_mapped_different
United Kingdom,332721,333111,19892.0,Europe,2,,,332720,level_5,333111,exact,both_mapped_different
Argentina,333241,333111,19868.0,South_America,1,,,33329A,exact,333111,exact,both_mapped_different
Switzerland,325510,325998,19851.0,Europe,1,,,325510,level_5,3259A0,level_5,both_mapped_different
Estonia,333924,336999,19850.0,Europe,1,,,333920,level_5,336999,exact,both_mapped_different
Sri Lanka,332111,332999,19768.0,Asia,1,,,33211A,exact,332999,exact,both_mapped_different
Brazil,332323,331491,19753.0,South_America,1,,,332320,level_5,331490,level_5,both_mapped_different
Bosnia and Herzegovina,325211,910000,19732.0,Europe,1,,,325211,exact,S00300,noncomparable_imports,both_mapped_different
Malaysia,325199,325212,19730.0,Asia,1,,,325190,level_5,3252A0,exact,both_mapped_different
Macedonia,331210,331110,19705.0,Europe,1,,,331200,level_4,331110,level_4,both_mapped_different
Sri Lanka,334510,339112,19701.0,Asia,1,,,334510,exact,339112,exact,both_mapped_different
Austria,333996,333618,19668.0,Europe,1,,,33399B,exact,333618,exact,both_mapped_different
Turkey,335220,332216,19648.0,Europe,1,,,335220,exact,332200,level_4,both_mapped_different
Tunisia,334413,335999,19600.0,Africa,1,,,334413,exact,335999,exact,both_mapped_different
Switzerland,334419,334310,19588.0,Europe,2,,,33441A,exact,334300,level_4,both_mapped_different
Pakistan,332721,336350,19541.0,Asia,1,,,332720,level_5,336350,level_5,both_mapped_different
Vietnam,326140,326113,19502.0,Asia,1,,,326140,level_5,326110,level_5,both_mapped_different
Colombia,333515,333517,19500.0,South_America,1,,,33351B,exact,333517,exact,both_mapped_different
Panama,336120,336211,19500.0,South_America,1,,,336120,level_5,336211,exact,both_mapped_different
Georgia,325411,111339,19449.0,Europe,1,,,325411,exact,111300,level_4,both_mapped_different
Mauritius,335312,334419,19420.0,Africa,1,,,335312,exact,33441A,exact,both_mapped_different
Bulgaria,311612,326121,19384.0,Europe,1,,,31161A,exact,326120,level_5,both_mapped_different
Ireland,334510,339112,19352.0,Europe,1,,,334510,exact,339112,exact,both_mapped_different
Singapore,326150,326113,19347.0,Asia,1,,,326150,level_5,326110,level_5,both_mapped_different
Uruguay,325414,325413,19312.0,South_America,1,,,325414,exact,325413,exact,both_mapped_different
Singapore,334515,333999,19295.0,Asia,1,,,334515,exact,33399A,exact,both_mapped_different
Bosnia and Herzegovina,322299,322121,19260.0,Europe,1,,,322299,exact,322120,level_5,both_mapped_different
Hungary,333992,331491,19235.0,Europe,2,,,33399A,exact,331490,level_5,both_mapped_different
Singapore,339999,327110,19214.0,Asia,1,,,339990,level_5,327100,level_4,both_mapped_different
Denmark,332991,332722,19182.0,Europe,1,,,332991,exact,332720,level_5,both_mapped_different
Denmark,339113,326199,19181.0,Europe,1,,,339113,exact,326190,level_5,both_mapped_different
Luxembourg,335932,326199,19179.0,Europe,1,,,335930,level_5,326190,level_5,both_mapped_different
Slovakia,333241,333111,19170.0,Europe,1,,,33329A,exact,333111,exact,both_mapped_different
Denmark,332999,327110,19100.0,Europe,1,,,332999,exact,327100,level_4,both_mapped_different
Cocos (Keeling) Islands,331420,332999,19083.0,Oceana,1,,,331420,level_5,332999,exact,both_mapped_different
Liechtenstein,339113,337127,19071.0,Europe,1,,,339113,exact,337127,exact,both_mapped_different
Brazil,115210,311613,19050.0,South_America,1,,,115000,level_3,31161A,exact,both_mapped_different
Peru,332215,332999,19025.0,South_America,1,,,332200,level_4,332999,exact,both_mapped_different
Indonesia,332215,332999,18970.0,Asia,1,,,332200,level_4,332999,exact,both_mapped_different
United Kingdom,339999,335999,18968.0,Europe,1,,,339990,level_5,335999,exact,both_mapped_different
Spain,336612,336611,18929.0,Europe,1,,,336612,exact,336611,exact,both_mapped_different
France,325510,325998,18919.0,Europe,1,,,325510,level_5,3259A0,level_5,both_mapped_different
Australia,333995,333618,18901.0,Oceana,1,,,33399B,exact,333618,exact,both_mapped_different
France,212390,339910,18898.0,Europe,1,,,2123A0,level_5,339910,level_5,both_mapped_different
Switzerland,313210,314999,18894.0,Europe,1,,,313200,level_4,314900,level_4,both_mapped_different
Canada,910000,325412,18876.0,North_America,1,,,S00300,noncomparable_imports,325412,exact,both_mapped_different
Sweden,339920,314910,18860.0,Europe,1,,,339920,level_5,314900,level_4,both_mapped_different
United Kingdom,334511,339930,18854.0,Europe,1,,,334511,exact,339930,level_5,both_mapped_different
New Zealand,322230,323111,18843.0,Oceana,1,,,322230,level_5,323110,level_5,both_mapped_different
Netherlands,321219,327390,18827.0,Europe,1,,,321200,level_4,327390,level_5,both_mapped_different
Switzerland,316990,339999,18806.0,Europe,1,,,316000,level_3,339990,level_5,both_mapped_different
"Korea, South",332215,332999,18804.0,Asia,3,,,332200,level_4,332999,exact,both_mapped_different
Australia,322230,323111,18798.0,Oceana,1,,,322230,level_5,323110,level_5,both_mapped_different
Panama,334111,334118,18792.0,South_America,1,,,334111,exact,334118,exact,both_mapped_different
Austria,331313,331314,18780.0,Europe,1,,,331313,exact,331314,exact,both_mapped_different
China,327120,327992,18720.0,Asia,1,,,327100,level_4,327992,exact,both_mapped_different
El Salvador,335932,326199,18698.0,South_America,1,,,335930,level_5,326190,level_5,both_mapped_different
Australia,314999,990000,18691.0,Oceana,2,,,314900,level_4,S00300,noncomparable_imports,both_mapped_different
Iceland,115210,11211X,18680.0,Europe,1,,,115000,level_3,1121A0,exact,both_mapped_different
United Arab Emirates,339112,335999,18674.0,Asia,1,,,339112,exact,335999,exact,both_mapped_different
Switzerland,332721,333111,18664.0,Europe,1,,,332720,level_5,333111,exact,both_mapped_different
Hong Kong,334419,334310,18650.0,Asia,1,,,33441A,exact,334300,level_4,both_mapped_different
Canada,332215,332999,18602.0,North_America,2,,,332200,level_4,332999,exact,both_mapped_different
"Korea, South",339113,315280,18546.0,Asia,3,,,339113,exact,315000,level_3,both_mapped_different
Portugal,325199,325998,18542.0,Europe,1,,,325190,level_5,3259A0,level_5,both_mapped_different
Morocco,314999,990000,18513.0,Africa,2,,,314900,level_4,S00300,noncomparable_imports,both_mapped_different
Ireland,331491,332999,18507.0,Europe,1,,,331490,level_5,332999,exact,both_mapped_different
Malta,327991,327390,18488.0,Europe,1,,,327991,exact,327390,level_5,both_mapped_different
Portugal,322130,322220,18488.0,Europe,1,,,322130,level_5,322220,level_5,both_mapped_different
Chile,325199,311224,18480.0,South_America,1,,,325190,level_5,311224,exact,both_mapped_different
Mexico,332216,332111,18471.0,North_America,1,,,332200,level_4,33211A,exact,both_mapped_different
Bulgaria,325180,325613,18460.0,Europe,1,,,325180,level_5,325610,level_5,both_mapped_different
Austria,339940,326199,18455.0,Europe,1,,,339940,level_5,326190,level_5,both_mapped_different
Australia,334516,334519,18431.0,Oceana,1,,,334516,exact,33451A,exact,both_mapped_different
Austria,333415,335312,18422.0,Europe,1,,,333415,exact,335312,exact,both_mapped_different
Czech Republic,325998,325411,18418.0,Europe,1,,,3259A0,level_5,325411,exact,both_mapped_different
Brazil,323111,323120,18399.0,South_America,1,,,323110,level_5,323120,level_5,both_mapped_different
Liberia,212390,339910,18324.0,Africa,1,,,2123A0,level_5,339910,level_5,both_mapped_different
Hungary,334419,334310,18294.0,Europe,1,,,33441A,exact,334300,level_4,both_mapped_different
Netherlands,322130,322121,18284.0,Europe,1,,,322130,level_5,322120,level_5,both_mapped_different
Portugal,990000,325413,18274.0,Europe,1,,,S00300,noncomparable_imports,325413,exact,both_mapped_different
Thailand,339999,321999,18274.0,Asia,2,,,339990,level_5,3219A0,level_5,both_mapped_different
Philippines,325998,334413,18179.0,Asia,1,,,3259A0,level_5,334413,exact,both_mapped_different
Australia,331410,332999,18096.0,Oceana,1,,,331410,exact,332999,exact,both_mapped_different
Azerbaijan,332996,332919,18067.0,Europe,2,,,332996,exact,33291A,exact,both_mapped_different
Switzerland,316990,334519,18067.0,Europe,1,,,316000,level_3,33451A,exact,both_mapped_different
Ukraine,322211,322299,18057.0,Europe,1,,,322210,level_5,322299,exact,both_mapped_different
Mayotte,337127,337124,18048.0,Africa,3,,,337127,exact,33712N,exact,both_mapped_different
Mauritius,327999,339910,18040.0,Africa,1,,,327999,exact,339910,level_5,both_mapped_different
Turkey,313230,327215,18031.0,Europe,1,,,313200,level_4,327200,level_4,both_mapped_different
Tunisia,327991,327390,18022.0,Africa,1,,,327991,exact,327390,level_5,both_mapped_different
Japan,910000,325412,17999.0,Asia,1,,,S00300,noncomparable_imports,325412,exact,both_mapped_different
Hong Kong,339994,314120,17992.0,Asia,1,,,339990,level_5,314120,level_5,both_mapped_different
New Zealand,332420,332439,17985.0,Oceana,2,,,332420,level_5,332430,level_5,both_mapped_different
Italy,314999,112990,17942.0,Europe,1,,,314900,level_4,112A00,level_4,both_mapped_different
Thailand,990000,337212,17927.0,Asia,1,,,S00300,noncomparable_imports,33721A,exact,both_mapped_different
Burma,325199,325998,17919.0,Asia,2,,,325190,level_5,3259A0,level_5,both_mapped_different
Italy,327999,339910,17917.0,Europe,2,,,327999,exact,339910,level_5,both_mapped_different
Australia,339112,335999,17912.0,Oceana,1,,,339112,exact,335999,exact,both_mapped_different
Denmark,332999,331491,17893.0,Europe,1,,,332999,exact,331490,level_5,both_mapped_different
South Africa,322230,323111,17866.0,Africa,2,,,322230,level_5,323110,level_5,both_mapped_different
Japan,339940,323111,17814.0,Asia,1,,,339940,level_5,323110,level_5,both_mapped_different
Singapore,322230,323111,17791.0,Asia,1,,,322230,level_5,323110,level_5,both_mapped_different
Vietnam,333996,333914,17780.0,Asia,1,,,33399B,exact,333914,exact,both_mapped_different
Hong Kong,332510,335999,17762.0,Asia,1,,,332500,level_4,335999,exact,both_mapped_different
Romania,334419,333314,17748.0,Europe,1,,,33441A,exact,333314,exact,both_mapped_different
Belgium,339113,326199,17731.0,Europe,1,,,339113,exact,326190,level_5,both_mapped_different
Poland,325199,325212,17700.0,Europe,1,,,325190,level_5,3252A0,exact,both_mapped_different
New Zealand,335929,331318,17674.0,Oceana,1,,,335920,level_5,33131B,exact,both_mapped_different
United Arab Emirates,334510,339113,17672.0,Asia,1,,,334510,exact,339113,exact,both_mapped_different
Guatemala,325620,325611,17621.0,South_America,1,,,325620,level_5,325610,level_5,both_mapped_different
Ireland,324191,325613,17605.0,Europe,1,,,324190,level_5,325610,level_5,both_mapped_different
Greece,337127,337215,17600.0,Europe,1,,,337127,exact,337215,exact,both_mapped_different
Switzerland,332999,326299,17574.0,Europe,1,,,332999,exact,326290,level_5,both_mapped_different
Nicaragua,321918,321999,17569.0,South_America,1,,,321910,level_5,3219A0,level_5,both_mapped_different
Greece,339113,322291,17559.0,Europe,1,,,339113,exact,322291,exact,both_mapped_different
United Arab Emirates,990000,333111,17540.0,Asia,1,,,S00300,noncomparable_imports,333111,exact,both_mapped_different
Malaysia,311710,114112,17520.0,Asia,1,,,311700,level_4,114000,level_3,both_mapped_different
Croatia,333415,337127,17517.0,Europe,1,,,333415,exact,337127,exact,both_mapped_different
Armenia,327991,327390,17500.0,Europe,1,,,327991,exact,327390,level_5,both_mapped_different
Romania,335220,333414,17494.0,Europe,2,,,335220,exact,333414,exact,both_mapped_different
Hong Kong,332991,332722,17469.0,Asia,1,,,332991,exact,332720,level_5,both_mapped_different
Romania,326140,326113,17436.0,Europe,1,,,326140,level_5,326110,level_5,both_mapped_different
United Kingdom,332215,332618,17425.0,Europe,1,,,332200,level_4,332600,level_4,both_mapped_different
Netherlands,334510,335999,17414.0,Europe,1,,,334510,exact,335999,exact,both_mapped_different
Austria,316990,339999,17369.0,Europe,1,,,316000,level_3,339990,level_5,both_mapped_different
Japan,212390,339910,17363.0,Asia,1,,,2123A0,level_5,339910,level_5,both_mapped_different
Sri Lanka,336390,336214,17340.0,Asia,1,,,336390,level_5,336214,exact,both_mapped_different
France,321219,327999,17219.0,Europe,1,,,321200,level_4,327999,exact,both_mapped_different
Indonesia,322130,322121,17207.0,Asia,2,,,322130,level_5,322120,level_5,both_mapped_different
Bulgaria,322230,323111,17194.0,Europe,2,,,322230,level_5,323110,level_5,both_mapped_different
Brazil,333415,335312,17173.0,South_America,1,,,333415,exact,335312,exact,both_mapped_different
Australia,990000,336611,17150.0,Oceana,1,,,S00300,noncomparable_imports,336611,exact,both_mapped_different
Taiwan,322299,322121,17140.0,Asia,2,,,322299,exact,322120,level_5,both_mapped_different
Czech Republic,333511,333249,17100.0,Europe,1,,,333511,exact,33329A,exact,both_mapped_different
Ireland,332111,332999,17097.0,Europe,1,,,33211A,exact,332999,exact,both_mapped_different
Canada,339999,326199,17084.0,North_America,1,,,339990,level_5,326190,level_5,both_mapped_different
Spain,325992,990000,17080.0,Europe,1,,,3259A0,level_5,S00300,noncomparable_imports,both_mapped_different
Lithuania,325211,910000,17052.0,Europe,1,,,325211,exact,S00300,noncomparable_imports,both_mapped_different
Indonesia,325998,325620,17047.0,Asia,1,,,3259A0,level_5,325620,level_5,both_mapped_different
Australia,327999,339910,17034.0,Oceana,2,,,327999,exact,339910,level_5,both_mapped_different
New Zealand,339930,336411,17033.0,Oceana,1,,,339930,level_5,336411,exact,both_mapped_different
Hungary,115210,11211X,17021.0,Europe,1,,,115000,level_3,1121A0,exact,both_mapped_different
Slovenia,339920,314910,17010.0,Europe,1,,,339920,level_5,314900,level_4,both_mapped_different
Ukraine,322130,322121,17002.0,Europe,1,,,322130,level_5,322120,level_5,both_mapped_different
Germany,316210,322121,16942.0,Europe,1,,,316000,level_3,322120,level_5,both_mapped_different
Hong Kong,325620,325611,16932.0,Asia,1,,,325620,level_5,325610,level_5,both_mapped_different
Chile,332111,332999,16905.0,South_America,1,,,33211A,exact,332999,exact,both_mapped_different
Tunisia,334515,337127,16903.0,Africa,1,,,334515,exact,337127,exact,both_mapped_different
Canada,325180,325613,16893.0,North_America,1,,,325180,level_5,325610,level_5,both_mapped_different
China,321999,113310,16860.0,Asia,2,,,3219A0,level_5,113000,level_3,both_mapped_different
Hong Kong,339999,327110,16854.0,Asia,2,,,339990,level_5,327100,level_4,both_mapped_different
Bulgaria,325199,325211,16850.0,Europe,1,,,325190,level_5,325211,exact,both_mapped_different
Jordan,322220,332999,16848.0,Asia,1,,,322220,level_5,332999,exact,both_mapped_different
Serbia,332215,331511,16841.0,Europe,1,,,332200,level_4,331510,level_5,both_mapped_different
Germany,322120,322230,16823.0,Europe,1,,,322120,level_5,322230,level_5,both_mapped_different
China,212390,339910,16821.0,Asia,1,,,2123A0,level_5,339910,level_5,both_mapped_different
Denmark,322230,323111,16805.0,Europe,3,,,322230,level_5,323110,level_5,both_mapped_different
Dominican Republic,332996,332919,16781.0,South_America,2,,,332996,exact,33291A,exact,both_mapped_different
Japan,339999,321999,16778.0,Asia,2,,,339990,level_5,3219A0,level_5,both_mapped_different
Namibia,325411,111339,16738.0,Africa,1,,,325411,exact,111300,level_4,both_mapped_different
Vietnam,332216,332111,16735.0,Asia,1,,,332200,level_4,33211A,exact,both_mapped_different
Norway,336350,335312,16726.0,Europe,1,,,336350,level_5,335312,exact,both_mapped_different
Netherlands,336390,333111,16704.0,Europe,1,,,336390,level_5,333111,exact,both_mapped_different
Israel,910000,325412,16694.0,Asia,1,,,S00300,noncomparable_imports,325412,exact,both_mapped_different
Thailand,332215,332999,16660.0,Asia,2,,,332200,level_4,332999,exact,both_mapped_different
Costa Rica,332216,332111,16568.0,South_America,1,,,332200,level_4,33211A,exact,both_mapped_different
Luxembourg,322211,322299,16554.0,Europe,1,,,322210,level_5,322299,exact,both_mapped_different
Bulgaria,335220,333414,16537.0,Europe,1,,,335220,exact,333414,exact,both_mapped_different
Turkey,910000,325180,16528.0,Europe,1,,,S00300,noncomparable_imports,325180,level_5,both_mapped_different
Netherlands,339930,336411,16508.0,Europe,2,,,339930,level_5,336411,exact,both_mapped_different
Slovenia,337215,337127,16502.0,Europe,1,,,337215,exact,337127,exact,both_mapped_different
Peru,332111,332999,16491.0,South_America,2,,,33211A,exact,332999,exact,both_mapped_different
Italy,334514,334519,16488.0,Europe,2,,,334514,exact,33451A,exact,both_mapped_different
Barbados,325211,910000,16483.0,South_America,1,,,325211,exact,S00300,noncomparable_imports,both_mapped_different
Australia,321911,337215,16458.0,Oceana,1,,,321910,level_5,337215,exact,both_mapped_different
Poland,336211,336111,16442.0,Europe,1,,,336211,exact,336111,exact,both_mapped_different
Nigeria,333515,333991,16440.0,Africa,1,,,33351B,exact,333991,exact,both_mapped_different
Hong Kong,325998,325411,16430.0,Asia,1,,,3259A0,level_5,325411,exact,both_mapped_different
Switzerland,333995,333618,16425.0,Europe,1,,,33399B,exact,333618,exact,both_mapped_different
Croatia,334419,333314,16413.0,Europe,1,,,33441A,exact,333314,exact,both_mapped_different
Lebanon,322220,332999,16370.0,Asia,1,,,322220,level_5,332999,exact,both_mapped_different
Finland,339112,335999,16332.0,Europe,1,,,339112,exact,335999,exact,both_mapped_different
Australia,339113,326199,16320.0,Oceana,1,,,339113,exact,326190,level_5,both_mapped_different
Ireland,910000,325199,16320.0,Europe,1,,,S00300,noncomparable_imports,325190,level_5,both_mapped_different
Romania,339113,315280,16306.0,Europe,1,,,339113,exact,315000,level_3,both_mapped_different
Taiwan,333111,336212,16306.0,Asia,1,,,333111,exact,336212,exact,both_mapped_different
Czech Republic,336612,326299,16245.0,Europe,1,,,336612,exact,326290,level_5,both_mapped_different
Slovakia,333613,336310,16233.0,Europe,1,,,333613,exact,336310,level_5,both_mapped_different
Spain,336211,336111,16232.0,Europe,1,,,336211,exact,336111,exact,both_mapped_different
Austria,339930,336411,16172.0,Europe,1,,,339930,level_5,336411,exact,both_mapped_different
China,334118,334519,16135.0,Asia,1,,,334118,exact,33451A,exact,both_mapped_different
New Zealand,334413,335999,16129.0,Oceana,1,,,334413,exact,335999,exact,both_mapped_different
France,327910,332999,16127.0,Europe,1,,,327910,level_5,332999,exact,both_mapped_different
Chile,334310,334220,16120.0,South_America,1,,,334300,level_4,334220,level_5,both_mapped_different
Indonesia,990000,315190,16120.0,Asia,1,,,S00300,noncomparable_imports,315000,level_3,both_mapped_different
Estonia,335220,332216,16110.0,Europe,1,,,335220,exact,332200,level_4,both_mapped_different
South Africa,333514,332216,16110.0,Africa,1,,,333514,exact,332200,level_4,both_mapped_different
Croatia,334419,334413,16109.0,Europe,1,,,33441A,exact,334413,exact,both_mapped_different
Taiwan,323111,323120,16099.0,Asia,1,,,323110,level_5,323120,level_5,both_mapped_different
Vietnam,336350,335312,16060.0,Asia,1,,,336350,level_5,335312,exact,both_mapped_different
Argentina,327332,327999,16036.0,South_America,1,,,327330,level_5,327999,exact,both_mapped_different
Pakistan,339113,316998,16013.0,Asia,1,,,339113,exact,316000,level_3,both_mapped_different
France,336120,336211,16000.0,Europe,1,,,336120,level_5,336211,exact,both_mapped_different
Belgium,332215,332999,15935.0,Europe,2,,,332200,level_4,332999,exact,both_mapped_different
Belgium,339994,314120,15901.0,Europe,1,,,339990,level_5,314120,level_5,both_mapped_different
Pakistan,332996,332919,15866.0,Asia,2,,,332996,exact,33291A,exact,both_mapped_different
South Africa,321999,113310,15846.0,Africa,2,,,3219A0,level_5,113000,level_3,both_mapped_different
Vietnam,332215,332999,15816.0,Asia,2,,,332200,level_4,332999,exact,both_mapped_different
United Kingdom,333415,337127,15784.0,Europe,1,,,333415,exact,337127,exact,both_mapped_different
Canada,325199,325211,15745.0,North_America,1,,,325190,level_5,325211,exact,both_mapped_different
Belarus,334512,334513,15730.0,Europe,1,,,334512,exact,334513,exact,both_mapped_different
Czech Republic,335932,327212,15728.0,Europe,2,,,335930,level_5,327200,level_4,both_mapped_different
Ireland,332216,332111,15712.0,Europe,1,,,332200,level_4,33211A,exact,both_mapped_different
Denmark,334413,335999,15683.0,Europe,1,,,334413,exact,335999,exact,both_mapped_different
Norway,333992,331491,15675.0,Europe,2,,,33399A,exact,331490,level_5,both_mapped_different
Nigeria,334514,334519,15637.0,Africa,1,,,334514,exact,33451A,exact,both_mapped_different
Peru,321912,113310,15622.0,South_America,1,,,321910,level_5,113000,level_3,both_mapped_different
Mexico,339113,316998,15609.0,North_America,1,,,339113,exact,316000,level_3,both_mapped_different
South Africa,335312,334419,15600.0,Africa,1,,,335312,exact,33441A,exact,both_mapped_different
Liechtenstein,332999,331491,15548.0,Europe,1,,,332999,exact,331490,level_5,both_mapped_different
Indonesia,322120,322130,15516.0,Asia,1,,,322120,level_5,322130,level_5,both_mapped_different
Finland,325199,311224,15510.0,Europe,1,,,325190,level_5,311224,exact,both_mapped_different
Brazil,326150,326113,15496.0,South_America,2,,,326150,level_5,326110,level_5,both_mapped_different
Dominican Republic,311710,114112,15466.0,South_America,1,,,311700,level_4,114000,level_3,both_mapped_different
New Zealand,337127,337215,15456.0,Oceana,1,,,337127,exact,337215,exact,both_mapped_different
Dominican Republic,333923,333999,15416.0,South_America,1,,,333920,level_5,33399A,exact,both_mapped_different
Netherlands,327910,332999,15387.0,Europe,1,,,327910,level_5,332999,exact,both_mapped_different
Romania,990000,337212,15359.0,Europe,1,,,S00300,noncomparable_imports,33721A,exact,both_mapped_different
United Arab Emirates,335220,333414,15343.0,Asia,2,,,335220,exact,333414,exact,both_mapped_different
Portugal,325199,311224,15325.0,Europe,1,,,325190,level_5,311224,exact,both_mapped_different
Cambodia,313210,327993,15322.0,Asia,1,,,313200,level_4,327993,exact,both_mapped_different
Mexico,910000,325412,15250.0,North_America,1,,,S00300,noncomparable_imports,325412,exact,both_mapped_different
Liechtenstein,333514,332216,15242.0,Europe,1,,,333514,exact,332200,level_4,both_mapped_different
Belgium,332991,332722,15209.0,Europe,1,,,332991,exact,332720,level_5,both_mapped_different
Greece,990000,325413,15173.0,Europe,1,,,S00300,noncomparable_imports,325413,exact,both_mapped_different
Pakistan,322130,322220,15170.0,Asia,1,,,322130,level_5,322220,level_5,both_mapped_different
Spain,990000,315990,15162.0,Europe,1,,,S00300,noncomparable_imports,315000,level_3,both_mapped_different
St Vincent and the Grenadines,325211,910000,15147.0,South_America,1,,,325211,exact,S00300,noncomparable_imports,both_mapped_different
Sweden,334511,339930,15141.0,Europe,1,,,334511,exact,339930,level_5,both_mapped_different
Bulgaria,325998,334413,15090.0,Europe,1,,,3259A0,level_5,334413,exact,both_mapped_different
Saudi Arabia,334419,333314,15026.0,Asia,1,,,33441A,exact,333314,exact,both_mapped_different
Iceland,334111,334118,15021.0,Europe,1,,,334111,exact,334118,exact,both_mapped_different
Colombia,336214,321991,15000.0,South_America,1,,,336214,exact,3219A0,level_5,both_mapped_different
Taiwan,322120,322299,15000.0,Asia,1,,,322120,level_5,322299,exact,both_mapped_different
Honduras,335999,334419,14974.0,South_America,1,,,335999,exact,33441A,exact,both_mapped_different
Singapore,335929,331318,14958.0,Asia,1,,,335920,level_5,33131B,exact,both_mapped_different
Kyrgyzstan,335999,335929,14931.0,Europe,1,,,335999,exact,335920,level_5,both_mapped_different
Ecuador,335312,334419,14911.0,South_America,1,,,335312,exact,33441A,exact,both_mapped_different
El Salvador,337127,337124,14900.0,South_America,1,,,337127,exact,33712N,exact,both_mapped_different
Spain,339999,326199,14900.0,Europe,1,,,339990,level_5,326190,level_5,both_mapped_different
United Arab Emirates,325199,325211,14879.0,Asia,1,,,325190,level_5,325211,exact,both_mapped_different
India,325992,990000,14874.0,Asia,1,,,3259A0,level_5,S00300,noncomparable_imports,both_mapped_different
Botswana,322230,323111,14868.0,Africa,1,,,322230,level_5,323110,level_5,both_mapped_different
Zimbabwe,332215,332999,14862.0,Africa,1,,,332200,level_4,332999,exact,both_mapped_different
"Korea, South",339940,323111,14851.0,Asia,1,,,339940,level_5,323110,level_5,both_mapped_different
Japan,314999,990000,14850.0,Asia,3,,,314900,level_4,S00300,noncomparable_imports,both_mapped_different
Taiwan,339113,339112,14850.0,Asia,1,,,339113,exact,339112,exact,both_mapped_different
Finland,334511,339930,14748.0,Europe,1,,,334511,exact,339930,level_5,both_mapped_different
Norway,333996,333914,14721.0,Europe,1,,,33399B,exact,333914,exact,both_mapped_different
South Africa,336330,333111,14720.0,Africa,1,,,3363A0,level_5,333111,exact,both_mapped_different
Ecuador,321911,337215,14703.0,South_America,1,,,321910,level_5,337215,exact,both_mapped_different
Bahamas,910000,325199,14698.0,South_America,1,,,S00300,noncomparable_imports,325190,level_5,both_mapped_different
Macedonia,339113,337127,14698.0,Europe,1,,,339113,exact,337127,exact,both_mapped_different
United Arab Emirates,323111,323120,14658.0,Asia,1,,,323110,level_5,323120,level_5,both_mapped_different
Turkey,326140,326113,14650.0,Europe,1,,,326140,level_5,326110,level_5,both_mapped_different
Austria,335220,332216,14614.0,Europe,2,,,335220,exact,332200,level_4,both_mapped_different
Kyrgyzstan,325411,111339,14587.0,Europe,1,,,325411,exact,111300,level_4,both_mapped_different
Canada,990000,315990,14575.0,North_America,1,,,S00300,noncomparable_imports,315000,level_3,both_mapped_different
Czech Republic,311612,326121,14570.0,Europe,1,,,31161A,exact,326120,level_5,both_mapped_different
Czech Republic,339999,326199,14506.0,Europe,1,,,339990,level_5,326190,level_5,both_mapped_different
Slovakia,326140,326113,14506.0,Europe,1,,,326140,level_5,326110,level_5,both_mapped_different
Latvia,336120,333120,14500.0,Europe,1,,,336120,level_5,333120,level_5,both_mapped_different
Norway,334310,334220,14498.0,Europe,1,,,334300,level_4,334220,level_5,both_mapped_different
Japan,323111,323120,14480.0,Asia,1,,,323110,level_5,323120,level_5,both_mapped_different
Hong Kong,333519,331513,14443.0,Asia,1,,,33351B,exact,331510,level_5,both_mapped_different
El Salvador,339940,326199,14436.0,South_America,1,,,339940,level_5,326190,level_5,both_mapped_different
Dominica,339930,339910,14417.0,South_America,1,,,339930,level_5,339910,level_5,both_mapped_different
Uruguay,334515,333999,14400.0,South_America,1,,,334515,exact,33399A,exact,both_mapped_different
Albania,321911,337215,14390.0,Europe,1,,,321910,level_5,337215,exact,both_mapped_different
Norway,313230,327215,14386.0,Europe,1,,,313200,level_4,327200,level_4,both_mapped_different
Slovakia,332111,332999,14382.0,Europe,1,,,33211A,exact,332999,exact,both_mapped_different
Slovenia,334419,334310,14358.0,Europe,2,,,33441A,exact,334300,level_4,both_mapped_different
Romania,333996,333914,14333.0,Europe,1,,,33399B,exact,333914,exact,both_mapped_different
Japan,332215,339910,14311.0,Asia,1,,,332200,level_4,339910,level_5,both_mapped_different
Mauritania,335999,335929,14300.0,Africa,1,,,335999,exact,335920,level_5,both_mapped_different
Singapore,339999,339114,14292.0,Asia,1,,,339990,level_5,339114,exact,both_mapped_different
Sri Lanka,332996,332919,14280.0,Asia,1,,,332996,exact,33291A,exact,both_mapped_different
Spain,336310,333618,14271.0,Europe,2,,,336310,level_5,333618,exact,both_mapped_different
Hungary,335921,327215,14265.0,Europe,3,,,335920,level_5,327200,level_4,both_mapped_different
Philippines,327420,327999,14262.0,Asia,1,,,327400,level_4,327999,exact,both_mapped_different
Luxembourg,339113,315280,14233.0,Europe,1,,,339113,exact,315000,level_3,both_mapped_different
Czech Republic,335220,333414,14220.0,Europe,1,,,335220,exact,333414,exact,both_mapped_different
Australia,339999,327110,14205.0,Oceana,2,,,339990,level_5,327100,level_4,both_mapped_different
Lithuania,334515,333999,14200.0,Europe,1,,,334515,exact,33399A,exact,both_mapped_different
Croatia,990000,337212,14169.0,Europe,1,,,S00300,noncomparable_imports,33721A,exact,both_mapped_different
Sweden,339112,335999,14146.0,Europe,1,,,339112,exact,335999,exact,both_mapped_different
Brazil,321219,327390,14089.0,South_America,1,,,321200,level_4,327390,level_5,both_mapped_different
Montserrat,335932,326199,14056.0,South_America,1,,,335930,level_5,326190,level_5,both_mapped_different
Dominican Republic,337127,337124,14047.0,South_America,1,,,337127,exact,33712N,exact,both_mapped_different
France,327999,339910,14042.0,Europe,1,,,327999,exact,339910,level_5,both_mapped_different
Hong Kong,326299,337215,14039.0,Asia,1,,,326290,level_5,337215,exact,both_mapped_different
Mexico,339940,323111,14017.0,North_America,1,,,339940,level_5,323110,level_5,both_mapped_different
Thailand,339994,314120,14009.0,Asia,1,,,339990,level_5,314120,level_5,both_mapped_different
Mexico,212390,339910,14000.0,North_America,1,,,2123A0,level_5,339910,level_5,both_mapped_different
Lithuania,336350,335312,13975.0,Europe,1,,,336350,level_5,335312,exact,both_mapped_different
Netherlands,325411,111339,13934.0,Europe,1,,,325411,exact,111300,level_4,both_mapped_different
Belgium,325180,325411,13923.0,Europe,1,,,325180,level_5,325411,exact,both_mapped_different
Georgia,335999,335929,13902.0,Europe,2,,,335999,exact,335920,level_5,both_mapped_different
Ukraine,339940,326199,13890.0,Europe,1,,,339940,level_5,326190,level_5,both_mapped_different
Japan,339920,314910,13878.0,Asia,2,,,339920,level_5,314900,level_4,both_mapped_different
Ukraine,322299,322121,13866.0,Europe,1,,,322299,exact,322120,level_5,both_mapped_different
France,332999,331491,13841.0,Europe,1,,,332999,exact,331490,level_5,both_mapped_different
Qatar,339113,322291,13825.0,Asia,1,,,339113,exact,322291,exact,both_mapped_different
United Arab Emirates,326299,337215,13819.0,Asia,1,,,326290,level_5,337215,exact,both_mapped_different
Vietnam,332999,327110,13804.0,Asia,1,,,332999,exact,327100,level_4,both_mapped_different
Vietnam,322299,322121,13799.0,Asia,1,,,322299,exact,322120,level_5,both_mapped_different
Ireland,335932,327212,13768.0,Europe,1,,,335930,level_5,327200,level_4,both_mapped_different
Germany,311421,311411,13742.0,Europe,1,,,311420,level_5,311410,level_5,both_mapped_different
Colombia,990000,333111,13741.0,South_America,1,,,S00300,noncomparable_imports,333111,exact,both_mapped_different
Serbia,337127,337215,13731.0,Europe,1,,,337127,exact,337215,exact,both_mapped_different
Costa Rica,990000,333111,13716.0,South_America,1,,,S00300,noncomparable_imports,333111,exact,both_mapped_different
Thailand,910000,325199,13677.0,Asia,2,,,S00300,noncomparable_imports,325190,level_5,both_mapped_different
Bangladesh,313210,314999,13670.0,Asia,1,,,313200,level_4,314900,level_4,both_mapped_different
Bulgaria,332439,332999,13663.0,Europe,1,,,332430,level_5,332999,exact,both_mapped_different
Australia,324199,325998,13616.0,Oceana,1,,,324190,level_5,3259A0,level_5,both_mapped_different
Ukraine,339930,339910,13594.0,Europe,1,,,339930,level_5,339910,level_5,both_mapped_different
Spain,332215,335220,13562.0,Europe,1,,,332200,level_4,335220,exact,both_mapped_different
Hungary,313210,327993,13524.0,Europe,1,,,313200,level_4,327993,exact,both_mapped_different
Dominican Republic,321219,327999,13519.0,South_America,1,,,321200,level_4,327999,exact,both_mapped_different
Spain,332215,332618,13439.0,Europe,1,,,332200,level_4,332600,level_4,both_mapped_different
New Zealand,321911,337215,13425.0,Oceana,1,,,321910,level_5,337215,exact,both_mapped_different
Denmark,990000,325992,13403.0,Europe,1,,,S00300,noncomparable_imports,3259A0,level_5,both_mapped_different
Hong Kong,325510,325520,13400.0,Asia,1,,,325510,level_5,325520,level_5,both_mapped_different
Macau,334419,334413,13305.0,Asia,1,,,33441A,exact,334413,exact,both_mapped_different
Greece,334510,339113,13250.0,Europe,1,,,334510,exact,339113,exact,both_mapped_different
Portugal,339940,326199,13247.0,Europe,1,,,339940,level_5,326190,level_5,both_mapped_different
South Africa,339999,326199,13247.0,Africa,1,,,339990,level_5,326190,level_5,both_mapped_different
Lithuania,332215,331511,13180.0,Europe,1,,,332200,level_4,331510,level_5,both_mapped_different
"Korea, South",337127,337215,13170.0,Asia,1,,,337127,exact,337215,exact,both_mapped_different
Norway,332420,332439,13170.0,Europe,2,,,332420,level_5,332430,level_5,both_mapped_different
Indonesia,339112,335999,13158.0,Asia,1,,,339112,exact,335999,exact,both_mapped_different
Dominican Republic,332111,332999,13140.0,South_America,1,,,33211A,exact,332999,exact,both_mapped_different
Oman,335921,327215,13125.0,Asia,1,,,335920,level_5,327200,level_4,both_mapped_different
Lithuania,334111,334118,13116.0,Europe,1,,,334111,exact,334118,exact,both_mapped_different
Denmark,910000,325199,13111.0,Europe,1,,,S00300,noncomparable_imports,325190,level_5,both_mapped_different
Bermuda,910000,325199,13102.0,South_America,1,,,S00300,noncomparable_imports,325190,level_5,both_mapped_different
Laos,325199,325998,13051.0,Asia,2,,,325190,level_5,3259A0,level_5,both_mapped_different
Italy,332999,326299,13042.0,Europe,1,,,332999,exact,326290,level_5,both_mapped_different
Greece,326199,314120,13032.0,Europe,2,,,326190,level_5,314120,level_5,both_mapped_different
Niger,335921,327215,13028.0,Africa,1,,,335920,level_5,327200,level_4,both_mapped_different
Colombia,333514,332216,13026.0,South_America,1,,,333514,exact,332200,level_4,both_mapped_different
Greece,325199,325211,12974.0,Europe,1,,,325190,level_5,325211,exact,both_mapped_different
Hong Kong,339999,335999,12966.0,Asia,2,,,339990,level_5,335999,exact,both_mapped_different
Greece,337215,337127,12919.0,Europe,1,,,337215,exact,337127,exact,both_mapped_different
San Marino,333241,333999,12849.0,Europe,1,,,33329A,exact,33399A,exact,both_mapped_different
Colombia,314999,990000,12838.0,South_America,1,,,314900,level_4,S00300,noncomparable_imports,both_mapped_different
"Korea, South",339999,321999,12838.0,Asia,1,,,339990,level_5,3219A0,level_5,both_mapped_different
Oman,332996,332919,12825.0,Asia,1,,,332996,exact,33291A,exact,both_mapped_different
Turkey,111335,115114,12823.0,Europe,1,,,111300,level_4,115000,level_3,both_mapped_different
Brazil,327991,327120,12807.0,South_America,1,,,327991,exact,327100,level_4,both_mapped_different
Honduras,325998,325620,12750.0,South_America,1,,,3259A0,level_5,325620,level_5,both_mapped_different
Dominican Republic,335932,326199,12662.0,South_America,1,,,335930,level_5,326190,level_5,both_mapped_different
New Zealand,339999,332999,12658.0,Oceana,2,,,339990,level_5,332999,exact,both_mapped_different
Latvia,325199,311224,12651.0,Europe,1,,,325190,level_5,311224,exact,both_mapped_different
Czech Republic,311999,114119,12650.0,Europe,1,,,311990,level_5,114000,level_3,both_mapped_different
United Arab Emirates,332111,332999,12647.0,Asia,1,,,33211A,exact,332999,exact,both_mapped_different
Spain,990000,334516,12645.0,Europe,1,,,S00300,noncomparable_imports,334516,exact,both_mapped_different
United Arab Emirates,339994,314120,12589.0,Asia,1,,,339990,level_5,314120,level_5,both_mapped_different
Finland,334516,333413,12566.0,Europe,1,,,334516,exact,333413,exact,both_mapped_different
France,316990,339999,12564.0,Europe,1,,,316000,level_3,339990,level_5,both_mapped_different
Guyana,311710,114112,12541.0,South_America,1,,,311700,level_4,114000,level_3,both_mapped_different
Turkey,336211,333120,12532.0,Europe,1,,,336211,exact,333120,level_5,both_mapped_different
Georgia,930000,333517,12513.0,Europe,2,,,S00300,noncomparable_imports,333517,exact,both_mapped_different
Poland,321918,321999,12503.0,Europe,1,,,321910,level_5,3219A0,level_5,both_mapped_different
Austria,332112,332999,12496.0,Europe,1,,,33211A,exact,332999,exact,both_mapped_different
Poland,326199,314120,12484.0,Europe,2,,,326190,level_5,314120,level_5,both_mapped_different
Australia,323111,323120,12467.0,Oceana,1,,,323110,level_5,323120,level_5,both_mapped_different
Turkey,339940,323111,12462.0,Europe,1,,,339940,level_5,323110,level_5,both_mapped_different
Vietnam,325998,334413,12455.0,Asia,1,,,3259A0,level_5,334413,exact,both_mapped_different
Tonga,327991,327390,12442.0,Oceana,1,,,327991,exact,327390,level_5,both_mapped_different
Solomon Islands,326299,337215,12400.0,Oceana,1,,,326290,level_5,337215,exact,both_mapped_different
Croatia,326299,337215,12382.0,Europe,1,,,326290,level_5,337215,exact,both_mapped_different
Hong Kong,335220,332216,12379.0,Asia,1,,,335220,exact,332200,level_4,both_mapped_different
France,327390,327999,12371.0,Europe,1,,,327390,level_5,327999,exact,both_mapped_different
Brazil,336120,336211,12353.0,South_America,1,,,336120,level_5,336211,exact,both_mapped_different
Portugal,333241,333999,12348.0,Europe,1,,,33329A,exact,33399A,exact,both_mapped_different
Saudi Arabia,339930,339910,12347.0,Asia,1,,,339930,level_5,339910,level_5,both_mapped_different
Singapore,336390,336214,12344.0,Asia,1,,,336390,level_5,336214,exact,both_mapped_different
Netherlands,331410,331492,12336.0,Europe,1,,,331410,exact,331490,level_5,both_mapped_different
Serbia,311612,326121,12294.0,Europe,1,,,31161A,exact,326120,level_5,both_mapped_different
China,990000,332216,12208.0,Asia,1,,,S00300,noncomparable_imports,332200,level_4,both_mapped_different
Hungary,339994,314120,12190.0,Europe,1,,,339990,level_5,314120,level_5,both_mapped_different
Iceland,334512,334513,12189.0,Europe,2,,,334512,exact,334513,exact,both_mapped_different
Greece,334310,334220,12183.0,Europe,1,,,334300,level_4,334220,level_5,both_mapped_different
Austria,325211,910000,12176.0,Europe,2,,,325211,exact,S00300,noncomparable_imports,both_mapped_different
Malaysia,331491,332999,12115.0,Asia,1,,,331490,level_5,332999,exact,both_mapped_different
Cambodia,332215,331511,12114.0,Asia,1,,,332200,level_4,331510,level_5,both_mapped_different
Sri Lanka,339920,314910,12112.0,Asia,2,,,339920,level_5,314900,level_4,both_mapped_different
Burma,339930,339910,12100.0,Asia,1,,,339930,level_5,339910,level_5,both_mapped_different
Afghanistan,337215,337127,12076.0,Asia,1,,,337215,exact,337127,exact,both_mapped_different
Brazil,332112,332999,12043.0,South_America,1,,,33211A,exact,332999,exact,both_mapped_different
Argentina,335220,333414,12000.0,South_America,1,,,335220,exact,333414,exact,both_mapped_different
Indonesia,313230,327215,12000.0,Asia,1,,,313200,level_4,327200,level_4,both_mapped_different
Estonia,332112,332999,11985.0,Europe,1,,,33211A,exact,332999,exact,both_mapped_different
Lithuania,321999,113310,11964.0,Europe,1,,,3219A0,level_5,113000,level_3,both_mapped_different
Burma,339999,327110,11952.0,Asia,1,,,339990,level_5,327100,level_4,both_mapped_different
United Kingdom,339999,332999,11949.0,Europe,2,,,339990,level_5,332999,exact,both_mapped_different
Netherlands,339920,314910,11938.0,Europe,1,,,339920,level_5,314900,level_4,both_mapped_different
Canada,322120,322220,11924.0,North_America,1,,,322120,level_5,322220,level_5,both_mapped_different
Slovenia,334310,334220,11896.0,Europe,1,,,334300,level_4,334220,level_5,both_mapped_different
Luxembourg,327910,332999,11877.0,Europe,1,,,327910,level_5,332999,exact,both_mapped_different
France,326299,313320,11869.0,Europe,1,,,326290,level_5,313300,level_4,both_mapped_different
France,316210,322121,11850.0,Europe,1,,,316000,level_3,322120,level_5,both_mapped_different
Jamaica,332215,331511,11846.0,South_America,1,,,332200,level_4,331510,level_5,both_mapped_different
Czech Republic,339113,326199,11832.0,Europe,1,,,339113,exact,326190,level_5,both_mapped_different
Netherlands,339113,316998,11828.0,Europe,1,,,339113,exact,316000,level_3,both_mapped_different
Hungary,326150,326113,11820.0,Europe,2,,,326150,level_5,326110,level_5,both_mapped_different
Finland,339940,326199,11788.0,Europe,1,,,339940,level_5,326190,level_5,both_mapped_different
Singapore,332112,332999,11784.0,Asia,1,,,33211A,exact,332999,exact,both_mapped_different
Finland,325998,325613,11748.0,Europe,1,,,3259A0,level_5,325610,level_5,both_mapped_different
Portugal,332510,335999,11745.0,Europe,1,,,332500,level_4,335999,exact,both_mapped_different
China,333120,336120,11740.0,Asia,1,,,333120,level_5,336120,level_5,both_mapped_different
Spain,313230,327212,11714.0,Europe,1,,,313200,level_4,327200,level_4,both_mapped_different
Hong Kong,326140,326113,11694.0,Asia,1,,,326140,level_5,326110,level_5,both_mapped_different
Belize,311710,114112,11673.0,South_America,2,,,311700,level_4,114000,level_3,both_mapped_different
Sri Lanka,327999,339910,11673.0,Asia,1,,,327999,exact,339910,level_5,both_mapped_different
Czech Republic,336412,336413,11648.0,Europe,1,,,336412,exact,336413,exact,both_mapped_different
Nicaragua,326299,337215,11598.0,South_America,1,,,326290,level_5,337215,exact,both_mapped_different
Haiti,327991,327390,11567.0,South_America,1,,,327991,exact,327390,level_5,both_mapped_different
Burkina Faso,339930,339910,11556.0,Africa,2,,,339930,level_5,339910,level_5,both_mapped_different
Switzerland,339994,314120,11554.0,Europe,1,,,339990,level_5,314120,level_5,both_mapped_different
Italy,322120,322230,11539.0,Europe,1,,,322120,level_5,322230,level_5,both_mapped_different
Netherlands,332999,327110,11531.0,Europe,1,,,332999,exact,327100,level_4,both_mapped_different
United Kingdom,321219,327390,11520.0,Europe,1,,,321200,level_4,327390,level_5,both_mapped_different
Mexico,325998,334413,11502.0,North_America,1,,,3259A0,level_5,334413,exact,both_mapped_different
Poland,333995,333618,11502.0,Europe,1,,,33399B,exact,333618,exact,both_mapped_different
Kenya,339113,315280,11478.0,Africa,1,,,339113,exact,315000,level_3,both_mapped_different
Burma,339113,322291,11447.0,Asia,1,,,339113,exact,322291,exact,both_mapped_different
Lithuania,327999,339910,11438.0,Europe,1,,,327999,exact,339910,level_5,both_mapped_different
Sierra Leone,326299,337215,11434.0,Africa,1,,,326290,level_5,337215,exact,both_mapped_different
Bosnia and Herzegovina,316990,339999,11433.0,Europe,1,,,316000,level_3,339990,level_5,both_mapped_different
Kenya,339113,316998,11429.0,Africa,1,,,339113,exact,316000,level_3,both_mapped_different
India,325194,325211,11374.0,Asia,1,,,325190,level_5,325211,exact,both_mapped_different
Israel,335932,327212,11374.0,Asia,1,,,335930,level_5,327200,level_4,both_mapped_different
Ireland,335932,326199,11369.0,Europe,1,,,335930,level_5,326190,level_5,both_mapped_different
Bulgaria,339999,327110,11331.0,Europe,1,,,339990,level_5,327100,level_4,both_mapped_different
New Zealand,333241,333999,11323.0,Oceana,1,,,33329A,exact,33399A,exact,both_mapped_different
China,990000,333249,11306.0,Asia,1,,,S00300,noncomparable_imports,33329A,exact,both_mapped_different
Singapore,311612,326121,11305.0,Asia,1,,,31161A,exact,326120,level_5,both_mapped_different
Malaysia,990000,325413,11304.0,Asia,1,,,S00300,noncomparable_imports,325413,exact,both_mapped_different
Peru,339930,339910,11280.0,South_America,1,,,339930,level_5,339910,level_5,both_mapped_different
Qatar,331210,331110,11250.0,Asia,1,,,331200,level_4,331110,level_4,both_mapped_different
Peru,327420,327999,11247.0,South_America,1,,,327400,level_4,327999,exact,both_mapped_different
Egypt,332996,332919,11236.0,Africa,1,,,332996,exact,33291A,exact,both_mapped_different
Cocos (Keeling) Islands,339113,337127,11200.0,Oceana,1,,,339113,exact,337127,exact,both_mapped_different
United Kingdom,333992,335999,11200.0,Europe,1,,,33399A,exact,335999,exact,both_mapped_different
France,336211,336111,11199.0,Europe,1,,,336211,exact,336111,exact,both_mapped_different
Uruguay,327991,327390,11197.0,South_America,1,,,327991,exact,327390,level_5,both_mapped_different
New Zealand,336350,335312,11179.0,Oceana,1,,,336350,level_5,335312,exact,both_mapped_different
Lithuania,336612,336611,11160.0,Europe,1,,,336612,exact,336611,exact,both_mapped_different
Luxembourg,333515,333991,11158.0,Europe,1,,,33351B,exact,333991,exact,both_mapped_different
Romania,334516,334519,11128.0,Europe,1,,,334516,exact,33451A,exact,both_mapped_different
Slovenia,334510,339113,11116.0,Europe,1,,,334510,exact,339113,exact,both_mapped_different
New Zealand,335921,327215,11111.0,Oceana,2,,,335920,level_5,327200,level_4,both_mapped_different
Austria,334419,334310,11110.0,Europe,2,,,33441A,exact,334300,level_4,both_mapped_different
Chile,326199,314120,11102.0,South_America,1,,,326190,level_5,314120,level_5,both_mapped_different
Ukraine,322230,323111,11101.0,Europe,3,,,322230,level_5,323110,level_5,both_mapped_different
Brazil,332618,331222,11093.0,South_America,1,,,332600,level_4,331200,level_4,both_mapped_different
Finland,337127,337215,11078.0,Europe,1,,,337127,exact,337215,exact,both_mapped_different
Colombia,333415,335312,11068.0,South_America,1,,,333415,exact,335312,exact,both_mapped_different
Slovakia,325411,325412,11064.0,Europe,2,,,325411,exact,325412,exact,both_mapped_different
Canada,325180,325311,11040.0,North_America,1,,,325180,level_5,325310,level_5,both_mapped_different
Namibia,336350,335312,11014.0,Africa,1,,,336350,level_5,335312,exact,both_mapped_different
Bahamas,333111,336212,11000.0,South_America,1,,,333111,exact,336212,exact,both_mapped_different
"Korea, South",333924,333120,11000.0,Asia,1,,,333920,level_5,333120,level_5,both_mapped_different
Singapore,334511,339930,11000.0,Asia,1,,,334511,exact,339930,level_5,both_mapped_different
Romania,339940,323111,10983.0,Europe,1,,,339940,level_5,323110,level_5,both_mapped_different
Egypt,333515,333991,10980.0,Africa,1,,,33351B,exact,333991,exact,both_mapped_different
Spain,321918,321999,10960.0,Europe,1,,,321910,level_5,3219A0,level_5,both_mapped_different
Sweden,335932,327212,10949.0,Europe,2,,,335930,level_5,327200,level_4,both_mapped_different
Poland,332215,331511,10934.0,Europe,1,,,332200,level_4,331510,level_5,both_mapped_different
Australia,325320,325199,10922.0,Oceana,1,,,325320,level_5,325190,level_5,both_mapped_different
"Korea, South",325998,325620,10920.0,Asia,2,,,3259A0,level_5,325620,level_5,both_mapped_different
Monaco,332996,332919,10868.0,Europe,1,,,332996,exact,33291A,exact,both_mapped_different
Australia,333992,331491,10841.0,Oceana,1,,,33399A,exact,331490,level_5,both_mapped_different
New Zealand,325180,325130,10840.0,Oceana,1,,,325180,level_5,325130,level_5,both_mapped_different
Czech Republic,325199,325998,10825.0,Europe,3,,,325190,level_5,3259A0,level_5,both_mapped_different
"Korea, South",325180,325311,10808.0,Asia,1,,,325180,level_5,325310,level_5,both_mapped_different
Norway,325199,325998,10800.0,Europe,1,,,325190,level_5,3259A0,level_5,both_mapped_different
Panama,334512,334513,10800.0,South_America,1,,,334512,exact,334513,exact,both_mapped_different
Singapore,325998,325613,10795.0,Asia,1,,,3259A0,level_5,325610,level_5,both_mapped_different
Morocco,332112,332999,10782.0,Africa,1,,,33211A,exact,332999,exact,both_mapped_different
Norway,332439,332999,10782.0,Europe,1,,,332430,level_5,332999,exact,both_mapped_different
Switzerland,325199,311224,10768.0,Europe,1,,,325190,level_5,311224,exact,both_mapped_different
Denmark,326199,314120,10758.0,Europe,1,,,326190,level_5,314120,level_5,both_mapped_different
Hong Kong,332999,327110,10748.0,Asia,1,,,332999,exact,327100,level_4,both_mapped_different
Portugal,334515,337127,10741.0,Europe,1,,,334515,exact,337127,exact,both_mapped_different
Russia,332216,332111,10704.0,Europe,1,,,332200,level_4,33211A,exact,both_mapped_different
Sweden,336612,326299,10689.0,Europe,1,,,336612,exact,326290,level_5,both_mapped_different
Germany,339113,315280,10683.0,Europe,3,,,339113,exact,315000,level_3,both_mapped_different
Gabon,336350,335312,10679.0,Africa,1,,,336350,level_5,335312,exact,both_mapped_different
Ecuador,332996,332919,10647.0,South_America,2,,,332996,exact,33291A,exact,both_mapped_different
Uzbekistan,332215,331511,10628.0,Europe,1,,,332200,level_4,331510,level_5,both_mapped_different
Sweden,331410,332999,10621.0,Europe,1,,,331410,exact,332999,exact,both_mapped_different
Belgium,322120,322130,10607.0,Europe,1,,,322120,level_5,322130,level_5,both_mapped_different
India,333992,335999,10600.0,Asia,1,,,33399A,exact,335999,exact,both_mapped_different
Taiwan,325180,325311,10600.0,Asia,1,,,325180,level_5,325310,level_5,both_mapped_different
Taiwan,322120,322230,10580.0,Asia,1,,,322120,level_5,322230,level_5,both_mapped_different
Austria,339999,313210,10576.0,Europe,1,,,339990,level_5,313200,level_4,both_mapped_different
Malaysia,339940,323111,10560.0,Asia,1,,,339940,level_5,323110,level_5,both_mapped_different
Indonesia,332112,332999,10547.0,Asia,1,,,33211A,exact,332999,exact,both_mapped_different
Portugal,332215,331511,10533.0,Europe,2,,,332200,level_4,331510,level_5,both_mapped_different
Gambia,111335,115114,10514.0,Africa,1,,,111300,level_4,115000,level_3,both_mapped_different
Croatia,322220,332999,10440.0,Europe,1,,,322220,level_5,332999,exact,both_mapped_different
Philippines,333415,335312,10431.0,Asia,1,,,333415,exact,335312,exact,both_mapped_different
Cyprus,322230,323111,10405.0,Europe,1,,,322230,level_5,323110,level_5,both_mapped_different
Belgium,327420,327999,10393.0,Europe,1,,,327400,level_4,327999,exact,both_mapped_different
Romania,335929,331318,10393.0,Europe,1,,,335920,level_5,33131B,exact,both_mapped_different
Australia,325998,334413,10391.0,Oceana,1,,,3259A0,level_5,334413,exact,both_mapped_different
Malaysia,334514,334519,10380.0,Asia,2,,,334514,exact,33451A,exact,both_mapped_different
South Africa,335220,333414,10380.0,Africa,2,,,335220,exact,333414,exact,both_mapped_different
Ireland,339113,322291,10368.0,Europe,1,,,339113,exact,322291,exact,both_mapped_different
France,327120,327992,10346.0,Europe,1,,,327100,level_4,327992,exact,both_mapped_different
Turkey,333992,331491,10322.0,Europe,1,,,33399A,exact,331490,level_5,both_mapped_different
Moldova,334510,339112,10311.0,Europe,1,,,334510,exact,339112,exact,both_mapped_different
Norway,322230,323111,10311.0,Europe,2,,,322230,level_5,323110,level_5,both_mapped_different
Seychelles,335999,335929,10309.0,Africa,1,,,335999,exact,335920,level_5,both_mapped_different
Mozambique,336350,335312,10281.0,Africa,1,,,336350,level_5,335312,exact,both_mapped_different
Turkey,332215,335220,10273.0,Europe,1,,,332200,level_4,335220,exact,both_mapped_different
Portugal,333924,336999,10264.0,Europe,1,,,333920,level_5,336999,exact,both_mapped_different
South Africa,326299,337215,10260.0,Africa,1,,,326290,level_5,337215,exact,both_mapped_different
Peru,314999,990000,10254.0,South_America,2,,,314900,level_4,S00300,noncomparable_imports,both_mapped_different
Philippines,339994,314120,10224.0,Asia,1,,,339990,level_5,314120,level_5,both_mapped_different
Indonesia,930000,336411,10200.0,Asia,1,,,S00300,noncomparable_imports,336411,exact,both_mapped_different
Ireland,333992,331491,10198.0,Europe,1,,,33399A,exact,331490,level_5,both_mapped_different
Switzerland,332215,331511,10186.0,Europe,2,,,332200,level_4,331510,level_5,both_mapped_different
Hong Kong,339999,332999,10170.0,Asia,1,,,339990,level_5,332999,exact,both_mapped_different
Guinea,334515,333999,10146.0,Africa,1,,,334515,exact,33399A,exact,both_mapped_different
New Zealand,336412,336413,10059.0,Oceana,1,,,336412,exact,336413,exact,both_mapped_different
Christmas Island,335999,335929,10055.0,Oceana,1,,,335999,exact,335920,level_5,both_mapped_different
Portugal,115210,311613,10035.0,Europe,1,,,115000,level_3,31161A,exact,both_mapped_different
Dominican Republic,212390,339910,10000.0,South_America,1,,,2123A0,level_5,339910,level_5,both_mapped_different
Ecuador,334515,337127,10000.0,South_America,1,,,334515,exact,337127,exact,both_mapped_different
Pakistan,333924,336999,10000.0,Asia,1,,,333920,level_5,336999,exact,both_mapped_different
Slovenia,313230,327212,10000.0,Europe,1,,,313200,level_4,327200,level_4,both_mapped_different
United Arab Emirates,327420,327999,10000.0,Asia,1,,,327400,level_4,327999,exact,both_mapped_different
Venezuela,335999,335929,10000.0,South_America,1,,,335999,exact,335920,level_5,both_mapped_different
Ireland,339999,327110,9986.0,Europe,1,,,339990,level_5,327100,level_4,both_mapped_different
Switzerland,322120,322230,9973.0,Europe,1,,,322120,level_5,322230,level_5,both_mapped_different
Qatar,339113,315280,9972.0,Asia,1,,,339113,exact,315000,level_3,both_mapped_different
Philippines,333514,332216,9970.0,Asia,1,,,333514,exact,332200,level_4,both_mapped_different
Croatia,316990,339999,9962.0,Europe,1,,,316000,level_3,339990,level_5,both_mapped_different
Portugal,331410,332999,9951.0,Europe,1,,,331410,exact,332999,exact,both_mapped_different
Ecuador,327991,327390,9928.0,South_America,1,,,327991,exact,327390,level_5,both_mapped_different
Ireland,336120,333120,9920.0,Europe,1,,,336120,level_5,333120,level_5,both_mapped_different
Saudi Arabia,327332,327999,9900.0,Asia,1,,,327330,level_5,327999,exact,both_mapped_different
Thailand,332215,332618,9900.0,Asia,1,,,332200,level_4,332600,level_4,both_mapped_different
Guatemala,325199,311224,9880.0,South_America,1,,,325190,level_5,311224,exact,both_mapped_different
Spain,313230,327215,9856.0,Europe,1,,,313200,level_4,327200,level_4,both_mapped_different
Japan,325199,325130,9847.0,Asia,1,,,325190,level_5,325130,level_5,both_mapped_different
Dominican Republic,332439,332999,9825.0,South_America,1,,,332430,level_5,332999,exact,both_mapped_different
Singapore,333519,331511,9811.0,Asia,1,,,33351B,exact,331510,level_5,both_mapped_different
San Marino,990000,337212,9795.0,Europe,1,,,S00300,noncomparable_imports,33721A,exact,both_mapped_different
Malaysia,334516,334519,9791.0,Asia,1,,,334516,exact,33451A,exact,both_mapped_different
Iceland,337127,337124,9760.0,Europe,1,,,337127,exact,33712N,exact,both_mapped_different
United Kingdom,332999,326299,9713.0,Europe,1,,,332999,exact,326290,level_5,both_mapped_different
Saudi Arabia,325199,325998,9700.0,Asia,1,,,325190,level_5,3259A0,level_5,both_mapped_different
Costa Rica,337215,337127,9675.0,South_America,1,,,337215,exact,337127,exact,both_mapped_different
Honduras,339113,315990,9674.0,South_America,1,,,339113,exact,315000,level_3,both_mapped_different
Tunisia,324199,325998,9669.0,Africa,1,,,324190,level_5,3259A0,level_5,both_mapped_different
Croatia,335220,332216,9648.0,Europe,1,,,335220,exact,332200,level_4,both_mapped_different
Peru,337215,337127,9638.0,South_America,1,,,337215,exact,337127,exact,both_mapped_different
Canada,990000,332216,9636.0,North_America,1,,,S00300,noncomparable_imports,332200,level_4,both_mapped_different
Belgium,332216,332111,9616.0,Europe,1,,,332200,level_4,33211A,exact,both_mapped_different
Thailand,327332,327999,9613.0,Asia,1,,,327330,level_5,327999,exact,both_mapped_different
Canada,333112,333111,9610.0,North_America,1,,,333112,exact,333111,exact,both_mapped_different
Ireland,339113,326199,9599.0,Europe,1,,,339113,exact,326190,level_5,both_mapped_different
Sierra Leone,325998,325199,9593.0,Africa,1,,,3259A0,level_5,325190,level_5,both_mapped_different
Trinidad and Tobago,325998,325613,9580.0,South_America,1,,,3259A0,level_5,325610,level_5,both_mapped_different
China,910000,325412,9572.0,Asia,1,,,S00300,noncomparable_imports,325412,exact,both_mapped_different
Ireland,326140,326113,9571.0,Europe,1,,,326140,level_5,326110,level_5,both_mapped_different
"Korea, South",325199,325613,9570.0,Asia,1,,,325190,level_5,325610,level_5,both_mapped_different
Canada,111335,115114,9563.0,North_America,1,,,111300,level_4,115000,level_3,both_mapped_different
Italy,325199,325211,9545.0,Europe,1,,,325190,level_5,325211,exact,both_mapped_different
Morocco,339113,337127,9532.0,Africa,1,,,339113,exact,337127,exact,both_mapped_different
Hong Kong,335921,327215,9513.0,Asia,1,,,335920,level_5,327200,level_4,both_mapped_different
Lebanon,325510,325998,9512.0,Asia,1,,,325510,level_5,3259A0,level_5,both_mapped_different
Germany,111335,115114,9502.0,Europe,1,,,111300,level_4,115000,level_3,both_mapped_different
Mexico,990000,336611,9500.0,North_America,1,,,S00300,noncomparable_imports,336611,exact,both_mapped_different
Singapore,336350,335312,9500.0,Asia,1,,,336350,level_5,335312,exact,both_mapped_different
Estonia,334515,333999,9494.0,Europe,1,,,334515,exact,33399A,exact,both_mapped_different
Ukraine,334419,334413,9494.0,Europe,1,,,33441A,exact,334413,exact,both_mapped_different
Slovenia,332721,333111,9484.0,Europe,1,,,332720,level_5,333111,exact,both_mapped_different
Italy,332215,332618,9440.0,Europe,1,,,332200,level_4,332600,level_4,both_mapped_different
United Arab Emirates,334514,334519,9439.0,Asia,1,,,334514,exact,33451A,exact,both_mapped_different
Australia,325992,990000,9433.0,Oceana,1,,,3259A0,level_5,S00300,noncomparable_imports,both_mapped_different
New Caledonia,336350,335312,9425.0,Oceana,1,,,336350,level_5,335312,exact,both_mapped_different
Spain,321219,327999,9417.0,Europe,1,,,321200,level_4,327999,exact,both_mapped_different
Egypt,327420,327999,9408.0,Africa,1,,,327400,level_4,327999,exact,both_mapped_different
Bulgaria,322211,322299,9405.0,Europe,1,,,322210,level_5,322299,exact,both_mapped_different
"Korea, South",327420,327999,9400.0,Asia,1,,,327400,level_4,327999,exact,both_mapped_different
Bangladesh,322211,322299,9397.0,Asia,1,,,322210,level_5,322299,exact,both_mapped_different
Switzerland,339999,332999,9345.0,Europe,1,,,339990,level_5,332999,exact,both_mapped_different
Costa Rica,339930,339910,9328.0,South_America,1,,,339930,level_5,339910,level_5,both_mapped_different
Peru,332999,327110,9297.0,South_America,1,,,332999,exact,327100,level_4,both_mapped_different
Ghana,325411,111339,9294.0,Africa,1,,,325411,exact,111300,level_4,both_mapped_different
Austria,322130,322220,9292.0,Europe,1,,,322130,level_5,322220,level_5,both_mapped_different
Ireland,322211,322299,9260.0,Europe,1,,,322210,level_5,322299,exact,both_mapped_different
Slovakia,335220,332216,9246.0,Europe,1,,,335220,exact,332200,level_4,both_mapped_different
Austria,332510,335999,9220.0,Europe,1,,,332500,level_4,335999,exact,both_mapped_different
Vietnam,339910,114119,9200.0,Asia,1,,,339910,level_5,114000,level_3,both_mapped_different
Poland,325998,325620,9192.0,Europe,1,,,3259A0,level_5,325620,level_5,both_mapped_different
China,332999,331511,9183.0,Asia,1,,,332999,exact,331510,level_5,both_mapped_different
Philippines,334515,333999,9175.0,Asia,1,,,334515,exact,33399A,exact,both_mapped_different
Hungary,331210,331110,9173.0,Europe,1,,,331200,level_4,331110,level_4,both_mapped_different
Switzerland,990000,333111,9162.0,Europe,1,,,S00300,noncomparable_imports,333111,exact,both_mapped_different
Singapore,339930,336411,9160.0,Asia,1,,,339930,level_5,336411,exact,both_mapped_different
Austria,334514,334519,9156.0,Europe,2,,,334514,exact,33451A,exact,both_mapped_different
Indonesia,990000,325413,9150.0,Asia,1,,,S00300,noncomparable_imports,325413,exact,both_mapped_different
Switzerland,910000,325199,9127.0,Europe,2,,,S00300,noncomparable_imports,325190,level_5,both_mapped_different
Saudi Arabia,333515,333991,9090.0,Asia,1,,,33351B,exact,333991,exact,both_mapped_different
Croatia,339999,327110,9072.0,Europe,2,,,339990,level_5,327100,level_4,both_mapped_different
Belgium,339112,335999,9055.0,Europe,1,,,339112,exact,335999,exact,both_mapped_different
South Africa,337215,337127,9045.0,Africa,1,,,337215,exact,337127,exact,both_mapped_different
Japan,337127,337215,9037.0,Asia,1,,,337127,exact,337215,exact,both_mapped_different
Brazil,334510,339112,9000.0,South_America,1,,,334510,exact,339112,exact,both_mapped_different
Australia,339999,335999,8978.0,Oceana,1,,,339990,level_5,335999,exact,both_mapped_different
Bermuda,325998,325199,8964.0,South_America,1,,,3259A0,level_5,325190,level_5,both_mapped_different
Israel,332215,339910,8950.0,Asia,1,,,332200,level_4,339910,level_5,both_mapped_different
Morocco,334512,334513,8943.0,Africa,2,,,334512,exact,334513,exact,both_mapped_different
France,321219,327390,8939.0,Europe,1,,,321200,level_4,327390,level_5,both_mapped_different
India,333515,332216,8921.0,Asia,1,,,33351B,exact,332200,level_4,both_mapped_different
Italy,327332,327999,8919.0,Europe,1,,,327330,level_5,327999,exact,both_mapped_different
Ireland,332510,335999,8889.0,Europe,1,,,332500,level_4,335999,exact,both_mapped_different
Germany,327991,327120,8885.0,Europe,1,,,327991,exact,327100,level_4,both_mapped_different
Czech Republic,322230,323111,8867.0,Europe,2,,,322230,level_5,323110,level_5,both_mapped_different
Israel,332112,332999,8852.0,Asia,1,,,33211A,exact,332999,exact,both_mapped_different
Sri Lanka,327420,327999,8846.0,Asia,1,,,327400,level_4,327999,exact,both_mapped_different
United Arab Emirates,313230,327215,8841.0,Asia,1,,,313200,level_4,327200,level_4,both_mapped_different
Australia,325998,325620,8835.0,Oceana,1,,,3259A0,level_5,325620,level_5,both_mapped_different
Croatia,333514,332216,8834.0,Europe,1,,,333514,exact,332200,level_4,both_mapped_different
Portugal,326199,314120,8802.0,Europe,1,,,326190,level_5,314120,level_5,both_mapped_different
New Zealand,334515,333999,8800.0,Oceana,1,,,334515,exact,33399A,exact,both_mapped_different
Hungary,332991,332722,8793.0,Europe,1,,,332991,exact,332720,level_5,both_mapped_different
Belgium,334510,339113,8788.0,Europe,1,,,334510,exact,339113,exact,both_mapped_different
Monaco,334510,339113,8765.0,Europe,1,,,334510,exact,339113,exact,both_mapped_different
Lithuania,333241,333111,8732.0,Europe,1,,,33329A,exact,333111,exact,both_mapped_different
"Korea, South",311612,326121,8708.0,Asia,2,,,31161A,exact,326120,level_5,both_mapped_different
Tunisia,336330,333111,8705.0,Africa,1,,,3363A0,level_5,333111,exact,both_mapped_different
Belgium,332215,339910,8694.0,Europe,2,,,332200,level_4,339910,level_5,both_mapped_different
France,990000,315990,8688.0,Europe,1,,,S00300,noncomparable_imports,315000,level_3,both_mapped_different
Colombia,324199,325998,8686.0,South_America,1,,,324190,level_5,3259A0,level_5,both_mapped_different
"Korea, South",311999,114119,8659.0,Asia,2,,,311990,level_5,114000,level_3,both_mapped_different
Trinidad and Tobago,325199,325998,8633.0,South_America,3,,,325190,level_5,3259A0,level_5,both_mapped_different
Philippines,325998,325613,8631.0,Asia,1,,,3259A0,level_5,325610,level_5,both_mapped_different
India,325992,325199,8600.0,Asia,1,,,3259A0,level_5,325190,level_5,both_mapped_different
Slovenia,335929,331318,8565.0,Europe,1,,,335920,level_5,33131B,exact,both_mapped_different
Mexico,331491,332999,8564.0,North_America,1,,,331490,level_5,332999,exact,both_mapped_different
Pakistan,332420,332439,8556.0,Asia,1,,,332420,level_5,332430,level_5,both_mapped_different
Saudi Arabia,335929,331318,8530.0,Asia,1,,,335920,level_5,33131B,exact,both_mapped_different
Tunisia,332721,333111,8528.0,Africa,1,,,332720,level_5,333111,exact,both_mapped_different
Germany,339113,315990,8526.0,Europe,1,,,339113,exact,315000,level_3,both_mapped_different
Hong Kong,334515,337127,8514.0,Asia,1,,,334515,exact,337127,exact,both_mapped_different
Hungary,337127,337215,8481.0,Europe,1,,,337127,exact,337215,exact,both_mapped_different
Portugal,332112,332999,8480.0,Europe,1,,,33211A,exact,332999,exact,both_mapped_different
Bangladesh,311421,311411,8471.0,Asia,1,,,311420,level_5,311410,level_5,both_mapped_different
Denmark,325180,325130,8471.0,Europe,1,,,325180,level_5,325130,level_5,both_mapped_different
New Zealand,324191,325613,8451.0,Oceana,2,,,324190,level_5,325610,level_5,both_mapped_different
Cambodia,335932,326199,8430.0,Asia,1,,,335930,level_5,326190,level_5,both_mapped_different
South Africa,326140,326113,8400.0,Africa,1,,,326140,level_5,326110,level_5,both_mapped_different
Hungary,339999,327110,8395.0,Europe,1,,,339990,level_5,327100,level_4,both_mapped_different
Greece,322120,322130,8379.0,Europe,1,,,322120,level_5,322130,level_5,both_mapped_different
Peru,334111,334118,8365.0,South_America,1,,,334111,exact,334118,exact,both_mapped_different
Australia,334413,335999,8359.0,Oceana,1,,,334413,exact,335999,exact,both_mapped_different
Mexico,326299,313320,8359.0,North_America,1,,,326290,level_5,313300,level_4,both_mapped_different
Portugal,332215,332999,8339.0,Europe,1,,,332200,level_4,332999,exact,both_mapped_different
Kenya,327991,327390,8321.0,Africa,1,,,327991,exact,327390,level_5,both_mapped_different
Indonesia,339113,316998,8318.0,Asia,1,,,339113,exact,316000,level_3,both_mapped_different
Guyana,335999,335929,8310.0,South_America,1,,,335999,exact,335920,level_5,both_mapped_different
Iceland,333415,335312,8302.0,Europe,1,,,333415,exact,335312,exact,both_mapped_different
Norway,339940,326199,8294.0,Europe,1,,,339940,level_5,326190,level_5,both_mapped_different
Taiwan,339999,313210,8280.0,Asia,1,,,339990,level_5,313200,level_4,both_mapped_different
New Zealand,332216,332111,8263.0,Oceana,1,,,332200,level_4,33211A,exact,both_mapped_different
Egypt,339994,314120,8262.0,Africa,1,,,339990,level_5,314120,level_5,both_mapped_different
Japan,325412,312111,8253.0,Asia,1,,,325412,exact,312110,level_5,both_mapped_different
Denmark,339920,314910,8249.0,Europe,1,,,339920,level_5,314900,level_4,both_mapped_different
Finland,311612,326121,8242.0,Europe,1,,,31161A,exact,326120,level_5,both_mapped_different
Serbia,336350,335312,8242.0,Europe,1,,,336350,level_5,335312,exact,both_mapped_different
Dominican Republic,990000,333111,8232.0,South_America,1,,,S00300,noncomparable_imports,333111,exact,both_mapped_different
Sweden,325998,325620,8198.0,Europe,2,,,3259A0,level_5,325620,level_5,both_mapped_different
Hungary,333241,333111,8189.0,Europe,1,,,33329A,exact,333111,exact,both_mapped_different
Ethiopia,327999,339910,8170.0,Africa,1,,,327999,exact,339910,level_5,both_mapped_different
Poland,339994,314120,8117.0,Europe,1,,,339990,level_5,314120,level_5,both_mapped_different
Uruguay,334510,339112,8109.0,South_America,1,,,334510,exact,339112,exact,both_mapped_different
Nepal,322230,323111,8101.0,Asia,1,,,322230,level_5,323110,level_5,both_mapped_different
Armenia,332215,335220,8100.0,Europe,1,,,332200,level_4,335220,exact,both_mapped_different
Thailand,332721,333111,8100.0,Asia,1,,,332720,level_5,333111,exact,both_mapped_different
Indonesia,331420,332999,8096.0,Asia,1,,,331420,level_5,332999,exact,both_mapped_different
Brazil,332216,332111,8095.0,South_America,1,,,332200,level_4,33211A,exact,both_mapped_different
Kenya,325411,111339,8090.0,Africa,1,,,325411,exact,111300,level_4,both_mapped_different
Ukraine,311421,311411,8085.0,Europe,1,,,311420,level_5,311410,level_5,both_mapped_different
India,339999,339114,8075.0,Asia,1,,,339990,level_5,339114,exact,both_mapped_different
Belarus,326299,337215,8026.0,Europe,1,,,326290,level_5,337215,exact,both_mapped_different
Sri Lanka,990000,337212,8014.0,Asia,1,,,S00300,noncomparable_imports,33721A,exact,both_mapped_different
Estonia,930000,333517,8000.0,Europe,1,,,S00300,noncomparable_imports,333517,exact,both_mapped_different
Mongolia,334515,337127,8000.0,Asia,1,,,334515,exact,337127,exact,both_mapped_different
Uruguay,115210,311613,8000.0,South_America,1,,,115000,level_3,31161A,exact,both_mapped_different
Dominican Republic,333515,333991,7986.0,South_America,1,,,33351B,exact,333991,exact,both_mapped_different
Thailand,327910,332999,7975.0,Asia,1,,,327910,level_5,332999,exact,both_mapped_different
Singapore,334514,334519,7971.0,Asia,1,,,334514,exact,33451A,exact,both_mapped_different
Costa Rica,333514,332216,7946.0,South_America,1,,,333514,exact,332200,level_4,both_mapped_different
Colombia,327212,327993,7942.0,South_America,1,,,327200,level_4,327993,exact,both_mapped_different
Ireland,327991,327390,7937.0,Europe,1,,,327991,exact,327390,level_5,both_mapped_different
Pakistan,332991,332722,7930.0,Asia,1,,,332991,exact,332720,level_5,both_mapped_different
Vietnam,334515,337127,7930.0,Asia,1,,,334515,exact,337127,exact,both_mapped_different
Poland,327420,327999,7925.0,Europe,1,,,327400,level_4,327999,exact,both_mapped_different
Slovakia,339999,327110,7920.0,Europe,1,,,339990,level_5,327100,level_4,both_mapped_different
Canada,990000,336611,7904.0,North_America,1,,,S00300,noncomparable_imports,336611,exact,both_mapped_different
Greece,339113,316998,7891.0,Europe,1,,,339113,exact,316000,level_3,both_mapped_different
Slovenia,335312,334419,7882.0,Europe,1,,,335312,exact,33441A,exact,both_mapped_different
United Arab Emirates,333515,333517,7880.0,Asia,1,,,33351B,exact,333517,exact,both_mapped_different
Finland,326150,326113,7853.0,Europe,2,,,326150,level_5,326110,level_5,both_mapped_different
Thailand,321912,113310,7851.0,Asia,1,,,321910,level_5,113000,level_3,both_mapped_different
Chile,334512,334513,7850.0,South_America,1,,,334512,exact,334513,exact,both_mapped_different
Serbia,334310,334220,7821.0,Europe,1,,,334300,level_4,334220,level_5,both_mapped_different
Pakistan,337215,337127,7816.0,Asia,1,,,337215,exact,337127,exact,both_mapped_different
Philippines,332111,332999,7815.0,Asia,1,,,33211A,exact,332999,exact,both_mapped_different
Brazil,331491,332999,7804.0,South_America,1,,,331490,level_5,332999,exact,both_mapped_different
Belgium,334511,339930,7800.0,Europe,1,,,334511,exact,339930,level_5,both_mapped_different
Laos,335921,327215,7800.0,Asia,1,,,335920,level_5,327200,level_4,both_mapped_different
Colombia,313210,327993,7797.0,South_America,1,,,313200,level_4,327993,exact,both_mapped_different
Ireland,327999,339910,7797.0,Europe,1,,,327999,exact,339910,level_5,both_mapped_different
United Kingdom,336120,333120,7792.0,Europe,1,,,336120,level_5,333120,level_5,both_mapped_different
Bangladesh,322120,322230,7791.0,Asia,1,,,322120,level_5,322230,level_5,both_mapped_different
Sweden,326199,314120,7772.0,Europe,2,,,326190,level_5,314120,level_5,both_mapped_different
Ukraine,332439,332999,7752.0,Europe,1,,,332430,level_5,332999,exact,both_mapped_different
Australia,332215,331511,7747.0,Oceana,1,,,332200,level_4,331510,level_5,both_mapped_different
Peru,334516,334519,7736.0,South_America,1,,,334516,exact,33451A,exact,both_mapped_different
Jordan,325998,325199,7734.0,Asia,2,,,3259A0,level_5,325190,level_5,both_mapped_different
Spain,333992,331491,7733.0,Europe,1,,,33399A,exact,331490,level_5,both_mapped_different
Syria,332215,332999,7726.0,Asia,2,,,332200,level_4,332999,exact,both_mapped_different
Yemen,335220,333414,7700.0,Asia,1,,,335220,exact,333414,exact,both_mapped_different
Cambodia,339113,322291,7662.0,Asia,1,,,339113,exact,322291,exact,both_mapped_different
Netherlands,322120,322299,7650.0,Europe,1,,,322120,level_5,322299,exact,both_mapped_different
Argentina,334515,337127,7631.0,South_America,1,,,334515,exact,337127,exact,both_mapped_different
Spain,335921,327215,7620.0,Europe,2,,,335920,level_5,327200,level_4,both_mapped_different
Slovenia,325199,311224,7604.0,Europe,1,,,325190,level_5,311224,exact,both_mapped_different
Cyprus,333995,333618,7600.0,Europe,1,,,33399B,exact,333618,exact,both_mapped_different
Sweden,339994,314120,7600.0,Europe,1,,,339990,level_5,314120,level_5,both_mapped_different
Sweden,335929,331318,7597.0,Europe,1,,,335920,level_5,33131B,exact,both_mapped_different
Latvia,339999,327110,7592.0,Europe,1,,,339990,level_5,327100,level_4,both_mapped_different
Brazil,337127,337215,7586.0,South_America,1,,,337127,exact,337215,exact,both_mapped_different
Guinea,335312,334419,7586.0,Africa,1,,,335312,exact,33441A,exact,both_mapped_different
China,316990,334519,7584.0,Asia,1,,,316000,level_3,33451A,exact,both_mapped_different
Serbia,332991,332722,7561.0,Europe,1,,,332991,exact,332720,level_5,both_mapped_different
Montenegro,326299,337215,7549.0,Europe,1,,,326290,level_5,337215,exact,both_mapped_different
Taiwan,327999,339910,7545.0,Asia,1,,,327999,exact,339910,level_5,both_mapped_different
Nepal,332439,332999,7537.0,Asia,1,,,332430,level_5,332999,exact,both_mapped_different
Latvia,335932,327212,7532.0,Europe,1,,,335930,level_5,327200,level_4,both_mapped_different
Italy,333996,333618,7521.0,Europe,1,,,33399B,exact,333618,exact,both_mapped_different
Burma,311710,114112,7500.0,Asia,1,,,311700,level_4,114000,level_3,both_mapped_different
Kosovo,337215,337127,7500.0,Europe,1,,,337215,exact,337127,exact,both_mapped_different
Sweden,327991,327120,7500.0,Europe,1,,,327991,exact,327100,level_4,both_mapped_different
Ecuador,339113,337127,7474.0,South_America,1,,,339113,exact,337127,exact,both_mapped_different
Micronesia,327991,327390,7467.0,Oceana,1,,,327991,exact,327390,level_5,both_mapped_different
Norway,311612,326121,7460.0,Europe,1,,,31161A,exact,326120,level_5,both_mapped_different
Greece,990000,315990,7458.0,Europe,1,,,S00300,noncomparable_imports,315000,level_3,both_mapped_different
Saudi Arabia,327212,327993,7450.0,Asia,1,,,327200,level_4,327993,exact,both_mapped_different
Uganda,339999,321999,7448.0,Africa,1,,,339990,level_5,3219A0,level_5,both_mapped_different
Austria,335929,331318,7442.0,Europe,1,,,335920,level_5,33131B,exact,both_mapped_different
Latvia,322230,323111,7441.0,Europe,1,,,322230,level_5,323110,level_5,both_mapped_different
Mexico,313210,314999,7419.0,North_America,1,,,313200,level_4,314900,level_4,both_mapped_different
Dominican Republic,316210,322121,7416.0,South_America,1,,,316000,level_3,322120,level_5,both_mapped_different
Montserrat,326299,337215,7404.0,South_America,1,,,326290,level_5,337215,exact,both_mapped_different
Argentina,322230,323111,7400.0,South_America,1,,,322230,level_5,323110,level_5,both_mapped_different
Lebanon,333241,333999,7400.0,Asia,1,,,33329A,exact,33399A,exact,both_mapped_different
Romania,324191,325613,7387.0,Europe,1,,,324190,level_5,325610,level_5,both_mapped_different
Netherlands,325199,325130,7384.0,Europe,1,,,325190,level_5,325130,level_5,both_mapped_different
Switzerland,339113,322291,7384.0,Europe,1,,,339113,exact,322291,exact,both_mapped_different
Turkey,321219,327390,7350.0,Europe,1,,,321200,level_4,327390,level_5,both_mapped_different
Australia,332510,335999,7348.0,Oceana,1,,,332500,level_4,335999,exact,both_mapped_different
Finland,313230,327215,7340.0,Europe,1,,,313200,level_4,327200,level_4,both_mapped_different
Greece,326150,326113,7340.0,Europe,1,,,326150,level_5,326110,level_5,both_mapped_different
Philippines,325411,111339,7339.0,Asia,1,,,325411,exact,111300,level_4,both_mapped_different
Belgium,339999,313210,7336.0,Europe,1,,,339990,level_5,313200,level_4,both_mapped_different
Madagascar,327991,327390,7316.0,Africa,1,,,327991,exact,327390,level_5,both_mapped_different
Namibia,327999,339910,7305.0,Africa,1,,,327999,exact,339910,level_5,both_mapped_different
Kazakhstan,316210,322121,7304.0,Europe,1,,,316000,level_3,322120,level_5,both_mapped_different
Macedonia,332420,332439,7290.0,Europe,1,,,332420,level_5,332430,level_5,both_mapped_different
Ireland,325180,325130,7287.0,Europe,1,,,325180,level_5,325130,level_5,both_mapped_different
Jordan,325998,325620,7280.0,Asia,1,,,3259A0,level_5,325620,level_5,both_mapped_different
Australia,334511,339930,7277.0,Oceana,1,,,334511,exact,339930,level_5,both_mapped_different
Mexico,314999,990000,7266.0,North_America,3,,,314900,level_4,S00300,noncomparable_imports,both_mapped_different
Lebanon,990000,337212,7250.0,Asia,1,,,S00300,noncomparable_imports,33721A,exact,both_mapped_different
Singapore,339113,339112,7245.0,Asia,1,,,339113,exact,339112,exact,both_mapped_different
Slovenia,331420,332999,7237.0,Europe,1,,,331420,level_5,332999,exact,both_mapped_different
Portugal,335932,326199,7231.0,Europe,1,,,335930,level_5,326190,level_5,both_mapped_different
Guatemala,332215,331511,7213.0,South_America,1,,,332200,level_4,331510,level_5,both_mapped_different
India,990000,332216,7201.0,Asia,1,,,S00300,noncomparable_imports,332200,level_4,both_mapped_different
Greece,311710,114112,7200.0,Europe,1,,,311700,level_4,114000,level_3,both_mapped_different
Sri Lanka,326199,314120,7200.0,Asia,1,,,326190,level_5,314120,level_5,both_mapped_different
Turkey,325998,334413,7200.0,Europe,1,,,3259A0,level_5,334413,exact,both_mapped_different
Taiwan,325199,325211,7188.0,Asia,1,,,325190,level_5,325211,exact,both_mapped_different
Russia,322220,332999,7183.0,Europe,1,,,322220,level_5,332999,exact,both_mapped_different
Bulgaria,326150,326113,7177.0,Europe,1,,,326150,level_5,326110,level_5,both_mapped_different
Dominican Republic,325620,325611,7174.0,South_America,1,,,325620,level_5,325610,level_5,both_mapped_different
"Korea, South",334516,334519,7168.0,Asia,1,,,334516,exact,33451A,exact,both_mapped_different
Japan,332215,335220,7150.0,Asia,2,,,332200,level_4,335220,exact,both_mapped_different
Norway,334419,334310,7148.0,Europe,1,,,33441A,exact,334300,level_4,both_mapped_different
Spain,339940,323111,7121.0,Europe,1,,,339940,level_5,323110,level_5,both_mapped_different
Lithuania,339113,314120,7116.0,Europe,1,,,339113,exact,314120,level_5,both_mapped_different
Portugal,316210,322121,7108.0,Europe,1,,,316000,level_3,322120,level_5,both_mapped_different
Hong Kong,332215,332999,7105.0,Asia,1,,,332200,level_4,332999,exact,both_mapped_different
Russia,332996,332919,7092.0,Europe,1,,,332996,exact,33291A,exact,both_mapped_different
Spain,333415,335312,7090.0,Europe,1,,,333415,exact,335312,exact,both_mapped_different
Mexico,333241,333999,7079.0,North_America,1,,,33329A,exact,33399A,exact,both_mapped_different
United Kingdom,333519,331513,7040.0,Europe,1,,,33351B,exact,331510,level_5,both_mapped_different
Belgium,331410,332999,7039.0,Europe,1,,,331410,exact,332999,exact,both_mapped_different
United Kingdom,990000,315190,7022.0,Europe,1,,,S00300,noncomparable_imports,315000,level_3,both_mapped_different
Cyprus,334512,334513,7000.0,Europe,1,,,334512,exact,334513,exact,both_mapped_different
Luxembourg,325180,325130,6979.0,Europe,1,,,325180,level_5,325130,level_5,both_mapped_different
Thailand,212390,339910,6973.0,Asia,2,,,2123A0,level_5,339910,level_5,both_mapped_different
Honduras,334310,334220,6968.0,South_America,1,,,334300,level_4,334220,level_5,both_mapped_different
Bulgaria,333613,336310,6967.0,Europe,2,,,333613,exact,336310,level_5,both_mapped_different
France,339940,323111,6967.0,Europe,1,,,339940,level_5,323110,level_5,both_mapped_different
Ukraine,314999,990000,6962.0,Europe,1,,,314900,level_4,S00300,noncomparable_imports,both_mapped_different
Slovakia,325211,910000,6939.0,Europe,2,,,325211,exact,S00300,noncomparable_imports,both_mapped_different
Cyprus,339940,326199,6931.0,Europe,1,,,339940,level_5,326190,level_5,both_mapped_different
Latvia,333515,333991,6915.0,Europe,1,,,33351B,exact,333991,exact,both_mapped_different
Hong Kong,332215,331511,6905.0,Asia,2,,,332200,level_4,331510,level_5,both_mapped_different
Brazil,311612,326121,6904.0,South_America,2,,,31161A,exact,326120,level_5,both_mapped_different
Lithuania,327420,327999,6902.0,Europe,1,,,327400,level_4,327999,exact,both_mapped_different
South Africa,334515,337127,6900.0,Africa,1,,,334515,exact,337127,exact,both_mapped_different
India,990000,339999,6889.0,Asia,1,,,S00300,noncomparable_imports,339990,level_5,both_mapped_different
Kosovo,325411,111339,6888.0,Europe,1,,,325411,exact,111300,level_4,both_mapped_different
Slovenia,333514,332216,6883.0,Europe,1,,,333514,exact,332200,level_4,both_mapped_different
Slovakia,339930,339910,6874.0,Europe,1,,,339930,level_5,339910,level_5,both_mapped_different
Netherlands,332618,331222,6838.0,Europe,1,,,332600,level_4,331200,level_4,both_mapped_different
Sierra Leone,332996,332919,6834.0,Africa,2,,,332996,exact,33291A,exact,both_mapped_different
Portugal,332215,339910,6825.0,Europe,1,,,332200,level_4,339910,level_5,both_mapped_different
Afghanistan,111335,115114,6824.0,Asia,1,,,111300,level_4,115000,level_3,both_mapped_different
Solomon Islands,335999,335929,6823.0,Oceana,1,,,335999,exact,335920,level_5,both_mapped_different
Belgium,339999,326199,6814.0,Europe,1,,,339990,level_5,326190,level_5,both_mapped_different
Sweden,322220,332999,6810.0,Europe,1,,,322220,level_5,332999,exact,both_mapped_different
India,327120,327992,6802.0,Asia,1,,,327100,level_4,327992,exact,both_mapped_different
Portugal,334419,333314,6757.0,Europe,1,,,33441A,exact,333314,exact,both_mapped_different
Peru,335929,331318,6752.0,South_America,1,,,335920,level_5,33131B,exact,both_mapped_different
Vietnam,324191,325613,6746.0,Asia,2,,,324190,level_5,325610,level_5,both_mapped_different
Ecuador,334512,334513,6730.0,South_America,2,,,334512,exact,334513,exact,both_mapped_different
Israel,339113,326199,6729.0,Asia,2,,,339113,exact,326190,level_5,both_mapped_different
Russia,325998,325613,6720.0,Europe,1,,,3259A0,level_5,325610,level_5,both_mapped_different
Sweden,311612,326121,6720.0,Europe,1,,,31161A,exact,326120,level_5,both_mapped_different
Slovenia,336612,336611,6702.0,Europe,1,,,336612,exact,336611,exact,both_mapped_different
Vanuatu,337127,337124,6675.0,Oceana,1,,,337127,exact,33712N,exact,both_mapped_different
Burma,334310,334220,6656.0,Asia,1,,,334300,level_4,334220,level_5,both_mapped_different
Brazil,339920,339992,6647.0,South_America,2,,,339920,level_5,339990,level_5,both_mapped_different
Pakistan,326299,313320,6641.0,Asia,1,,,326290,level_5,313300,level_4,both_mapped_different
United Arab Emirates,313210,327993,6621.0,Asia,1,,,313200,level_4,327993,exact,both_mapped_different
Ireland,930000,333519,6620.0,Europe,1,,,S00300,noncomparable_imports,33351B,exact,both_mapped_different
Namibia,321999,113310,6614.0,Africa,1,,,3219A0,level_5,113000,level_3,both_mapped_different
Thailand,990000,333249,6609.0,Asia,1,,,S00300,noncomparable_imports,33329A,exact,both_mapped_different
Dominican Republic,325199,311224,6590.0,South_America,1,,,325190,level_5,311224,exact,both_mapped_different
Norway,335921,327215,6584.0,Europe,1,,,335920,level_5,327200,level_4,both_mapped_different
Jamaica,339930,339910,6575.0,South_America,1,,,339930,level_5,339910,level_5,both_mapped_different
Costa Rica,334419,333314,6570.0,South_America,1,,,33441A,exact,333314,exact,both_mapped_different
Costa Rica,339113,337127,6568.0,South_America,1,,,339113,exact,337127,exact,both_mapped_different
Ecuador,314999,990000,6559.0,South_America,2,,,314900,level_4,S00300,noncomparable_imports,both_mapped_different
Belgium,930000,333519,6556.0,Europe,1,,,S00300,noncomparable_imports,33351B,exact,both_mapped_different
Greece,333111,333241,6541.0,Europe,1,,,333111,exact,33329A,exact,both_mapped_different
Sweden,339999,335999,6536.0,Europe,1,,,339990,level_5,335999,exact,both_mapped_different
Slovenia,339930,339910,6522.0,Europe,1,,,339930,level_5,339910,level_5,both_mapped_different
Gabon,325998,325199,6500.0,Africa,1,,,3259A0,level_5,325190,level_5,both_mapped_different
Guyana,334419,334310,6500.0,South_America,1,,,33441A,exact,334300,level_4,both_mapped_different
Hungary,333995,333618,6500.0,Europe,1,,,33399B,exact,333618,exact,both_mapped_different
Tanzania,322230,323111,6500.0,Africa,1,,,322230,level_5,323110,level_5,both_mapped_different
Belgium,323111,323120,6480.0,Europe,1,,,323110,level_5,323120,level_5,both_mapped_different
Japan,333511,333249,6476.0,Asia,1,,,333511,exact,33329A,exact,both_mapped_different
Czech Republic,334419,334310,6461.0,Europe,1,,,33441A,exact,334300,level_4,both_mapped_different
Philippines,322211,322299,6460.0,Asia,1,,,322210,level_5,322299,exact,both_mapped_different
Israel,313210,327993,6441.0,Asia,1,,,313200,level_4,327993,exact,both_mapped_different
Austria,333992,331491,6440.0,Europe,1,,,33399A,exact,331490,level_5,both_mapped_different
Cameroon,325411,111339,6429.0,Africa,1,,,325411,exact,111300,level_4,both_mapped_different
Bangladesh,990000,315190,6428.0,Asia,1,,,S00300,noncomparable_imports,315000,level_3,both_mapped_different
Latvia,311421,311411,6425.0,Europe,1,,,311420,level_5,311410,level_5,both_mapped_different
United Kingdom,321219,327999,6423.0,Europe,1,,,321200,level_4,327999,exact,both_mapped_different
Sweden,325998,325411,6403.0,Europe,1,,,3259A0,level_5,325411,exact,both_mapped_different
Thailand,314999,112990,6398.0,Asia,1,,,314900,level_4,112A00,level_4,both_mapped_different
South Africa,332420,332439,6388.0,Africa,1,,,332420,level_5,332430,level_5,both_mapped_different
Saudi Arabia,333613,336310,6383.0,Asia,1,,,333613,exact,336310,level_5,both_mapped_different
Slovenia,336350,335312,6368.0,Europe,1,,,336350,level_5,335312,exact,both_mapped_different
Australia,327910,332999,6354.0,Oceana,1,,,327910,level_5,332999,exact,both_mapped_different
San Marino,333924,336999,6350.0,Europe,1,,,333920,level_5,336999,exact,both_mapped_different
Denmark,332510,335999,6338.0,Europe,1,,,332500,level_4,335999,exact,both_mapped_different
Serbia,325998,325613,6336.0,Europe,1,,,3259A0,level_5,325610,level_5,both_mapped_different
Singapore,333241,333111,6336.0,Asia,1,,,33329A,exact,333111,exact,both_mapped_different
Croatia,339113,322291,6332.0,Europe,2,,,339113,exact,322291,exact,both_mapped_different
Iceland,327999,339910,6325.0,Europe,1,,,327999,exact,339910,level_5,both_mapped_different
Belgium,332112,332999,6323.0,Europe,1,,,33211A,exact,332999,exact,both_mapped_different
Vietnam,336612,326299,6321.0,Asia,1,,,336612,exact,326290,level_5,both_mapped_different
Romania,336330,333111,6308.0,Europe,1,,,3363A0,level_5,333111,exact,both_mapped_different
Dominican Republic,332618,331222,6272.0,South_America,1,,,332600,level_4,331200,level_4,both_mapped_different
Dominican Republic,331110,910000,6270.0,South_America,1,,,331110,level_4,S00300,noncomparable_imports,both_mapped_different
Italy,325412,312111,6270.0,Europe,1,,,325412,exact,312110,level_5,both_mapped_different
Germany,910000,325412,6240.0,Europe,1,,,S00300,noncomparable_imports,325412,exact,both_mapped_different
Slovenia,339940,326199,6239.0,Europe,1,,,339940,level_5,326190,level_5,both_mapped_different
Cyprus,335999,335929,6228.0,Europe,1,,,335999,exact,335920,level_5,both_mapped_different
Netherlands,990000,339999,6215.0,Europe,1,,,S00300,noncomparable_imports,339990,level_5,both_mapped_different
Lebanon,322299,322121,6192.0,Asia,1,,,322299,exact,322120,level_5,both_mapped_different
Guatemala,326299,337215,6188.0,South_America,1,,,326290,level_5,337215,exact,both_mapped_different
Finland,339930,339910,6186.0,Europe,1,,,339930,level_5,339910,level_5,both_mapped_different
Czech Republic,333241,333999,6175.0,Europe,1,,,33329A,exact,33399A,exact,both_mapped_different
Malaysia,327212,327993,6169.0,Asia,1,,,327200,level_4,327993,exact,both_mapped_different
Indonesia,325199,325130,6165.0,Asia,1,,,325190,level_5,325130,level_5,both_mapped_different
Italy,333111,336212,6163.0,Europe,1,,,333111,exact,336212,exact,both_mapped_different
Greece,335220,332216,6156.0,Europe,2,,,335220,exact,332200,level_4,both_mapped_different
South Africa,334510,339113,6155.0,Africa,1,,,334510,exact,339113,exact,both_mapped_different
Romania,333515,333991,6152.0,Europe,1,,,33351B,exact,333991,exact,both_mapped_different
Cayman Islands,334310,334220,6132.0,South_America,1,,,334300,level_4,334220,level_5,both_mapped_different
Cameroon,336390,336214,6131.0,Africa,1,,,336390,level_5,336214,exact,both_mapped_different
Belgium,334419,334310,6118.0,Europe,1,,,33441A,exact,334300,level_4,both_mapped_different
Sweden,339930,336411,6100.0,Europe,1,,,339930,level_5,336411,exact,both_mapped_different
Austria,325620,325611,6087.0,Europe,1,,,325620,level_5,325610,level_5,both_mapped_different
Singapore,334419,334310,6076.0,Asia,2,,,33441A,exact,334300,level_4,both_mapped_different
Serbia,327991,327390,6075.0,Europe,1,,,327991,exact,327390,level_5,both_mapped_different
Dominican Republic,332216,332111,6070.0,South_America,1,,,332200,level_4,33211A,exact,both_mapped_different
Italy,311999,111998,6062.0,Europe,1,,,311990,level_5,111900,level_4,both_mapped_different
Indonesia,336390,336214,6056.0,Asia,1,,,336390,level_5,336214,exact,both_mapped_different
Norway,339999,313210,6052.0,Europe,1,,,339990,level_5,313200,level_4,both_mapped_different
South Africa,339930,336411,6052.0,Africa,1,,,339930,level_5,336411,exact,both_mapped_different
Turkey,321912,113310,6040.0,Europe,1,,,321910,level_5,113000,level_3,both_mapped_different
Tunisia,332996,332919,6020.0,Africa,1,,,332996,exact,33291A,exact,both_mapped_different
British Virgin Islands,335312,334419,6000.0,South_America,1,,,335312,exact,33441A,exact,both_mapped_different
Denmark,990000,336611,6000.0,Europe,1,,,S00300,noncomparable_imports,336611,exact,both_mapped_different
India,113210,111998,6000.0,Asia,1,,,113000,level_3,111900,level_4,both_mapped_different
Jordan,339999,339114,6000.0,Asia,1,,,339990,level_5,339114,exact,both_mapped_different
Mexico,332215,339910,6000.0,North_America,1,,,332200,level_4,339910,level_5,both_mapped_different
Panama,333515,333991,6000.0,South_America,1,,,33351B,exact,333991,exact,both_mapped_different
Philippines,316210,322121,6000.0,Asia,1,,,316000,level_3,322120,level_5,both_mapped_different
Qatar,335999,335929,6000.0,Asia,1,,,335999,exact,335920,level_5,both_mapped_different
Serbia,332111,332999,6000.0,Europe,1,,,33211A,exact,332999,exact,both_mapped_different
United Kingdom,990000,336611,5997.0,Europe,1,,,S00300,noncomparable_imports,336611,exact,both_mapped_different
Philippines,339112,335999,5980.0,Asia,1,,,339112,exact,335999,exact,both_mapped_different
Poland,322299,322121,5971.0,Europe,1,,,322299,exact,322120,level_5,both_mapped_different
India,325998,334413,5970.0,Asia,1,,,3259A0,level_5,334413,exact,both_mapped_different
Cameroon,335999,335929,5968.0,Africa,2,,,335999,exact,335920,level_5,both_mapped_different
"Korea, South",327390,327999,5943.0,Asia,1,,,327390,level_5,327999,exact,both_mapped_different
Burkina Faso,335999,335929,5942.0,Africa,1,,,335999,exact,335920,level_5,both_mapped_different
Singapore,339113,322291,5942.0,Asia,1,,,339113,exact,322291,exact,both_mapped_different
Fiji,325199,311224,5940.0,Oceana,1,,,325190,level_5,311224,exact,both_mapped_different
France,331420,332999,5916.0,Europe,2,,,331420,level_5,332999,exact,both_mapped_different
El Salvador,326299,337215,5915.0,South_America,1,,,326290,level_5,337215,exact,both_mapped_different
India,334510,335999,5914.0,Asia,1,,,334510,exact,335999,exact,both_mapped_different
Wallis and Futuna,333514,332216,5904.0,Oceana,1,,,333514,exact,332200,level_4,both_mapped_different
Greece,311612,326121,5901.0,Europe,1,,,31161A,exact,326120,level_5,both_mapped_different
Colombia,321912,113310,5900.0,South_America,1,,,321910,level_5,113000,level_3,both_mapped_different
Chile,335220,333414,5890.0,South_America,2,,,335220,exact,333414,exact,both_mapped_different
Ukraine,332215,331511,5886.0,Europe,1,,,332200,level_4,331510,level_5,both_mapped_different
Poland,333992,331491,5883.0,Europe,1,,,33399A,exact,331490,level_5,both_mapped_different
France,333996,333914,5878.0,Europe,1,,,33399B,exact,333914,exact,both_mapped_different
Spain,332999,327110,5869.0,Europe,1,,,332999,exact,327100,level_4,both_mapped_different
Switzerland,335220,333414,5868.0,Europe,1,,,335220,exact,333414,exact,both_mapped_different
Israel,332215,332999,5850.0,Asia,1,,,332200,level_4,332999,exact,both_mapped_different
Cambodia,332111,332999,5829.0,Asia,1,,,33211A,exact,332999,exact,both_mapped_different
Tunisia,327212,327993,5812.0,Africa,1,,,327200,level_4,327993,exact,both_mapped_different
Slovenia,334516,334519,5796.0,Europe,1,,,334516,exact,33451A,exact,both_mapped_different
Poland,339113,316998,5795.0,Europe,1,,,339113,exact,316000,level_3,both_mapped_different
Sweden,313210,327993,5793.0,Europe,1,,,313200,level_4,327993,exact,both_mapped_different
Hungary,311612,326121,5778.0,Europe,1,,,31161A,exact,326120,level_5,both_mapped_different
Finland,333514,332216,5776.0,Europe,1,,,333514,exact,332200,level_4,both_mapped_different
Poland,332215,339910,5770.0,Europe,1,,,332200,level_4,339910,level_5,both_mapped_different
Jamaica,325411,325412,5750.0,South_America,1,,,325411,exact,325412,exact,both_mapped_different
Nigeria,335312,334419,5750.0,Africa,1,,,335312,exact,33441A,exact,both_mapped_different
Malta,337127,337124,5745.0,Europe,1,,,337127,exact,33712N,exact,both_mapped_different
Saudi Arabia,990000,315190,5741.0,Asia,1,,,S00300,noncomparable_imports,315000,level_3,both_mapped_different
Burkina Faso,336350,335312,5719.0,Africa,1,,,336350,level_5,335312,exact,both_mapped_different
Belize,335999,335929,5718.0,South_America,1,,,335999,exact,335920,level_5,both_mapped_different
Romania,339930,339910,5717.0,Europe,1,,,339930,level_5,339910,level_5,both_mapped_different
Romania,336390,336214,5716.0,Europe,1,,,336390,level_5,336214,exact,both_mapped_different
Czech Republic,334510,335999,5713.0,Europe,1,,,334510,exact,335999,exact,both_mapped_different
India,990000,313210,5709.0,Asia,1,,,S00300,noncomparable_imports,313200,level_4,both_mapped_different
Argentina,333111,333241,5700.0,South_America,1,,,333111,exact,33329A,exact,both_mapped_different
Switzerland,325992,990000,5690.0,Europe,1,,,3259A0,level_5,S00300,noncomparable_imports,both_mapped_different
United Kingdom,321918,321999,5688.0,Europe,1,,,321910,level_5,3219A0,level_5,both_mapped_different
Chile,990000,333111,5686.0,South_America,1,,,S00300,noncomparable_imports,333111,exact,both_mapped_different
Iceland,326299,337215,5683.0,Europe,1,,,326290,level_5,337215,exact,both_mapped_different
Belgium,326299,313320,5674.0,Europe,1,,,326290,level_5,313300,level_4,both_mapped_different
Australia,332216,332111,5673.0,Oceana,1,,,332200,level_4,33211A,exact,both_mapped_different
Egypt,314999,990000,5665.0,Africa,1,,,314900,level_4,S00300,noncomparable_imports,both_mapped_different
Latvia,339999,326199,5662.0,Europe,1,,,339990,level_5,326190,level_5,both_mapped_different
Taiwan,910000,325199,5650.0,Asia,1,,,S00300,noncomparable_imports,325190,level_5,both_mapped_different
Denmark,327991,327390,5632.0,Europe,1,,,327991,exact,327390,level_5,both_mapped_different
Israel,339113,322291,5614.0,Asia,1,,,339113,exact,322291,exact,both_mapped_different
Morocco,339113,315280,5605.0,Africa,2,,,339113,exact,315000,level_3,both_mapped_different
Australia,336310,333618,5600.0,Oceana,1,,,336310,level_5,333618,exact,both_mapped_different
Taiwan,332215,339910,5600.0,Asia,1,,,332200,level_4,339910,level_5,both_mapped_different
Malta,325998,325199,5593.0,Europe,1,,,3259A0,level_5,325190,level_5,both_mapped_different
Denmark,334419,333314,5580.0,Europe,1,,,33441A,exact,333314,exact,both_mapped_different
Lebanon,322230,323111,5576.0,Asia,1,,,322230,level_5,323110,level_5,both_mapped_different
Panama,990000,336611,5575.0,South_America,1,,,S00300,noncomparable_imports,336611,exact,both_mapped_different
United Kingdom,316990,339999,5568.0,Europe,1,,,316000,level_3,339990,level_5,both_mapped_different
Nepal,332111,332999,5556.0,Asia,1,,,33211A,exact,332999,exact,both_mapped_different
Sweden,327120,327992,5555.0,Europe,1,,,327100,level_4,327992,exact,both_mapped_different
New Zealand,332991,332722,5549.0,Oceana,1,,,332991,exact,332720,level_5,both_mapped_different
Ireland,322299,322121,5535.0,Europe,1,,,322299,exact,322120,level_5,both_mapped_different
San Marino,332112,332999,5532.0,Europe,1,,,33211A,exact,332999,exact,both_mapped_different
Israel,339999,327110,5516.0,Asia,1,,,339990,level_5,327100,level_4,both_mapped_different
"Korea, South",333515,332216,5500.0,Asia,1,,,33351B,exact,332200,level_4,both_mapped_different
Guatemala,327212,327993,5497.0,South_America,1,,,327200,level_4,327993,exact,both_mapped_different
Lithuania,325411,111339,5491.0,Europe,1,,,325411,exact,111300,level_4,both_mapped_different
France,332215,335220,5481.0,Europe,1,,,332200,level_4,335220,exact,both_mapped_different
Indonesia,339994,314120,5481.0,Asia,1,,,339990,level_5,314120,level_5,both_mapped_different
Switzerland,334516,333413,5475.0,Europe,1,,,334516,exact,333413,exact,both_mapped_different
Montserrat,335999,335929,5460.0,South_America,2,,,335999,exact,335920,level_5,both_mapped_different
Poland,990000,315990,5451.0,Europe,1,,,S00300,noncomparable_imports,315000,level_3,both_mapped_different
Finland,322120,322299,5450.0,Europe,2,,,322120,level_5,322299,exact,both_mapped_different
Poland,336390,333111,5450.0,Europe,1,,,336390,level_5,333111,exact,both_mapped_different
Brazil,321219,327999,5443.0,South_America,1,,,321200,level_4,327999,exact,both_mapped_different
Bulgaria,332215,332999,5437.0,Europe,2,,,332200,level_4,332999,exact,both_mapped_different
Spain,333992,335999,5406.0,Europe,1,,,33399A,exact,335999,exact,both_mapped_different
United Arab Emirates,334419,333314,5400.0,Asia,1,,,33441A,exact,333314,exact,both_mapped_different
Vietnam,333111,336212,5400.0,Asia,1,,,333111,exact,336212,exact,both_mapped_different
Portugal,339920,314910,5389.0,Europe,1,,,339920,level_5,314900,level_4,both_mapped_different
Slovenia,334515,337127,5386.0,Europe,1,,,334515,exact,337127,exact,both_mapped_different
Spain,334515,333999,5378.0,Europe,1,,,334515,exact,33399A,exact,both_mapped_different
Thailand,339920,314910,5377.0,Asia,1,,,339920,level_5,314900,level_4,both_mapped_different
Cayman Islands,325211,910000,5376.0,South_America,1,,,325211,exact,S00300,noncomparable_imports,both_mapped_different
Hungary,316990,339999,5376.0,Europe,1,,,316000,level_3,339990,level_5,both_mapped_different
New Zealand,332215,332618,5374.0,Oceana,1,,,332200,level_4,332600,level_4,both_mapped_different
Latvia,334516,334519,5372.0,Europe,1,,,334516,exact,33451A,exact,both_mapped_different
Hungary,339113,316998,5358.0,Europe,1,,,339113,exact,316000,level_3,both_mapped_different
Brazil,322120,322230,5355.0,South_America,1,,,322120,level_5,322230,level_5,both_mapped_different
Djibouti,335312,334419,5344.0,Africa,1,,,335312,exact,33441A,exact,both_mapped_different
Cameroon,334512,334513,5325.0,Africa,1,,,334512,exact,334513,exact,both_mapped_different
New Zealand,311612,326121,5316.0,Oceana,1,,,31161A,exact,326120,level_5,both_mapped_different
Oman,326299,337215,5310.0,Asia,1,,,326290,level_5,337215,exact,both_mapped_different
Dominican Republic,333515,333517,5300.0,South_America,1,,,33351B,exact,333517,exact,both_mapped_different
France,111335,115114,5300.0,Europe,1,,,111300,level_4,115000,level_3,both_mapped_different
Philippines,333992,331491,5300.0,Asia,1,,,33399A,exact,331490,level_5,both_mapped_different
Trinidad and Tobago,311421,311411,5294.0,South_America,1,,,311420,level_5,311410,level_5,both_mapped_different
Indonesia,327999,339910,5293.0,Asia,1,,,327999,exact,339910,level_5,both_mapped_different
Netherlands,332215,332999,5272.0,Europe,1,,,332200,level_4,332999,exact,both_mapped_different
Czech Republic,327999,339910,5267.0,Europe,1,,,327999,exact,339910,level_5,both_mapped_different
Ukraine,316990,339999,5256.0,Europe,1,,,316000,level_3,339990,level_5,both_mapped_different
South Africa,332215,332999,5255.0,Africa,1,,,332200,level_4,332999,exact,both_mapped_different
Hong Kong,325320,325199,5240.0,Asia,2,,,325320,level_5,325190,level_5,both_mapped_different
Mongolia,325411,111339,5231.0,Asia,1,,,325411,exact,111300,level_4,both_mapped_different
Denmark,313230,327215,5202.0,Europe,1,,,313200,level_4,327200,level_4,both_mapped_different
Jordan,325199,325998,5200.0,Asia,2,,,325190,level_5,3259A0,level_5,both_mapped_different
Italy,314999,325220,5184.0,Europe,1,,,314900,level_4,3252A0,level_5,both_mapped_different
Philippines,336350,335312,5181.0,Asia,1,,,336350,level_5,335312,exact,both_mapped_different
Dominican Republic,332215,331511,5167.0,South_America,1,,,332200,level_4,331510,level_5,both_mapped_different
Malaysia,313230,327215,5162.0,Asia,1,,,313200,level_4,327200,level_4,both_mapped_different
United Arab Emirates,332216,332111,5150.0,Asia,1,,,332200,level_4,33211A,exact,both_mapped_different
Tuvalu,334111,334118,5145.0,Oceana,1,,,334111,exact,334118,exact,both_mapped_different
Netherlands,334511,339930,5141.0,Europe,1,,,334511,exact,339930,level_5,both_mapped_different
Belgium,325620,325611,5138.0,Europe,1,,,325620,level_5,325610,level_5,both_mapped_different
Thailand,333241,333999,5132.0,Asia,1,,,33329A,exact,33399A,exact,both_mapped_different
Nepal,325620,325611,5131.0,Asia,1,,,325620,level_5,325610,level_5,both_mapped_different
Portugal,336350,335312,5128.0,Europe,1,,,336350,level_5,335312,exact,both_mapped_different
Kuwait,322211,322299,5127.0,Asia,1,,,322210,level_5,322299,exact,both_mapped_different
Cambodia,332999,327110,5120.0,Asia,1,,,332999,exact,327100,level_4,both_mapped_different
Israel,324199,325998,5120.0,Asia,1,,,324190,level_5,3259A0,level_5,both_mapped_different
Netherlands,326299,313320,5116.0,Europe,1,,,326290,level_5,313300,level_4,both_mapped_different
Belgium,322130,322220,5115.0,Europe,1,,,322130,level_5,322220,level_5,both_mapped_different
Haiti,325998,325199,5110.0,South_America,1,,,3259A0,level_5,325190,level_5,both_mapped_different
Nigeria,332991,332722,5100.0,Africa,1,,,332991,exact,332720,level_5,both_mapped_different
Poland,990000,315190,5100.0,Europe,1,,,S00300,noncomparable_imports,315000,level_3,both_mapped_different
South Africa,332618,331222,5100.0,Africa,1,,,332600,level_4,331200,level_4,both_mapped_different
Switzerland,332510,335999,5098.0,Europe,1,,,332500,level_4,335999,exact,both_mapped_different
"Korea, South",910000,331491,5095.0,Asia,1,,,S00300,noncomparable_imports,331490,level_5,both_mapped_different
Thailand,333995,333618,5088.0,Asia,1,,,33399B,exact,333618,exact,both_mapped_different
Japan,327332,327999,5085.0,Asia,1,,,327330,level_5,327999,exact,both_mapped_different
Trinidad and Tobago,322230,323111,5076.0,South_America,1,,,322230,level_5,323110,level_5,both_mapped_different
Latvia,322299,322121,5069.0,Europe,1,,,322299,exact,322120,level_5,both_mapped_different
Ukraine,335220,333414,5060.0,Europe,2,,,335220,exact,333414,exact,both_mapped_different
Guatemala,322211,322299,5049.0,South_America,1,,,322210,level_5,322299,exact,both_mapped_different
Ireland,334419,334310,5044.0,Europe,1,,,33441A,exact,334300,level_4,both_mapped_different
Lithuania,316990,339999,5034.0,Europe,1,,,316000,level_3,339990,level_5,both_mapped_different
Nepal,332112,332999,5034.0,Asia,1,,,33211A,exact,332999,exact,both_mapped_different
Lebanon,332215,332999,5028.0,Asia,2,,,332200,level_4,332999,exact,both_mapped_different
Bolivia,339999,321999,5020.0,South_America,1,,,339990,level_5,3219A0,level_5,both_mapped_different
Bulgaria,334419,333314,5014.0,Europe,1,,,33441A,exact,333314,exact,both_mapped_different
China,325992,325199,5002.0,Asia,1,,,3259A0,level_5,325190,level_5,both_mapped_different
Indonesia,333111,333241,5000.0,Asia,1,,,333111,exact,33329A,exact,both_mapped_different
Israel,314999,990000,5000.0,Asia,1,,,314900,level_4,S00300,noncomparable_imports,both_mapped_different
Panama,339999,327110,5000.0,South_America,1,,,339990,level_5,327100,level_4,both_mapped_different
Paraguay,314999,112990,5000.0,South_America,1,,,314900,level_4,112A00,level_4,both_mapped_different
Peru,333923,333999,5000.0,South_America,1,,,333920,level_5,33399A,exact,both_mapped_different
Poland,990000,339999,5000.0,Europe,1,,,S00300,noncomparable_imports,339990,level_5,both_mapped_different
Senegal,325411,111339,5000.0,Africa,1,,,325411,exact,111300,level_4,both_mapped_different
Ukraine,333514,332216,5000.0,Europe,1,,,333514,exact,332200,level_4,both_mapped_different
Monaco,326150,326113,4996.0,Europe,1,,,326150,level_5,326110,level_5,both_mapped_different
Netherlands,334419,334310,4994.0,Europe,1,,,33441A,exact,334300,level_4,both_mapped_different
Poland,332215,332618,4992.0,Europe,1,,,332200,level_4,332600,level_4,both_mapped_different
Hong Kong,332112,332999,4968.0,Asia,1,,,33211A,exact,332999,exact,both_mapped_different
United Arab Emirates,336350,335312,4954.0,Asia,1,,,336350,level_5,335312,exact,both_mapped_different
New Zealand,322211,322299,4950.0,Oceana,1,,,322210,level_5,322299,exact,both_mapped_different
Italy,325320,325194,4945.0,Europe,1,,,325320,level_5,325190,level_5,both_mapped_different
Japan,336211,336111,4943.0,Asia,1,,,336211,exact,336111,exact,both_mapped_different
New Zealand,326299,337215,4928.0,Oceana,1,,,326290,level_5,337215,exact,both_mapped_different
Czech Republic,990000,315990,4909.0,Europe,1,,,S00300,noncomparable_imports,315000,level_3,both_mapped_different
Serbia,334419,334413,4903.0,Europe,1,,,33441A,exact,334413,exact,both_mapped_different
Belgium,334514,334519,4881.0,Europe,1,,,334514,exact,33451A,exact,both_mapped_different
Serbia,334515,337127,4876.0,Europe,1,,,334515,exact,337127,exact,both_mapped_different
Japan,334516,333413,4873.0,Asia,1,,,334516,exact,333413,exact,both_mapped_different
Bulgaria,335929,331318,4869.0,Europe,1,,,335920,level_5,33131B,exact,both_mapped_different
Italy,327390,327999,4860.0,Europe,1,,,327390,level_5,327999,exact,both_mapped_different
Chile,336412,336413,4854.0,South_America,1,,,336412,exact,336413,exact,both_mapped_different
Chile,314999,990000,4850.0,South_America,1,,,314900,level_4,S00300,noncomparable_imports,both_mapped_different
Hong Kong,339112,335999,4848.0,Asia,1,,,339112,exact,335999,exact,both_mapped_different
Israel,337127,337215,4845.0,Asia,1,,,337127,exact,337215,exact,both_mapped_different
Serbia,321918,321999,4835.0,Europe,1,,,321910,level_5,3219A0,level_5,both_mapped_different
Chile,332439,332999,4828.0,South_America,1,,,332430,level_5,332999,exact,both_mapped_different
Romania,327420,327999,4824.0,Europe,1,,,327400,level_4,327999,exact,both_mapped_different
Norway,323111,323120,4812.0,Europe,1,,,323110,level_5,323120,level_5,both_mapped_different
Israel,333515,332216,4800.0,Asia,1,,,33351B,exact,332200,level_4,both_mapped_different
Malaysia,339113,315990,4800.0,Asia,1,,,339113,exact,315000,level_3,both_mapped_different
Russia,327999,339910,4800.0,Europe,1,,,327999,exact,339910,level_5,both_mapped_different
Netherlands,339113,322291,4777.0,Europe,1,,,339113,exact,322291,exact,both_mapped_different
Hungary,335220,333414,4776.0,Europe,1,,,335220,exact,333414,exact,both_mapped_different
Niger,325998,325613,4768.0,Africa,1,,,3259A0,level_5,325610,level_5,both_mapped_different
Switzerland,910000,331491,4766.0,Europe,1,,,S00300,noncomparable_imports,331490,level_5,both_mapped_different
Japan,339999,335999,4763.0,Asia,1,,,339990,level_5,335999,exact,both_mapped_different
Hong Kong,326150,326113,4761.0,Asia,1,,,326150,level_5,326110,level_5,both_mapped_different
Poland,321219,327999,4759.0,Europe,1,,,321200,level_4,327999,exact,both_mapped_different
Slovenia,325998,325613,4756.0,Europe,1,,,3259A0,level_5,325610,level_5,both_mapped_different
Christmas Island,335921,327215,4750.0,Oceana,1,,,335920,level_5,327200,level_4,both_mapped_different
Brazil,334516,334519,4749.0,South_America,1,,,334516,exact,33451A,exact,both_mapped_different
Morocco,327420,327999,4736.0,Africa,1,,,327400,level_4,327999,exact,both_mapped_different
Tunisia,339920,314910,4736.0,Africa,2,,,339920,level_5,314900,level_4,both_mapped_different
Ireland,339113,314120,4722.0,Europe,1,,,339113,exact,314120,level_5,both_mapped_different
Latvia,333995,333618,4704.0,Europe,1,,,33399B,exact,333618,exact,both_mapped_different
Chile,334111,334118,4702.0,South_America,1,,,334111,exact,334118,exact,both_mapped_different
Indonesia,325411,325412,4700.0,Asia,1,,,325411,exact,325412,exact,both_mapped_different
Canada,339940,322121,4686.0,North_America,1,,,339940,level_5,322120,level_5,both_mapped_different
Croatia,339940,326199,4677.0,Europe,1,,,339940,level_5,326190,level_5,both_mapped_different
Eswatini,326150,326113,4663.0,Africa,1,,,326150,level_5,326110,level_5,both_mapped_different
Taiwan,339999,326199,4651.0,Asia,1,,,339990,level_5,326190,level_5,both_mapped_different
Suriname,334111,334118,4650.0,South_America,1,,,334111,exact,334118,exact,both_mapped_different
Italy,111335,115114,4637.0,Europe,1,,,111300,level_4,115000,level_3,both_mapped_different
Russia,332510,335999,4635.0,Europe,1,,,332500,level_4,335999,exact,both_mapped_different
Denmark,336390,333111,4617.0,Europe,1,,,336390,level_5,333111,exact,both_mapped_different
Sweden,339940,326199,4608.0,Europe,1,,,339940,level_5,326190,level_5,both_mapped_different
Brazil,333415,337127,4607.0,South_America,1,,,333415,exact,337127,exact,both_mapped_different
Mexico,331420,331410,4605.0,North_America,1,,,331420,level_5,331410,exact,both_mapped_different
Estonia,326140,326113,4603.0,Europe,1,,,326140,level_5,326110,level_5,both_mapped_different
Bahamas,990000,336611,4600.0,South_America,1,,,S00300,noncomparable_imports,336611,exact,both_mapped_different
Nepal,327991,327390,4591.0,Asia,1,,,327991,exact,327390,level_5,both_mapped_different
Dominican Republic,339940,322121,4590.0,South_America,1,,,339940,level_5,322120,level_5,both_mapped_different
Poland,322120,322299,4574.0,Europe,1,,,322120,level_5,322299,exact,both_mapped_different
Canada,990000,334614,4572.0,North_America,1,,,S00300,noncomparable_imports,334610,level_5,both_mapped_different
Switzerland,990000,339999,4562.0,Europe,1,,,S00300,noncomparable_imports,339990,level_5,both_mapped_different
Taiwan,316210,322121,4560.0,Asia,1,,,316000,level_3,322120,level_5,both_mapped_different
Norway,334419,333314,4556.0,Europe,1,,,33441A,exact,333314,exact,both_mapped_different
New Zealand,326140,326113,4546.0,Oceana,1,,,326140,level_5,326110,level_5,both_mapped_different
France,339999,335999,4533.0,Europe,1,,,339990,level_5,335999,exact,both_mapped_different
Dominican Republic,327999,339910,4525.0,South_America,1,,,327999,exact,339910,level_5,both_mapped_different
Belgium,327332,327999,4520.0,Europe,1,,,327330,level_5,327999,exact,both_mapped_different
Guatemala,326199,314120,4518.0,South_America,2,,,326190,level_5,314120,level_5,both_mapped_different
Argentina,314999,990000,4512.0,South_America,2,,,314900,level_4,S00300,noncomparable_imports,both_mapped_different
Russia,332215,331511,4510.0,Europe,1,,,332200,level_4,331510,level_5,both_mapped_different
Australia,336120,336211,4500.0,Oceana,1,,,336120,level_5,336211,exact,both_mapped_different
"Korea, South",212390,339910,4500.0,Asia,1,,,2123A0,level_5,339910,level_5,both_mapped_different
Lithuania,325320,325199,4500.0,Europe,1,,,325320,level_5,325190,level_5,both_mapped_different
Lithuania,333415,337127,4500.0,Europe,1,,,333415,exact,337127,exact,both_mapped_different
Philippines,334419,334310,4500.0,Asia,1,,,33441A,exact,334300,level_4,both_mapped_different
South Africa,325920,332993,4500.0,Africa,1,,,3259A0,level_5,33299A,exact,both_mapped_different
Tunisia,332215,332999,4500.0,Africa,1,,,332200,level_4,332999,exact,both_mapped_different
United Arab Emirates,334419,334413,4500.0,Asia,1,,,33441A,exact,334413,exact,both_mapped_different
Romania,334510,335999,4497.0,Europe,1,,,334510,exact,335999,exact,both_mapped_different
Austria,326199,314120,4496.0,Europe,2,,,326190,level_5,314120,level_5,both_mapped_different
Brazil,334510,335999,4490.0,South_America,1,,,334510,exact,335999,exact,both_mapped_different
Pakistan,990000,313210,4488.0,Asia,1,,,S00300,noncomparable_imports,313200,level_4,both_mapped_different
Philippines,332216,332111,4481.0,Asia,1,,,332200,level_4,33211A,exact,both_mapped_different
Australia,311421,311411,4478.0,Oceana,1,,,311420,level_5,311410,level_5,both_mapped_different
Turkmenistan,324191,325613,4467.0,Europe,1,,,324190,level_5,325610,level_5,both_mapped_different
Canada,325199,325613,4454.0,North_America,1,,,325190,level_5,325610,level_5,both_mapped_different
Egypt,326299,337215,4444.0,Africa,1,,,326290,level_5,337215,exact,both_mapped_different
Malaysia,335220,333414,4444.0,Asia,1,,,335220,exact,333414,exact,both_mapped_different
Portugal,325998,325620,4435.0,Europe,1,,,3259A0,level_5,325620,level_5,both_mapped_different
St Helena,335999,335929,4433.0,Africa,1,,,335999,exact,335920,level_5,both_mapped_different
Ethiopia,335999,335929,4410.0,Africa,1,,,335999,exact,335920,level_5,both_mapped_different
Latvia,327991,327390,4404.0,Europe,1,,,327991,exact,327390,level_5,both_mapped_different
Lithuania,322120,322299,4402.0,Europe,1,,,322120,level_5,322299,exact,both_mapped_different
Ethiopia,335220,333414,4400.0,Africa,1,,,335220,exact,333414,exact,both_mapped_different
Poland,333996,333618,4367.0,Europe,1,,,33399B,exact,333618,exact,both_mapped_different
Bangladesh,325411,111339,4363.0,Asia,1,,,325411,exact,111300,level_4,both_mapped_different
"Korea, South",316990,339999,4356.0,Asia,1,,,316000,level_3,339990,level_5,both_mapped_different
Portugal,332721,333111,4350.0,Europe,1,,,332720,level_5,333111,exact,both_mapped_different
"Korea, South",313230,327215,4349.0,Asia,1,,,313200,level_4,327200,level_4,both_mapped_different
Thailand,339113,314120,4349.0,Asia,1,,,339113,exact,314120,level_5,both_mapped_different
New Zealand,325998,325620,4338.0,Oceana,1,,,3259A0,level_5,325620,level_5,both_mapped_different
Bulgaria,336350,335312,4335.0,Europe,1,,,336350,level_5,335312,exact,both_mapped_different
Bulgaria,325998,325613,4328.0,Europe,1,,,3259A0,level_5,325610,level_5,both_mapped_different
Pakistan,339113,337127,4322.0,Asia,1,,,339113,exact,337127,exact,both_mapped_different
Poland,325199,311225,4322.0,Europe,1,,,325190,level_5,311225,exact,both_mapped_different
Trinidad and Tobago,335312,334419,4312.0,South_America,1,,,335312,exact,33441A,exact,both_mapped_different
Vietnam,336390,333111,4299.0,Asia,1,,,336390,level_5,333111,exact,both_mapped_different
Sierra Leone,339113,337127,4294.0,Africa,1,,,339113,exact,337127,exact,both_mapped_different
Turkey,314999,990000,4292.0,Europe,2,,,314900,level_4,S00300,noncomparable_imports,both_mapped_different
Argentina,332215,339910,4284.0,South_America,1,,,332200,level_4,339910,level_5,both_mapped_different
Honduras,322220,332999,4276.0,South_America,1,,,322220,level_5,332999,exact,both_mapped_different
Italy,327212,314994,4271.0,Europe,2,,,327200,level_4,314900,level_4,both_mapped_different
Portugal,339113,322291,4261.0,Europe,1,,,339113,exact,322291,exact,both_mapped_different
United Kingdom,339940,323111,4257.0,Europe,1,,,339940,level_5,323110,level_5,both_mapped_different
Greece,339994,314120,4256.0,Europe,1,,,339990,level_5,314120,level_5,both_mapped_different
Netherlands,327991,327120,4256.0,Europe,1,,,327991,exact,327100,level_4,both_mapped_different
Slovenia,339112,335999,4250.0,Europe,1,,,339112,exact,335999,exact,both_mapped_different
Turkey,324199,325998,4249.0,Europe,2,,,324190,level_5,3259A0,level_5,both_mapped_different
Singapore,322120,322299,4236.0,Asia,1,,,322120,level_5,322299,exact,both_mapped_different
Denmark,325620,325611,4234.0,Europe,1,,,325620,level_5,325610,level_5,both_mapped_different
Estonia,333515,333991,4232.0,Europe,1,,,33351B,exact,333991,exact,both_mapped_different
Serbia,339113,315990,4221.0,Europe,1,,,339113,exact,315000,level_3,both_mapped_different
Slovakia,339940,326199,4210.0,Europe,1,,,339940,level_5,326190,level_5,both_mapped_different
"Korea, South",321219,327390,4200.0,Asia,1,,,321200,level_4,327390,level_5,both_mapped_different
Norway,332216,332111,4186.0,Europe,1,,,332200,level_4,33211A,exact,both_mapped_different
Belgium,333995,333618,4184.0,Europe,1,,,33399B,exact,333618,exact,both_mapped_different
Netherlands,990000,337212,4179.0,Europe,1,,,S00300,noncomparable_imports,33721A,exact,both_mapped_different
Czech Republic,332216,332111,4170.0,Europe,1,,,332200,level_4,33211A,exact,both_mapped_different
Honduras,335932,326199,4170.0,South_America,1,,,335930,level_5,326190,level_5,both_mapped_different
Vietnam,339999,326199,4168.0,Asia,1,,,339990,level_5,326190,level_5,both_mapped_different
Georgia,332510,335999,4167.0,Europe,1,,,332500,level_4,335999,exact,both_mapped_different
Christmas Island,337215,337127,4160.0,Oceana,1,,,337215,exact,337127,exact,both_mapped_different
Dominican Republic,332510,335999,4158.0,South_America,1,,,332500,level_4,335999,exact,both_mapped_different
Afghanistan,339994,314120,4150.0,Asia,1,,,339990,level_5,314120,level_5,both_mapped_different
Macau,335999,334419,4148.0,Asia,1,,,335999,exact,33441A,exact,both_mapped_different
South Africa,325992,990000,4142.0,Africa,1,,,3259A0,level_5,S00300,noncomparable_imports,both_mapped_different
Netherlands,339999,321999,4140.0,Europe,1,,,339990,level_5,3219A0,level_5,both_mapped_different
Panama,333515,333517,4128.0,South_America,1,,,33351B,exact,333517,exact,both_mapped_different
Uganda,325411,111339,4100.0,Africa,1,,,325411,exact,111300,level_4,both_mapped_different
Norway,910000,325199,4096.0,Europe,1,,,S00300,noncomparable_imports,325190,level_5,both_mapped_different
Belgium,990000,315190,4082.0,Europe,1,,,S00300,noncomparable_imports,315000,level_3,both_mapped_different
Lithuania,332111,332999,4074.0,Europe,1,,,33211A,exact,332999,exact,both_mapped_different
Finland,335220,332216,4073.0,Europe,1,,,335220,exact,332200,level_4,both_mapped_different
Slovenia,334510,335999,4073.0,Europe,1,,,334510,exact,335999,exact,both_mapped_different
"Korea, South",336310,333618,4066.0,Asia,1,,,336310,level_5,333618,exact,both_mapped_different
Australia,335932,327212,4051.0,Oceana,1,,,335930,level_5,327200,level_4,both_mapped_different
Ukraine,326140,326113,4041.0,Europe,1,,,326140,level_5,326110,level_5,both_mapped_different
United Arab Emirates,333515,333991,4041.0,Asia,1,,,33351B,exact,333991,exact,both_mapped_different
Czech Republic,333415,337127,4030.0,Europe,1,,,333415,exact,337127,exact,both_mapped_different
San Marino,322230,323111,4017.0,Europe,1,,,322230,level_5,323110,level_5,both_mapped_different
Brazil,334515,333999,4008.0,South_America,1,,,334515,exact,33399A,exact,both_mapped_different
Poland,313230,327212,4002.0,Europe,1,,,313200,level_4,327200,level_4,both_mapped_different
Azerbaijan,321911,337215,4000.0,Europe,1,,,321910,level_5,337215,exact,both_mapped_different
Bahamas,334111,334118,4000.0,South_America,1,,,334111,exact,334118,exact,both_mapped_different
Bahamas,990000,325413,4000.0,South_America,1,,,S00300,noncomparable_imports,325413,exact,both_mapped_different
Chile,325920,332993,4000.0,South_America,1,,,3259A0,level_5,33299A,exact,both_mapped_different
Estonia,334419,334310,4000.0,Europe,1,,,33441A,exact,334300,level_4,both_mapped_different
Indonesia,334515,333999,4000.0,Asia,1,,,334515,exact,33399A,exact,both_mapped_different
Marshall Islands,339999,321999,4000.0,Oceana,1,,,339990,level_5,3219A0,level_5,both_mapped_different
Qatar,339930,339910,4000.0,Asia,1,,,339930,level_5,339910,level_5,both_mapped_different
Serbia,336390,336214,4000.0,Europe,1,,,336390,level_5,336214,exact,both_mapped_different
Turkey,336412,336413,4000.0,Europe,1,,,336412,exact,336413,exact,both_mapped_different
Belgium,333992,331491,3991.0,Europe,1,,,33399A,exact,331490,level_5,both_mapped_different
France,339940,322121,3991.0,Europe,1,,,339940,level_5,322120,level_5,both_mapped_different
Germany,321999,113310,3969.0,Europe,1,,,3219A0,level_5,113000,level_3,both_mapped_different
Mongolia,336350,335312,3969.0,Asia,1,,,336350,level_5,335312,exact,both_mapped_different
Vietnam,334516,334519,3969.0,Asia,1,,,334516,exact,33451A,exact,both_mapped_different
Hong Kong,322220,332999,3961.0,Asia,1,,,322220,level_5,332999,exact,both_mapped_different
Colombia,332991,332722,3960.0,South_America,1,,,332991,exact,332720,level_5,both_mapped_different
Belgium,339113,315280,3956.0,Europe,2,,,339113,exact,315000,level_3,both_mapped_different
India,336211,336111,3950.0,Asia,1,,,336211,exact,336111,exact,both_mapped_different
Jordan,334512,334513,3943.0,Asia,1,,,334512,exact,334513,exact,both_mapped_different
Qatar,332112,332999,3939.0,Asia,1,,,33211A,exact,332999,exact,both_mapped_different
Ukraine,332111,332999,3930.0,Europe,1,,,33211A,exact,332999,exact,both_mapped_different
Denmark,324199,325998,3929.0,Europe,1,,,324190,level_5,3259A0,level_5,both_mapped_different
United Kingdom,327910,332999,3928.0,Europe,1,,,327910,level_5,332999,exact,both_mapped_different
Netherlands,336120,336211,3926.0,Europe,1,,,336120,level_5,336211,exact,both_mapped_different
Cocos (Keeling) Islands,339930,339910,3925.0,Oceana,1,,,339930,level_5,339910,level_5,both_mapped_different
United Kingdom,325411,325199,3925.0,Europe,1,,,325411,exact,325190,level_5,both_mapped_different
Denmark,333415,337127,3919.0,Europe,1,,,333415,exact,337127,exact,both_mapped_different
Portugal,316990,339999,3918.0,Europe,1,,,316000,level_3,339990,level_5,both_mapped_different
Bosnia and Herzegovina,333515,333991,3917.0,Europe,1,,,33351B,exact,333991,exact,both_mapped_different
South Africa,339112,335999,3915.0,Africa,1,,,339112,exact,335999,exact,both_mapped_different
El Salvador,339920,314910,3909.0,South_America,2,,,339920,level_5,314900,level_4,both_mapped_different
Costa Rica,334510,335999,3900.0,South_America,1,,,334510,exact,335999,exact,both_mapped_different
India,321219,327390,3900.0,Asia,1,,,321200,level_4,327390,level_5,both_mapped_different
Greece,332112,332999,3899.0,Europe,1,,,33211A,exact,332999,exact,both_mapped_different
Pakistan,332215,332999,3895.0,Asia,1,,,332200,level_4,332999,exact,both_mapped_different
Belgium,339920,339992,3880.0,Europe,1,,,339920,level_5,339990,level_5,both_mapped_different
Honduras,334510,339113,3869.0,South_America,1,,,334510,exact,339113,exact,both_mapped_different
Ethiopia,990000,337212,3866.0,Africa,1,,,S00300,noncomparable_imports,33721A,exact,both_mapped_different
United Kingdom,321912,113310,3864.0,Europe,1,,,321910,level_5,113000,level_3,both_mapped_different
Cabo Verde,327991,327390,3852.0,Africa,1,,,327991,exact,327390,level_5,both_mapped_different
Egypt,326199,314120,3850.0,Africa,1,,,326190,level_5,314120,level_5,both_mapped_different
Uruguay,334111,334118,3846.0,South_America,1,,,334111,exact,334118,exact,both_mapped_different
Brazil,332721,333111,3845.0,South_America,1,,,332720,level_5,333111,exact,both_mapped_different
Norway,322130,322220,3842.0,Europe,1,,,322130,level_5,322220,level_5,both_mapped_different
South Africa,332439,332999,3836.0,Africa,1,,,332430,level_5,332999,exact,both_mapped_different
Australia,327420,327999,3825.0,Oceana,1,,,327400,level_4,327999,exact,both_mapped_different
Indonesia,331491,332999,3822.0,Asia,1,,,331490,level_5,332999,exact,both_mapped_different
Portugal,339113,326199,3819.0,Europe,1,,,339113,exact,326190,level_5,both_mapped_different
Australia,332721,333111,3816.0,Oceana,1,,,332720,level_5,333111,exact,both_mapped_different
Bahrain,325199,325998,3816.0,Asia,1,,,325190,level_5,3259A0,level_5,both_mapped_different
Costa Rica,339113,326199,3816.0,South_America,1,,,339113,exact,326190,level_5,both_mapped_different
Australia,337127,337215,3799.0,Oceana,1,,,337127,exact,337215,exact,both_mapped_different
Poland,990000,325992,3795.0,Europe,1,,,S00300,noncomparable_imports,3259A0,level_5,both_mapped_different
Australia,339994,314120,3784.0,Oceana,1,,,339990,level_5,314120,level_5,both_mapped_different
Ireland,335220,333414,3780.0,Europe,1,,,335220,exact,333414,exact,both_mapped_different
Poland,333415,337127,3773.0,Europe,1,,,333415,exact,337127,exact,both_mapped_different
Mexico,339910,114119,3772.0,North_America,1,,,339910,level_5,114000,level_3,both_mapped_different
Colombia,990000,313210,3770.0,South_America,1,,,S00300,noncomparable_imports,313200,level_4,both_mapped_different
Czech Republic,322211,322299,3751.0,Europe,1,,,322210,level_5,322299,exact,both_mapped_different
Ecuador,325998,334413,3750.0,South_America,1,,,3259A0,level_5,334413,exact,both_mapped_different
Fiji,321999,113310,3750.0,Oceana,1,,,3219A0,level_5,113000,level_3,both_mapped_different
Turkey,334514,334519,3750.0,Europe,1,,,334514,exact,33451A,exact,both_mapped_different
Thailand,339113,316998,3743.0,Asia,1,,,339113,exact,316000,level_3,both_mapped_different
Japan,311942,325130,3740.0,Asia,1,,,311940,level_5,325130,level_5,both_mapped_different
Thailand,316210,322121,3739.0,Asia,1,,,316000,level_3,322120,level_5,both_mapped_different
Algeria,335999,335929,3736.0,Africa,1,,,335999,exact,335920,level_5,both_mapped_different
San Marino,333923,333999,3736.0,Europe,1,,,333920,level_5,33399A,exact,both_mapped_different
Central African Republic,333241,333111,3732.0,Africa,1,,,33329A,exact,333111,exact,both_mapped_different
South Africa,326199,314120,3729.0,Africa,1,,,326190,level_5,314120,level_5,both_mapped_different
Andorra,336390,333111,3723.0,Europe,1,,,336390,level_5,333111,exact,both_mapped_different
Switzerland,339940,323111,3717.0,Europe,1,,,339940,level_5,323110,level_5,both_mapped_different
San Marino,339113,337127,3716.0,Europe,1,,,339113,exact,337127,exact,both_mapped_different
Guatemala,339113,314120,3715.0,South_America,1,,,339113,exact,314120,level_5,both_mapped_different
Burma,325411,111339,3710.0,Asia,1,,,325411,exact,111300,level_4,both_mapped_different
Netherlands,316990,339999,3705.0,Europe,1,,,316000,level_3,339990,level_5,both_mapped_different
Thailand,311612,326121,3689.0,Asia,2,,,31161A,exact,326120,level_5,both_mapped_different
Greece,990000,315190,3675.0,Europe,1,,,S00300,noncomparable_imports,315000,level_3,both_mapped_different
Australia,332215,332999,3660.0,Oceana,1,,,332200,level_4,332999,exact,both_mapped_different
New Zealand,325510,325520,3645.0,Oceana,1,,,325510,level_5,325520,level_5,both_mapped_different
Spain,910000,325412,3640.0,Europe,1,,,S00300,noncomparable_imports,325412,exact,both_mapped_different
Bhutan,322120,322230,3620.0,Asia,1,,,322120,level_5,322230,level_5,both_mapped_different
Austria,336612,326299,3609.0,Europe,1,,,336612,exact,326290,level_5,both_mapped_different
Costa Rica,316990,339999,3607.0,South_America,1,,,316000,level_3,339990,level_5,both_mapped_different
Cameroon,334419,334413,3600.0,Africa,1,,,33441A,exact,334413,exact,both_mapped_different
Israel,324191,325613,3600.0,Asia,1,,,324190,level_5,325610,level_5,both_mapped_different
Lebanon,326299,337215,3600.0,Asia,1,,,326290,level_5,337215,exact,both_mapped_different
Bosnia and Herzegovina,334111,334118,3599.0,Europe,1,,,334111,exact,334118,exact,both_mapped_different
Guatemala,333924,336999,3596.0,South_America,1,,,333920,level_5,336999,exact,both_mapped_different
Israel,311710,114112,3596.0,Asia,1,,,311700,level_4,114000,level_3,both_mapped_different
Philippines,327390,327999,3595.0,Asia,1,,,327390,level_5,327999,exact,both_mapped_different
Philippines,336390,336214,3592.0,Asia,1,,,336390,level_5,336214,exact,both_mapped_different
Hong Kong,325199,325212,3588.0,Asia,1,,,325190,level_5,3252A0,exact,both_mapped_different
Armenia,335999,335929,3572.0,Europe,1,,,335999,exact,335920,level_5,both_mapped_different
Switzerland,322120,322299,3572.0,Europe,1,,,322120,level_5,322299,exact,both_mapped_different
Vietnam,990000,315190,3572.0,Asia,1,,,S00300,noncomparable_imports,315000,level_3,both_mapped_different
Kenya,337127,337124,3567.0,Africa,1,,,337127,exact,33712N,exact,both_mapped_different
Egypt,990000,315190,3550.0,Africa,1,,,S00300,noncomparable_imports,315000,level_3,both_mapped_different
Switzerland,339113,315280,3549.0,Europe,1,,,339113,exact,315000,level_3,both_mapped_different
Costa Rica,332510,335999,3542.0,South_America,1,,,332500,level_4,335999,exact,both_mapped_different
Malta,334510,339112,3525.0,Europe,1,,,334510,exact,339112,exact,both_mapped_different
Ecuador,325510,325520,3524.0,South_America,1,,,325510,level_5,325520,level_5,both_mapped_different
Argentina,333415,335312,3500.0,South_America,1,,,333415,exact,335312,exact,both_mapped_different
Georgia,334111,334118,3500.0,Europe,1,,,334111,exact,334118,exact,both_mapped_different
United Arab Emirates,334419,334310,3500.0,Asia,1,,,33441A,exact,334300,level_4,both_mapped_different
Australia,333111,336212,3487.0,Oceana,1,,,333111,exact,336212,exact,both_mapped_different
Macau,325411,111339,3478.0,Asia,1,,,325411,exact,111300,level_4,both_mapped_different
Indonesia,339999,326199,3476.0,Asia,1,,,339990,level_5,326190,level_5,both_mapped_different
Cayman Islands,322230,323111,3463.0,South_America,1,,,322230,level_5,323110,level_5,both_mapped_different
South Africa,321911,337215,3461.0,Africa,1,,,321910,level_5,337215,exact,both_mapped_different
Thailand,324199,325998,3456.0,Asia,1,,,324190,level_5,3259A0,level_5,both_mapped_different
Austria,313230,327215,3451.0,Europe,1,,,313200,level_4,327200,level_4,both_mapped_different
Colombia,322120,322130,3445.0,South_America,1,,,322120,level_5,322130,level_5,both_mapped_different
Brazil,327332,327999,3427.0,South_America,1,,,327330,level_5,327999,exact,both_mapped_different
India,333995,333618,3427.0,Asia,1,,,33399B,exact,333618,exact,both_mapped_different
Ukraine,332215,335220,3422.0,Europe,1,,,332200,level_4,335220,exact,both_mapped_different
Peru,321911,337215,3421.0,South_America,1,,,321910,level_5,337215,exact,both_mapped_different
Ethiopia,325199,325998,3420.0,Africa,1,,,325190,level_5,3259A0,level_5,both_mapped_different
Belgium,990000,339999,3419.0,Europe,1,,,S00300,noncomparable_imports,339990,level_5,both_mapped_different
Romania,339113,337127,3417.0,Europe,1,,,339113,exact,337127,exact,both_mapped_different
Sweden,325199,325998,3413.0,Europe,1,,,325190,level_5,3259A0,level_5,both_mapped_different
Taiwan,339113,315990,3398.0,Asia,1,,,339113,exact,315000,level_3,both_mapped_different
"Korea, South",339999,335999,3390.0,Asia,1,,,339990,level_5,335999,exact,both_mapped_different
Panama,332996,332919,3390.0,South_America,1,,,332996,exact,33291A,exact,both_mapped_different
Slovakia,332215,332999,3386.0,Europe,1,,,332200,level_4,332999,exact,both_mapped_different
Taiwan,334516,334519,3375.0,Asia,1,,,334516,exact,33451A,exact,both_mapped_different
Madagascar,322120,322230,3367.0,Africa,1,,,322120,level_5,322230,level_5,both_mapped_different
Hungary,325920,332993,3364.0,Europe,1,,,3259A0,level_5,33299A,exact,both_mapped_different
United Arab Emirates,333514,332216,3364.0,Asia,1,,,333514,exact,332200,level_4,both_mapped_different
Costa Rica,333992,335999,3350.0,South_America,1,,,33399A,exact,335999,exact,both_mapped_different
Denmark,332618,331222,3333.0,Europe,1,,,332600,level_4,331200,level_4,both_mapped_different
Tonga,333515,333517,3315.0,Oceana,1,,,33351B,exact,333517,exact,both_mapped_different
Switzerland,313210,327993,3310.0,Europe,1,,,313200,level_4,327993,exact,both_mapped_different
Lithuania,325620,325611,3309.0,Europe,1,,,325620,level_5,325610,level_5,both_mapped_different
Japan,321219,327390,3305.0,Asia,1,,,321200,level_4,327390,level_5,both_mapped_different
Yemen,325411,111339,3300.0,Asia,1,,,325411,exact,111300,level_4,both_mapped_different
Montenegro,335312,334419,3289.0,Europe,1,,,335312,exact,33441A,exact,both_mapped_different
Senegal,325199,325998,3287.0,Africa,1,,,325190,level_5,3259A0,level_5,both_mapped_different
Ireland,325998,325613,3282.0,Europe,1,,,3259A0,level_5,325610,level_5,both_mapped_different
Honduras,322120,322230,3281.0,South_America,1,,,322120,level_5,322230,level_5,both_mapped_different
Norway,325992,990000,3273.0,Europe,1,,,3259A0,level_5,S00300,noncomparable_imports,both_mapped_different
Kenya,325998,334413,3267.0,Africa,1,,,3259A0,level_5,334413,exact,both_mapped_different
South Africa,339940,326199,3263.0,Africa,1,,,339940,level_5,326190,level_5,both_mapped_different
Netherlands,314999,325220,3261.0,Europe,1,,,314900,level_4,3252A0,level_5,both_mapped_different
Japan,332215,332618,3245.0,Asia,1,,,332200,level_4,332600,level_4,both_mapped_different
Bahrain,339930,339910,3240.0,Asia,1,,,339930,level_5,339910,level_5,both_mapped_different
New Zealand,333514,332216,3240.0,Oceana,1,,,333514,exact,332200,level_4,both_mapped_different
Singapore,323111,323120,3240.0,Asia,1,,,323110,level_5,323120,level_5,both_mapped_different
Vietnam,332510,335999,3234.0,Asia,1,,,332500,level_4,335999,exact,both_mapped_different
Portugal,326299,313320,3227.0,Europe,1,,,326290,level_5,313300,level_4,both_mapped_different
Congo (Brazzaville),339930,339910,3226.0,Africa,1,,,339930,level_5,339910,level_5,both_mapped_different
Colombia,314999,325220,3218.0,South_America,1,,,314900,level_4,3252A0,level_5,both_mapped_different
Belgium,910000,325199,3217.0,Europe,1,,,S00300,noncomparable_imports,325190,level_5,both_mapped_different
Mexico,327390,327999,3210.0,North_America,1,,,327390,level_5,327999,exact,both_mapped_different
Albania,321219,327999,3200.0,Europe,1,,,321200,level_4,327999,exact,both_mapped_different
Cameroon,313210,327993,3200.0,Africa,1,,,313200,level_4,327993,exact,both_mapped_different
Hong Kong,325180,325130,3200.0,Asia,1,,,325180,level_5,325130,level_5,both_mapped_different
Mongolia,335220,333414,3200.0,Asia,1,,,335220,exact,333414,exact,both_mapped_different
Turkey,212390,339910,3200.0,Europe,1,,,2123A0,level_5,339910,level_5,both_mapped_different
Indonesia,324191,325613,3198.0,Asia,1,,,324190,level_5,325610,level_5,both_mapped_different
Macedonia,990000,333111,3194.0,Europe,1,,,S00300,noncomparable_imports,333111,exact,both_mapped_different
Brazil,339994,314120,3191.0,South_America,1,,,339990,level_5,314120,level_5,both_mapped_different
Thailand,336211,333120,3178.0,Asia,1,,,336211,exact,333120,level_5,both_mapped_different
Slovakia,326299,337215,3173.0,Europe,1,,,326290,level_5,337215,exact,both_mapped_different
Latvia,327420,327999,3168.0,Europe,1,,,327400,level_4,327999,exact,both_mapped_different
Denmark,333992,331491,3164.0,Europe,1,,,33399A,exact,331490,level_5,both_mapped_different
Burma,990000,337212,3160.0,Asia,1,,,S00300,noncomparable_imports,33721A,exact,both_mapped_different
Armenia,325998,325199,3150.0,Europe,1,,,3259A0,level_5,325190,level_5,both_mapped_different
Finland,332999,331491,3150.0,Europe,1,,,332999,exact,331490,level_5,both_mapped_different
Japan,314999,112990,3150.0,Asia,1,,,314900,level_4,112A00,level_4,both_mapped_different
Tunisia,337127,337124,3144.0,Africa,1,,,337127,exact,33712N,exact,both_mapped_different
Netherlands,332999,331491,3142.0,Europe,1,,,332999,exact,331490,level_5,both_mapped_different
Portugal,335220,332216,3134.0,Europe,1,,,335220,exact,332200,level_4,both_mapped_different
Brazil,334413,335999,3125.0,South_America,1,,,334413,exact,335999,exact,both_mapped_different
China,339920,339992,3113.0,Asia,1,,,339920,level_5,339990,level_5,both_mapped_different
Australia,325199,325212,3100.0,Oceana,1,,,325190,level_5,3252A0,exact,both_mapped_different
United Kingdom,332313,332420,3100.0,Europe,1,,,332310,level_5,332420,level_5,both_mapped_different
Oman,333923,333999,3097.0,Asia,1,,,333920,level_5,33399A,exact,both_mapped_different
Czech Republic,326140,326113,3089.0,Europe,1,,,326140,level_5,326110,level_5,both_mapped_different
Spain,335929,331318,3089.0,Europe,1,,,335920,level_5,33131B,exact,both_mapped_different
Austria,334511,339930,3088.0,Europe,1,,,334511,exact,339930,level_5,both_mapped_different
Italy,910000,325199,3087.0,Europe,1,,,S00300,noncomparable_imports,325190,level_5,both_mapped_different
Portugal,321999,113310,3084.0,Europe,1,,,3219A0,level_5,113000,level_3,both_mapped_different
Jamaica,336330,333111,3079.0,South_America,1,,,3363A0,level_5,333111,exact,both_mapped_different
Romania,333415,335312,3076.0,Europe,1,,,333415,exact,335312,exact,both_mapped_different
Ecuador,325411,325412,3064.0,South_America,1,,,325411,exact,325412,exact,both_mapped_different
India,325920,332993,3044.0,Asia,1,,,3259A0,level_5,33299A,exact,both_mapped_different
Portugal,322120,322230,3034.0,Europe,1,,,322120,level_5,322230,level_5,both_mapped_different
Austria,339940,323111,3028.0,Europe,1,,,339940,level_5,323110,level_5,both_mapped_different
Austria,331491,332999,3022.0,Europe,1,,,331490,level_5,332999,exact,both_mapped_different
British Virgin Islands,322120,322230,3016.0,South_America,1,,,322120,level_5,322230,level_5,both_mapped_different
Liechtenstein,335999,335929,3007.0,Europe,1,,,335999,exact,335920,level_5,both_mapped_different
Romania,332111,332999,3004.0,Europe,1,,,33211A,exact,332999,exact,both_mapped_different
Costa Rica,313230,327215,3003.0,South_America,1,,,313200,level_4,327200,level_4,both_mapped_different
Azerbaijan,331210,331110,3000.0,Europe,1,,,331200,level_4,331110,level_4,both_mapped_different
Bermuda,334310,334220,3000.0,South_America,1,,,334300,level_4,334220,level_5,both_mapped_different
Bermuda,335312,334419,3000.0,South_America,1,,,335312,exact,33441A,exact,both_mapped_different
Cameroon,332996,332919,3000.0,Africa,1,,,332996,exact,33291A,exact,both_mapped_different
Cayman Islands,336612,336611,3000.0,South_America,1,,,336612,exact,336611,exact,both_mapped_different
Greece,333515,333991,3000.0,Europe,1,,,33351B,exact,333991,exact,both_mapped_different
Haiti,335220,333414,3000.0,South_America,1,,,335220,exact,333414,exact,both_mapped_different
Mali,339999,321999,3000.0,Africa,1,,,339990,level_5,3219A0,level_5,both_mapped_different
Panama,333992,331491,3000.0,South_America,1,,,33399A,exact,331490,level_5,both_mapped_different
Paraguay,334111,334118,3000.0,South_America,1,,,334111,exact,334118,exact,both_mapped_different
Vietnam,321219,327390,3000.0,Asia,1,,,321200,level_4,327390,level_5,both_mapped_different
Yemen,325199,325998,3000.0,Asia,1,,,325190,level_5,3259A0,level_5,both_mapped_different
Taiwan,339999,335999,2990.0,Asia,1,,,339990,level_5,335999,exact,both_mapped_different
United Kingdom,336120,333111,2986.0,Europe,1,,,336120,level_5,333111,exact,both_mapped_different
Austria,313210,314999,2973.0,Europe,1,,,313200,level_4,314900,level_4,both_mapped_different
Estonia,334111,334118,2973.0,Europe,1,,,334111,exact,334118,exact,both_mapped_different
Colombia,334510,339113,2972.0,South_America,1,,,334510,exact,339113,exact,both_mapped_different
Slovenia,334419,333314,2964.0,Europe,1,,,33441A,exact,333314,exact,both_mapped_different
Bolivia,322211,322299,2960.0,South_America,1,,,322210,level_5,322299,exact,both_mapped_different
Taiwan,336612,326299,2959.0,Asia,1,,,336612,exact,326290,level_5,both_mapped_different
Poland,339940,323111,2958.0,Europe,1,,,339940,level_5,323110,level_5,both_mapped_different
Austria,327120,327992,2950.0,Europe,1,,,327100,level_4,327992,exact,both_mapped_different
Austria,322120,322230,2939.0,Europe,1,,,322120,level_5,322230,level_5,both_mapped_different
Barbados,336612,336611,2936.0,South_America,1,,,336612,exact,336611,exact,both_mapped_different
India,332323,331491,2932.0,Asia,1,,,332320,level_5,331490,level_5,both_mapped_different
Singapore,313230,327215,2932.0,Asia,1,,,313200,level_4,327200,level_4,both_mapped_different
Hong Kong,333992,335999,2930.0,Asia,1,,,33399A,exact,335999,exact,both_mapped_different
Slovenia,334515,333999,2929.0,Europe,1,,,334515,exact,33399A,exact,both_mapped_different
Finland,325211,910000,2916.0,Europe,3,,,325211,exact,S00300,noncomparable_imports,both_mapped_different
Italy,333992,335999,2915.0,Europe,1,,,33399A,exact,335999,exact,both_mapped_different
St Vincent and the Grenadines,335999,335929,2910.0,South_America,1,,,335999,exact,335920,level_5,both_mapped_different
Bulgaria,335932,326199,2890.0,Europe,1,,,335930,level_5,326190,level_5,both_mapped_different
Pakistan,339999,327110,2890.0,Asia,1,,,339990,level_5,327100,level_4,both_mapped_different
Pakistan,333514,332216,2888.0,Asia,1,,,333514,exact,332200,level_4,both_mapped_different
Uruguay,326299,337215,2887.0,South_America,1,,,326290,level_5,337215,exact,both_mapped_different
Russia,334310,334220,2885.0,Europe,1,,,334300,level_4,334220,level_5,both_mapped_different
Saudi Arabia,324191,325613,2880.0,Asia,1,,,324190,level_5,325610,level_5,both_mapped_different
Czech Republic,990000,339999,2872.0,Europe,1,,,S00300,noncomparable_imports,339990,level_5,both_mapped_different
Chile,332215,331511,2871.0,South_America,1,,,332200,level_4,331510,level_5,both_mapped_different
Dominican Republic,333613,336310,2870.0,South_America,1,,,333613,exact,336310,level_5,both_mapped_different
Germany,311999,114119,2868.0,Europe,1,,,311990,level_5,114000,level_3,both_mapped_different
Brazil,990000,337212,2867.0,South_America,1,,,S00300,noncomparable_imports,33721A,exact,both_mapped_different
Lithuania,326199,314120,2862.0,Europe,1,,,326190,level_5,314120,level_5,both_mapped_different
Brazil,339112,335999,2856.0,South_America,1,,,339112,exact,335999,exact,both_mapped_different
Estonia,325992,990000,2849.0,Europe,1,,,3259A0,level_5,S00300,noncomparable_imports,both_mapped_different
Peru,326199,314120,2825.0,South_America,1,,,326190,level_5,314120,level_5,both_mapped_different
Norway,336390,336214,2815.0,Europe,1,,,336390,level_5,336214,exact,both_mapped_different
Malaysia,990000,337212,2809.0,Asia,1,,,S00300,noncomparable_imports,33721A,exact,both_mapped_different
Ukraine,333924,336999,2800.0,Europe,1,,,333920,level_5,336999,exact,both_mapped_different
Denmark,339113,316998,2797.0,Europe,1,,,339113,exact,316000,level_3,both_mapped_different
Hungary,332215,331511,2794.0,Europe,1,,,332200,level_4,331510,level_5,both_mapped_different
Mexico,990000,315190,2791.0,North_America,1,,,S00300,noncomparable_imports,315000,level_3,both_mapped_different
Pakistan,327999,339910,2790.0,Asia,1,,,327999,exact,339910,level_5,both_mapped_different
Turkey,339113,315990,2781.0,Europe,1,,,339113,exact,315000,level_3,both_mapped_different
Ireland,334516,334519,2774.0,Europe,1,,,334516,exact,33451A,exact,both_mapped_different
Bahamas,339930,339910,2773.0,South_America,1,,,339930,level_5,339910,level_5,both_mapped_different
Estonia,335929,331318,2773.0,Europe,1,,,335920,level_5,33131B,exact,both_mapped_different
Lebanon,332439,332999,2770.0,Asia,1,,,332430,level_5,332999,exact,both_mapped_different
Turkey,339999,313210,2770.0,Europe,1,,,339990,level_5,313200,level_4,both_mapped_different
Australia,336390,333111,2755.0,Oceana,1,,,336390,level_5,333111,exact,both_mapped_different
Luxembourg,333923,333999,2753.0,Europe,1,,,333920,level_5,33399A,exact,both_mapped_different
Israel,333415,337127,2750.0,Asia,1,,,333415,exact,337127,exact,both_mapped_different
Philippines,322120,322299,2750.0,Asia,1,,,322120,level_5,322299,exact,both_mapped_different
Latvia,325620,325611,2746.0,Europe,1,,,325620,level_5,325610,level_5,both_mapped_different
United Arab Emirates,332721,333111,2740.0,Asia,1,,,332720,level_5,333111,exact,both_mapped_different
Pakistan,339113,322291,2736.0,Asia,1,,,339113,exact,322291,exact,both_mapped_different
Denmark,332216,332111,2731.0,Europe,1,,,332200,level_4,33211A,exact,both_mapped_different
Estonia,325998,325613,2725.0,Europe,1,,,3259A0,level_5,325610,level_5,both_mapped_different
Mexico,333995,333618,2713.0,North_America,1,,,33399B,exact,333618,exact,both_mapped_different
"Korea, South",339999,326199,2710.0,Asia,1,,,339990,level_5,326190,level_5,both_mapped_different
Sweden,327420,327999,2709.0,Europe,1,,,327400,level_4,327999,exact,both_mapped_different
Slovakia,335220,333414,2706.0,Europe,1,,,335220,exact,333414,exact,both_mapped_different
Jordan,332439,332999,2700.0,Asia,1,,,332430,level_5,332999,exact,both_mapped_different
Serbia,332510,335999,2700.0,Europe,1,,,332500,level_4,335999,exact,both_mapped_different
United Arab Emirates,339940,326199,2700.0,Asia,1,,,339940,level_5,326190,level_5,both_mapped_different
Poland,990000,313210,2699.0,Europe,1,,,S00300,noncomparable_imports,313200,level_4,both_mapped_different
Bangladesh,325620,325611,2693.0,Asia,1,,,325620,level_5,325610,level_5,both_mapped_different
Iceland,335312,334419,2684.0,Europe,1,,,335312,exact,33441A,exact,both_mapped_different
Austria,327999,339910,2682.0,Europe,1,,,327999,exact,339910,level_5,both_mapped_different
Comoros,325998,325620,2674.0,Africa,1,,,3259A0,level_5,325620,level_5,both_mapped_different
Serbia,335929,331318,2674.0,Europe,1,,,335920,level_5,33131B,exact,both_mapped_different
Kosovo,326150,326113,2673.0,Europe,1,,,326150,level_5,326110,level_5,both_mapped_different
China,336120,333111,2650.0,Asia,1,,,336120,level_5,333111,exact,both_mapped_different
Hungary,325998,334413,2646.0,Europe,1,,,3259A0,level_5,334413,exact,both_mapped_different
Peru,327910,332999,2640.0,South_America,1,,,327910,level_5,332999,exact,both_mapped_different
Indonesia,333514,332216,2632.0,Asia,1,,,333514,exact,332200,level_4,both_mapped_different
Ireland,333515,333517,2630.0,Europe,1,,,33351B,exact,333517,exact,both_mapped_different
Croatia,335312,334419,2625.0,Europe,1,,,335312,exact,33441A,exact,both_mapped_different
Sweden,336310,333618,2617.0,Europe,1,,,336310,level_5,333618,exact,both_mapped_different
South Africa,325199,311224,2612.0,Africa,1,,,325190,level_5,311224,exact,both_mapped_different
Malaysia,332215,332999,2608.0,Asia,1,,,332200,level_4,332999,exact,both_mapped_different
Israel,321911,337215,2607.0,Asia,1,,,321910,level_5,337215,exact,both_mapped_different
Macau,335999,335929,2607.0,Asia,1,,,335999,exact,335920,level_5,both_mapped_different
Israel,335929,331318,2605.0,Asia,1,,,335920,level_5,33131B,exact,both_mapped_different
Turkey,339112,335999,2603.0,Europe,1,,,339112,exact,335999,exact,both_mapped_different
Slovakia,316990,339999,2602.0,Europe,1,,,316000,level_3,339990,level_5,both_mapped_different
Colombia,336350,335312,2600.0,South_America,1,,,336350,level_5,335312,exact,both_mapped_different
Denmark,336612,336611,2600.0,Europe,1,,,336612,exact,336611,exact,both_mapped_different
El Salvador,322211,322299,2600.0,South_America,1,,,322210,level_5,322299,exact,both_mapped_different
Iraq,111335,115114,2600.0,Asia,1,,,111300,level_4,115000,level_3,both_mapped_different
Paraguay,326150,326113,2600.0,South_America,1,,,326150,level_5,326110,level_5,both_mapped_different
Azerbaijan,333613,336310,2598.0,Europe,1,,,333613,exact,336310,level_5,both_mapped_different
Australia,339940,323111,2596.0,Oceana,1,,,339940,level_5,323110,level_5,both_mapped_different
Eswatini,335999,335929,2594.0,Africa,1,,,335999,exact,335920,level_5,both_mapped_different
China,311999,111998,2590.0,Asia,1,,,311990,level_5,111900,level_4,both_mapped_different
Netherlands,332721,333111,2589.0,Europe,1,,,332720,level_5,333111,exact,both_mapped_different
Canada,325510,325998,2581.0,North_America,1,,,325510,level_5,3259A0,level_5,both_mapped_different
Ghana,311421,311411,2580.0,Africa,1,,,311420,level_5,311410,level_5,both_mapped_different
Norway,335932,326199,2580.0,Europe,1,,,335930,level_5,326190,level_5,both_mapped_different
Australia,324191,325613,2576.0,Oceana,1,,,324190,level_5,325610,level_5,both_mapped_different
Colombia,339999,321999,2573.0,South_America,1,,,339990,level_5,3219A0,level_5,both_mapped_different
Mexico,331410,331492,2564.0,North_America,1,,,331410,exact,331490,level_5,both_mapped_different
Dominican Republic,325998,325620,2556.0,South_America,1,,,3259A0,level_5,325620,level_5,both_mapped_different
Greece,325411,325412,2556.0,Europe,1,,,325411,exact,325412,exact,both_mapped_different
Bulgaria,339999,335999,2550.0,Europe,1,,,339990,level_5,335999,exact,both_mapped_different
South Africa,322211,322299,2545.0,Africa,1,,,322210,level_5,322299,exact,both_mapped_different
Poland,334516,334519,2544.0,Europe,1,,,334516,exact,33451A,exact,both_mapped_different
Philippines,334516,334519,2539.0,Asia,1,,,334516,exact,33451A,exact,both_mapped_different
Algeria,910000,325199,2533.0,Africa,1,,,S00300,noncomparable_imports,325190,level_5,both_mapped_different
Chile,335932,326199,2532.0,South_America,1,,,335930,level_5,326190,level_5,both_mapped_different
Australia,332618,331222,2527.0,Oceana,1,,,332600,level_4,331200,level_4,both_mapped_different
Norway,325180,325411,2527.0,Europe,1,,,325180,level_5,325411,exact,both_mapped_different
Switzerland,322130,322220,2527.0,Europe,1,,,322130,level_5,322220,level_5,both_mapped_different
Ireland,326299,313320,2520.0,Europe,1,,,326290,level_5,313300,level_4,both_mapped_different
Thailand,327390,327999,2520.0,Asia,1,,,327390,level_5,327999,exact,both_mapped_different
United Kingdom,331420,331410,2517.0,Europe,1,,,331420,level_5,331410,exact,both_mapped_different
New Zealand,334419,333314,2515.0,Oceana,1,,,33441A,exact,333314,exact,both_mapped_different
Brazil,332215,339910,2512.0,South_America,1,,,332200,level_4,339910,level_5,both_mapped_different
Malaysia,321219,327999,2511.0,Asia,1,,,321200,level_4,327999,exact,both_mapped_different
Australia,321219,327999,2509.0,Oceana,1,,,321200,level_4,327999,exact,both_mapped_different
Switzerland,115210,311613,2506.0,Europe,1,,,115000,level_3,31161A,exact,both_mapped_different
Australia,332721,336350,2500.0,Oceana,1,,,332720,level_5,336350,level_5,both_mapped_different
Panama,334515,333999,2500.0,South_America,1,,,334515,exact,33399A,exact,both_mapped_different
United Kingdom,311942,325130,2496.0,Europe,1,,,311940,level_5,325130,level_5,both_mapped_different
Croatia,324199,325998,2486.0,Europe,1,,,324190,level_5,3259A0,level_5,both_mapped_different
Thailand,325998,325620,2486.0,Asia,1,,,3259A0,level_5,325620,level_5,both_mapped_different
Colombia,339999,332999,2482.0,South_America,1,,,339990,level_5,332999,exact,both_mapped_different
Finland,326140,326113,2482.0,Europe,1,,,326140,level_5,326110,level_5,both_mapped_different
Luxembourg,324191,325613,2482.0,Europe,1,,,324190,level_5,325610,level_5,both_mapped_different
Ireland,311612,326121,2480.0,Europe,1,,,31161A,exact,326120,level_5,both_mapped_different
Australia,331420,332999,2476.0,Oceana,1,,,331420,level_5,332999,exact,both_mapped_different
Jordan,339930,339910,2469.0,Asia,1,,,339930,level_5,339910,level_5,both_mapped_different
Netherlands,331410,332999,2463.0,Europe,1,,,331410,exact,332999,exact,both_mapped_different
Ecuador,336350,335312,2460.0,South_America,1,,,336350,level_5,335312,exact,both_mapped_different
Switzerland,336390,333111,2460.0,Europe,1,,,336390,level_5,333111,exact,both_mapped_different
Brazil,339940,323111,2452.0,South_America,1,,,339940,level_5,323110,level_5,both_mapped_different
Peru,339994,314120,2451.0,South_America,1,,,339990,level_5,314120,level_5,both_mapped_different
China,311514,325199,2450.0,Asia,1,,,311514,exact,325190,level_5,both_mapped_different
"Korea, South",336412,336413,2450.0,Asia,1,,,336412,exact,336413,exact,both_mapped_different
Serbia,323111,323120,2450.0,Europe,1,,,323110,level_5,323120,level_5,both_mapped_different
India,313230,327212,2447.0,Asia,1,,,313200,level_4,327200,level_4,both_mapped_different
Japan,327420,327999,2447.0,Asia,1,,,327400,level_4,327999,exact,both_mapped_different
Finland,335932,327212,2444.0,Europe,1,,,335930,level_5,327200,level_4,both_mapped_different
Norway,334413,335999,2443.0,Europe,1,,,334413,exact,335999,exact,both_mapped_different
Estonia,325411,325412,2440.0,Europe,1,,,325411,exact,325412,exact,both_mapped_different
Hong Kong,333241,333111,2439.0,Asia,1,,,33329A,exact,333111,exact,both_mapped_different
Panama,335921,327215,2430.0,South_America,1,,,335920,level_5,327200,level_4,both_mapped_different
Switzerland,331420,332999,2430.0,Europe,1,,,331420,level_5,332999,exact,both_mapped_different
Spain,339930,336411,2424.0,Europe,1,,,339930,level_5,336411,exact,both_mapped_different
Argentina,332215,332999,2419.0,South_America,1,,,332200,level_4,332999,exact,both_mapped_different
Romania,322211,322299,2415.0,Europe,1,,,322210,level_5,322299,exact,both_mapped_different
Dominican Republic,326199,314120,2413.0,South_America,1,,,326190,level_5,314120,level_5,both_mapped_different
Philippines,339999,339114,2410.0,Asia,1,,,339990,level_5,339114,exact,both_mapped_different
Sao Tome and Principe,337215,337127,2405.0,Africa,1,,,337215,exact,337127,exact,both_mapped_different
Colombia,334512,334513,2400.0,South_America,1,,,334512,exact,334513,exact,both_mapped_different
Egypt,332439,332999,2400.0,Africa,1,,,332430,level_5,332999,exact,both_mapped_different
Jordan,335220,332216,2400.0,Asia,1,,,335220,exact,332200,level_4,both_mapped_different
Lebanon,335220,333414,2400.0,Asia,1,,,335220,exact,333414,exact,both_mapped_different
Malawi,325199,325998,2400.0,Africa,1,,,325190,level_5,3259A0,level_5,both_mapped_different
Taiwan,990000,315990,2400.0,Asia,1,,,S00300,noncomparable_imports,315000,level_3,both_mapped_different
St Kitts and Nevis,335999,335929,2396.0,South_America,1,,,335999,exact,335920,level_5,both_mapped_different
Hungary,336612,336611,2391.0,Europe,1,,,336612,exact,336611,exact,both_mapped_different
Romania,332420,332439,2383.0,Europe,1,,,332420,level_5,332430,level_5,both_mapped_different
Sri Lanka,334310,334220,2379.0,Asia,1,,,334300,level_4,334220,level_5,both_mapped_different
Spain,339113,315280,2376.0,Europe,1,,,339113,exact,315000,level_3,both_mapped_different
South Africa,324191,325613,2374.0,Africa,1,,,324190,level_5,325610,level_5,both_mapped_different
Chile,336330,333111,2367.0,South_America,1,,,3363A0,level_5,333111,exact,both_mapped_different
Austria,336330,333111,2366.0,Europe,1,,,3363A0,level_5,333111,exact,both_mapped_different
Indonesia,334419,334310,2365.0,Asia,1,,,33441A,exact,334300,level_4,both_mapped_different
Portugal,333923,333999,2364.0,Europe,1,,,333920,level_5,33399A,exact,both_mapped_different
Lithuania,334419,334413,2361.0,Europe,1,,,33441A,exact,334413,exact,both_mapped_different
Taiwan,321219,327999,2361.0,Asia,1,,,321200,level_4,327999,exact,both_mapped_different
Canada,325199,325130,2360.0,North_America,1,,,325190,level_5,325130,level_5,both_mapped_different
Australia,332112,332999,2359.0,Oceana,1,,,33211A,exact,332999,exact,both_mapped_different
Guatemala,322230,323111,2357.0,South_America,1,,,322230,level_5,323110,level_5,both_mapped_different
Guyana,339940,326199,2343.0,South_America,1,,,339940,level_5,326190,level_5,both_mapped_different
Costa Rica,990000,336611,2340.0,South_America,1,,,S00300,noncomparable_imports,336611,exact,both_mapped_different
Vietnam,325998,325613,2338.0,Asia,1,,,3259A0,level_5,325610,level_5,both_mapped_different
Denmark,323111,323120,2322.0,Europe,1,,,323110,level_5,323120,level_5,both_mapped_different
Indonesia,325180,325130,2322.0,Asia,1,,,325180,level_5,325130,level_5,both_mapped_different
Brazil,339999,321999,2319.0,South_America,1,,,339990,level_5,3219A0,level_5,both_mapped_different
Croatia,322299,322121,2318.0,Europe,1,,,322299,exact,322120,level_5,both_mapped_different
Pakistan,314999,325220,2315.0,Asia,1,,,314900,level_4,3252A0,level_5,both_mapped_different
Taiwan,334510,335999,2314.0,Asia,1,,,334510,exact,335999,exact,both_mapped_different
Morocco,332215,335220,2312.0,Africa,1,,,332200,level_4,335220,exact,both_mapped_different
Peru,325510,325520,2309.0,South_America,1,,,325510,level_5,325520,level_5,both_mapped_different
Tunisia,327390,327999,2309.0,Africa,1,,,327390,level_5,327999,exact,both_mapped_different
Comoros,326199,314120,2308.0,Africa,1,,,326190,level_5,314120,level_5,both_mapped_different
Mongolia,335999,335929,2304.0,Asia,1,,,335999,exact,335920,level_5,both_mapped_different
Norway,339113,322291,2304.0,Europe,1,,,339113,exact,322291,exact,both_mapped_different
Lebanon,111335,115114,2301.0,Asia,1,,,111300,level_4,115000,level_3,both_mapped_different
Armenia,332215,331511,2300.0,Europe,1,,,332200,level_4,331510,level_5,both_mapped_different
Iceland,335220,333414,2300.0,Europe,1,,,335220,exact,333414,exact,both_mapped_different
South Africa,334310,334220,2294.0,Africa,1,,,334300,level_4,334220,level_5,both_mapped_different
South Africa,339940,323111,2294.0,Africa,1,,,339940,level_5,323110,level_5,both_mapped_different
Serbia,335220,333414,2283.0,Europe,1,,,335220,exact,333414,exact,both_mapped_different
Namibia,331410,332999,2279.0,Africa,1,,,331410,exact,332999,exact,both_mapped_different
Thailand,115210,11211X,2275.0,Asia,1,,,115000,level_3,1121A0,exact,both_mapped_different
Netherlands,332215,332618,2273.0,Europe,1,,,332200,level_4,332600,level_4,both_mapped_different
Portugal,333613,336310,2266.0,Europe,1,,,333613,exact,336310,level_5,both_mapped_different
Hong Kong,325998,325620,2265.0,Asia,1,,,3259A0,level_5,325620,level_5,both_mapped_different
Chile,322230,323111,2264.0,South_America,1,,,322230,level_5,323110,level_5,both_mapped_different
Denmark,325998,325411,2263.0,Europe,1,,,3259A0,level_5,325411,exact,both_mapped_different
Netherlands,333992,331491,2261.0,Europe,1,,,33399A,exact,331490,level_5,both_mapped_different
France,333995,333618,2259.0,Europe,1,,,33399B,exact,333618,exact,both_mapped_different
Brazil,333996,333914,2256.0,South_America,1,,,33399B,exact,333914,exact,both_mapped_different
Argentina,326299,337215,2250.0,South_America,1,,,326290,level_5,337215,exact,both_mapped_different
South Africa,323111,323120,2250.0,Africa,1,,,323110,level_5,323120,level_5,both_mapped_different
Slovakia,333515,332216,2241.0,Europe,1,,,33351B,exact,332200,level_4,both_mapped_different
Hong Kong,333515,333991,2240.0,Asia,1,,,33351B,exact,333991,exact,both_mapped_different
Sri Lanka,325620,325611,2240.0,Asia,1,,,325620,level_5,325610,level_5,both_mapped_different
Netherlands,335999,334419,2237.0,Europe,1,,,335999,exact,33441A,exact,both_mapped_different
Sweden,334516,333413,2234.0,Europe,1,,,334516,exact,333413,exact,both_mapped_different
New Zealand,332439,332999,2230.0,Oceana,1,,,332430,level_5,332999,exact,both_mapped_different
Saudi Arabia,334512,334513,2223.0,Asia,1,,,334512,exact,334513,exact,both_mapped_different
Colombia,339940,323111,2219.0,South_America,1,,,339940,level_5,323110,level_5,both_mapped_different
Nauru,335220,332216,2213.0,Oceana,1,,,335220,exact,332200,level_4,both_mapped_different
Philippines,311710,114112,2210.0,Asia,1,,,311700,level_4,114000,level_3,both_mapped_different
Panama,334515,337127,2201.0,South_America,1,,,334515,exact,337127,exact,both_mapped_different
Albania,333519,331511,2200.0,Europe,1,,,33351B,exact,331510,level_5,both_mapped_different
Argentina,339940,326199,2200.0,South_America,1,,,339940,level_5,326190,level_5,both_mapped_different
Estonia,327212,327993,2200.0,Europe,1,,,327200,level_4,327993,exact,both_mapped_different
Latvia,333996,333618,2200.0,Europe,1,,,33399B,exact,333618,exact,both_mapped_different
Singapore,333515,333991,2200.0,Asia,1,,,33351B,exact,333991,exact,both_mapped_different
Montenegro,337127,337124,2199.0,Europe,1,,,337127,exact,33712N,exact,both_mapped_different
Argentina,339113,337127,2195.0,South_America,1,,,339113,exact,337127,exact,both_mapped_different
Fiji,990000,337212,2195.0,Oceana,1,,,S00300,noncomparable_imports,33721A,exact,both_mapped_different
Ecuador,339930,339910,2194.0,South_America,1,,,339930,level_5,339910,level_5,both_mapped_different
Latvia,333514,332216,2192.0,Europe,1,,,333514,exact,332200,level_4,both_mapped_different
Israel,334510,335999,2187.0,Asia,1,,,334510,exact,335999,exact,both_mapped_different
Portugal,322120,322220,2186.0,Europe,1,,,322120,level_5,322220,level_5,both_mapped_different
Thailand,332510,335999,2178.0,Asia,1,,,332500,level_4,335999,exact,both_mapped_different
Georgia,327991,327120,2177.0,Europe,1,,,327991,exact,327100,level_4,both_mapped_different
Croatia,333515,333517,2175.0,Europe,1,,,33351B,exact,333517,exact,both_mapped_different
Estonia,323111,323120,2175.0,Europe,1,,,323110,level_5,323120,level_5,both_mapped_different
Switzerland,336330,333111,2168.0,Europe,1,,,3363A0,level_5,333111,exact,both_mapped_different
Burkina Faso,335932,326199,2164.0,Africa,1,,,335930,level_5,326190,level_5,both_mapped_different
Kuwait,325199,325998,2164.0,Asia,1,,,325190,level_5,3259A0,level_5,both_mapped_different
Nigeria,339999,321999,2156.0,Africa,1,,,339990,level_5,3219A0,level_5,both_mapped_different
Colombia,322130,322220,2151.0,South_America,1,,,322130,level_5,322220,level_5,both_mapped_different
Austria,332215,339910,2142.0,Europe,1,,,332200,level_4,339910,level_5,both_mapped_different
Thailand,336310,333618,2138.0,Asia,1,,,336310,level_5,333618,exact,both_mapped_different
Chile,331420,332999,2136.0,South_America,1,,,331420,level_5,332999,exact,both_mapped_different
Indonesia,335220,332216,2131.0,Asia,1,,,335220,exact,332200,level_4,both_mapped_different
Czech Republic,332721,333111,2114.0,Europe,1,,,332720,level_5,333111,exact,both_mapped_different
Switzerland,322120,322130,2114.0,Europe,1,,,322120,level_5,322130,level_5,both_mapped_different
Georgia,332991,332722,2112.0,Europe,1,,,332991,exact,332720,level_5,both_mapped_different
Chile,327910,332999,2111.0,South_America,1,,,327910,level_5,332999,exact,both_mapped_different
Slovakia,333924,336999,2101.0,Europe,1,,,333920,level_5,336999,exact,both_mapped_different
Netherlands,325199,325211,2100.0,Europe,1,,,325190,level_5,325211,exact,both_mapped_different
Sri Lanka,321911,337215,2100.0,Asia,1,,,321910,level_5,337215,exact,both_mapped_different
Montenegro,990000,325413,2099.0,Europe,1,,,S00300,noncomparable_imports,325413,exact,both_mapped_different
Colombia,325510,325520,2097.0,South_America,1,,,325510,level_5,325520,level_5,both_mapped_different
Jordan,327991,327390,2090.0,Asia,1,,,327991,exact,327390,level_5,both_mapped_different
New Zealand,333996,333914,2090.0,Oceana,1,,,33399B,exact,333914,exact,both_mapped_different
Pakistan,332721,333111,2090.0,Asia,1,,,332720,level_5,333111,exact,both_mapped_different
Saudi Arabia,321219,327390,2085.0,Asia,1,,,321200,level_4,327390,level_5,both_mapped_different
Uruguay,325199,325613,2084.0,South_America,1,,,325190,level_5,325610,level_5,both_mapped_different
Malta,332996,332919,2083.0,Europe,1,,,332996,exact,33291A,exact,both_mapped_different
Vietnam,327999,339910,2083.0,Asia,1,,,327999,exact,339910,level_5,both_mapped_different
Bahamas,335999,335929,2082.0,South_America,1,,,335999,exact,335920,level_5,both_mapped_different
Singapore,331410,332999,2075.0,Asia,1,,,331410,exact,332999,exact,both_mapped_different
United Kingdom,325199,325180,2073.0,Europe,1,,,325190,level_5,325180,level_5,both_mapped_different
Sri Lanka,339930,339910,2070.0,Asia,1,,,339930,level_5,339910,level_5,both_mapped_different
Portugal,332111,332999,2065.0,Europe,1,,,33211A,exact,332999,exact,both_mapped_different
Slovakia,321912,113310,2065.0,Europe,1,,,321910,level_5,113000,level_3,both_mapped_different
Guatemala,339930,339910,2061.0,South_America,1,,,339930,level_5,339910,level_5,both_mapped_different
"Korea, South",990000,336611,2061.0,Asia,1,,,S00300,noncomparable_imports,336611,exact,both_mapped_different
Latvia,332996,332919,2061.0,Europe,1,,,332996,exact,33291A,exact,both_mapped_different
Finland,990000,325413,2039.0,Europe,1,,,S00300,noncomparable_imports,325413,exact,both_mapped_different
Dominican Republic,339113,314120,2038.0,South_America,1,,,339113,exact,314120,level_5,both_mapped_different
Portugal,332215,332618,2030.0,Europe,1,,,332200,level_4,332600,level_4,both_mapped_different
Uruguay,327999,339910,2030.0,South_America,1,,,327999,exact,339910,level_5,both_mapped_different
Lebanon,327991,327120,2024.0,Asia,1,,,327991,exact,327100,level_4,both_mapped_different
Romania,334510,339112,2019.0,Europe,1,,,334510,exact,339112,exact,both_mapped_different
Iceland,325199,311224,2016.0,Europe,1,,,325190,level_5,311224,exact,both_mapped_different
Iceland,325998,325620,2016.0,Europe,1,,,3259A0,level_5,325620,level_5,both_mapped_different
Mexico,325992,990000,2010.0,North_America,1,,,3259A0,level_5,S00300,noncomparable_imports,both_mapped_different
Armenia,990000,333111,2008.0,Europe,1,,,S00300,noncomparable_imports,333111,exact,both_mapped_different
Serbia,339112,335999,2004.0,Europe,1,,,339112,exact,335999,exact,both_mapped_different
Romania,339999,339114,2003.0,Europe,1,,,339990,level_5,339114,exact,both_mapped_different
Serbia,332420,332439,2003.0,Europe,1,,,332420,level_5,332430,level_5,both_mapped_different
Albania,326299,337215,2000.0,Europe,1,,,326290,level_5,337215,exact,both_mapped_different
Ukraine,326199,314120,2000.0,Europe,1,,,326190,level_5,314120,level_5,both_mapped_different
Ukraine,339113,337127,2000.0,Europe,1,,,339113,exact,337127,exact,both_mapped_different
Guatemala,339940,326199,1930.0,South_America,1,,,339940,level_5,326190,level_5,both_mapped_different
Cambodia,325211,910000,1920.0,Asia,1,,,325211,exact,S00300,noncomparable_imports,both_mapped_different
India,314999,112990,1877.0,Asia,1,,,314900,level_4,112A00,level_4,both_mapped_different
India,339999,326199,1875.0,Asia,1,,,339990,level_5,326190,level_5,both_mapped_different
Spain,339113,315990,1874.0,Europe,1,,,339113,exact,315000,level_3,both_mapped_different
Italy,339113,315990,1837.0,Europe,1,,,339113,exact,315000,level_3,both_mapped_different
Costa Rica,311612,326121,1833.0,South_America,1,,,31161A,exact,326120,level_5,both_mapped_different
Italy,316210,322121,1823.0,Europe,1,,,316000,level_3,322120,level_5,both_mapped_different
Russia,321911,337215,1802.0,Europe,1,,,321910,level_5,337215,exact,both_mapped_different
France,339999,332999,1787.0,Europe,1,,,339990,level_5,332999,exact,both_mapped_different
Sri Lanka,339940,326199,1787.0,Asia,1,,,339940,level_5,326190,level_5,both_mapped_different
Thailand,314999,325220,1758.0,Asia,1,,,314900,level_4,3252A0,level_5,both_mapped_different
Lebanon,316990,339999,1748.0,Asia,1,,,316000,level_3,339990,level_5,both_mapped_different
Colombia,339113,315990,1681.0,South_America,1,,,339113,exact,315000,level_3,both_mapped_different
Canada,339113,315990,1680.0,North_America,1,,,339113,exact,315000,level_3,both_mapped_different
Sri Lanka,339994,314120,1662.0,Asia,1,,,339990,level_5,314120,level_5,both_mapped_different
Japan,339999,332999,1648.0,Asia,1,,,339990,level_5,332999,exact,both_mapped_different
Czech Republic,339940,323111,1582.0,Europe,1,,,339940,level_5,323110,level_5,both_mapped_different
New Zealand,316990,339999,1553.0,Oceana,1,,,316000,level_3,339990,level_5,both_mapped_different
France,339113,315280,1547.0,Europe,1,,,339113,exact,315000,level_3,both_mapped_different
Serbia,326199,314120,1541.0,Europe,1,,,326190,level_5,314120,level_5,both_mapped_different
Georgia,326299,337215,1534.0,Europe,1,,,326290,level_5,337215,exact,both_mapped_different
Ireland,326199,314120,1533.0,Europe,1,,,326190,level_5,314120,level_5,both_mapped_different
Brazil,316990,339999,1528.0,South_America,1,,,316000,level_3,339990,level_5,both_mapped_different
Kosovo,339920,314910,1475.0,Europe,1,,,339920,level_5,314900,level_4,both_mapped_different
Pakistan,326299,337215,1470.0,Asia,1,,,326290,level_5,337215,exact,both_mapped_different
Finland,326199,314120,1461.0,Europe,1,,,326190,level_5,314120,level_5,both_mapped_different
Denmark,326299,313320,1460.0,Europe,1,,,326290,level_5,313300,level_4,both_mapped_different
Madagascar,337127,337124,1450.0,Africa,1,,,337127,exact,33712N,exact,both_mapped_different
Thailand,339920,339992,1445.0,Asia,1,,,339920,level_5,339990,level_5,both_mapped_different
Finland,339994,314120,1437.0,Europe,1,,,339990,level_5,314120,level_5,both_mapped_different
Morocco,314999,325220,1423.0,Africa,1,,,314900,level_4,3252A0,level_5,both_mapped_different
Australia,326140,326113,1404.0,Oceana,1,,,326140,level_5,326110,level_5,both_mapped_different
Singapore,337127,337215,1400.0,Asia,1,,,337127,exact,337215,exact,both_mapped_different
Djibouti,339940,323111,1385.0,Africa,1,,,339940,level_5,323110,level_5,both_mapped_different
Spain,339999,313210,1382.0,Europe,1,,,339990,level_5,313200,level_4,both_mapped_different
Sweden,316990,339999,1377.0,Europe,1,,,316000,level_3,339990,level_5,both_mapped_different
Ghana,339113,316998,1370.0,Africa,1,,,339113,exact,316000,level_3,both_mapped_different
Ukraine,326150,326113,1350.0,Europe,1,,,326150,level_5,326110,level_5,both_mapped_different
Burma,339113,337127,1344.0,Asia,1,,,339113,exact,337127,exact,both_mapped_different
Eswatini,339999,313210,1341.0,Africa,1,,,339990,level_5,313200,level_4,both_mapped_different
Guatemala,321911,337215,1330.0,South_America,1,,,321910,level_5,337215,exact,both_mapped_different
Luxembourg,325211,910000,1328.0,Europe,1,,,325211,exact,S00300,noncomparable_imports,both_mapped_different
Macau,326299,337215,1312.0,Asia,1,,,326290,level_5,337215,exact,both_mapped_different
Cyprus,326299,337215,1302.0,Europe,1,,,326290,level_5,337215,exact,both_mapped_different
United Kingdom,316210,322121,1294.0,Europe,1,,,316000,level_3,322120,level_5,both_mapped_different
Kuwait,326150,326113,1290.0,Asia,1,,,326150,level_5,326110,level_5,both_mapped_different
Hong Kong,339113,326199,1280.0,Asia,1,,,339113,exact,326190,level_5,both_mapped_different
Lithuania,339113,326199,1278.0,Europe,1,,,339113,exact,326190,level_5,both_mapped_different
Slovenia,339113,326199,1269.0,Europe,1,,,339113,exact,326190,level_5,both_mapped_different
Senegal,339113,316998,1250.0,Africa,1,,,339113,exact,316000,level_3,both_mapped_different
Netherlands,339999,332999,1209.0,Europe,1,,,339990,level_5,332999,exact,both_mapped_different
Philippines,327212,314994,1200.0,Asia,1,,,327200,level_4,314900,level_4,both_mapped_different
Romania,339113,326199,1179.0,Europe,1,,,339113,exact,326190,level_5,both_mapped_different
Finland,325199,325212,1177.0,Europe,1,,,325190,level_5,3252A0,exact,both_mapped_different
Malaysia,316990,339999,1170.0,Asia,1,,,316000,level_3,339990,level_5,both_mapped_different
Venezuela,339113,316998,1155.0,South_America,1,,,339113,exact,316000,level_3,both_mapped_different
Pakistan,339113,326199,1130.0,Asia,1,,,339113,exact,326190,level_5,both_mapped_different
Bahamas,325211,910000,1125.0,South_America,1,,,325211,exact,S00300,noncomparable_imports,both_mapped_different
Nigeria,326199,314120,1124.0,Africa,1,,,326190,level_5,314120,level_5,both_mapped_different
Latvia,339920,314910,1109.0,Europe,1,,,339920,level_5,314900,level_4,both_mapped_different
India,327212,314994,1099.0,Asia,1,,,327200,level_4,314900,level_4,both_mapped_different
Mali,314999,990000,1096.0,Africa,1,,,314900,level_4,S00300,noncomparable_imports,both_mapped_different
Bangladesh,339113,326199,1082.0,Asia,1,,,339113,exact,326190,level_5,both_mapped_different
Australia,311612,326121,1079.0,Oceana,1,,,31161A,exact,326120,level_5,both_mapped_different
Vietnam,314999,990000,1078.0,Asia,1,,,314900,level_4,S00300,noncomparable_imports,both_mapped_different
Montenegro,321911,337215,1074.0,Europe,1,,,321910,level_5,337215,exact,both_mapped_different
Turkey,316990,339999,1065.0,Europe,1,,,316000,level_3,339990,level_5,both_mapped_different
Slovakia,339940,323111,1047.0,Europe,1,,,339940,level_5,323110,level_5,both_mapped_different
Norway,321911,337215,1046.0,Europe,1,,,321910,level_5,337215,exact,both_mapped_different
Latvia,339994,314120,1045.0,Europe,1,,,339990,level_5,314120,level_5,both_mapped_different
San Marino,326299,337215,1045.0,Europe,1,,,326290,level_5,337215,exact,both_mapped_different
Haiti,339113,316998,1030.0,South_America,1,,,339113,exact,316000,level_3,both_mapped_different
France,327212,314994,1026.0,Europe,1,,,327200,level_4,314900,level_4,both_mapped_different
Peru,339940,326199,1000.0,South_America,1,,,339940,level_5,326190,level_5,both_mapped_different
Poland,339920,339992,1000.0,Europe,1,,,339920,level_5,339990,level_5,both_mapped_different
Liechtenstein,326299,337215,991.0,Europe,1,,,326290,level_5,337215,exact,both_mapped_different
Costa Rica,339940,326199,969.0,South_America,1,,,339940,level_5,326190,level_5,both_mapped_different
Germany,339920,339992,967.0,Europe,1,,,339920,level_5,339990,level_5,both_mapped_different
Turkey,339113,316998,950.0,Europe,1,,,339113,exact,316000,level_3,both_mapped_different
Peru,326150,326113,922.0,South_America,1,,,326150,level_5,326110,level_5,both_mapped_different
Cameroon,339113,337127,918.0,Africa,1,,,339113,exact,337127,exact,both_mapped_different
Latvia,339113,326199,917.0,Europe,1,,,339113,exact,326190,level_5,both_mapped_different
Bhutan,321911,337215,900.0,Asia,1,,,321910,level_5,337215,exact,both_mapped_different
Brazil,314999,112990,900.0,South_America,1,,,314900,level_4,112A00,level_4,both_mapped_different
Nicaragua,339113,316998,900.0,South_America,1,,,339113,exact,316000,level_3,both_mapped_different
Oman,337127,337124,878.0,Asia,1,,,337127,exact,33712N,exact,both_mapped_different
Poland,339113,315990,874.0,Europe,1,,,339113,exact,315000,level_3,both_mapped_different
Japan,339113,339112,853.0,Asia,1,,,339113,exact,339112,exact,both_mapped_different
Latvia,325211,910000,853.0,Europe,1,,,325211,exact,S00300,noncomparable_imports,both_mapped_different
Czech Republic,314999,990000,834.0,Europe,1,,,314900,level_4,S00300,noncomparable_imports,both_mapped_different
Slovakia,339113,315990,825.0,Europe,2,,,339113,exact,315000,level_3,both_mapped_different
Serbia,326150,326113,807.0,Europe,1,,,326150,level_5,326110,level_5,both_mapped_different
Ethiopia,326199,314120,800.0,Africa,1,,,326190,level_5,314120,level_5,both_mapped_different
Bangladesh,339113,315990,786.0,Asia,1,,,339113,exact,315000,level_3,both_mapped_different
Philippines,339113,316998,772.0,Asia,1,,,339113,exact,316000,level_3,both_mapped_different
Latvia,339999,313210,770.0,Europe,1,,,339990,level_5,313200,level_4,both_mapped_different
United Kingdom,339999,326199,749.0,Europe,1,,,339990,level_5,326190,level_5,both_mapped_different
El Salvador,339113,315990,746.0,South_America,1,,,339113,exact,315000,level_3,both_mapped_different
Philippines,339113,315990,745.0,Asia,1,,,339113,exact,315000,level_3,both_mapped_different
Sweden,339113,315990,744.0,Europe,1,,,339113,exact,315000,level_3,both_mapped_different
Netherlands,339113,314120,738.0,Europe,1,,,339113,exact,314120,level_5,both_mapped_different
Belize,339920,314910,730.0,South_America,1,,,339920,level_5,314900,level_4,both_mapped_different
Albania,316990,339999,714.0,Europe,1,,,316000,level_3,339990,level_5,both_mapped_different
Czech Republic,316990,339999,711.0,Europe,1,,,316000,level_3,339990,level_5,both_mapped_different
Seychelles,326199,314120,711.0,Africa,1,,,326190,level_5,314120,level_5,both_mapped_different
Cambodia,339113,326199,703.0,Asia,1,,,339113,exact,326190,level_5,both_mapped_different
Dominican Republic,326299,337215,700.0,South_America,1,,,326290,level_5,337215,exact,both_mapped_different
Philippines,311612,326121,700.0,Asia,1,,,31161A,exact,326120,level_5,both_mapped_different
United Kingdom,339113,315990,692.0,Europe,1,,,339113,exact,315000,level_3,both_mapped_different
Argentina,326150,326113,650.0,South_America,1,,,326150,level_5,326110,level_5,both_mapped_different
Denmark,339940,323111,650.0,Europe,1,,,339940,level_5,323110,level_5,both_mapped_different
New Zealand,326150,326113,644.0,Oceana,1,,,326150,level_5,326110,level_5,both_mapped_different
Singapore,316990,339999,626.0,Asia,1,,,316000,level_3,339990,level_5,both_mapped_different
Czech Republic,326199,314120,597.0,Europe,1,,,326190,level_5,314120,level_5,both_mapped_different
Mongolia,339920,314910,595.0,Asia,1,,,339920,level_5,314900,level_4,both_mapped_different
Sierra Leone,326150,326113,589.0,Africa,1,,,326150,level_5,326110,level_5,both_mapped_different
Afghanistan,326199,314120,581.0,Asia,1,,,326190,level_5,314120,level_5,both_mapped_different
Peru,326299,337215,581.0,South_America,1,,,326290,level_5,337215,exact,both_mapped_different
Chile,339113,315280,576.0,South_America,1,,,339113,exact,315000,level_3,both_mapped_different
Bangladesh,326199,314120,574.0,Asia,1,,,326190,level_5,314120,level_5,both_mapped_different
Slovenia,316990,339999,555.0,Europe,1,,,316000,level_3,339990,level_5,both_mapped_different
Hungary,339999,326199,544.0,Europe,1,,,339990,level_5,326190,level_5,both_mapped_different
Yemen,321911,337215,525.0,Asia,1,,,321910,level_5,337215,exact,both_mapped_different
Chile,339113,337127,517.0,South_America,1,,,339113,exact,337127,exact,both_mapped_different
Lithuania,339999,326199,516.0,Europe,1,,,339990,level_5,326190,level_5,both_mapped_different
Armenia,337127,337124,500.0,Europe,1,,,337127,exact,33712N,exact,both_mapped_different
Russia,326299,337215,500.0,Europe,1,,,326290,level_5,337215,exact,both_mapped_different
Mongolia,339113,337127,496.0,Asia,1,,,339113,exact,337127,exact,both_mapped_different
Estonia,339940,323111,486.0,Europe,1,,,339940,level_5,323110,level_5,both_mapped_different
Finland,339920,314910,486.0,Europe,1,,,339920,level_5,314900,level_4,both_mapped_different
Denmark,316990,339999,474.0,Europe,1,,,316000,level_3,339990,level_5,both_mapped_different
Singapore,339113,326199,472.0,Asia,1,,,339113,exact,326190,level_5,both_mapped_different
Turkey,339113,326199,450.0,Europe,1,,,339113,exact,326190,level_5,both_mapped_different
Morocco,326199,314120,444.0,Africa,1,,,326190,level_5,314120,level_5,both_mapped_different
Costa Rica,326140,326113,438.0,South_America,1,,,326140,level_5,326110,level_5,both_mapped_different
Serbia,316990,339999,431.0,Europe,1,,,316000,level_3,339990,level_5,both_mapped_different
Thailand,339999,332999,421.0,Asia,1,,,339990,level_5,332999,exact,both_mapped_different
Singapore,339999,332999,405.0,Asia,1,,,339990,level_5,332999,exact,both_mapped_different
South Africa,337127,337215,403.0,Africa,1,,,337127,exact,337215,exact,both_mapped_different
Croatia,339999,326199,401.0,Europe,1,,,339990,level_5,326190,level_5,both_mapped_different
Belgium,339113,316998,385.0,Europe,1,,,339113,exact,316000,level_3,both_mapped_different
Ukraine,339113,326199,384.0,Europe,1,,,339113,exact,326190,level_5,both_mapped_different
Belgium,327212,314994,381.0,Europe,1,,,327200,level_4,314900,level_4,both_mapped_different
Hong Kong,339940,323111,380.0,Asia,1,,,339940,level_5,323110,level_5,both_mapped_different
Austria,327212,314994,376.0,Europe,1,,,327200,level_4,314900,level_4,both_mapped_different
Hong Kong,316210,322121,375.0,Asia,1,,,316000,level_3,322120,level_5,both_mapped_different
Kazakhstan,337127,337124,375.0,Europe,1,,,337127,exact,33712N,exact,both_mapped_different
Spain,313210,314999,373.0,Europe,1,,,313200,level_4,314900,level_4,both_mapped_different
Japan,339113,315990,372.0,Asia,1,,,339113,exact,315000,level_3,both_mapped_different
Lithuania,313210,314999,359.0,Europe,1,,,313200,level_4,314900,level_4,both_mapped_different
Pakistan,339940,326199,352.0,Asia,1,,,339940,level_5,326190,level_5,both_mapped_different
Canada,313210,314999,346.0,North_America,1,,,313200,level_4,314900,level_4,both_mapped_different
France,314999,112990,345.0,Europe,1,,,314900,level_4,112A00,level_4,both_mapped_different
Cambodia,339113,315990,329.0,Asia,1,,,339113,exact,315000,level_3,both_mapped_different
Trinidad and Tobago,339940,326199,325.0,South_America,1,,,339940,level_5,326190,level_5,both_mapped_different
Denmark,313210,314999,320.0,Europe,1,,,313200,level_4,314900,level_4,both_mapped_different
Spain,339999,332999,319.0,Europe,1,,,339990,level_5,332999,exact,both_mapped_different
Norway,339113,316998,317.0,Europe,1,,,339113,exact,316000,level_3,both_mapped_different
France,339113,315990,314.0,Europe,1,,,339113,exact,315000,level_3,both_mapped_different
Russia,326150,326113,306.0,Europe,1,,,326150,level_5,326110,level_5,both_mapped_different
Austria,311612,326121,303.0,Europe,1,,,31161A,exact,326120,level_5,both_mapped_different
Laos,321911,337215,300.0,Asia,1,,,321910,level_5,337215,exact,both_mapped_different
United Kingdom,339999,313210,299.0,Europe,1,,,339990,level_5,313200,level_4,both_mapped_different
Macedonia,339940,326199,287.0,Europe,1,,,339940,level_5,326190,level_5,both_mapped_different
Poland,316210,322121,285.0,Europe,1,,,316000,level_3,322120,level_5,both_mapped_different
India,316210,322121,284.0,Asia,1,,,316000,level_3,322120,level_5,both_mapped_different
Switzerland,326299,313320,275.0,Europe,1,,,326290,level_5,313300,level_4,both_mapped_different
Spain,327212,314994,274.0,Europe,1,,,327200,level_4,314900,level_4,both_mapped_different
Ecuador,337127,337215,264.0,South_America,1,,,337127,exact,337215,exact,both_mapped_different
Sweden,339940,323111,264.0,Europe,1,,,339940,level_5,323110,level_5,both_mapped_different
United Arab Emirates,337127,337215,264.0,Asia,1,,,337127,exact,337215,exact,both_mapped_different
Turks and Caicos Islands,325211,910000,263.0,South_America,1,,,325211,exact,S00300,noncomparable_imports,both_mapped_different
Japan,336110,336111,34427224917.0,Asia,23,,,,,336111,exact,only_2022_mapped
Mexico,336110,336112,29233775685.0,North_America,4,,,,,336112,exact,only_2022_mapped
Mexico,336110,336111,27689702544.0,North_America,18,,,,,336111,exact,only_2022_mapped
"Korea, South",336110,336111,24141147904.0,Asia,19,,,,,336111,exact,only_2022_mapped
Canada,336110,336111,23284945293.0,North_America,20,,,,,336111,exact,only_2022_mapped
Germany,336110,336111,19051911183.0,Europe,27,,,,,336111,exact,only_2022_mapped
China,335910,335911,17884228128.0,Asia,19,,,,,335911,exact,only_2022_mapped
United Kingdom,336110,336111,9235280790.0,Europe,25,,,,,336111,exact,only_2022_mapped
Slovakia,336110,336111,6242350089.0,Europe,10,,,,,336111,exact,only_2022_mapped
Canada,336110,336112,3990823020.0,North_America,6,,,,,336112,exact,only_2022_mapped
China,335139,335129,3866762686.0,Asia,33,,,,,335120,level_5,only_2022_mapped
Sweden,336110,336111,3856817568.0,Europe,6,,,,,336111,exact,only_2022_mapped
Italy,336110,336111,3514828840.0,Europe,11,,,,,336111,exact,only_2022_mapped
Germany,333998,333999,3192907727.0,Europe,33,,,,,33399A,exact,only_2022_mapped
Japan,335910,335911,2995555854.0,Asia,16,,,,,335911,exact,only_2022_mapped
"Korea, South",335910,335911,2894015299.0,Asia,18,,,,,335911,exact,only_2022_mapped
China,336110,336111,2497567965.0,Asia,9,,,,,336111,exact,only_2022_mapped
"Korea, South",333998,333999,2416746082.0,Asia,32,,,,,33399A,exact,only_2022_mapped
South Africa,336110,336111,2127278473.0,Africa,6,,,,,336111,exact,only_2022_mapped
Mexico,336110,336120,2074553841.0,North_America,3,,,,,336120,level_5,only_2022_mapped
Mexico,333998,333999,1959147519.0,North_America,29,,,,,33399A,exact,only_2022_mapped
Canada,333998,333999,1745816851.0,North_America,33,,,,,33399A,exact,only_2022_mapped
China,333998,333999,1738498736.0,Asia,33,,,,,33399A,exact,only_2022_mapped
Japan,333998,333999,1724375701.0,Asia,32,,,,,33399A,exact,only_2022_mapped
Mexico,335910,335911,1677035654.0,North_America,16,,,,,335911,exact,only_2022_mapped
Canada,1121XX,11211X,1624080981.0,North_America,23,,,,,1121A0,exact,only_2022_mapped
Germany,333248,333249,1524214431.0,Europe,136,,,,,33329A,exact,only_2022_mapped
China,337126,337125,1504999392.0,Asia,25,,,,,33712N,exact,only_2022_mapped
China,335131,335121,1405320214.0,Asia,12,,,,,335120,level_5,only_2022_mapped
Hungary,336110,336111,1381159064.0,Europe,3,,,,,336111,exact,only_2022_mapped
Austria,336110,336111,1359979377.0,Europe,5,,,,,336111,exact,only_2022_mapped
Mexico,1121XX,11211X,1303877449.0,North_America,12,,,,,1121A0,exact,only_2022_mapped
China,333310,333314,1272404649.0,Asia,45,,,,,333314,exact,only_2022_mapped
China,337126,337124,1214387376.0,Asia,15,,,,,33712N,exact,only_2022_mapped
Hungary,335910,335911,1190862347.0,Europe,9,,,,,335911,exact,only_2022_mapped
Mexico,335132,335122,1077021726.0,North_America,12,,,,,335120,level_5,only_2022_mapped
Japan,333310,333314,1045902927.0,Asia,44,,,,,333314,exact,only_2022_mapped
Belgium,336110,336111,943613383.0,Europe,7,,,,,336111,exact,only_2022_mapped
Canada,333310,333318,873524092.0,North_America,48,,,,,333318,exact,only_2022_mapped
Poland,335910,335911,840851252.0,Europe,14,,,,,335911,exact,only_2022_mapped
Vietnam,335910,335911,811020106.0,Asia,14,,,,,335911,exact,only_2022_mapped
China,333248,333249,806838319.0,Asia,141,,,,,33329A,exact,only_2022_mapped
Canada,335910,335911,797780674.0,North_America,18,,,,,335911,exact,only_2022_mapped
Italy,333998,333999,769412841.0,Europe,32,,,,,33399A,exact,only_2022_mapped
China,333310,333318,766514484.0,Asia,54,,,,,333318,exact,only_2022_mapped
Malaysia,335910,335911,763893641.0,Asia,15,,,,,335911,exact,only_2022_mapped
Germany,333310,333314,722185529.0,Europe,44,,,,,333314,exact,only_2022_mapped
Italy,333248,333249,721927764.0,Europe,131,,,,,33329A,exact,only_2022_mapped
Canada,333248,333249,711656890.0,North_America,118,,,,,33329A,exact,only_2022_mapped
United Kingdom,333998,333999,690355185.0,Europe,32,,,,,33399A,exact,only_2022_mapped
Cambodia,335139,335129,684721757.0,Asia,24,,,,,335120,level_5,only_2022_mapped
"Korea, South",333248,333249,671125368.0,Asia,98,,,,,33329A,exact,only_2022_mapped
Mexico,335139,335129,643260378.0,North_America,29,,,,,335120,level_5,only_2022_mapped
France,336110,336111,563621251.0,Europe,9,,,,,336111,exact,only_2022_mapped
Canada,333310,333314,559077839.0,North_America,41,,,,,333314,exact,only_2022_mapped
Canada,336110,336120,544809714.0,North_America,1,,,,,336120,level_5,only_2022_mapped
Switzerland,333998,333999,533996109.0,Europe,31,,,,,33399A,exact,only_2022_mapped
Germany,335910,335911,523046627.0,Europe,18,,,,,335911,exact,only_2022_mapped
Japan,333248,333249,499905070.0,Asia,115,,,,,33329A,exact,only_2022_mapped
Vietnam,333310,333318,482385112.0,Asia,28,,,,,333318,exact,only_2022_mapped
Mexico,333310,335220,480686572.0,North_America,4,,,,,335220,exact,only_2022_mapped
Canada,335132,335122,455570652.0,North_America,12,,,,,335120,level_5,only_2022_mapped
India,333998,333999,453546006.0,Asia,30,,,,,33399A,exact,only_2022_mapped
Canada,333310,333999,436549692.0,North_America,1,,,,,33399A,exact,only_2022_mapped
China,333310,333316,424650650.0,Asia,66,,,,,333316,exact,only_2022_mapped
Germany,333310,333318,393325469.0,Europe,47,,,,,333318,exact,only_2022_mapped
Vietnam,335139,335129,392841869.0,Asia,31,,,,,335120,level_5,only_2022_mapped
Austria,333248,333249,385790342.0,Europe,81,,,,,33329A,exact,only_2022_mapped
China,335132,335122,380787242.0,Asia,12,,,,,335120,level_5,only_2022_mapped
Germany,333248,333244,372745732.0,Europe,15,,,,,33329A,exact,only_2022_mapped
Taiwan,333998,333999,366616679.0,Asia,28,,,,,33399A,exact,only_2022_mapped
China,333998,333997,357793516.0,Asia,21,,,,,33399A,exact,only_2022_mapped
Sweden,333998,333999,355932979.0,Europe,28,,,,,33399A,exact,only_2022_mapped
Japan,333998,333242,352961875.0,Asia,1,,,,,333242,exact,only_2022_mapped
Vietnam,337126,337124,344977181.0,Asia,12,,,,,33712N,exact,only_2022_mapped
Singapore,333248,333242,344522669.0,Asia,3,,,,,333242,exact,only_2022_mapped
Taiwan,335910,335911,335493872.0,Asia,16,,,,,335911,exact,only_2022_mapped
Germany,333248,333999,331090389.0,Europe,11,,,,,33399A,exact,only_2022_mapped
Italy,333310,333318,317414762.0,Europe,46,,,,,333318,exact,only_2022_mapped
Japan,333310,333316,310658195.0,Asia,55,,,,,333316,exact,only_2022_mapped
Malaysia,333998,333999,303930752.0,Asia,25,,,,,33399A,exact,only_2022_mapped
Germany,333310,333316,298716278.0,Europe,55,,,,,333316,exact,only_2022_mapped
France,333998,333999,296196804.0,Europe,31,,,,,33399A,exact,only_2022_mapped
Thailand,333998,333999,288126183.0,Asia,25,,,,,33399A,exact,only_2022_mapped
Mexico,333310,333999,284516001.0,North_America,1,,,,,33399A,exact,only_2022_mapped
Israel,333310,333314,273582943.0,Asia,35,,,,,333314,exact,only_2022_mapped
China,333310,333999,272500520.0,Asia,1,,,,,33399A,exact,only_2022_mapped
Singapore,333310,333314,262801352.0,Asia,33,,,,,333314,exact,only_2022_mapped
Taiwan,333310,333314,256272190.0,Asia,41,,,,,333314,exact,only_2022_mapped
Vietnam,337126,337125,255979765.0,Asia,19,,,,,33712N,exact,only_2022_mapped
China,335139,335110,240715415.0,Asia,30,,,,,335110,level_5,only_2022_mapped
Canada,333310,333316,239231448.0,North_America,44,,,,,333316,exact,only_2022_mapped
Canada,333248,333243,234372391.0,North_America,2,,,,,33329A,exact,only_2022_mapped
Netherlands,333998,333999,230872685.0,Europe,31,,,,,33399A,exact,only_2022_mapped
Austria,333998,333999,229990122.0,Europe,26,,,,,33399A,exact,only_2022_mapped
Switzerland,333310,333318,229186121.0,Europe,27,,,,,333318,exact,only_2022_mapped
Denmark,333998,333999,222365793.0,Europe,27,,,,,33399A,exact,only_2022_mapped
Israel,333248,333244,215582515.0,Asia,7,,,,,33329A,exact,only_2022_mapped
Taiwan,333248,333249,214820988.0,Asia,102,,,,,33329A,exact,only_2022_mapped
Vietnam,335132,335122,213613945.0,Asia,11,,,,,335120,level_5,only_2022_mapped
Philippines,333310,333318,211977331.0,Asia,28,,,,,333318,exact,only_2022_mapped
China,335132,335129,209452724.0,Asia,2,,,,,335120,level_5,only_2022_mapped
Ireland,333998,333999,209358204.0,Europe,20,,,,,33399A,exact,only_2022_mapped
Switzerland,333248,333249,209326251.0,Europe,98,,,,,33329A,exact,only_2022_mapped
Canada,335139,335129,206699318.0,North_America,31,,,,,335120,level_5,only_2022_mapped
Vietnam,335131,335121,205982112.0,Asia,12,,,,,335120,level_5,only_2022_mapped
Mexico,333310,333318,199397799.0,North_America,41,,,,,333318,exact,only_2022_mapped
Thailand,333310,333314,190486519.0,Asia,31,,,,,333314,exact,only_2022_mapped
Singapore,333998,333999,185370595.0,Asia,24,,,,,33399A,exact,only_2022_mapped
United Kingdom,335910,335911,183701905.0,Europe,16,,,,,335911,exact,only_2022_mapped
France,335910,335911,183325110.0,Europe,17,,,,,335911,exact,only_2022_mapped
Japan,333248,333244,179863153.0,Asia,12,,,,,33329A,exact,only_2022_mapped
Germany,335139,335110,169419092.0,Europe,25,,,,,335110,level_5,only_2022_mapped
Vietnam,333248,333249,167799818.0,Asia,42,,,,,33329A,exact,only_2022_mapped
Finland,336110,336111,167466599.0,Europe,3,,,,,336111,exact,only_2022_mapped
"Korea, South",333310,333999,167031587.0,Asia,1,,,,,33399A,exact,only_2022_mapped
France,333248,333249,164833140.0,Europe,95,,,,,33329A,exact,only_2022_mapped
Poland,333998,333999,160989308.0,Europe,26,,,,,33399A,exact,only_2022_mapped
China,333248,333242,160081767.0,Asia,4,,,,,333242,exact,only_2022_mapped
Netherlands,333248,333249,158195806.0,Europe,85,,,,,33329A,exact,only_2022_mapped
Japan,333248,333242,150727491.0,Asia,4,,,,,333242,exact,only_2022_mapped
Australia,333998,333999,148313664.0,Oceana,25,,,,,33399A,exact,only_2022_mapped
Netherlands,333310,333318,147347201.0,Europe,34,,,,,333318,exact,only_2022_mapped
Germany,336110,336112,144874481.0,Europe,3,,,,,336112,exact,only_2022_mapped
Finland,333998,333999,141145593.0,Europe,26,,,,,33399A,exact,only_2022_mapped
Thailand,335139,335129,138201615.0,Asia,28,,,,,335120,level_5,only_2022_mapped
Vietnam,333310,333314,136651928.0,Asia,24,,,,,333314,exact,only_2022_mapped
Thailand,335131,335121,129527261.0,Asia,12,,,,,335120,level_5,only_2022_mapped
Dominican Republic,333310,333999,128493820.0,South_America,1,,,,,33399A,exact,only_2022_mapped
Philippines,335910,335911,128291503.0,Asia,13,,,,,335911,exact,only_2022_mapped
Vietnam,333998,333999,126944601.0,Asia,26,,,,,33399A,exact,only_2022_mapped
China,333248,333244,126878784.0,Asia,15,,,,,33329A,exact,only_2022_mapped
Belgium,333998,333999,126141381.0,Europe,26,,,,,33399A,exact,only_2022_mapped
Mexico,333998,333997,124552883.0,North_America,14,,,,,33399A,exact,only_2022_mapped
Czech Republic,333998,333999,122886344.0,Europe,24,,,,,33399A,exact,only_2022_mapped
United Kingdom,333248,333249,119240047.0,Europe,110,,,,,33329A,exact,only_2022_mapped
Germany,333248,333242,115135549.0,Europe,4,,,,,333242,exact,only_2022_mapped
Malaysia,333248,333242,113178659.0,Asia,4,,,,,333242,exact,only_2022_mapped
Malaysia,333310,333314,112685593.0,Asia,24,,,,,333314,exact,only_2022_mapped
"Korea, South",333310,333316,111054681.0,Asia,34,,,,,333316,exact,only_2022_mapped
Spain,333998,333999,110067288.0,Europe,28,,,,,33399A,exact,only_2022_mapped
Germany,333310,333999,109939175.0,Europe,1,,,,,33399A,exact,only_2022_mapped
Taiwan,333310,333318,109281945.0,Asia,42,,,,,333318,exact,only_2022_mapped
Sweden,333310,333314,108443003.0,Europe,30,,,,,333314,exact,only_2022_mapped
Israel,333310,333999,107528963.0,Asia,1,,,,,33399A,exact,only_2022_mapped
Japan,333310,333318,106247616.0,Asia,37,,,,,333318,exact,only_2022_mapped
Malaysia,333310,333318,104985999.0,Asia,27,,,,,333318,exact,only_2022_mapped
United Kingdom,333310,333314,104943332.0,Europe,40,,,,,333314,exact,only_2022_mapped
Germany,333998,333997,102785369.0,Europe,20,,,,,33399A,exact,only_2022_mapped
"Korea, South",333310,333314,102269506.0,Asia,33,,,,,333314,exact,only_2022_mapped
India,333248,333249,101477727.0,Asia,88,,,,,33329A,exact,only_2022_mapped
Finland,335910,335911,100512905.0,Europe,10,,,,,335911,exact,only_2022_mapped
Malaysia,335132,335122,100496947.0,Asia,7,,,,,335120,level_5,only_2022_mapped
Taiwan,335139,335129,100079712.0,Asia,32,,,,,335120,level_5,only_2022_mapped
Spain,333248,333249,100056063.0,Europe,91,,,,,33329A,exact,only_2022_mapped
Switzerland,333248,333244,98822564.0,Europe,12,,,,,33329A,exact,only_2022_mapped
Spain,336110,336111,96855892.0,Europe,7,,,,,336111,exact,only_2022_mapped
United Kingdom,333310,333318,96789585.0,Europe,44,,,,,333318,exact,only_2022_mapped
Mexico,335132,335129,96281187.0,North_America,2,,,,,335120,level_5,only_2022_mapped
Slovakia,333998,333999,95466047.0,Europe,21,,,,,33399A,exact,only_2022_mapped
Italy,333248,333244,94320980.0,Europe,13,,,,,33329A,exact,only_2022_mapped
Malaysia,335139,335129,92891216.0,Asia,23,,,,,335120,level_5,only_2022_mapped
Indonesia,337126,337124,91895101.0,Asia,8,,,,,33712N,exact,only_2022_mapped
Japan,333998,333997,90903845.0,Asia,20,,,,,33399A,exact,only_2022_mapped
Singapore,335910,335911,90866592.0,Asia,11,,,,,335911,exact,only_2022_mapped
Switzerland,333998,333997,89377857.0,Europe,18,,,,,33399A,exact,only_2022_mapped
Thailand,333248,333249,89372356.0,Asia,56,,,,,33329A,exact,only_2022_mapped
Japan,335139,335110,87839646.0,Asia,24,,,,,335110,level_5,only_2022_mapped
Turkey,333998,333999,86747493.0,Europe,27,,,,,33399A,exact,only_2022_mapped
Germany,335139,335129,85500603.0,Europe,28,,,,,335120,level_5,only_2022_mapped
Taiwan,333310,333999,83967619.0,Asia,1,,,,,33399A,exact,only_2022_mapped
Italy,333248,333999,82938609.0,Europe,12,,,,,33399A,exact,only_2022_mapped
"Korea, South",333248,333242,81952160.0,Asia,4,,,,,333242,exact,only_2022_mapped
"Korea, South",333310,333318,81893042.0,Asia,34,,,,,333318,exact,only_2022_mapped
Mexico,333310,333316,81443167.0,North_America,22,,,,,333316,exact,only_2022_mapped
United Kingdom,333248,333244,81318052.0,Europe,16,,,,,33329A,exact,only_2022_mapped
Thailand,333310,333316,81201189.0,Asia,25,,,,,333316,exact,only_2022_mapped
Spain,336110,336112,81199730.0,Europe,3,,,,,336112,exact,only_2022_mapped
Vietnam,333310,333316,80762815.0,Asia,25,,,,,333316,exact,only_2022_mapped
Austria,333248,333242,80228646.0,Europe,3,,,,,333242,exact,only_2022_mapped
Philippines,333310,333314,79025290.0,Asia,25,,,,,333314,exact,only_2022_mapped
Japan,333310,333999,78889493.0,Asia,1,,,,,33399A,exact,only_2022_mapped
Thailand,335132,335122,78212374.0,Asia,12,,,,,335120,level_5,only_2022_mapped
Philippines,335139,335129,77305596.0,Asia,20,,,,,335120,level_5,only_2022_mapped
India,335139,335129,76484591.0,Asia,29,,,,,335120,level_5,only_2022_mapped
Mexico,333248,333249,73057855.0,North_America,83,,,,,33329A,exact,only_2022_mapped
Cambodia,335131,335121,71448707.0,Asia,11,,,,,335120,level_5,only_2022_mapped
Mexico,333310,333314,69519974.0,North_America,29,,,,,333314,exact,only_2022_mapped
United Kingdom,333310,333316,67420570.0,Europe,51,,,,,333316,exact,only_2022_mapped
Italy,337126,337125,67320274.0,Europe,18,,,,,33712N,exact,only_2022_mapped
Italy,335132,335122,67104548.0,Europe,12,,,,,335120,level_5,only_2022_mapped
"Korea, South",333998,333997,67087785.0,Asia,19,,,,,33399A,exact,only_2022_mapped
Czech Republic,333248,333249,66892488.0,Europe,61,,,,,33329A,exact,only_2022_mapped
Philippines,333310,333316,66811696.0,Asia,12,,,,,333316,exact,only_2022_mapped
India,335131,335121,66557573.0,Asia,12,,,,,335120,level_5,only_2022_mapped
Denmark,333248,333249,66355062.0,Europe,43,,,,,33329A,exact,only_2022_mapped
Indonesia,335139,335129,66302226.0,Asia,21,,,,,335120,level_5,only_2022_mapped
Thailand,333310,333318,66246195.0,Asia,29,,,,,333318,exact,only_2022_mapped
India,333310,333318,64858297.0,Asia,35,,,,,333318,exact,only_2022_mapped
Italy,337126,337124,64693777.0,Europe,12,,,,,33712N,exact,only_2022_mapped
Canada,337126,337125,63997732.0,North_America,19,,,,,33712N,exact,only_2022_mapped
Canada,335132,335129,63943538.0,North_America,2,,,,,335120,level_5,only_2022_mapped
Finland,333248,333249,63873478.0,Europe,45,,,,,33329A,exact,only_2022_mapped
France,333310,333999,62765875.0,Europe,1,,,,,33399A,exact,only_2022_mapped
China,333310,333921,61551521.0,Asia,1,,,,,333920,level_5,only_2022_mapped
Switzerland,333310,333314,61019646.0,Europe,33,,,,,333314,exact,only_2022_mapped
Canada,333248,333999,60905982.0,North_America,11,,,,,33399A,exact,only_2022_mapped
Austria,333310,333314,60493045.0,Europe,31,,,,,333314,exact,only_2022_mapped
Malaysia,333248,333249,59366550.0,Asia,49,,,,,33329A,exact,only_2022_mapped
France,333310,333318,58352452.0,Europe,35,,,,,333318,exact,only_2022_mapped
Netherlands,333248,333242,58122560.0,Europe,4,,,,,333242,exact,only_2022_mapped
Austria,333248,333999,57448866.0,Europe,9,,,,,33399A,exact,only_2022_mapped
Mexico,333998,333415,56533406.0,North_America,1,,,,,333415,exact,only_2022_mapped
Israel,333998,333999,55559402.0,Asia,23,,,,,33399A,exact,only_2022_mapped
Brazil,333998,333999,54061247.0,South_America,26,,,,,33399A,exact,only_2022_mapped
India,337126,337125,51818932.0,Asia,15,,,,,33712N,exact,only_2022_mapped
Singapore,333248,333249,51657335.0,Asia,35,,,,,33329A,exact,only_2022_mapped
Netherlands,336110,336111,51464905.0,Europe,5,,,,,336111,exact,only_2022_mapped
France,333310,333314,51383526.0,Europe,36,,,,,333314,exact,only_2022_mapped
Sweden,333248,333249,51059148.0,Europe,60,,,,,33329A,exact,only_2022_mapped
India,335910,335911,50057588.0,Asia,13,,,,,335911,exact,only_2022_mapped
Indonesia,337126,337125,49513283.0,Asia,18,,,,,33712N,exact,only_2022_mapped
Croatia,333248,333249,49103231.0,Europe,18,,,,,33329A,exact,only_2022_mapped
Israel,333248,333132,47936667.0,Asia,1,,,,,333130,level_5,only_2022_mapped
Belgium,333248,333249,47895310.0,Europe,52,,,,,33329A,exact,only_2022_mapped
United Kingdom,333310,333999,47691200.0,Europe,1,,,,,33399A,exact,only_2022_mapped
China,333248,333999,47030181.0,Asia,12,,,,,33399A,exact,only_2022_mapped
France,333248,333244,46950394.0,Europe,12,,,,,33329A,exact,only_2022_mapped
Italy,333310,333314,46907619.0,Europe,38,,,,,333314,exact,only_2022_mapped
Canada,337126,337124,46822953.0,North_America,13,,,,,33712N,exact,only_2022_mapped
China,333310,334519,46444390.0,Asia,2,,,,,33451A,exact,only_2022_mapped
Lithuania,333310,333314,45671580.0,Europe,23,,,,,333314,exact,only_2022_mapped
Italy,335139,335129,44876857.0,Europe,30,,,,,335120,level_5,only_2022_mapped
Netherlands,333310,333314,44316252.0,Europe,32,,,,,333314,exact,only_2022_mapped
Germany,335132,335122,44280598.0,Europe,12,,,,,335120,level_5,only_2022_mapped
Italy,333310,333316,43850630.0,Europe,40,,,,,333316,exact,only_2022_mapped
Poland,333248,333249,41421202.0,Europe,66,,,,,33329A,exact,only_2022_mapped
Switzerland,333310,333316,41260984.0,Europe,30,,,,,333316,exact,only_2022_mapped
Hungary,333998,333999,40958220.0,Europe,23,,,,,33399A,exact,only_2022_mapped
Vietnam,333248,333242,40823701.0,Asia,3,,,,,333242,exact,only_2022_mapped
Latvia,333310,333314,40510776.0,Europe,16,,,,,333314,exact,only_2022_mapped
Taiwan,335132,335129,40272798.0,Asia,2,,,,,335120,level_5,only_2022_mapped
Italy,333310,333999,39776058.0,Europe,1,,,,,33399A,exact,only_2022_mapped
Japan,333310,334519,39598319.0,Asia,2,,,,,33451A,exact,only_2022_mapped
Colombia,335910,335911,38294743.0,South_America,10,,,,,335911,exact,only_2022_mapped
Germany,333310,334519,37998331.0,Europe,2,,,,,33451A,exact,only_2022_mapped
Philippines,335131,335121,37865300.0,Asia,12,,,,,335120,level_5,only_2022_mapped
Canada,333998,333120,37822721.0,North_America,1,,,,,333120,level_5,only_2022_mapped
Hungary,333310,333318,37536117.0,Europe,26,,,,,333318,exact,only_2022_mapped
Indonesia,333310,333318,37371138.0,Asia,13,,,,,333318,exact,only_2022_mapped
Italy,335910,335911,37131331.0,Europe,17,,,,,335911,exact,only_2022_mapped
Italy,335131,335121,37130922.0,Europe,12,,,,,335120,level_5,only_2022_mapped
United Kingdom,335139,335129,37062369.0,Europe,29,,,,,335120,level_5,only_2022_mapped
Malaysia,337126,337125,37034769.0,Asia,8,,,,,33712N,exact,only_2022_mapped
Canada,333248,333244,36674059.0,North_America,14,,,,,33329A,exact,only_2022_mapped
Hungary,333310,333999,36445848.0,Europe,1,,,,,33399A,exact,only_2022_mapped
Germany,333998,333120,36346947.0,Europe,1,,,,,333120,level_5,only_2022_mapped
Turkey,333248,333249,35804356.0,Europe,80,,,,,33329A,exact,only_2022_mapped
Australia,333248,333249,35731817.0,Oceana,49,,,,,33329A,exact,only_2022_mapped
Poland,335139,335110,34947598.0,Europe,17,,,,,335110,level_5,only_2022_mapped
Greece,335910,335911,34745536.0,Europe,8,,,,,335911,exact,only_2022_mapped
Thailand,335910,335911,34515759.0,Asia,14,,,,,335911,exact,only_2022_mapped
South Africa,333998,333999,34416565.0,Africa,16,,,,,33399A,exact,only_2022_mapped
Romania,333998,333999,34375989.0,Europe,15,,,,,33399A,exact,only_2022_mapped
Switzerland,333248,333242,34214085.0,Europe,4,,,,,333242,exact,only_2022_mapped
Spain,333310,333999,33980863.0,Europe,1,,,,,33399A,exact,only_2022_mapped
Spain,333310,333318,33837021.0,Europe,36,,,,,333318,exact,only_2022_mapped
Sweden,335910,335911,33585458.0,Europe,12,,,,,335911,exact,only_2022_mapped
Japan,333310,332216,33104878.0,Asia,1,,,,,332200,level_4,only_2022_mapped
Israel,333248,333249,32947124.0,Asia,31,,,,,33329A,exact,only_2022_mapped
Philippines,333998,333999,32891601.0,Asia,13,,,,,33399A,exact,only_2022_mapped
United Kingdom,333248,333999,32877800.0,Europe,10,,,,,33399A,exact,only_2022_mapped
Switzerland,333310,334519,32298314.0,Europe,2,,,,,33451A,exact,only_2022_mapped
Slovenia,333998,333999,32260889.0,Europe,21,,,,,33399A,exact,only_2022_mapped
"Korea, South",335139,335129,32175672.0,Asia,24,,,,,335120,level_5,only_2022_mapped
Norway,333998,333999,31672471.0,Europe,16,,,,,33399A,exact,only_2022_mapped
Denmark,333248,333244,31532317.0,Europe,8,,,,,33329A,exact,only_2022_mapped
Vietnam,336110,336111,31353701.0,Asia,2,,,,,336111,exact,only_2022_mapped
Austria,335910,335911,30988748.0,Europe,12,,,,,335911,exact,only_2022_mapped
Philippines,337126,337125,30685997.0,Asia,15,,,,,33712N,exact,only_2022_mapped
Japan,333248,333999,29789216.0,Asia,9,,,,,33399A,exact,only_2022_mapped
Portugal,333248,333249,29646138.0,Europe,47,,,,,33329A,exact,only_2022_mapped
United Arab Emirates,335910,335911,29340811.0,Asia,6,,,,,335911,exact,only_2022_mapped
China,333998,333242,29074421.0,Asia,1,,,,,333242,exact,only_2022_mapped
Japan,335139,335129,28518661.0,Asia,25,,,,,335120,level_5,only_2022_mapped
France,335131,335121,28303873.0,Europe,12,,,,,335120,level_5,only_2022_mapped
Denmark,333310,333318,28036453.0,Europe,24,,,,,333318,exact,only_2022_mapped
Germany,336110,336211,27422989.0,Europe,1,,,,,336211,exact,only_2022_mapped
Singapore,333310,333999,27414492.0,Asia,1,,,,,33399A,exact,only_2022_mapped
Poland,333310,333318,27326396.0,Europe,27,,,,,333318,exact,only_2022_mapped
Spain,335910,335911,27209103.0,Europe,12,,,,,335911,exact,only_2022_mapped
United Kingdom,335132,335122,26990390.0,Europe,12,,,,,335120,level_5,only_2022_mapped
Taiwan,333310,333316,26700139.0,Asia,37,,,,,333316,exact,only_2022_mapped
Netherlands,333310,333316,26579679.0,Europe,31,,,,,333316,exact,only_2022_mapped
Slovenia,333248,333249,26293351.0,Europe,26,,,,,33329A,exact,only_2022_mapped
Canada,333998,333997,26056988.0,North_America,19,,,,,33399A,exact,only_2022_mapped
Poland,335139,335129,25921513.0,Europe,22,,,,,335120,level_5,only_2022_mapped
Taiwan,333248,333243,25805993.0,Asia,2,,,,,33329A,exact,only_2022_mapped
Taiwan,333248,333242,25640268.0,Asia,4,,,,,333242,exact,only_2022_mapped
France,335139,335129,25599871.0,Europe,26,,,,,335120,level_5,only_2022_mapped
Hungary,335139,335110,25481294.0,Europe,13,,,,,335110,level_5,only_2022_mapped
France,333310,333316,25337191.0,Europe,32,,,,,333316,exact,only_2022_mapped
Czech Republic,335139,335129,25269407.0,Europe,19,,,,,335120,level_5,only_2022_mapped
Mexico,337126,337124,25266101.0,North_America,12,,,,,33712N,exact,only_2022_mapped
Brazil,333248,333249,25158813.0,South_America,53,,,,,33329A,exact,only_2022_mapped
China,333310,335220,25117178.0,Asia,4,,,,,335220,exact,only_2022_mapped
Turkey,335910,335911,25047123.0,Europe,11,,,,,335911,exact,only_2022_mapped
Slovakia,333248,333249,24898263.0,Europe,32,,,,,33329A,exact,only_2022_mapped
Netherlands,333248,333244,24747143.0,Europe,14,,,,,33329A,exact,only_2022_mapped
Denmark,333248,333999,24638449.0,Europe,9,,,,,33399A,exact,only_2022_mapped
Spain,333248,333244,24369315.0,Europe,10,,,,,33329A,exact,only_2022_mapped
Japan,333998,333120,24214412.0,Asia,1,,,,,333120,level_5,only_2022_mapped
Estonia,333310,333314,23687750.0,Europe,10,,,,,333314,exact,only_2022_mapped
Norway,333248,333249,23444708.0,Europe,21,,,,,33329A,exact,only_2022_mapped
Canada,335131,335121,23421233.0,North_America,12,,,,,335120,level_5,only_2022_mapped
Sri Lanka,333310,333314,23248095.0,Asia,2,,,,,333314,exact,only_2022_mapped
United Arab Emirates,333998,333999,23211586.0,Asia,20,,,,,33399A,exact,only_2022_mapped
China,333248,333243,23130579.0,Asia,2,,,,,33329A,exact,only_2022_mapped
Vietnam,333310,334519,22806839.0,Asia,2,,,,,33451A,exact,only_2022_mapped
Germany,335132,335129,22781406.0,Europe,2,,,,,335120,level_5,only_2022_mapped
Mexico,337126,337125,22421334.0,North_America,17,,,,,33712N,exact,only_2022_mapped
France,335132,335122,22355533.0,Europe,12,,,,,335120,level_5,only_2022_mapped
Spain,335132,335122,22150904.0,Europe,12,,,,,335120,level_5,only_2022_mapped
Mexico,333248,333999,22038217.0,North_America,8,,,,,33399A,exact,only_2022_mapped
Austria,333310,333316,22037165.0,Europe,22,,,,,333316,exact,only_2022_mapped
New Zealand,333310,333318,21985721.0,Oceana,16,,,,,333318,exact,only_2022_mapped
Finland,333310,333314,21911157.0,Europe,19,,,,,333314,exact,only_2022_mapped
Mexico,335139,335110,21853036.0,North_America,16,,,,,335110,level_5,only_2022_mapped
Germany,333248,333243,21848246.0,Europe,2,,,,,33329A,exact,only_2022_mapped
Sweden,333310,333318,21847361.0,Europe,26,,,,,333318,exact,only_2022_mapped
Malaysia,333310,333999,21544785.0,Asia,1,,,,,33399A,exact,only_2022_mapped
Germany,333998,333242,21527375.0,Europe,1,,,,,333242,exact,only_2022_mapped
Sweden,333310,333316,21474593.0,Europe,29,,,,,333316,exact,only_2022_mapped
Slovakia,333310,333318,21399567.0,Europe,12,,,,,333318,exact,only_2022_mapped
Norway,333310,333316,20679419.0,Europe,10,,,,,333316,exact,only_2022_mapped
Hungary,335139,335129,20638935.0,Europe,17,,,,,335120,level_5,only_2022_mapped
Greece,333310,333314,20595623.0,Europe,13,,,,,333314,exact,only_2022_mapped
Italy,333998,333415,20315898.0,Europe,1,,,,,333415,exact,only_2022_mapped
Mexico,335131,335121,20309140.0,North_America,12,,,,,335120,level_5,only_2022_mapped
Burma,333310,334519,20284716.0,Asia,2,,,,,33451A,exact,only_2022_mapped
United Kingdom,335131,335121,20234007.0,Europe,12,,,,,335120,level_5,only_2022_mapped
Taiwan,333998,333997,20037332.0,Asia,19,,,,,33399A,exact,only_2022_mapped
Estonia,333998,333999,19805341.0,Europe,15,,,,,33399A,exact,only_2022_mapped
India,337126,337124,19798432.0,Asia,10,,,,,33712N,exact,only_2022_mapped
Taiwan,337126,337125,19745791.0,Asia,10,,,,,33712N,exact,only_2022_mapped
India,335132,335129,19699360.0,Asia,2,,,,,335120,level_5,only_2022_mapped
Switzerland,333310,333999,19432207.0,Europe,1,,,,,33399A,exact,only_2022_mapped
Slovakia,333248,333242,19088171.0,Europe,1,,,,,333242,exact,only_2022_mapped
Taiwan,333310,334519,19025997.0,Asia,2,,,,,33451A,exact,only_2022_mapped
Slovenia,335910,335911,18821403.0,Europe,9,,,,,335911,exact,only_2022_mapped
Netherlands,333310,333999,18754373.0,Europe,1,,,,,33399A,exact,only_2022_mapped
Bulgaria,333248,333249,18658380.0,Europe,22,,,,,33329A,exact,only_2022_mapped
Malaysia,333310,333316,18252579.0,Asia,18,,,,,333316,exact,only_2022_mapped
Taiwan,333998,333120,18212954.0,Asia,1,,,,,333120,level_5,only_2022_mapped
Latvia,333248,333244,18201645.0,Europe,4,,,,,33329A,exact,only_2022_mapped
Czech Republic,333310,333318,18085714.0,Europe,26,,,,,333318,exact,only_2022_mapped
Switzerland,335910,335911,17863202.0,Europe,11,,,,,335911,exact,only_2022_mapped
"Korea, South",335139,335110,17565834.0,Asia,18,,,,,335110,level_5,only_2022_mapped
Thailand,333310,332216,17456126.0,Asia,1,,,,,332200,level_4,only_2022_mapped
India,333310,333999,17304033.0,Asia,1,,,,,33399A,exact,only_2022_mapped
Cayman Islands,335910,335911,17084181.0,South_America,2,,,,,335911,exact,only_2022_mapped
Philippines,335139,335110,16978146.0,Asia,10,,,,,335110,level_5,only_2022_mapped
"Korea, South",333998,333120,16764919.0,Asia,1,,,,,333120,level_5,only_2022_mapped
New Zealand,333248,333249,16681878.0,Oceana,31,,,,,33329A,exact,only_2022_mapped
Spain,333310,333316,16515910.0,Europe,26,,,,,333316,exact,only_2022_mapped
Italy,333998,333997,16466325.0,Europe,20,,,,,33399A,exact,only_2022_mapped
United Kingdom,335139,335110,16422008.0,Europe,21,,,,,335110,level_5,only_2022_mapped
Italy,333248,333242,16227983.0,Europe,3,,,,,333242,exact,only_2022_mapped
Germany,333310,332216,16161872.0,Europe,1,,,,,332200,level_4,only_2022_mapped
"Korea, South",336110,336112,16094821.0,Asia,2,,,,,336112,exact,only_2022_mapped
Malaysia,333248,333244,15661080.0,Asia,8,,,,,33329A,exact,only_2022_mapped
Australia,333248,333999,15438860.0,Oceana,8,,,,,33399A,exact,only_2022_mapped
Finland,335139,335129,15339677.0,Europe,18,,,,,335120,level_5,only_2022_mapped
Canada,335139,335110,15237499.0,North_America,19,,,,,335110,level_5,only_2022_mapped
Indonesia,333998,333999,15203871.0,Asia,16,,,,,33399A,exact,only_2022_mapped
Romania,335910,335911,15124258.0,Europe,4,,,,,335911,exact,only_2022_mapped
Spain,333310,334519,15033305.0,Europe,2,,,,,33451A,exact,only_2022_mapped
Israel,333310,333316,14955325.0,Asia,19,,,,,333316,exact,only_2022_mapped
United Kingdom,333998,333997,14810376.0,Europe,18,,,,,33399A,exact,only_2022_mapped
Czech Republic,335910,335911,14805450.0,Europe,13,,,,,335911,exact,only_2022_mapped
Poland,333310,333316,14690639.0,Europe,24,,,,,333316,exact,only_2022_mapped
Malaysia,333310,334519,14563999.0,Asia,1,,,,,33451A,exact,only_2022_mapped
Netherlands,333998,333997,14385181.0,Europe,15,,,,,33399A,exact,only_2022_mapped
Australia,335139,335129,14293037.0,Oceana,22,,,,,335120,level_5,only_2022_mapped
India,335139,335110,14183556.0,Asia,20,,,,,335110,level_5,only_2022_mapped
India,333310,333314,14171232.0,Asia,28,,,,,333314,exact,only_2022_mapped
France,335139,335110,14144543.0,Europe,19,,,,,335110,level_5,only_2022_mapped
Japan,336110,336112,14080167.0,Asia,3,,,,,336112,exact,only_2022_mapped
Taiwan,337126,337124,13947480.0,Asia,10,,,,,33712N,exact,only_2022_mapped
Cambodia,335132,335122,13869730.0,Asia,5,,,,,335120,level_5,only_2022_mapped
Slovakia,335139,335110,13824358.0,Europe,9,,,,,335110,level_5,only_2022_mapped
Australia,333310,333318,13611015.0,Oceana,25,,,,,333318,exact,only_2022_mapped
Belgium,333310,333318,13607645.0,Europe,22,,,,,333318,exact,only_2022_mapped
Denmark,333998,333997,13603092.0,Europe,12,,,,,33399A,exact,only_2022_mapped
Germany,333998,335312,13579000.0,Europe,2,,,,,335312,exact,only_2022_mapped
Thailand,337126,337124,13576626.0,Asia,6,,,,,33712N,exact,only_2022_mapped
Poland,333310,333314,13469767.0,Europe,19,,,,,333314,exact,only_2022_mapped
Italy,333998,333120,13385144.0,Europe,1,,,,,333120,level_5,only_2022_mapped
France,337126,337125,13372412.0,Europe,15,,,,,33712N,exact,only_2022_mapped
United Arab Emirates,333248,333249,13370993.0,Asia,9,,,,,33329A,exact,only_2022_mapped
Israel,333310,333318,13254745.0,Asia,16,,,,,333318,exact,only_2022_mapped
China,333998,333120,13229727.0,Asia,1,,,,,333120,level_5,only_2022_mapped
Hungary,333310,333314,13218206.0,Europe,23,,,,,333314,exact,only_2022_mapped
Turkey,333310,333318,13204916.0,Europe,29,,,,,333318,exact,only_2022_mapped
Indonesia,335139,335110,13177001.0,Asia,8,,,,,335110,level_5,only_2022_mapped
Taiwan,333998,333242,13062556.0,Asia,1,,,,,333242,exact,only_2022_mapped
India,336110,336111,12996182.0,Asia,4,,,,,336111,exact,only_2022_mapped
Taiwan,333248,333244,12916907.0,Asia,10,,,,,33329A,exact,only_2022_mapped
Malaysia,335131,335121,12905587.0,Asia,7,,,,,335120,level_5,only_2022_mapped
Spain,333310,332312,12548445.0,Europe,2,,,,,332310,level_5,only_2022_mapped
Netherlands,335910,335911,12548288.0,Europe,13,,,,,335911,exact,only_2022_mapped
China,333248,333132,12540756.0,Asia,1,,,,,333130,level_5,only_2022_mapped
Taiwan,335132,335122,12512877.0,Asia,12,,,,,335120,level_5,only_2022_mapped
Sweden,333310,333999,12487926.0,Europe,1,,,,,33399A,exact,only_2022_mapped
Mexico,333248,333318,12483108.0,North_America,1,,,,,333318,exact,only_2022_mapped
Portugal,333310,333318,12185236.0,Europe,18,,,,,333318,exact,only_2022_mapped
Sweden,333248,333999,12180341.0,Europe,8,,,,,33399A,exact,only_2022_mapped
Israel,333248,333242,12158886.0,Asia,3,,,,,333242,exact,only_2022_mapped
Bulgaria,333310,333314,12070372.0,Europe,16,,,,,333314,exact,only_2022_mapped
Peru,335910,335911,12035820.0,South_America,5,,,,,335911,exact,only_2022_mapped
Israel,337126,337125,11934916.0,Asia,9,,,,,33712N,exact,only_2022_mapped
Indonesia,333310,333316,11933818.0,Asia,15,,,,,333316,exact,only_2022_mapped
Australia,333310,333314,11805415.0,Oceana,21,,,,,333314,exact,only_2022_mapped
Ireland,335910,335911,11564261.0,Europe,7,,,,,335911,exact,only_2022_mapped
Italy,333248,333243,11492231.0,Europe,2,,,,,33329A,exact,only_2022_mapped
India,333248,333999,11478031.0,Asia,7,,,,,33399A,exact,only_2022_mapped
Saudi Arabia,335910,335911,11439216.0,Asia,4,,,,,335911,exact,only_2022_mapped
Czech Republic,333310,333314,11437186.0,Europe,26,,,,,333314,exact,only_2022_mapped
Japan,335910,335912,11396239.0,Asia,18,,,,,335912,exact,only_2022_mapped
Czech Republic,333248,333999,11361423.0,Europe,6,,,,,33399A,exact,only_2022_mapped
Hungary,333248,333249,11353582.0,Europe,32,,,,,33329A,exact,only_2022_mapped
Latvia,333998,333999,11257691.0,Europe,16,,,,,33399A,exact,only_2022_mapped
Indonesia,335910,335911,11054032.0,Asia,12,,,,,335911,exact,only_2022_mapped
France,333248,333999,11036266.0,Europe,12,,,,,33399A,exact,only_2022_mapped
"Korea, South",333998,333242,10982349.0,Asia,1,,,,,333242,exact,only_2022_mapped
Lithuania,333998,333999,10978269.0,Europe,13,,,,,33399A,exact,only_2022_mapped
India,333310,333316,10819292.0,Asia,18,,,,,333316,exact,only_2022_mapped
New Zealand,333998,333999,10769974.0,Oceana,18,,,,,33399A,exact,only_2022_mapped
Netherlands,333248,333999,10710877.0,Europe,10,,,,,33399A,exact,only_2022_mapped
Italy,335132,335129,10685025.0,Europe,2,,,,,335120,level_5,only_2022_mapped
Australia,333310,333999,10678682.0,Oceana,1,,,,,33399A,exact,only_2022_mapped
Vietnam,333310,333999,10545218.0,Asia,1,,,,,33399A,exact,only_2022_mapped
Spain,333248,333999,10469123.0,Europe,7,,,,,33399A,exact,only_2022_mapped
United Kingdom,333248,333242,10429360.0,Europe,3,,,,,333242,exact,only_2022_mapped
Austria,333310,333318,10380811.0,Europe,25,,,,,333318,exact,only_2022_mapped
China,333248,333318,10083361.0,Asia,1,,,,,333318,exact,only_2022_mapped
Tunisia,333998,333999,10041362.0,Africa,8,,,,,33399A,exact,only_2022_mapped
Vietnam,335132,335129,9842155.0,Asia,2,,,,,335120,level_5,only_2022_mapped
Taiwan,335139,335110,9765497.0,Asia,22,,,,,335110,level_5,only_2022_mapped
Brazil,333310,333318,9696559.0,South_America,23,,,,,333318,exact,only_2022_mapped
Switzerland,333998,333120,9695790.0,Europe,1,,,,,333120,level_5,only_2022_mapped
Portugal,333310,333314,9649427.0,Europe,15,,,,,333314,exact,only_2022_mapped
"Korea, South",333248,333999,9498430.0,Asia,6,,,,,33399A,exact,only_2022_mapped
Czech Republic,333310,333999,9361444.0,Europe,1,,,,,33399A,exact,only_2022_mapped
Portugal,333998,333999,9344317.0,Europe,19,,,,,33399A,exact,only_2022_mapped
Austria,333248,333244,9277768.0,Europe,8,,,,,33329A,exact,only_2022_mapped
United Kingdom,337126,337125,9254053.0,Europe,17,,,,,33712N,exact,only_2022_mapped
India,333248,333243,9236716.0,Asia,2,,,,,33329A,exact,only_2022_mapped
Belgium,333248,333244,9027417.0,Europe,10,,,,,33329A,exact,only_2022_mapped
Singapore,333248,333132,8918767.0,Asia,1,,,,,333130,level_5,only_2022_mapped
Sri Lanka,333998,333997,8837703.0,Asia,9,,,,,33399A,exact,only_2022_mapped
Slovenia,333310,333318,8811680.0,Europe,15,,,,,333318,exact,only_2022_mapped
Thailand,335139,335110,8783686.0,Asia,15,,,,,335110,level_5,only_2022_mapped
New Zealand,333998,333997,8650847.0,Oceana,10,,,,,33399A,exact,only_2022_mapped
Sweden,337126,337124,8639972.0,Europe,7,,,,,33712N,exact,only_2022_mapped
Australia,333310,333316,8601238.0,Oceana,22,,,,,333316,exact,only_2022_mapped
Japan,336110,336120,8562611.0,Asia,4,,,,,336120,level_5,only_2022_mapped
United Kingdom,333998,333120,8555462.0,Europe,1,,,,,333120,level_5,only_2022_mapped
Cambodia,333998,333999,8500638.0,Asia,6,,,,,33399A,exact,only_2022_mapped
Czech Republic,333248,333244,8411058.0,Europe,9,,,,,33329A,exact,only_2022_mapped
Germany,333248,333318,8382039.0,Europe,1,,,,,333318,exact,only_2022_mapped
Poland,333310,333999,8270836.0,Europe,1,,,,,33399A,exact,only_2022_mapped
Cambodia,337126,337125,8210625.0,Asia,9,,,,,33712N,exact,only_2022_mapped
Pakistan,333998,333999,8172752.0,Asia,8,,,,,33399A,exact,only_2022_mapped
Denmark,333310,333316,8126615.0,Europe,16,,,,,333316,exact,only_2022_mapped
Portugal,333248,333244,8016267.0,Europe,5,,,,,33329A,exact,only_2022_mapped
Israel,335910,335911,8006068.0,Asia,10,,,,,335911,exact,only_2022_mapped
Romania,333310,333314,7955948.0,Europe,15,,,,,333314,exact,only_2022_mapped
Israel,335139,335129,7918765.0,Asia,18,,,,,335120,level_5,only_2022_mapped
Italy,333310,335220,7729739.0,Europe,3,,,,,335220,exact,only_2022_mapped
Turkey,337126,337125,7587068.0,Europe,15,,,,,33712N,exact,only_2022_mapped
Norway,335910,335911,7547154.0,Europe,5,,,,,335911,exact,only_2022_mapped
Japan,335132,335129,7534658.0,Asia,2,,,,,335120,level_5,only_2022_mapped
Chile,333998,333999,7400868.0,South_America,14,,,,,33399A,exact,only_2022_mapped
Taiwan,335131,335121,7235564.0,Asia,11,,,,,335120,level_5,only_2022_mapped
Canada,333310,332216,7225353.0,North_America,1,,,,,332200,level_4,only_2022_mapped
Thailand,333310,333999,7222957.0,Asia,1,,,,,33399A,exact,only_2022_mapped
Philippines,335132,335122,7208870.0,Asia,10,,,,,335120,level_5,only_2022_mapped
United Arab Emirates,333310,333318,7165796.0,Asia,9,,,,,333318,exact,only_2022_mapped
"Korea, South",333248,333244,6937626.0,Asia,9,,,,,33329A,exact,only_2022_mapped
Poland,333248,333244,6932074.0,Europe,9,,,,,33329A,exact,only_2022_mapped
Netherlands,335139,335129,6906927.0,Europe,24,,,,,335120,level_5,only_2022_mapped
Poland,337126,337124,6878390.0,Europe,8,,,,,33712N,exact,only_2022_mapped
Germany,333310,333991,6835622.0,Europe,1,,,,,333991,exact,only_2022_mapped
Philippines,335132,335129,6812050.0,Asia,2,,,,,335120,level_5,only_2022_mapped
Bulgaria,333248,333242,6807037.0,Europe,2,,,,,333242,exact,only_2022_mapped
Belgium,333310,333314,6799300.0,Europe,27,,,,,333314,exact,only_2022_mapped
United Kingdom,333998,335312,6772703.0,Europe,2,,,,,335312,exact,only_2022_mapped
Germany,333248,333132,6756715.0,Europe,1,,,,,333130,level_5,only_2022_mapped
Cambodia,337126,337124,6689724.0,Asia,6,,,,,33712N,exact,only_2022_mapped
Singapore,333310,333316,6615512.0,Asia,21,,,,,333316,exact,only_2022_mapped
Finland,333310,333316,6613635.0,Europe,18,,,,,333316,exact,only_2022_mapped
China,333310,333991,6555089.0,Asia,1,,,,,333991,exact,only_2022_mapped
Vietnam,333248,333244,6537293.0,Asia,7,,,,,33329A,exact,only_2022_mapped
Colombia,333998,333999,6512616.0,South_America,15,,,,,33399A,exact,only_2022_mapped
Thailand,335132,335129,6508926.0,Asia,2,,,,,335120,level_5,only_2022_mapped
Italy,335139,335110,6481345.0,Europe,16,,,,,335110,level_5,only_2022_mapped
Mexico,333310,334519,6434306.0,North_America,2,,,,,33451A,exact,only_2022_mapped
Poland,335131,335121,6411736.0,Europe,12,,,,,335120,level_5,only_2022_mapped
United Kingdom,333310,332216,6405167.0,Europe,1,,,,,332200,level_4,only_2022_mapped
Belgium,333310,333999,6395820.0,Europe,1,,,,,33399A,exact,only_2022_mapped
Bulgaria,333310,333318,6346877.0,Europe,11,,,,,333318,exact,only_2022_mapped
Germany,333248,333517,6246192.0,Europe,1,,,,,333517,exact,only_2022_mapped
Germany,333310,335220,6215621.0,Europe,4,,,,,335220,exact,only_2022_mapped
Malaysia,333248,333999,6213277.0,Asia,4,,,,,33399A,exact,only_2022_mapped
"Korea, South",333248,333318,6194489.0,Asia,1,,,,,333318,exact,only_2022_mapped
Vietnam,335139,335110,6162424.0,Asia,10,,,,,335110,level_5,only_2022_mapped
Luxembourg,333248,333249,6105407.0,Europe,18,,,,,33329A,exact,only_2022_mapped
Serbia,333998,333999,6087075.0,Europe,9,,,,,33399A,exact,only_2022_mapped
Sweden,333248,333244,5995786.0,Europe,8,,,,,33329A,exact,only_2022_mapped
Malaysia,337126,337124,5981697.0,Asia,8,,,,,33712N,exact,only_2022_mapped
Poland,333248,333999,5923499.0,Europe,7,,,,,33399A,exact,only_2022_mapped
Argentina,333998,333999,5904271.0,South_America,13,,,,,33399A,exact,only_2022_mapped
Netherlands,333310,332312,5876383.0,Europe,1,,,,,332310,level_5,only_2022_mapped
Belgium,333310,333316,5873412.0,Europe,17,,,,,333316,exact,only_2022_mapped
Turkey,333248,333999,5872746.0,Europe,8,,,,,33399A,exact,only_2022_mapped
Hungary,333310,334519,5839197.0,Europe,2,,,,,33451A,exact,only_2022_mapped
Mexico,333310,332312,5813233.0,North_America,2,,,,,332310,level_5,only_2022_mapped
Switzerland,335139,335129,5759148.0,Europe,20,,,,,335120,level_5,only_2022_mapped
Czech Republic,335139,335110,5744902.0,Europe,14,,,,,335110,level_5,only_2022_mapped
Spain,337126,337125,5721633.0,Europe,14,,,,,33712N,exact,only_2022_mapped
Cambodia,333310,333318,5705443.0,Asia,3,,,,,333318,exact,only_2022_mapped
Indonesia,333310,333314,5680724.0,Asia,15,,,,,333314,exact,only_2022_mapped
New Zealand,333310,333316,5671587.0,Oceana,7,,,,,333316,exact,only_2022_mapped
France,337126,337124,5649774.0,Europe,11,,,,,33712N,exact,only_2022_mapped
India,333998,333997,5585106.0,Asia,17,,,,,33399A,exact,only_2022_mapped
Germany,337126,337124,5568150.0,Europe,11,,,,,33712N,exact,only_2022_mapped
Denmark,335139,335129,5547659.0,Europe,23,,,,,335120,level_5,only_2022_mapped
Canada,333998,335312,5523702.0,North_America,2,,,,,335312,exact,only_2022_mapped
Thailand,333310,334519,5516253.0,Asia,2,,,,,33451A,exact,only_2022_mapped
Hong Kong,335910,335911,5436358.0,Asia,13,,,,,335911,exact,only_2022_mapped
Austria,333310,333999,5405951.0,Europe,1,,,,,33399A,exact,only_2022_mapped
Sweden,333248,333242,5336807.0,Europe,2,,,,,333242,exact,only_2022_mapped
Finland,333310,335220,5310157.0,Europe,1,,,,,335220,exact,only_2022_mapped
Spain,335139,335129,5297793.0,Europe,25,,,,,335120,level_5,only_2022_mapped
Spain,337126,337124,5277342.0,Europe,13,,,,,33712N,exact,only_2022_mapped
China,335910,335912,5260454.0,Asia,27,,,,,335912,exact,only_2022_mapped
Czech Republic,335132,335122,5217635.0,Europe,12,,,,,335120,level_5,only_2022_mapped
Denmark,335131,335121,5166385.0,Europe,12,,,,,335120,level_5,only_2022_mapped
"Korea, South",335132,335122,5067464.0,Asia,11,,,,,335120,level_5,only_2022_mapped
Philippines,333310,334519,5056898.0,Asia,2,,,,,33451A,exact,only_2022_mapped
Mexico,333248,333244,5044696.0,North_America,8,,,,,33329A,exact,only_2022_mapped
India,335132,335122,5036002.0,Asia,12,,,,,335120,level_5,only_2022_mapped
Spain,333310,333314,5027526.0,Europe,18,,,,,333314,exact,only_2022_mapped
"Korea, South",335132,335129,5005413.0,Asia,2,,,,,335120,level_5,only_2022_mapped
United Kingdom,333310,334519,5005335.0,Europe,2,,,,,33451A,exact,only_2022_mapped
France,333248,333242,4995728.0,Europe,2,,,,,333242,exact,only_2022_mapped
Croatia,333310,333318,4979846.0,Europe,8,,,,,333318,exact,only_2022_mapped
Spain,335131,335121,4924873.0,Europe,12,,,,,335120,level_5,only_2022_mapped
Canada,333310,333991,4906448.0,North_America,1,,,,,333991,exact,only_2022_mapped
Turkey,336110,336111,4902534.0,Europe,5,,,,,336111,exact,only_2022_mapped
Cambodia,335132,335129,4885525.0,Asia,2,,,,,335120,level_5,only_2022_mapped
Czech Republic,335131,335121,4844790.0,Europe,12,,,,,335120,level_5,only_2022_mapped
Japan,333248,333243,4762304.0,Asia,2,,,,,33329A,exact,only_2022_mapped
Poland,337126,337125,4734998.0,Europe,14,,,,,33712N,exact,only_2022_mapped
Finland,333248,333243,4640192.0,Europe,2,,,,,33329A,exact,only_2022_mapped
Poland,335132,335122,4631220.0,Europe,12,,,,,335120,level_5,only_2022_mapped
Luxembourg,333310,333316,4624081.0,Europe,1,,,,,333316,exact,only_2022_mapped
Switzerland,333248,333999,4618414.0,Europe,5,,,,,33399A,exact,only_2022_mapped
United Kingdom,335132,335129,4611515.0,Europe,2,,,,,335120,level_5,only_2022_mapped
India,333248,333244,4595323.0,Asia,10,,,,,33329A,exact,only_2022_mapped
Malaysia,333310,335220,4552794.0,Asia,1,,,,,335220,exact,only_2022_mapped
South Africa,333310,333318,4546795.0,Africa,13,,,,,333318,exact,only_2022_mapped
Czech Republic,333310,333316,4522405.0,Europe,10,,,,,333316,exact,only_2022_mapped
Singapore,333310,332216,4461663.0,Asia,1,,,,,332200,level_4,only_2022_mapped
Canada,333998,333242,4422685.0,North_America,1,,,,,333242,exact,only_2022_mapped
France,333998,333120,4401282.0,Europe,1,,,,,333120,level_5,only_2022_mapped
Slovakia,333310,333316,4386050.0,Europe,6,,,,,333316,exact,only_2022_mapped
Netherlands,335131,335121,4363705.0,Europe,12,,,,,335120,level_5,only_2022_mapped
New Zealand,335139,335129,4356153.0,Oceana,12,,,,,335120,level_5,only_2022_mapped
Austria,335139,335129,4331736.0,Europe,22,,,,,335120,level_5,only_2022_mapped
Ireland,333310,333318,4311765.0,Europe,11,,,,,333318,exact,only_2022_mapped
Italy,333248,333517,4294752.0,Europe,1,,,,,333517,exact,only_2022_mapped
Israel,335132,335129,4276789.0,Asia,2,,,,,335120,level_5,only_2022_mapped
"Korea, South",335131,335121,4191055.0,Asia,9,,,,,335120,level_5,only_2022_mapped
Liechtenstein,333998,333999,4180321.0,Europe,6,,,,,33399A,exact,only_2022_mapped
Costa Rica,333998,333999,4177382.0,South_America,10,,,,,33399A,exact,only_2022_mapped
Denmark,333310,333999,4169705.0,Europe,1,,,,,33399A,exact,only_2022_mapped
Cambodia,333310,333316,4141026.0,Asia,3,,,,,333316,exact,only_2022_mapped
Denmark,333310,333314,4124667.0,Europe,27,,,,,333314,exact,only_2022_mapped
Israel,333310,335220,4086199.0,Asia,1,,,,,335220,exact,only_2022_mapped
South Africa,333248,333249,4057362.0,Africa,15,,,,,33329A,exact,only_2022_mapped
Uruguay,335910,335911,3980413.0,South_America,1,,,,,335911,exact,only_2022_mapped
Burma,335139,335129,3966938.0,Asia,7,,,,,335120,level_5,only_2022_mapped
Bulgaria,333998,333999,3962422.0,Europe,11,,,,,33399A,exact,only_2022_mapped
Kazakhstan,333310,333314,3958551.0,Europe,2,,,,,333314,exact,only_2022_mapped
Canada,333310,334519,3953236.0,North_America,2,,,,,33451A,exact,only_2022_mapped
Switzerland,333310,332216,3944366.0,Europe,1,,,,,332200,level_4,only_2022_mapped
Canada,333310,335220,3912018.0,North_America,4,,,,,335220,exact,only_2022_mapped
Ecuador,335910,335911,3900141.0,South_America,8,,,,,335911,exact,only_2022_mapped
Australia,335910,335911,3897018.0,Oceana,9,,,,,335911,exact,only_2022_mapped
"Korea, South",333998,335312,3871019.0,Asia,2,,,,,335312,exact,only_2022_mapped
Thailand,333248,333244,3835159.0,Asia,5,,,,,33329A,exact,only_2022_mapped
Belgium,335132,335122,3829835.0,Europe,12,,,,,335120,level_5,only_2022_mapped
Taiwan,333248,333999,3823713.0,Asia,10,,,,,33399A,exact,only_2022_mapped
United Arab Emirates,335139,335129,3803146.0,Asia,8,,,,,335120,level_5,only_2022_mapped
Brazil,335910,335911,3780330.0,South_America,11,,,,,335911,exact,only_2022_mapped
Austria,335131,335121,3776693.0,Europe,12,,,,,335120,level_5,only_2022_mapped
China,333248,321999,3772257.0,Asia,1,,,,,3219A0,level_5,only_2022_mapped
Austria,333248,333243,3694367.0,Europe,2,,,,,33329A,exact,only_2022_mapped
Netherlands,335132,335122,3687463.0,Europe,12,,,,,335120,level_5,only_2022_mapped
Ukraine,333310,333314,3685620.0,Europe,12,,,,,333314,exact,only_2022_mapped
Poland,333310,335220,3671033.0,Europe,1,,,,,335220,exact,only_2022_mapped
Singapore,335139,335129,3656114.0,Asia,12,,,,,335120,level_5,only_2022_mapped
Finland,333248,333999,3650722.0,Europe,6,,,,,33399A,exact,only_2022_mapped
Slovakia,333248,333244,3650344.0,Europe,6,,,,,33329A,exact,only_2022_mapped
Iceland,333998,333997,3636006.0,Europe,11,,,,,33399A,exact,only_2022_mapped
Luxembourg,333998,333999,3628797.0,Europe,9,,,,,33399A,exact,only_2022_mapped
Brazil,333248,333999,3626469.0,South_America,9,,,,,33399A,exact,only_2022_mapped
Costa Rica,333248,333244,3607132.0,South_America,2,,,,,33329A,exact,only_2022_mapped
France,333998,335312,3596688.0,Europe,2,,,,,335312,exact,only_2022_mapped
Denmark,335132,335122,3592956.0,Europe,12,,,,,335120,level_5,only_2022_mapped
Austria,333998,333120,3556422.0,Europe,1,,,,,333120,level_5,only_2022_mapped
Denmark,335910,335911,3548788.0,Europe,10,,,,,335911,exact,only_2022_mapped
Taiwan,336110,336111,3507468.0,Asia,4,,,,,336111,exact,only_2022_mapped
Ireland,333310,333316,3497820.0,Europe,9,,,,,333316,exact,only_2022_mapped
Philippines,337126,337124,3483583.0,Asia,5,,,,,33712N,exact,only_2022_mapped
Thailand,337126,337125,3478022.0,Asia,11,,,,,33712N,exact,only_2022_mapped
Indonesia,333248,333249,3477686.0,Asia,18,,,,,33329A,exact,only_2022_mapped
Hungary,333310,333316,3430792.0,Europe,14,,,,,333316,exact,only_2022_mapped
Italy,333248,333318,3416351.0,Europe,1,,,,,333318,exact,only_2022_mapped
China,333310,332216,3380468.0,Asia,1,,,,,332200,level_4,only_2022_mapped
Costa Rica,333248,333249,3378776.0,South_America,15,,,,,33329A,exact,only_2022_mapped
Portugal,333998,335312,3355950.0,Europe,1,,,,,335312,exact,only_2022_mapped
Israel,333248,333999,3332135.0,Asia,5,,,,,33399A,exact,only_2022_mapped
Hong Kong,333310,333314,3321976.0,Asia,16,,,,,333314,exact,only_2022_mapped
Romania,333310,333318,3281869.0,Europe,15,,,,,333318,exact,only_2022_mapped
Indonesia,335131,335121,3270262.0,Asia,11,,,,,335120,level_5,only_2022_mapped
Laos,335139,335129,3265804.0,Asia,3,,,,,335120,level_5,only_2022_mapped
Poland,333998,333997,3262362.0,Europe,11,,,,,33399A,exact,only_2022_mapped
Japan,337126,337125,3227990.0,Asia,9,,,,,33712N,exact,only_2022_mapped
China,333998,333415,3194326.0,Asia,1,,,,,333415,exact,only_2022_mapped
Ukraine,336110,336111,3167341.0,Europe,2,,,,,336111,exact,only_2022_mapped
Germany,335910,335912,3125080.0,Europe,5,,,,,335912,exact,only_2022_mapped
Netherlands,333998,335312,3120006.0,Europe,2,,,,,335312,exact,only_2022_mapped
Colombia,333310,333318,3113517.0,South_America,14,,,,,333318,exact,only_2022_mapped
Switzerland,335910,335912,3099301.0,Europe,17,,,,,335912,exact,only_2022_mapped
Canada,333248,333318,3095346.0,North_America,1,,,,,333318,exact,only_2022_mapped
Mexico,335910,335912,3087647.0,North_America,4,,,,,335912,exact,only_2022_mapped
Finland,335132,335122,3040803.0,Europe,12,,,,,335120,level_5,only_2022_mapped
Hong Kong,333310,333318,2992849.0,Asia,14,,,,,333318,exact,only_2022_mapped
Singapore,333248,333244,2964472.0,Asia,5,,,,,33329A,exact,only_2022_mapped
Ireland,333248,333249,2959224.0,Europe,19,,,,,33329A,exact,only_2022_mapped
Sweden,333998,333120,2951926.0,Europe,1,,,,,333120,level_5,only_2022_mapped
Finland,333310,333318,2945928.0,Europe,14,,,,,333318,exact,only_2022_mapped
Australia,335132,335122,2919155.0,Oceana,11,,,,,335120,level_5,only_2022_mapped
Azerbaijan,333310,335220,2908544.0,Europe,2,,,,,335220,exact,only_2022_mapped
Australia,335131,335121,2905669.0,Oceana,12,,,,,335120,level_5,only_2022_mapped
Vietnam,333998,333997,2895737.0,Asia,10,,,,,33399A,exact,only_2022_mapped
Turkey,337126,337124,2882685.0,Europe,11,,,,,33712N,exact,only_2022_mapped
Israel,333310,334519,2881973.0,Asia,2,,,,,33451A,exact,only_2022_mapped
Hungary,333248,333999,2866822.0,Europe,7,,,,,33399A,exact,only_2022_mapped
Switzerland,335139,335110,2866396.0,Europe,13,,,,,335110,level_5,only_2022_mapped
Tunisia,333310,333314,2841835.0,Africa,3,,,,,333314,exact,only_2022_mapped
Czech Republic,335132,335129,2802120.0,Europe,2,,,,,335120,level_5,only_2022_mapped
Romania,335131,335121,2790179.0,Europe,7,,,,,335120,level_5,only_2022_mapped
Germany,337126,337125,2789419.0,Europe,13,,,,,33712N,exact,only_2022_mapped
Vietnam,333998,333242,2787839.0,Asia,1,,,,,333242,exact,only_2022_mapped
China,336110,336120,2782956.0,Asia,2,,,,,336120,level_5,only_2022_mapped
France,333310,334519,2755327.0,Europe,2,,,,,33451A,exact,only_2022_mapped
United Arab Emirates,333248,333244,2734951.0,Asia,2,,,,,33329A,exact,only_2022_mapped
France,333310,335220,2734421.0,Europe,3,,,,,335220,exact,only_2022_mapped
Mexico,333248,333132,2725479.0,North_America,1,,,,,333130,level_5,only_2022_mapped
Belgium,337126,337124,2698194.0,Europe,6,,,,,33712N,exact,only_2022_mapped
Romania,337126,337124,2695316.0,Europe,6,,,,,33712N,exact,only_2022_mapped
Brazil,337126,337125,2689348.0,South_America,11,,,,,33712N,exact,only_2022_mapped
Poland,333248,333243,2668588.0,Europe,2,,,,,33329A,exact,only_2022_mapped
Thailand,333248,333242,2660737.0,Asia,3,,,,,333242,exact,only_2022_mapped
Belgium,333998,333242,2656743.0,Europe,1,,,,,333242,exact,only_2022_mapped
Romania,333248,333249,2652420.0,Europe,21,,,,,33329A,exact,only_2022_mapped
Vietnam,333248,333243,2648593.0,Asia,2,,,,,33329A,exact,only_2022_mapped
Norway,337126,337124,2639058.0,Europe,2,,,,,33712N,exact,only_2022_mapped
France,333998,333997,2630530.0,Europe,14,,,,,33399A,exact,only_2022_mapped
Austria,333310,333921,2629564.0,Europe,1,,,,,333920,level_5,only_2022_mapped
Denmark,337126,337124,2620569.0,Europe,7,,,,,33712N,exact,only_2022_mapped
"Korea, South",333310,334519,2616584.0,Asia,2,,,,,33451A,exact,only_2022_mapped
Brazil,333248,333244,2597989.0,South_America,8,,,,,33329A,exact,only_2022_mapped
Germany,335131,335121,2592100.0,Europe,12,,,,,335120,level_5,only_2022_mapped
Oman,333998,333999,2588992.0,Asia,1,,,,,33399A,exact,only_2022_mapped
Thailand,333248,333999,2547139.0,Asia,6,,,,,33399A,exact,only_2022_mapped
Italy,333998,335312,2530870.0,Europe,2,,,,,335312,exact,only_2022_mapped
France,335132,335129,2526615.0,Europe,2,,,,,335120,level_5,only_2022_mapped
Singapore,333998,333120,2473630.0,Asia,1,,,,,333120,level_5,only_2022_mapped
Malaysia,333998,333242,2459420.0,Asia,1,,,,,333242,exact,only_2022_mapped
Sri Lanka,333998,333999,2454096.0,Asia,3,,,,,33399A,exact,only_2022_mapped
Norway,333248,333999,2437244.0,Europe,5,,,,,33399A,exact,only_2022_mapped
Philippines,333248,333249,2420461.0,Asia,16,,,,,33329A,exact,only_2022_mapped
Brazil,335139,335129,2399395.0,South_America,14,,,,,335120,level_5,only_2022_mapped
Switzerland,335132,335122,2393894.0,Europe,11,,,,,335120,level_5,only_2022_mapped
Philippines,335910,335912,2382438.0,Asia,4,,,,,335912,exact,only_2022_mapped
United Kingdom,333310,332312,2382125.0,Europe,2,,,,,332310,level_5,only_2022_mapped
Singapore,335139,335110,2376893.0,Asia,9,,,,,335110,level_5,only_2022_mapped
Hong Kong,335139,335129,2371975.0,Asia,24,,,,,335120,level_5,only_2022_mapped
Falkland Islands (Islas Malvinas),333248,333244,2367783.0,South_America,1,,,,,33329A,exact,only_2022_mapped
Thailand,333998,333997,2362535.0,Asia,8,,,,,33399A,exact,only_2022_mapped
Serbia,333998,333997,2356669.0,Europe,5,,,,,33399A,exact,only_2022_mapped
Turkey,335139,335129,2349372.0,Europe,21,,,,,335120,level_5,only_2022_mapped
Spain,333998,333997,2335728.0,Europe,8,,,,,33399A,exact,only_2022_mapped
Sweden,333310,334519,2334112.0,Europe,2,,,,,33451A,exact,only_2022_mapped
Philippines,333248,333244,2327420.0,Asia,5,,,,,33329A,exact,only_2022_mapped
Spain,333248,333242,2322959.0,Europe,2,,,,,333242,exact,only_2022_mapped
Slovenia,333310,333999,2321111.0,Europe,1,,,,,33399A,exact,only_2022_mapped
France,333998,333242,2307654.0,Europe,1,,,,,333242,exact,only_2022_mapped
United Kingdom,333998,333242,2299321.0,Europe,1,,,,,333242,exact,only_2022_mapped
Colombia,337126,337125,2297021.0,South_America,8,,,,,33712N,exact,only_2022_mapped
South Africa,333310,333999,2293071.0,Africa,1,,,,,33399A,exact,only_2022_mapped
Slovakia,335910,335911,2258471.0,Europe,3,,,,,335911,exact,only_2022_mapped
Austria,333998,333997,2256312.0,Europe,11,,,,,33399A,exact,only_2022_mapped
Greece,333310,333318,2240989.0,Europe,12,,,,,333318,exact,only_2022_mapped
Sweden,335132,335122,2232660.0,Europe,12,,,,,335120,level_5,only_2022_mapped
Switzerland,333998,333242,2230177.0,Europe,1,,,,,333242,exact,only_2022_mapped
Lithuania,333248,333249,2205853.0,Europe,12,,,,,33329A,exact,only_2022_mapped
San Marino,333248,333249,2199034.0,Europe,5,,,,,33329A,exact,only_2022_mapped
Indonesia,333998,333997,2186279.0,Asia,3,,,,,33399A,exact,only_2022_mapped
Netherlands,333310,335220,2173952.0,Europe,2,,,,,335220,exact,only_2022_mapped
"Korea, South",333310,333991,2148526.0,Asia,1,,,,,333991,exact,only_2022_mapped
South Africa,333310,334519,2147991.0,Africa,2,,,,,33451A,exact,only_2022_mapped
Iceland,333248,333249,2082692.0,Europe,3,,,,,33329A,exact,only_2022_mapped
Sweden,333248,333243,2073813.0,Europe,1,,,,,33329A,exact,only_2022_mapped
Czech Republic,333998,333997,2071744.0,Europe,8,,,,,33399A,exact,only_2022_mapped
Slovakia,333310,333314,2034054.0,Europe,14,,,,,333314,exact,only_2022_mapped
Hungary,333998,333997,2032834.0,Europe,4,,,,,33399A,exact,only_2022_mapped
Czech Republic,333248,333243,2027353.0,Europe,1,,,,,33329A,exact,only_2022_mapped
Ireland,335139,335129,2020993.0,Europe,17,,,,,335120,level_5,only_2022_mapped
Netherlands,335139,335110,2000784.0,Europe,17,,,,,335110,level_5,only_2022_mapped
Netherlands,337126,337125,1998424.0,Europe,14,,,,,33712N,exact,only_2022_mapped
Luxembourg,335910,335911,1954661.0,Europe,3,,,,,335911,exact,only_2022_mapped
Belgium,335139,335129,1953333.0,Europe,21,,,,,335120,level_5,only_2022_mapped
Switzerland,333248,333318,1952348.0,Europe,1,,,,,333318,exact,only_2022_mapped
Hong Kong,333310,333316,1947477.0,Asia,16,,,,,333316,exact,only_2022_mapped
Belgium,335131,335121,1937270.0,Europe,12,,,,,335120,level_5,only_2022_mapped
United Kingdom,337126,337124,1925991.0,Europe,11,,,,,33712N,exact,only_2022_mapped
Austria,335132,335122,1892289.0,Europe,12,,,,,335120,level_5,only_2022_mapped
Israel,333998,333120,1884466.0,Asia,1,,,,,333120,level_5,only_2022_mapped
Singapore,333310,333318,1872256.0,Asia,16,,,,,333318,exact,only_2022_mapped
Poland,333310,332312,1864720.0,Europe,1,,,,,332310,level_5,only_2022_mapped
"Korea, South",337126,337125,1859760.0,Asia,11,,,,,33712N,exact,only_2022_mapped
Malaysia,335132,335129,1855407.0,Asia,2,,,,,335120,level_5,only_2022_mapped
Croatia,333998,333999,1840363.0,Europe,9,,,,,33399A,exact,only_2022_mapped
Netherlands,337126,337124,1826277.0,Europe,10,,,,,33712N,exact,only_2022_mapped
Netherlands,333248,333318,1817588.0,Europe,1,,,,,333318,exact,only_2022_mapped
Bosnia and Herzegovina,333248,333249,1808092.0,Europe,6,,,,,33329A,exact,only_2022_mapped
Sweden,335139,335129,1806743.0,Europe,21,,,,,335120,level_5,only_2022_mapped
Portugal,333310,335220,1781363.0,Europe,2,,,,,335220,exact,only_2022_mapped
Belgium,335139,335110,1777855.0,Europe,14,,,,,335110,level_5,only_2022_mapped
Panama,333310,333999,1766133.0,South_America,1,,,,,33399A,exact,only_2022_mapped
Italy,333998,333242,1759910.0,Europe,1,,,,,333242,exact,only_2022_mapped
Czech Republic,337126,337124,1735031.0,Europe,5,,,,,33712N,exact,only_2022_mapped
Norway,333310,333314,1722085.0,Europe,15,,,,,333314,exact,only_2022_mapped
Turkey,335132,335122,1712849.0,Europe,11,,,,,335120,level_5,only_2022_mapped
Israel,336110,336120,1682968.0,Asia,1,,,,,336120,level_5,only_2022_mapped
India,333998,333120,1668391.0,Asia,1,,,,,333120,level_5,only_2022_mapped
Brazil,335132,335122,1663933.0,South_America,11,,,,,335120,level_5,only_2022_mapped
Hong Kong,333998,333999,1661126.0,Asia,9,,,,,33399A,exact,only_2022_mapped
Romania,333310,333999,1648630.0,Europe,1,,,,,33399A,exact,only_2022_mapped
Lithuania,333310,333991,1640568.0,Europe,1,,,,,333991,exact,only_2022_mapped
Spain,335132,335129,1634476.0,Europe,2,,,,,335120,level_5,only_2022_mapped
Romania,335139,335129,1620333.0,Europe,11,,,,,335120,level_5,only_2022_mapped
Norway,333310,334519,1616459.0,Europe,2,,,,,33451A,exact,only_2022_mapped
Sweden,335131,335121,1616212.0,Europe,12,,,,,335120,level_5,only_2022_mapped
Greece,333998,333999,1615278.0,Europe,12,,,,,33399A,exact,only_2022_mapped
Costa Rica,335910,335911,1596067.0,South_America,5,,,,,335911,exact,only_2022_mapped
Spain,333998,333120,1576706.0,Europe,1,,,,,333120,level_5,only_2022_mapped
Bosnia and Herzegovina,333998,333999,1563221.0,Europe,8,,,,,33399A,exact,only_2022_mapped
United Kingdom,333310,335220,1548460.0,Europe,4,,,,,335220,exact,only_2022_mapped
Belgium,335910,335911,1540339.0,Europe,9,,,,,335911,exact,only_2022_mapped
Thailand,333998,335312,1539665.0,Asia,2,,,,,335312,exact,only_2022_mapped
Latvia,333998,333120,1538321.0,Europe,1,,,,,333120,level_5,only_2022_mapped
Australia,333248,333132,1523704.0,Oceana,1,,,,,333130,level_5,only_2022_mapped
Japan,335132,335122,1523012.0,Asia,12,,,,,335120,level_5,only_2022_mapped
Brunei,333998,333999,1519731.0,Asia,1,,,,,33399A,exact,only_2022_mapped
Ukraine,333998,333999,1511729.0,Europe,12,,,,,33399A,exact,only_2022_mapped
Turkey,335132,335129,1510895.0,Europe,2,,,,,335120,level_5,only_2022_mapped
Netherlands,333248,333132,1503966.0,Europe,1,,,,,333130,level_5,only_2022_mapped
Malaysia,333998,333120,1495263.0,Asia,1,,,,,333120,level_5,only_2022_mapped
Netherlands,333310,333921,1494208.0,Europe,1,,,,,333920,level_5,only_2022_mapped
Turkey,333310,333999,1494100.0,Europe,1,,,,,33399A,exact,only_2022_mapped
Portugal,337126,337125,1490631.0,Europe,13,,,,,33712N,exact,only_2022_mapped
Finland,335131,335121,1488529.0,Europe,12,,,,,335120,level_5,only_2022_mapped
Norway,335132,335122,1486093.0,Europe,9,,,,,335120,level_5,only_2022_mapped
Vietnam,333248,333132,1480698.0,Asia,1,,,,,333130,level_5,only_2022_mapped
Slovenia,333248,333999,1479238.0,Europe,6,,,,,33399A,exact,only_2022_mapped
Brazil,333310,333999,1477890.0,South_America,1,,,,,33399A,exact,only_2022_mapped
Poland,335132,335129,1475613.0,Europe,2,,,,,335120,level_5,only_2022_mapped
Australia,333998,333120,1473318.0,Oceana,1,,,,,333120,level_5,only_2022_mapped
Sweden,333998,333997,1465855.0,Europe,8,,,,,33399A,exact,only_2022_mapped
Belgium,333248,333318,1461048.0,Europe,1,,,,,333318,exact,only_2022_mapped
Denmark,333998,333120,1459024.0,Europe,1,,,,,333120,level_5,only_2022_mapped
Sweden,335139,335110,1458577.0,Europe,12,,,,,335110,level_5,only_2022_mapped
Philippines,333998,333997,1451847.0,Asia,9,,,,,33399A,exact,only_2022_mapped
Argentina,333248,333249,1450325.0,South_America,4,,,,,33329A,exact,only_2022_mapped
Slovakia,333310,334519,1449075.0,Europe,1,,,,,33451A,exact,only_2022_mapped
Brazil,336110,336111,1435642.0,South_America,7,,,,,336111,exact,only_2022_mapped
Romania,333248,333244,1435064.0,Europe,5,,,,,33329A,exact,only_2022_mapped
Turkey,333998,333120,1425745.0,Europe,1,,,,,333120,level_5,only_2022_mapped
Norway,333310,333999,1412596.0,Europe,1,,,,,33399A,exact,only_2022_mapped
Indonesia,335132,335122,1407389.0,Asia,11,,,,,335120,level_5,only_2022_mapped
Serbia,333310,333314,1399634.0,Europe,6,,,,,333314,exact,only_2022_mapped
Denmark,335132,335129,1375695.0,Europe,2,,,,,335120,level_5,only_2022_mapped
Sweden,337126,337125,1369801.0,Europe,11,,,,,33712N,exact,only_2022_mapped
Taiwan,333310,333991,1368053.0,Asia,1,,,,,333991,exact,only_2022_mapped
China,333998,335312,1357278.0,Asia,2,,,,,335312,exact,only_2022_mapped
Philippines,333248,333242,1356934.0,Asia,2,,,,,333242,exact,only_2022_mapped
Malaysia,335139,335110,1353151.0,Asia,9,,,,,335110,level_5,only_2022_mapped
Brazil,337126,337124,1348636.0,South_America,7,,,,,33712N,exact,only_2022_mapped
Macedonia,333310,333318,1335856.0,Europe,1,,,,,333318,exact,only_2022_mapped
Turkey,333310,333314,1335638.0,Europe,14,,,,,333314,exact,only_2022_mapped
Pakistan,335139,335129,1332608.0,Asia,9,,,,,335120,level_5,only_2022_mapped
Switzerland,333248,333243,1331801.0,Europe,1,,,,,33329A,exact,only_2022_mapped
India,333248,333318,1318230.0,Asia,1,,,,,333318,exact,only_2022_mapped
Morocco,335139,335129,1312592.0,Africa,12,,,,,335120,level_5,only_2022_mapped
Netherlands,335132,335129,1305786.0,Europe,2,,,,,335120,level_5,only_2022_mapped
Turkey,333998,335312,1302400.0,Europe,1,,,,,335312,exact,only_2022_mapped
Belgium,333248,333999,1299551.0,Europe,5,,,,,33399A,exact,only_2022_mapped
India,333998,335312,1297182.0,Asia,2,,,,,335312,exact,only_2022_mapped
Mexico,333998,333120,1289946.0,North_America,1,,,,,333120,level_5,only_2022_mapped
Italy,333310,332312,1276879.0,Europe,1,,,,,332310,level_5,only_2022_mapped
Austria,333998,333242,1271955.0,Europe,1,,,,,333242,exact,only_2022_mapped
Bosnia and Herzegovina,333998,333242,1267006.0,Europe,1,,,,,333242,exact,only_2022_mapped
Japan,333998,335312,1251733.0,Asia,2,,,,,335312,exact,only_2022_mapped
United Kingdom,335910,335912,1243027.0,Europe,8,,,,,335912,exact,only_2022_mapped
Malaysia,333248,333132,1236657.0,Asia,1,,,,,333130,level_5,only_2022_mapped
Germany,333310,332312,1227938.0,Europe,2,,,,,332310,level_5,only_2022_mapped
Slovenia,335139,335129,1225107.0,Europe,11,,,,,335120,level_5,only_2022_mapped
Oman,335139,335129,1220765.0,Asia,1,,,,,335120,level_5,only_2022_mapped
Singapore,333310,334519,1204895.0,Asia,2,,,,,33451A,exact,only_2022_mapped
Belgium,335132,335129,1200602.0,Europe,2,,,,,335120,level_5,only_2022_mapped
Ireland,333310,333314,1194346.0,Europe,16,,,,,333314,exact,only_2022_mapped
South Africa,335131,335121,1191336.0,Africa,10,,,,,335120,level_5,only_2022_mapped
United Kingdom,333310,333991,1186959.0,Europe,1,,,,,333991,exact,only_2022_mapped
Austria,333310,334519,1186826.0,Europe,1,,,,,33451A,exact,only_2022_mapped
Portugal,333310,334519,1185701.0,Europe,2,,,,,33451A,exact,only_2022_mapped
Russia,333998,333999,1178043.0,Europe,5,,,,,33399A,exact,only_2022_mapped
Lithuania,337126,337124,1170524.0,Europe,6,,,,,33712N,exact,only_2022_mapped
South Africa,333248,333999,1166354.0,Africa,2,,,,,33399A,exact,only_2022_mapped
Slovakia,333998,333997,1163659.0,Europe,6,,,,,33399A,exact,only_2022_mapped
South Africa,336110,336120,1141654.0,Africa,2,,,,,336120,level_5,only_2022_mapped
Italy,333310,333991,1140254.0,Europe,1,,,,,333991,exact,only_2022_mapped
Austria,335132,335129,1115584.0,Europe,2,,,,,335120,level_5,only_2022_mapped
Denmark,337126,337125,1099705.0,Europe,11,,,,,33712N,exact,only_2022_mapped
Finland,333310,333999,1098786.0,Europe,1,,,,,33399A,exact,only_2022_mapped
Finland,333310,333991,1086557.0,Europe,1,,,,,333991,exact,only_2022_mapped
Luxembourg,333310,333314,1084464.0,Europe,6,,,,,333314,exact,only_2022_mapped
Latvia,333310,333999,1078352.0,Europe,1,,,,,33399A,exact,only_2022_mapped
Portugal,335131,335121,1071331.0,Europe,12,,,,,335120,level_5,only_2022_mapped
Portugal,337126,337124,1064148.0,Europe,9,,,,,33712N,exact,only_2022_mapped
Belgium,337126,337125,1045181.0,Europe,11,,,,,33712N,exact,only_2022_mapped
El Salvador,335910,335911,1045020.0,South_America,2,,,,,335911,exact,only_2022_mapped
Romania,333248,333318,1032782.0,Europe,1,,,,,333318,exact,only_2022_mapped
Portugal,333310,333316,1031927.0,Europe,6,,,,,333316,exact,only_2022_mapped
Ukraine,333310,333999,1024291.0,Europe,1,,,,,33399A,exact,only_2022_mapped
Turkey,333310,335220,1020254.0,Europe,3,,,,,335220,exact,only_2022_mapped
El Salvador,333248,333249,1016515.0,South_America,5,,,,,33329A,exact,only_2022_mapped
Norway,333310,335220,998061.0,Europe,1,,,,,335220,exact,only_2022_mapped
Brazil,333310,333316,994501.0,South_America,8,,,,,333316,exact,only_2022_mapped
Australia,335132,335129,992577.0,Oceana,2,,,,,335120,level_5,only_2022_mapped
Norway,333310,333318,992500.0,Europe,11,,,,,333318,exact,only_2022_mapped
Guyana,333998,333999,990034.0,South_America,2,,,,,33399A,exact,only_2022_mapped
Taiwan,333248,321999,989539.0,Asia,1,,,,,3219A0,level_5,only_2022_mapped
Colombia,336110,336120,985491.0,South_America,1,,,,,336120,level_5,only_2022_mapped
South Africa,335910,335911,975860.0,Africa,6,,,,,335911,exact,only_2022_mapped
Lebanon,335132,335122,972812.0,Asia,7,,,,,335120,level_5,only_2022_mapped
Canada,333310,332312,960051.0,North_America,1,,,,,332310,level_5,only_2022_mapped
Portugal,335132,335122,957388.0,Europe,12,,,,,335120,level_5,only_2022_mapped
Dominican Republic,333998,333999,955606.0,South_America,8,,,,,33399A,exact,only_2022_mapped
Hong Kong,337126,337125,950810.0,Asia,12,,,,,33712N,exact,only_2022_mapped
Portugal,333248,333999,949663.0,Europe,6,,,,,33399A,exact,only_2022_mapped
Slovenia,333248,333244,947416.0,Europe,5,,,,,33329A,exact,only_2022_mapped
Bosnia and Herzegovina,333310,333318,935473.0,Europe,5,,,,,333318,exact,only_2022_mapped
Cambodia,333248,333243,935198.0,Asia,1,,,,,33329A,exact,only_2022_mapped
China,336110,336112,934239.0,Asia,3,,,,,336112,exact,only_2022_mapped
El Salvador,337126,337125,927945.0,South_America,5,,,,,33712N,exact,only_2022_mapped
Taiwan,333248,333132,922884.0,Asia,1,,,,,333130,level_5,only_2022_mapped
Australia,333998,333997,919386.0,Oceana,11,,,,,33399A,exact,only_2022_mapped
Turkey,333310,333316,919183.0,Europe,12,,,,,333316,exact,only_2022_mapped
Austria,333248,333318,896894.0,Europe,1,,,,,333318,exact,only_2022_mapped
Morocco,333998,333999,891878.0,Africa,3,,,,,33399A,exact,only_2022_mapped
Slovenia,335132,335122,888565.0,Europe,7,,,,,335120,level_5,only_2022_mapped
United Kingdom,336110,336112,881597.0,Europe,4,,,,,336112,exact,only_2022_mapped
Mexico,333310,332216,881078.0,North_America,1,,,,,332200,level_4,only_2022_mapped
Mexico,333998,335312,874409.0,North_America,2,,,,,335312,exact,only_2022_mapped
Ireland,335132,335129,867504.0,Europe,2,,,,,335120,level_5,only_2022_mapped
South Africa,333310,333316,855023.0,Africa,10,,,,,333316,exact,only_2022_mapped
Cambodia,335139,335110,854131.0,Asia,6,,,,,335110,level_5,only_2022_mapped
Slovakia,335139,335129,852893.0,Europe,8,,,,,335120,level_5,only_2022_mapped
Ukraine,333310,333318,848811.0,Europe,5,,,,,333318,exact,only_2022_mapped
Canada,333248,333517,846341.0,North_America,1,,,,,333517,exact,only_2022_mapped
Hungary,333998,333120,846161.0,Europe,1,,,,,333120,level_5,only_2022_mapped
Japan,333310,333991,846160.0,Asia,1,,,,,333991,exact,only_2022_mapped
Ireland,335139,335110,844531.0,Europe,7,,,,,335110,level_5,only_2022_mapped
Taiwan,335910,335912,844245.0,Asia,1,,,,,335912,exact,only_2022_mapped
South Africa,333310,333314,842751.0,Africa,15,,,,,333314,exact,only_2022_mapped
Japan,333998,333415,832810.0,Asia,1,,,,,333415,exact,only_2022_mapped
Panama,333310,333316,829634.0,South_America,4,,,,,333316,exact,only_2022_mapped
France,333310,332216,827310.0,Europe,1,,,,,332200,level_4,only_2022_mapped
Indonesia,333310,333999,819504.0,Asia,1,,,,,33399A,exact,only_2022_mapped
Belgium,335910,335912,816224.0,Europe,2,,,,,335912,exact,only_2022_mapped
Latvia,335910,335911,815329.0,Europe,3,,,,,335911,exact,only_2022_mapped
Denmark,333248,333132,807818.0,Europe,1,,,,,333130,level_5,only_2022_mapped
Ireland,333310,333999,803647.0,Europe,1,,,,,33399A,exact,only_2022_mapped
Norway,333998,333120,800222.0,Europe,1,,,,,333120,level_5,only_2022_mapped
China,333248,333517,790620.0,Asia,1,,,,,333517,exact,only_2022_mapped
Pakistan,335131,335121,789700.0,Asia,5,,,,,335120,level_5,only_2022_mapped
Japan,333310,335220,785047.0,Asia,2,,,,,335220,exact,only_2022_mapped
Indonesia,336110,336111,784612.0,Asia,1,,,,,336111,exact,only_2022_mapped
Switzerland,333310,335220,782789.0,Europe,2,,,,,335220,exact,only_2022_mapped
Vietnam,333248,333999,776729.0,Asia,3,,,,,33399A,exact,only_2022_mapped
Latvia,333310,333316,774733.0,Europe,6,,,,,333316,exact,only_2022_mapped
Austria,333310,333991,772205.0,Europe,1,,,,,333991,exact,only_2022_mapped
Netherlands,333998,333120,770429.0,Europe,1,,,,,333120,level_5,only_2022_mapped
Ireland,333998,333120,766341.0,Europe,1,,,,,333120,level_5,only_2022_mapped
Colombia,335139,335129,763575.0,South_America,13,,,,,335120,level_5,only_2022_mapped
Slovakia,333310,333999,757388.0,Europe,1,,,,,33399A,exact,only_2022_mapped
Chile,333248,333244,756178.0,South_America,4,,,,,33329A,exact,only_2022_mapped
Poland,333998,333120,755453.0,Europe,1,,,,,333120,level_5,only_2022_mapped
Belgium,333998,333997,754948.0,Europe,7,,,,,33399A,exact,only_2022_mapped
Estonia,333248,333244,749958.0,Europe,2,,,,,33329A,exact,only_2022_mapped
Finland,333998,333120,748556.0,Europe,1,,,,,333120,level_5,only_2022_mapped
Peru,333248,333999,748208.0,South_America,1,,,,,33399A,exact,only_2022_mapped
Greece,333248,333249,746836.0,Europe,11,,,,,33329A,exact,only_2022_mapped
Ireland,333248,333999,738402.0,Europe,3,,,,,33399A,exact,only_2022_mapped
Slovenia,333310,333991,736698.0,Europe,1,,,,,333991,exact,only_2022_mapped
Denmark,336110,336111,735024.0,Europe,1,,,,,336111,exact,only_2022_mapped
New Zealand,336110,336111,735000.0,Oceana,2,,,,,336111,exact,only_2022_mapped
Thailand,333248,333243,730519.0,Asia,1,,,,,33329A,exact,only_2022_mapped
Switzerland,337126,337124,726704.0,Europe,5,,,,,33712N,exact,only_2022_mapped
Portugal,335910,335911,726258.0,Europe,6,,,,,335911,exact,only_2022_mapped
United Kingdom,333248,333132,721938.0,Europe,1,,,,,333130,level_5,only_2022_mapped
Singapore,333248,333999,721694.0,Asia,5,,,,,33399A,exact,only_2022_mapped
Ukraine,333248,333249,719712.0,Europe,13,,,,,33329A,exact,only_2022_mapped
Taiwan,333998,333415,718098.0,Asia,1,,,,,333415,exact,only_2022_mapped
Iceland,335910,335911,716298.0,Europe,1,,,,,335911,exact,only_2022_mapped
Czech Republic,333998,333242,714293.0,Europe,1,,,,,333242,exact,only_2022_mapped
Estonia,333310,333999,709154.0,Europe,1,,,,,33399A,exact,only_2022_mapped
Taiwan,333310,335220,706250.0,Asia,2,,,,,335220,exact,only_2022_mapped
Panama,333998,333999,696901.0,South_America,5,,,,,33399A,exact,only_2022_mapped
Bahamas,333310,333318,692000.0,South_America,1,,,,,333318,exact,only_2022_mapped
Hong Kong,333998,333997,690909.0,Asia,4,,,,,33399A,exact,only_2022_mapped
Finland,335132,335129,687477.0,Europe,2,,,,,335120,level_5,only_2022_mapped
Denmark,333248,333243,681247.0,Europe,1,,,,,33329A,exact,only_2022_mapped
Slovenia,333310,333314,680032.0,Europe,12,,,,,333314,exact,only_2022_mapped
France,335910,335912,679992.0,Europe,8,,,,,335912,exact,only_2022_mapped
Malaysia,333998,333997,678152.0,Asia,8,,,,,33399A,exact,only_2022_mapped
Nicaragua,337126,337124,671981.0,South_America,3,,,,,33712N,exact,only_2022_mapped
Turkey,335131,335121,670942.0,Europe,12,,,,,335120,level_5,only_2022_mapped
Sierra Leone,333998,333999,660270.0,Africa,5,,,,,33399A,exact,only_2022_mapped
Belgium,333310,332216,652324.0,Europe,1,,,,,332200,level_4,only_2022_mapped
Israel,333998,335312,648622.0,Asia,1,,,,,335312,exact,only_2022_mapped
Denmark,333998,335312,646336.0,Europe,2,,,,,335312,exact,only_2022_mapped
Canada,333998,333415,644658.0,North_America,1,,,,,333415,exact,only_2022_mapped
Czech Republic,333310,334519,636398.0,Europe,2,,,,,33451A,exact,only_2022_mapped
New Zealand,333310,333314,635618.0,Oceana,7,,,,,333314,exact,only_2022_mapped
New Zealand,333248,333999,633946.0,Oceana,3,,,,,33399A,exact,only_2022_mapped
Norway,335139,335129,631980.0,Europe,14,,,,,335120,level_5,only_2022_mapped
South Africa,335139,335129,630975.0,Africa,7,,,,,335120,level_5,only_2022_mapped
Estonia,333248,333249,625202.0,Europe,5,,,,,33329A,exact,only_2022_mapped
Chile,335910,335911,621129.0,South_America,5,,,,,335911,exact,only_2022_mapped
France,333248,333132,618587.0,Europe,1,,,,,333130,level_5,only_2022_mapped
Brazil,333998,333997,612385.0,South_America,10,,,,,33399A,exact,only_2022_mapped
Japan,333310,332312,612313.0,Asia,1,,,,,332310,level_5,only_2022_mapped
Slovakia,333248,333999,607604.0,Europe,4,,,,,33399A,exact,only_2022_mapped
United Kingdom,333248,333318,602522.0,Europe,1,,,,,333318,exact,only_2022_mapped
Hong Kong,335132,335122,600776.0,Asia,10,,,,,335120,level_5,only_2022_mapped
Ireland,335132,335122,600588.0,Europe,6,,,,,335120,level_5,only_2022_mapped
Czech Republic,333998,333120,591607.0,Europe,1,,,,,333120,level_5,only_2022_mapped
Latvia,333310,333318,590006.0,Europe,6,,,,,333318,exact,only_2022_mapped
Denmark,333248,333242,586472.0,Europe,1,,,,,333242,exact,only_2022_mapped
Canada,333248,333242,584635.0,North_America,3,,,,,333242,exact,only_2022_mapped
Spain,333248,333243,583176.0,Europe,2,,,,,33329A,exact,only_2022_mapped
Israel,333998,333997,582457.0,Asia,10,,,,,33399A,exact,only_2022_mapped
"Korea, South",333310,332312,581842.0,Asia,2,,,,,332310,level_5,only_2022_mapped
Bangladesh,333310,333314,576326.0,Asia,3,,,,,333314,exact,only_2022_mapped
Lithuania,333310,333318,575520.0,Europe,9,,,,,333318,exact,only_2022_mapped
Malta,333998,333999,572835.0,Europe,8,,,,,33399A,exact,only_2022_mapped
Nauru,337126,337124,567387.0,Oceana,2,,,,,33712N,exact,only_2022_mapped
Brazil,335132,335129,562102.0,South_America,2,,,,,335120,level_5,only_2022_mapped
India,333310,332216,556418.0,Asia,1,,,,,332200,level_4,only_2022_mapped
Uruguay,333310,333318,554017.0,South_America,2,,,,,333318,exact,only_2022_mapped
Portugal,335139,335129,553514.0,Europe,12,,,,,335120,level_5,only_2022_mapped
Taiwan,333310,332216,552322.0,Asia,1,,,,,332200,level_4,only_2022_mapped
Indonesia,333248,333999,550474.0,Asia,3,,,,,33399A,exact,only_2022_mapped
Morocco,335132,335129,547585.0,Africa,2,,,,,335120,level_5,only_2022_mapped
South Africa,336110,336112,542203.0,Africa,2,,,,,336112,exact,only_2022_mapped
Turkey,333248,333244,538447.0,Europe,5,,,,,33329A,exact,only_2022_mapped
Indonesia,335132,335129,537030.0,Asia,2,,,,,335120,level_5,only_2022_mapped
Czech Republic,333248,333132,535988.0,Europe,1,,,,,333130,level_5,only_2022_mapped
Tunisia,333248,333249,534035.0,Africa,7,,,,,33329A,exact,only_2022_mapped
United Arab Emirates,337126,337125,531713.0,Asia,3,,,,,33712N,exact,only_2022_mapped
Costa Rica,333310,333316,531696.0,South_America,8,,,,,333316,exact,only_2022_mapped
Latvia,335139,335129,530364.0,Europe,9,,,,,335120,level_5,only_2022_mapped
Finland,333998,333997,527975.0,Europe,6,,,,,33399A,exact,only_2022_mapped
Australia,333248,333244,526066.0,Oceana,5,,,,,33329A,exact,only_2022_mapped
Hungary,335132,335122,524959.0,Europe,9,,,,,335120,level_5,only_2022_mapped
Turkey,333248,333318,523309.0,Europe,1,,,,,333318,exact,only_2022_mapped
Malaysia,333310,333991,521633.0,Asia,1,,,,,333991,exact,only_2022_mapped
Ireland,333248,333244,517302.0,Europe,6,,,,,33329A,exact,only_2022_mapped
Czech Republic,333310,333991,511891.0,Europe,1,,,,,333991,exact,only_2022_mapped
Italy,336110,336112,511432.0,Europe,6,,,,,336112,exact,only_2022_mapped
Mexico,333248,333243,510019.0,North_America,2,,,,,33329A,exact,only_2022_mapped
Ukraine,335139,335129,508463.0,Europe,7,,,,,335120,level_5,only_2022_mapped
Switzerland,335132,335129,506891.0,Europe,2,,,,,335120,level_5,only_2022_mapped
Cambodia,333998,333997,505208.0,Asia,1,,,,,33399A,exact,only_2022_mapped
Bulgaria,335910,335911,503215.0,Europe,5,,,,,335911,exact,only_2022_mapped
Israel,336110,336111,500000.0,Asia,1,,,,,336111,exact,only_2022_mapped
Japan,333248,333132,498671.0,Asia,1,,,,,333130,level_5,only_2022_mapped
Greece,335139,335129,497468.0,Europe,15,,,,,335120,level_5,only_2022_mapped
Australia,336110,336111,497437.0,Oceana,3,,,,,336111,exact,only_2022_mapped
United Arab Emirates,333310,333316,495577.0,Asia,5,,,,,333316,exact,only_2022_mapped
Liechtenstein,333310,333314,493861.0,Europe,6,,,,,333314,exact,only_2022_mapped
Germany,336110,336120,493523.0,Europe,1,,,,,336120,level_5,only_2022_mapped
New Zealand,335910,335911,488777.0,Oceana,5,,,,,335911,exact,only_2022_mapped
Serbia,335132,335122,484232.0,Europe,4,,,,,335120,level_5,only_2022_mapped
Hungary,333248,333244,475969.0,Europe,5,,,,,33329A,exact,only_2022_mapped
Singapore,333998,333997,475916.0,Asia,8,,,,,33399A,exact,only_2022_mapped
Switzerland,333310,332312,473952.0,Europe,2,,,,,332310,level_5,only_2022_mapped
Hungary,333998,335312,470639.0,Europe,2,,,,,335312,exact,only_2022_mapped
Liechtenstein,333310,333318,470072.0,Europe,3,,,,,333318,exact,only_2022_mapped
Croatia,335139,335129,469074.0,Europe,5,,,,,335120,level_5,only_2022_mapped
Argentina,335910,335911,466916.0,South_America,4,,,,,335911,exact,only_2022_mapped
Brazil,335131,335121,464585.0,South_America,10,,,,,335120,level_5,only_2022_mapped
Morocco,335131,335121,459891.0,Africa,12,,,,,335120,level_5,only_2022_mapped
Brazil,333310,333314,456697.0,South_America,12,,,,,333314,exact,only_2022_mapped
Poland,333310,333991,455534.0,Europe,1,,,,,333991,exact,only_2022_mapped
Norway,335132,335129,452490.0,Europe,2,,,,,335120,level_5,only_2022_mapped
Denmark,333310,334519,450647.0,Europe,2,,,,,33451A,exact,only_2022_mapped
Colombia,333248,333249,449458.0,South_America,15,,,,,33329A,exact,only_2022_mapped
Serbia,333248,333249,448276.0,Europe,9,,,,,33329A,exact,only_2022_mapped
Singapore,333998,333242,444356.0,Asia,1,,,,,333242,exact,only_2022_mapped
"Korea, South",333310,332216,438877.0,Asia,1,,,,,332200,level_4,only_2022_mapped
Morocco,337126,337125,436970.0,Africa,10,,,,,33712N,exact,only_2022_mapped
Saudi Arabia,333998,333999,431877.0,Asia,6,,,,,33399A,exact,only_2022_mapped
Costa Rica,333248,333999,430922.0,South_America,4,,,,,33399A,exact,only_2022_mapped
Israel,335132,335122,430733.0,Asia,11,,,,,335120,level_5,only_2022_mapped
Hong Kong,335131,335121,430526.0,Asia,12,,,,,335120,level_5,only_2022_mapped
Belgium,333998,333120,430070.0,Europe,1,,,,,333120,level_5,only_2022_mapped
Hong Kong,333248,333249,427741.0,Asia,23,,,,,33329A,exact,only_2022_mapped
India,333310,332312,427602.0,Asia,1,,,,,332310,level_5,only_2022_mapped
Liechtenstein,333248,333249,425506.0,Europe,3,,,,,33329A,exact,only_2022_mapped
Sweden,333310,332312,417259.0,Europe,1,,,,,332310,level_5,only_2022_mapped
"Korea, South",333310,335220,416000.0,Asia,1,,,,,335220,exact,only_2022_mapped
Brazil,336110,336112,414561.0,South_America,3,,,,,336112,exact,only_2022_mapped
Peru,333998,333999,411726.0,South_America,7,,,,,33399A,exact,only_2022_mapped
Argentina,333310,333314,411425.0,South_America,5,,,,,333314,exact,only_2022_mapped
Croatia,335910,335911,409190.0,Europe,2,,,,,335911,exact,only_2022_mapped
Thailand,336110,336112,406951.0,Asia,3,,,,,336112,exact,only_2022_mapped
Chile,335139,335129,405217.0,South_America,2,,,,,335120,level_5,only_2022_mapped
Costa Rica,337126,337124,401775.0,South_America,2,,,,,33712N,exact,only_2022_mapped
Chile,333248,333999,399355.0,South_America,3,,,,,33399A,exact,only_2022_mapped
Argentina,333310,333316,399305.0,South_America,2,,,,,333316,exact,only_2022_mapped
Burma,333310,333314,397550.0,Asia,9,,,,,333314,exact,only_2022_mapped
Australia,333310,332216,395948.0,Oceana,1,,,,,332200,level_4,only_2022_mapped
Singapore,335132,335129,395771.0,Asia,2,,,,,335120,level_5,only_2022_mapped
Argentina,333310,333318,395299.0,South_America,4,,,,,333318,exact,only_2022_mapped
Moldova,333998,333999,395204.0,Europe,1,,,,,33399A,exact,only_2022_mapped
Czech Republic,336110,336111,394709.0,Europe,3,,,,,336111,exact,only_2022_mapped
Estonia,333998,333120,394080.0,Europe,1,,,,,333120,level_5,only_2022_mapped
Belarus,333310,333314,386343.0,Europe,9,,,,,333314,exact,only_2022_mapped
Malaysia,335910,335912,382182.0,Asia,1,,,,,335912,exact,only_2022_mapped
Thailand,333248,333132,380328.0,Asia,1,,,,,333130,level_5,only_2022_mapped
Greece,337126,337124,377228.0,Europe,5,,,,,33712N,exact,only_2022_mapped
Italy,333310,332216,376625.0,Europe,1,,,,,332200,level_4,only_2022_mapped
Morocco,333310,333314,375405.0,Africa,2,,,,,333314,exact,only_2022_mapped
United Kingdom,333248,333243,374451.0,Europe,2,,,,,33329A,exact,only_2022_mapped
Malta,335910,335911,373211.0,Europe,4,,,,,335911,exact,only_2022_mapped
Austria,333310,335220,372547.0,Europe,3,,,,,335220,exact,only_2022_mapped
Dominican Republic,337126,337125,370539.0,South_America,9,,,,,33712N,exact,only_2022_mapped
Austria,335139,335110,367315.0,Europe,8,,,,,335110,level_5,only_2022_mapped
Romania,333248,333999,364784.0,Europe,5,,,,,33399A,exact,only_2022_mapped
Hungary,335131,335121,360181.0,Europe,8,,,,,335120,level_5,only_2022_mapped
Thailand,336110,336120,358801.0,Asia,1,,,,,336120,level_5,only_2022_mapped
Liechtenstein,333998,333242,344355.0,Europe,1,,,,,333242,exact,only_2022_mapped
Romania,335132,335129,341178.0,Europe,2,,,,,335120,level_5,only_2022_mapped
Monaco,333998,333999,340465.0,Europe,1,,,,,33399A,exact,only_2022_mapped
Slovenia,337126,337125,336817.0,Europe,3,,,,,33712N,exact,only_2022_mapped
Bulgaria,337126,337125,334277.0,Europe,4,,,,,33712N,exact,only_2022_mapped
Malaysia,333248,333243,333121.0,Asia,1,,,,,33329A,exact,only_2022_mapped
Hungary,335132,335129,330183.0,Europe,2,,,,,335120,level_5,only_2022_mapped
Malaysia,333310,332312,321890.0,Asia,1,,,,,332310,level_5,only_2022_mapped
"Korea, South",337126,337124,321570.0,Asia,7,,,,,33712N,exact,only_2022_mapped
Hungary,333310,333991,320568.0,Europe,1,,,,,333991,exact,only_2022_mapped
Moldova,333248,333249,319028.0,Europe,4,,,,,33329A,exact,only_2022_mapped
Belgium,333310,334519,318238.0,Europe,2,,,,,33451A,exact,only_2022_mapped
Cyprus,333310,333314,314124.0,Europe,4,,,,,333314,exact,only_2022_mapped
United Arab Emirates,333248,333999,313262.0,Asia,1,,,,,33399A,exact,only_2022_mapped
Bangladesh,335139,335129,312113.0,Asia,4,,,,,335120,level_5,only_2022_mapped
Serbia,333248,333999,310523.0,Europe,1,,,,,33399A,exact,only_2022_mapped
Lebanon,335131,335121,310072.0,Asia,5,,,,,335120,level_5,only_2022_mapped
Sweden,335132,335129,309638.0,Europe,2,,,,,335120,level_5,only_2022_mapped
Canada,335910,335912,308691.0,North_America,1,,,,,335912,exact,only_2022_mapped
Dominican Republic,335910,335911,308152.0,South_America,5,,,,,335911,exact,only_2022_mapped
Portugal,333998,333120,307398.0,Europe,1,,,,,333120,level_5,only_2022_mapped
Thailand,335910,335912,306901.0,Asia,5,,,,,335912,exact,only_2022_mapped
Hungary,337126,337124,305192.0,Europe,3,,,,,33712N,exact,only_2022_mapped
Mexico,333310,333991,304328.0,North_America,1,,,,,333991,exact,only_2022_mapped
Turks and Caicos Islands,333998,333120,303987.0,South_America,1,,,,,333120,level_5,only_2022_mapped
Belgium,333248,333132,300948.0,Europe,1,,,,,333130,level_5,only_2022_mapped
Austria,333310,332216,300136.0,Europe,1,,,,,332200,level_4,only_2022_mapped
Lithuania,335131,335121,299597.0,Europe,5,,,,,335120,level_5,only_2022_mapped
Bosnia and Herzegovina,337126,337124,297546.0,Europe,4,,,,,33712N,exact,only_2022_mapped
Dominican Republic,333310,333316,297132.0,South_America,3,,,,,333316,exact,only_2022_mapped
Portugal,333310,333999,292749.0,Europe,1,,,,,33399A,exact,only_2022_mapped
Hong Kong,337126,337124,292473.0,Asia,9,,,,,33712N,exact,only_2022_mapped
Bangladesh,337126,337125,291201.0,Asia,6,,,,,33712N,exact,only_2022_mapped
Denmark,335139,335110,290096.0,Europe,14,,,,,335110,level_5,only_2022_mapped
Denmark,333310,332216,290000.0,Europe,1,,,,,332200,level_4,only_2022_mapped
Finland,333248,333517,290000.0,Europe,1,,,,,333517,exact,only_2022_mapped
Ecuador,333310,333316,287705.0,South_America,2,,,,,333316,exact,only_2022_mapped
Uruguay,333998,333999,286707.0,South_America,3,,,,,33399A,exact,only_2022_mapped
Slovenia,335132,335129,285713.0,Europe,2,,,,,335120,level_5,only_2022_mapped
Ecuador,333248,333249,281806.0,South_America,5,,,,,33329A,exact,only_2022_mapped
China,333310,332312,280226.0,Asia,2,,,,,332310,level_5,only_2022_mapped
Argentina,335132,335122,279135.0,South_America,9,,,,,335120,level_5,only_2022_mapped
Bulgaria,337126,337124,276469.0,Europe,4,,,,,33712N,exact,only_2022_mapped
Israel,335139,335110,275690.0,Asia,10,,,,,335110,level_5,only_2022_mapped
Morocco,335132,335122,274288.0,Africa,11,,,,,335120,level_5,only_2022_mapped
Estonia,335139,335129,272279.0,Europe,6,,,,,335120,level_5,only_2022_mapped
El Salvador,335132,335122,270555.0,South_America,4,,,,,335120,level_5,only_2022_mapped
Hong Kong,333248,333242,270000.0,Asia,1,,,,,333242,exact,only_2022_mapped
United Kingdom,336110,336120,267475.0,Europe,2,,,,,336120,level_5,only_2022_mapped
Switzerland,337126,337125,267128.0,Europe,3,,,,,33712N,exact,only_2022_mapped
Austria,337126,337124,266267.0,Europe,3,,,,,33712N,exact,only_2022_mapped
Australia,335139,335110,264632.0,Oceana,5,,,,,335110,level_5,only_2022_mapped
Lithuania,337126,337125,264209.0,Europe,6,,,,,33712N,exact,only_2022_mapped
Hong Kong,335132,335129,262620.0,Asia,2,,,,,335120,level_5,only_2022_mapped
New Zealand,337126,337125,261781.0,Oceana,1,,,,,33712N,exact,only_2022_mapped
India,333998,333242,260940.0,Asia,1,,,,,333242,exact,only_2022_mapped
Argentina,336110,336112,260600.0,South_America,2,,,,,336112,exact,only_2022_mapped
Hong Kong,333248,333132,259755.0,Asia,1,,,,,333130,level_5,only_2022_mapped
Slovenia,333310,333316,256829.0,Europe,10,,,,,333316,exact,only_2022_mapped
Georgia,333998,333999,255330.0,Europe,5,,,,,33399A,exact,only_2022_mapped
New Zealand,333310,333999,254903.0,Oceana,1,,,,,33399A,exact,only_2022_mapped
Malta,333310,333999,252945.0,Europe,1,,,,,33399A,exact,only_2022_mapped
United Arab Emirates,335132,335122,252679.0,Asia,6,,,,,335120,level_5,only_2022_mapped
France,333310,333991,252021.0,Europe,1,,,,,333991,exact,only_2022_mapped
Israel,333310,332312,251352.0,Asia,1,,,,,332310,level_5,only_2022_mapped
Australia,336110,336120,250000.0,Oceana,1,,,,,336120,level_5,only_2022_mapped
Sri Lanka,333310,333316,248605.0,Asia,2,,,,,333316,exact,only_2022_mapped
Croatia,335132,335129,247352.0,Europe,2,,,,,335120,level_5,only_2022_mapped
Albania,337126,337125,244906.0,Europe,2,,,,,33712N,exact,only_2022_mapped
Singapore,335910,335912,242875.0,Asia,4,,,,,335912,exact,only_2022_mapped
Turkey,333310,333991,242530.0,Europe,1,,,,,333991,exact,only_2022_mapped
India,333248,333242,240689.0,Asia,3,,,,,333242,exact,only_2022_mapped
Colombia,337126,337124,237969.0,South_America,6,,,,,33712N,exact,only_2022_mapped
Croatia,333310,333316,232903.0,Europe,3,,,,,333316,exact,only_2022_mapped
Dominican Republic,333248,333249,232835.0,South_America,12,,,,,33329A,exact,only_2022_mapped
Sri Lanka,335910,335911,232285.0,Asia,2,,,,,335911,exact,only_2022_mapped
Ireland,333998,333242,231997.0,Europe,1,,,,,333242,exact,only_2022_mapped
Greece,335132,335122,231776.0,Europe,9,,,,,335120,level_5,only_2022_mapped
Germany,333998,333415,231202.0,Europe,1,,,,,333415,exact,only_2022_mapped
Venezuela,333310,333318,230093.0,South_America,1,,,,,333318,exact,only_2022_mapped
Singapore,333310,332312,228749.0,Asia,1,,,,,332310,level_5,only_2022_mapped
Sri Lanka,333310,333318,228209.0,Asia,5,,,,,333318,exact,only_2022_mapped
Romania,333310,333316,225976.0,Europe,4,,,,,333316,exact,only_2022_mapped
Australia,333310,335220,225951.0,Oceana,3,,,,,335220,exact,only_2022_mapped
Vietnam,333998,333120,225261.0,Asia,1,,,,,333120,level_5,only_2022_mapped
Brazil,333248,333243,225038.0,South_America,2,,,,,33329A,exact,only_2022_mapped
Macedonia,333998,333999,224611.0,Europe,5,,,,,33399A,exact,only_2022_mapped
Serbia,333310,333318,222321.0,Europe,3,,,,,333318,exact,only_2022_mapped
China,336110,336211,219215.0,Asia,1,,,,,336211,exact,only_2022_mapped
Finland,335139,335110,219010.0,Europe,7,,,,,335110,level_5,only_2022_mapped
Switzerland,335131,335121,215570.0,Europe,10,,,,,335120,level_5,only_2022_mapped
Estonia,333310,333316,215138.0,Europe,6,,,,,333316,exact,only_2022_mapped
Cambodia,333248,333249,214100.0,Asia,1,,,,,33329A,exact,only_2022_mapped
Bahrain,333998,333999,212464.0,Asia,4,,,,,33399A,exact,only_2022_mapped
Netherlands,333310,332216,212233.0,Europe,1,,,,,332200,level_4,only_2022_mapped
Sri Lanka,333248,333249,210617.0,Asia,4,,,,,33329A,exact,only_2022_mapped
India,336110,336120,208543.0,Asia,1,,,,,336120,level_5,only_2022_mapped
Japan,337126,337124,205570.0,Asia,6,,,,,33712N,exact,only_2022_mapped
Egypt,335132,335122,203342.0,Africa,8,,,,,335120,level_5,only_2022_mapped
Eswatini,333998,333999,202735.0,Africa,3,,,,,33399A,exact,only_2022_mapped
Switzerland,333998,335312,202291.0,Europe,1,,,,,335312,exact,only_2022_mapped
Russia,333310,333314,199303.0,Europe,6,,,,,333314,exact,only_2022_mapped
Dominican Republic,333310,333318,197812.0,South_America,3,,,,,333318,exact,only_2022_mapped
Namibia,333310,333316,197792.0,Africa,1,,,,,333316,exact,only_2022_mapped
Japan,335131,335121,197681.0,Asia,8,,,,,335120,level_5,only_2022_mapped
South Africa,335132,335129,197606.0,Africa,2,,,,,335120,level_5,only_2022_mapped
Greece,333310,335220,197288.0,Europe,3,,,,,335220,exact,only_2022_mapped
South Africa,337126,337125,196302.0,Africa,7,,,,,33712N,exact,only_2022_mapped
Turkey,336110,336120,195239.0,Europe,2,,,,,336120,level_5,only_2022_mapped
Malta,333310,333318,192280.0,Europe,1,,,,,333318,exact,only_2022_mapped
India,333998,333415,192277.0,Asia,1,,,,,333415,exact,only_2022_mapped
Canada,333248,333132,192000.0,North_America,1,,,,,333130,level_5,only_2022_mapped
Romania,333310,334519,191940.0,Europe,1,,,,,33451A,exact,only_2022_mapped
Switzerland,336110,336111,190074.0,Europe,2,,,,,336111,exact,only_2022_mapped
Netherlands,333998,333242,188679.0,Europe,1,,,,,333242,exact,only_2022_mapped
Russia,335139,335129,187611.0,Europe,2,,,,,335120,level_5,only_2022_mapped
Switzerland,333248,333132,187151.0,Europe,1,,,,,333130,level_5,only_2022_mapped
"Korea, South",335910,335912,186592.0,Asia,2,,,,,335912,exact,only_2022_mapped
Poland,336110,336111,186228.0,Europe,3,,,,,336111,exact,only_2022_mapped
Costa Rica,333310,333318,184569.0,South_America,4,,,,,333318,exact,only_2022_mapped
New Zealand,335131,335121,184041.0,Oceana,5,,,,,335120,level_5,only_2022_mapped
Curacao,333998,333999,182336.0,South_America,3,,,,,33399A,exact,only_2022_mapped
Portugal,335132,335129,182103.0,Europe,2,,,,,335120,level_5,only_2022_mapped
Australia,337126,337124,181423.0,Oceana,5,,,,,33712N,exact,only_2022_mapped
France,333248,333318,179282.0,Europe,1,,,,,333318,exact,only_2022_mapped
Norway,333310,332216,177774.0,Europe,1,,,,,332200,level_4,only_2022_mapped
Nicaragua,333248,333249,176434.0,South_America,4,,,,,33329A,exact,only_2022_mapped
Mexico,333248,333242,175967.0,North_America,2,,,,,333242,exact,only_2022_mapped
Italy,333310,333921,175243.0,Europe,1,,,,,333920,level_5,only_2022_mapped
Denmark,333998,333242,173929.0,Europe,1,,,,,333242,exact,only_2022_mapped
Australia,333248,333242,173373.0,Oceana,2,,,,,333242,exact,only_2022_mapped
Finland,337126,337125,172048.0,Europe,6,,,,,33712N,exact,only_2022_mapped
Czech Republic,335910,335912,171900.0,Europe,1,,,,,335912,exact,only_2022_mapped
Nicaragua,333998,333999,171273.0,South_America,3,,,,,33399A,exact,only_2022_mapped
Slovakia,333310,333921,170335.0,Europe,1,,,,,333920,level_5,only_2022_mapped
Russia,333310,333318,170295.0,Europe,3,,,,,333318,exact,only_2022_mapped
Vietnam,336110,336120,169360.0,Asia,1,,,,,336120,level_5,only_2022_mapped
Luxembourg,333310,332216,168830.0,Europe,1,,,,,332200,level_4,only_2022_mapped
South Africa,335132,335122,167494.0,Africa,6,,,,,335120,level_5,only_2022_mapped
Honduras,333998,333999,166136.0,South_America,2,,,,,33399A,exact,only_2022_mapped
Turkey,333998,333997,165386.0,Europe,6,,,,,33399A,exact,only_2022_mapped
Serbia,335139,335129,165380.0,Europe,8,,,,,335120,level_5,only_2022_mapped
Denmark,333998,333415,164737.0,Europe,1,,,,,333415,exact,only_2022_mapped
Tunisia,333310,333318,164560.0,Africa,2,,,,,333318,exact,only_2022_mapped
Australia,336110,336112,163500.0,Oceana,2,,,,,336112,exact,only_2022_mapped
Spain,333248,333132,163398.0,Europe,1,,,,,333130,level_5,only_2022_mapped
Lithuania,333310,333316,163247.0,Europe,6,,,,,333316,exact,only_2022_mapped
Israel,333310,332216,162896.0,Asia,1,,,,,332200,level_4,only_2022_mapped
Saudi Arabia,333310,333999,162836.0,Asia,1,,,,,33399A,exact,only_2022_mapped
Peru,335132,335129,161017.0,South_America,2,,,,,335120,level_5,only_2022_mapped
Morocco,333248,333244,160013.0,Africa,2,,,,,33329A,exact,only_2022_mapped
Ukraine,337126,337125,159550.0,Europe,2,,,,,33712N,exact,only_2022_mapped
Norway,335139,335110,158994.0,Europe,6,,,,,335110,level_5,only_2022_mapped
Luxembourg,333248,333244,158038.0,Europe,5,,,,,33329A,exact,only_2022_mapped
Brazil,335139,335110,156362.0,South_America,5,,,,,335110,level_5,only_2022_mapped
Ecuador,333248,333244,155311.0,South_America,2,,,,,33329A,exact,only_2022_mapped
Ecuador,333248,333318,154941.0,South_America,1,,,,,333318,exact,only_2022_mapped
Germany,333248,321999,152926.0,Europe,1,,,,,3219A0,level_5,only_2022_mapped
Brazil,333310,332216,152837.0,South_America,1,,,,,332200,level_4,only_2022_mapped
Egypt,333998,333999,152805.0,Africa,6,,,,,33399A,exact,only_2022_mapped
Ireland,336110,336111,151941.0,Europe,3,,,,,336111,exact,only_2022_mapped
Estonia,333310,333318,151043.0,Europe,5,,,,,333318,exact,only_2022_mapped
Guatemala,333310,333999,150664.0,South_America,1,,,,,33399A,exact,only_2022_mapped
Greece,337126,337125,150461.0,Europe,6,,,,,33712N,exact,only_2022_mapped
Spain,333310,335220,150213.0,Europe,2,,,,,335220,exact,only_2022_mapped
Thailand,333998,333242,149524.0,Asia,1,,,,,333242,exact,only_2022_mapped
Georgia,333310,333318,148595.0,Europe,2,,,,,333318,exact,only_2022_mapped
Poland,333998,333242,148320.0,Europe,1,,,,,333242,exact,only_2022_mapped
Tunisia,335910,335911,148203.0,Africa,1,,,,,335911,exact,only_2022_mapped
Chile,337126,337124,147121.0,South_America,2,,,,,33712N,exact,only_2022_mapped
Liechtenstein,335139,335110,147011.0,Europe,2,,,,,335110,level_5,only_2022_mapped
Pakistan,335132,335122,146908.0,Asia,9,,,,,335120,level_5,only_2022_mapped
Thailand,336110,336111,146628.0,Asia,2,,,,,336111,exact,only_2022_mapped
Bolivia,333248,333999,143915.0,South_America,1,,,,,33399A,exact,only_2022_mapped
Finland,333998,333242,143258.0,Europe,1,,,,,333242,exact,only_2022_mapped
Bulgaria,335139,335129,140918.0,Europe,10,,,,,335120,level_5,only_2022_mapped
Greece,333248,333999,140809.0,Europe,2,,,,,33399A,exact,only_2022_mapped
Bangladesh,333998,333999,140480.0,Asia,1,,,,,33399A,exact,only_2022_mapped
Chile,333248,333249,140327.0,South_America,5,,,,,33329A,exact,only_2022_mapped
Namibia,333248,333999,140000.0,Africa,1,,,,,33399A,exact,only_2022_mapped
New Zealand,337126,337124,139418.0,Oceana,3,,,,,33712N,exact,only_2022_mapped
Argentina,333310,335220,139181.0,South_America,2,,,,,335220,exact,only_2022_mapped
Hungary,336110,336112,138973.0,Europe,1,,,,,336112,exact,only_2022_mapped
Jordan,335910,335911,138142.0,Asia,1,,,,,335911,exact,only_2022_mapped
Singapore,335132,335122,138047.0,Asia,5,,,,,335120,level_5,only_2022_mapped
Japan,333248,333318,137338.0,Asia,1,,,,,333318,exact,only_2022_mapped
Iceland,333310,333318,137125.0,Europe,3,,,,,333318,exact,only_2022_mapped
Jamaica,335132,335129,137046.0,South_America,2,,,,,335120,level_5,only_2022_mapped
Lithuania,335139,335129,136971.0,Europe,7,,,,,335120,level_5,only_2022_mapped
Turkey,336110,336112,134286.0,Europe,2,,,,,336112,exact,only_2022_mapped
Australia,333248,333243,134117.0,Oceana,1,,,,,33329A,exact,only_2022_mapped
Taiwan,333998,335312,134104.0,Asia,2,,,,,335312,exact,only_2022_mapped
Estonia,335139,335110,133829.0,Europe,1,,,,,335110,level_5,only_2022_mapped
Panama,333310,333318,133379.0,South_America,3,,,,,333318,exact,only_2022_mapped
Dominican Republic,337126,337124,133273.0,South_America,5,,,,,33712N,exact,only_2022_mapped
Slovakia,337126,337125,133142.0,Europe,2,,,,,33712N,exact,only_2022_mapped
Iceland,333248,333244,132819.0,Europe,2,,,,,33329A,exact,only_2022_mapped
Chile,333310,333318,132696.0,South_America,4,,,,,333318,exact,only_2022_mapped
Tonga,335139,335129,132521.0,Oceana,3,,,,,335120,level_5,only_2022_mapped
Hong Kong,333248,333999,132158.0,Asia,3,,,,,33399A,exact,only_2022_mapped
Brazil,333310,333991,131631.0,South_America,1,,,,,333991,exact,only_2022_mapped
Peru,335131,335121,130885.0,South_America,5,,,,,335120,level_5,only_2022_mapped
Estonia,335132,335122,128801.0,Europe,5,,,,,335120,level_5,only_2022_mapped
Costa Rica,333310,333314,128654.0,South_America,4,,,,,333314,exact,only_2022_mapped
Chile,333998,333997,128560.0,South_America,1,,,,,33399A,exact,only_2022_mapped
United Arab Emirates,333310,333999,127680.0,Asia,1,,,,,33399A,exact,only_2022_mapped
Turkey,335910,335912,127125.0,Europe,1,,,,,335912,exact,only_2022_mapped
Ireland,333998,333997,125818.0,Europe,2,,,,,33399A,exact,only_2022_mapped
France,333248,333243,124906.0,Europe,1,,,,,33329A,exact,only_2022_mapped
Belgium,333248,333242,124852.0,Europe,1,,,,,333242,exact,only_2022_mapped
Sierra Leone,333998,333997,124694.0,Africa,1,,,,,33399A,exact,only_2022_mapped
United Arab Emirates,335132,335129,123851.0,Asia,2,,,,,335120,level_5,only_2022_mapped
Vietnam,333248,321999,122510.0,Asia,1,,,,,3219A0,level_5,only_2022_mapped
Timor-Leste,335139,335129,122442.0,Asia,1,,,,,335120,level_5,only_2022_mapped
Romania,337126,337125,121816.0,Europe,4,,,,,33712N,exact,only_2022_mapped
Barbados,333248,333244,121046.0,South_America,2,,,,,33329A,exact,only_2022_mapped
Egypt,335131,335121,120652.0,Africa,10,,,,,335120,level_5,only_2022_mapped
Romania,335139,335110,119585.0,Europe,6,,,,,335110,level_5,only_2022_mapped
India,333310,335220,119050.0,Asia,2,,,,,335220,exact,only_2022_mapped
Chile,335132,335122,119015.0,South_America,3,,,,,335120,level_5,only_2022_mapped
Montserrat,333248,333244,117729.0,South_America,1,,,,,33329A,exact,only_2022_mapped
Hong Kong,333310,333999,116981.0,Asia,1,,,,,33399A,exact,only_2022_mapped
Cyprus,333310,333318,116652.0,Europe,3,,,,,333318,exact,only_2022_mapped
Egypt,335139,335129,116257.0,Africa,7,,,,,335120,level_5,only_2022_mapped
Lebanon,335139,335129,116163.0,Asia,4,,,,,335120,level_5,only_2022_mapped
"Korea, South",333248,333132,115037.0,Asia,1,,,,,333130,level_5,only_2022_mapped
Burma,333310,333316,115035.0,Asia,1,,,,,333316,exact,only_2022_mapped
Hong Kong,333248,333244,113323.0,Asia,4,,,,,33329A,exact,only_2022_mapped
Trinidad and Tobago,335910,335911,113110.0,South_America,2,,,,,335911,exact,only_2022_mapped
Switzerland,333310,333921,112410.0,Europe,1,,,,,333920,level_5,only_2022_mapped
Finland,333248,333318,111825.0,Europe,1,,,,,333318,exact,only_2022_mapped
Bosnia and Herzegovina,337126,337125,111522.0,Europe,2,,,,,33712N,exact,only_2022_mapped
Namibia,333310,333318,111375.0,Africa,1,,,,,333318,exact,only_2022_mapped
Spain,335139,335110,110616.0,Europe,8,,,,,335110,level_5,only_2022_mapped
Ukraine,335132,335122,110409.0,Europe,7,,,,,335120,level_5,only_2022_mapped
El Salvador,333310,333318,109877.0,South_America,4,,,,,333318,exact,only_2022_mapped
Taiwan,333248,333517,109810.0,Asia,1,,,,,333517,exact,only_2022_mapped
Brazil,333310,335220,108640.0,South_America,1,,,,,335220,exact,only_2022_mapped
Niger,333248,333249,108460.0,Africa,1,,,,,33329A,exact,only_2022_mapped
Greece,333998,333120,108245.0,Europe,1,,,,,333120,level_5,only_2022_mapped
Czech Republic,333248,333242,108108.0,Europe,2,,,,,333242,exact,only_2022_mapped
Greece,333248,333318,106460.0,Europe,1,,,,,333318,exact,only_2022_mapped
Bulgaria,333310,333316,105967.0,Europe,8,,,,,333316,exact,only_2022_mapped
Liechtenstein,333310,333316,105624.0,Europe,1,,,,,333316,exact,only_2022_mapped
Panama,333248,333244,105335.0,South_America,2,,,,,33329A,exact,only_2022_mapped
Ireland,335131,335121,105250.0,Europe,6,,,,,335120,level_5,only_2022_mapped
Belgium,333998,335312,102715.0,Europe,2,,,,,335312,exact,only_2022_mapped
Taiwan,333248,333318,102554.0,Asia,1,,,,,333318,exact,only_2022_mapped
Armenia,333998,333999,101889.0,Europe,4,,,,,33399A,exact,only_2022_mapped
Spain,333998,335312,101772.0,Europe,2,,,,,335312,exact,only_2022_mapped
Colombia,335132,335129,101481.0,South_America,2,,,,,335120,level_5,only_2022_mapped
Yemen,337126,337125,100777.0,Asia,3,,,,,33712N,exact,only_2022_mapped
Yemen,337126,337124,100123.0,Asia,2,,,,,33712N,exact,only_2022_mapped
Finland,333248,333244,99769.0,Europe,5,,,,,33329A,exact,only_2022_mapped
Canada,333310,333921,99178.0,North_America,1,,,,,333920,level_5,only_2022_mapped
Uzbekistan,333998,333999,99140.0,Europe,2,,,,,33399A,exact,only_2022_mapped
Romania,336110,336111,98483.0,Europe,2,,,,,336111,exact,only_2022_mapped
"Korea, South",333248,333517,98309.0,Asia,1,,,,,333517,exact,only_2022_mapped
Serbia,335910,335911,96984.0,Europe,5,,,,,335911,exact,only_2022_mapped
Norway,335131,335121,96612.0,Europe,4,,,,,335120,level_5,only_2022_mapped
Latvia,337126,337124,94552.0,Europe,3,,,,,33712N,exact,only_2022_mapped
Lithuania,333248,333244,93681.0,Europe,3,,,,,33329A,exact,only_2022_mapped
Netherlands,333310,334519,93465.0,Europe,1,,,,,33451A,exact,only_2022_mapped
Ireland,335910,335912,92903.0,Europe,1,,,,,335912,exact,only_2022_mapped
New Zealand,335132,335129,92894.0,Oceana,2,,,,,335120,level_5,only_2022_mapped
Luxembourg,333248,333999,92349.0,Europe,1,,,,,33399A,exact,only_2022_mapped
Morocco,333248,333249,91126.0,Africa,2,,,,,33329A,exact,only_2022_mapped
Indonesia,333248,333244,90570.0,Asia,2,,,,,33329A,exact,only_2022_mapped
Philippines,333310,333999,90191.0,Asia,1,,,,,33399A,exact,only_2022_mapped
Somalia,333310,333999,89833.0,Africa,1,,,,,33399A,exact,only_2022_mapped
Montenegro,333998,333999,89719.0,Europe,1,,,,,33399A,exact,only_2022_mapped
Portugal,333998,333997,89644.0,Europe,5,,,,,33399A,exact,only_2022_mapped
Israel,337126,337124,88830.0,Asia,4,,,,,33712N,exact,only_2022_mapped
Ecuador,333998,333999,88643.0,South_America,5,,,,,33399A,exact,only_2022_mapped
Brazil,333998,335312,87796.0,South_America,2,,,,,335312,exact,only_2022_mapped
Hong Kong,333310,334519,87631.0,Asia,2,,,,,33451A,exact,only_2022_mapped
Latvia,336110,336111,87500.0,Europe,2,,,,,336111,exact,only_2022_mapped
Falkland Islands (Islas Malvinas),333998,333999,87487.0,South_America,3,,,,,33399A,exact,only_2022_mapped
Honduras,337126,337125,87410.0,South_America,5,,,,,33712N,exact,only_2022_mapped
Estonia,335910,335911,86509.0,Europe,6,,,,,335911,exact,only_2022_mapped
Australia,337126,337125,86176.0,Oceana,9,,,,,33712N,exact,only_2022_mapped
Peru,333310,333318,86090.0,South_America,5,,,,,333318,exact,only_2022_mapped
Lebanon,337126,337125,85895.0,Asia,4,,,,,33712N,exact,only_2022_mapped
Bangladesh,335910,335911,85857.0,Asia,1,,,,,335911,exact,only_2022_mapped
Hong Kong,335910,335912,85686.0,Asia,7,,,,,335912,exact,only_2022_mapped
Lithuania,333310,335220,85093.0,Europe,1,,,,,335220,exact,only_2022_mapped
Bulgaria,333248,333244,85044.0,Europe,4,,,,,33329A,exact,only_2022_mapped
Liechtenstein,333248,333999,83925.0,Europe,1,,,,,33399A,exact,only_2022_mapped
Lebanon,333998,333999,83890.0,Asia,3,,,,,33399A,exact,only_2022_mapped
Colombia,335131,335121,83883.0,South_America,8,,,,,335120,level_5,only_2022_mapped
Finland,337126,337124,83629.0,Europe,4,,,,,33712N,exact,only_2022_mapped
Guatemala,333998,333999,83311.0,South_America,4,,,,,33399A,exact,only_2022_mapped
Poland,333998,335312,82946.0,Europe,1,,,,,335312,exact,only_2022_mapped
Netherlands,333310,333991,82310.0,Europe,1,,,,,333991,exact,only_2022_mapped
Slovakia,335131,335121,82175.0,Europe,3,,,,,335120,level_5,only_2022_mapped
Argentina,335131,335121,81790.0,South_America,6,,,,,335120,level_5,only_2022_mapped
Albania,335910,335911,81435.0,Europe,1,,,,,335911,exact,only_2022_mapped
Latvia,333248,333249,81021.0,Europe,3,,,,,33329A,exact,only_2022_mapped
Nauru,337126,337125,80679.0,Oceana,2,,,,,33712N,exact,only_2022_mapped
Mexico,333248,321999,80605.0,North_America,1,,,,,3219A0,level_5,only_2022_mapped
Panama,333248,333249,80439.0,South_America,3,,,,,33329A,exact,only_2022_mapped
Netherlands,336110,336112,80001.0,Europe,1,,,,,336112,exact,only_2022_mapped
Luxembourg,335132,335122,79373.0,Europe,1,,,,,335120,level_5,only_2022_mapped
Germany,333310,333921,79365.0,Europe,1,,,,,333920,level_5,only_2022_mapped
Paraguay,333248,333249,79105.0,South_America,1,,,,,33329A,exact,only_2022_mapped
Serbia,333310,335220,78700.0,Europe,1,,,,,335220,exact,only_2022_mapped
Peru,333248,333249,78181.0,South_America,5,,,,,33329A,exact,only_2022_mapped
Colombia,333248,333999,77680.0,South_America,2,,,,,33399A,exact,only_2022_mapped
Finland,333310,334519,77430.0,Europe,2,,,,,33451A,exact,only_2022_mapped
Spain,335910,335912,77382.0,Europe,3,,,,,335912,exact,only_2022_mapped
Israel,335131,335121,77346.0,Asia,9,,,,,335120,level_5,only_2022_mapped
Sweden,333998,333242,77060.0,Europe,1,,,,,333242,exact,only_2022_mapped
Czech Republic,337126,337125,77019.0,Europe,7,,,,,33712N,exact,only_2022_mapped
Greece,335131,335121,76883.0,Europe,7,,,,,335120,level_5,only_2022_mapped
Argentina,333248,333999,76145.0,South_America,4,,,,,33399A,exact,only_2022_mapped
Luxembourg,333310,333318,75952.0,Europe,2,,,,,333318,exact,only_2022_mapped
Romania,333248,333243,75566.0,Europe,1,,,,,33329A,exact,only_2022_mapped
Saudi Arabia,333310,333318,75494.0,Asia,4,,,,,333318,exact,only_2022_mapped
Chile,333998,333415,75307.0,South_America,1,,,,,333415,exact,only_2022_mapped
South Africa,333248,333244,75290.0,Africa,2,,,,,33329A,exact,only_2022_mapped
Central African Republic,333310,333318,75000.0,Africa,1,,,,,333318,exact,only_2022_mapped
Slovakia,337126,337124,74478.0,Europe,1,,,,,33712N,exact,only_2022_mapped
Bangladesh,335131,335121,74223.0,Asia,3,,,,,335120,level_5,only_2022_mapped
Croatia,333248,333244,73732.0,Europe,3,,,,,33329A,exact,only_2022_mapped
Hong Kong,335139,335110,73530.0,Asia,3,,,,,335110,level_5,only_2022_mapped
Mali,333310,333318,73467.0,Africa,2,,,,,333318,exact,only_2022_mapped
Turkmenistan,333998,333999,72984.0,Europe,1,,,,,33399A,exact,only_2022_mapped
Greece,333310,333999,72934.0,Europe,1,,,,,33399A,exact,only_2022_mapped
Bangladesh,333310,333316,72523.0,Asia,2,,,,,333316,exact,only_2022_mapped
Ukraine,335132,335129,72016.0,Europe,1,,,,,335120,level_5,only_2022_mapped
New Zealand,335132,335122,71167.0,Oceana,6,,,,,335120,level_5,only_2022_mapped
Pakistan,333310,333318,70905.0,Asia,3,,,,,333318,exact,only_2022_mapped
Switzerland,333310,333991,70692.0,Europe,1,,,,,333991,exact,only_2022_mapped
Pakistan,333310,333316,70459.0,Asia,1,,,,,333316,exact,only_2022_mapped
Belgium,333248,333243,69881.0,Europe,1,,,,,33329A,exact,only_2022_mapped
Russia,333248,333244,69594.0,Europe,2,,,,,33329A,exact,only_2022_mapped
Ghana,333998,333999,69103.0,Africa,2,,,,,33399A,exact,only_2022_mapped
Kazakhstan,333998,333999,68536.0,Europe,3,,,,,33399A,exact,only_2022_mapped
Bangladesh,335132,335122,68399.0,Asia,4,,,,,335120,level_5,only_2022_mapped
Serbia,333248,333244,67139.0,Europe,1,,,,,33329A,exact,only_2022_mapped
Bulgaria,335132,335129,67062.0,Europe,2,,,,,335120,level_5,only_2022_mapped
Greece,333310,333316,67004.0,Europe,3,,,,,333316,exact,only_2022_mapped
Australia,333310,334519,66805.0,Oceana,2,,,,,33451A,exact,only_2022_mapped
Egypt,337126,337125,66457.0,Africa,5,,,,,33712N,exact,only_2022_mapped
South Africa,337126,337124,65561.0,Africa,5,,,,,33712N,exact,only_2022_mapped
Colombia,333248,333244,65484.0,South_America,3,,,,,33329A,exact,only_2022_mapped
Philippines,333998,333242,65436.0,Asia,1,,,,,333242,exact,only_2022_mapped
Japan,333248,321999,65323.0,Asia,1,,,,,3219A0,level_5,only_2022_mapped
El Salvador,333998,333999,65218.0,South_America,6,,,,,33399A,exact,only_2022_mapped
Israel,333310,333991,65100.0,Asia,1,,,,,333991,exact,only_2022_mapped
Ecuador,333310,333318,65000.0,South_America,1,,,,,333318,exact,only_2022_mapped
Jordan,333248,333249,65000.0,Asia,1,,,,,33329A,exact,only_2022_mapped
Hong Kong,333998,333120,64966.0,Asia,1,,,,,333120,level_5,only_2022_mapped
Lebanon,335132,335129,64920.0,Asia,2,,,,,335120,level_5,only_2022_mapped
Dominican Republic,333248,333244,64899.0,South_America,4,,,,,33329A,exact,only_2022_mapped
San Marino,333998,333999,63842.0,Europe,3,,,,,33399A,exact,only_2022_mapped
Saudi Arabia,336110,336111,63695.0,Asia,1,,,,,336111,exact,only_2022_mapped
Eswatini,335910,335911,63503.0,Africa,1,,,,,335911,exact,only_2022_mapped
Guatemala,337126,337125,63268.0,South_America,4,,,,,33712N,exact,only_2022_mapped
Bulgaria,335132,335122,63208.0,Europe,6,,,,,335120,level_5,only_2022_mapped
Guatemala,335132,335122,63208.0,South_America,4,,,,,335120,level_5,only_2022_mapped
Albania,333248,333249,62477.0,Europe,2,,,,,33329A,exact,only_2022_mapped
Croatia,337126,337124,62193.0,Europe,4,,,,,33712N,exact,only_2022_mapped
Iceland,335139,335110,62156.0,Europe,1,,,,,335110,level_5,only_2022_mapped
Greece,335132,335129,61876.0,Europe,1,,,,,335120,level_5,only_2022_mapped
Turkey,333248,333517,61527.0,Europe,1,,,,,333517,exact,only_2022_mapped
Argentina,333998,333997,60854.0,South_America,2,,,,,33399A,exact,only_2022_mapped
Colombia,333310,333314,60677.0,South_America,6,,,,,333314,exact,only_2022_mapped
Argentina,335139,335129,60591.0,South_America,5,,,,,335120,level_5,only_2022_mapped
Tunisia,335139,335129,60402.0,Africa,5,,,,,335120,level_5,only_2022_mapped
Turks and Caicos Islands,333310,333316,60000.0,South_America,1,,,,,333316,exact,only_2022_mapped
Estonia,337126,337124,59724.0,Europe,2,,,,,33712N,exact,only_2022_mapped
Argentina,336110,336111,59546.0,South_America,1,,,,,336111,exact,only_2022_mapped
Pakistan,337126,337125,59279.0,Asia,4,,,,,33712N,exact,only_2022_mapped
Turkey,333998,333242,59202.0,Europe,1,,,,,333242,exact,only_2022_mapped
Belize,335139,335129,58965.0,South_America,1,,,,,335120,level_5,only_2022_mapped
Vietnam,335910,335912,58878.0,Asia,2,,,,,335912,exact,only_2022_mapped
Cameroon,333310,333314,58711.0,Africa,5,,,,,333314,exact,only_2022_mapped
Croatia,333248,333999,58681.0,Europe,3,,,,,33399A,exact,only_2022_mapped
Saudi Arabia,333248,333249,58451.0,Asia,1,,,,,33329A,exact,only_2022_mapped
Ecuador,337126,337125,58405.0,South_America,2,,,,,33712N,exact,only_2022_mapped
Jordan,333248,333244,58373.0,Asia,1,,,,,33329A,exact,only_2022_mapped
India,335910,335912,58300.0,Asia,1,,,,,335912,exact,only_2022_mapped
Colombia,335132,335122,58023.0,South_America,7,,,,,335120,level_5,only_2022_mapped
Serbia,335132,335129,57867.0,Europe,2,,,,,335120,level_5,only_2022_mapped
Albania,337126,337124,57828.0,Europe,3,,,,,33712N,exact,only_2022_mapped
Guyana,333310,333318,57704.0,South_America,1,,,,,333318,exact,only_2022_mapped
Poland,333248,321999,57609.0,Europe,1,,,,,3219A0,level_5,only_2022_mapped
Malta,337126,337124,56913.0,Europe,1,,,,,33712N,exact,only_2022_mapped
Romania,335132,335122,56742.0,Europe,5,,,,,335120,level_5,only_2022_mapped
Barbados,333310,333318,56667.0,South_America,1,,,,,333318,exact,only_2022_mapped
Nigeria,333998,333997,56655.0,Africa,1,,,,,33399A,exact,only_2022_mapped
Italy,335910,335912,55777.0,Europe,4,,,,,335912,exact,only_2022_mapped
Austria,333248,333132,55636.0,Europe,1,,,,,333130,level_5,only_2022_mapped
Armenia,333310,333314,55132.0,Europe,1,,,,,333314,exact,only_2022_mapped
Tunisia,335139,335110,54908.0,Africa,4,,,,,335110,level_5,only_2022_mapped
Ukraine,333248,333999,54515.0,Europe,1,,,,,33399A,exact,only_2022_mapped
Costa Rica,333248,333242,54000.0,South_America,1,,,,,333242,exact,only_2022_mapped
New Zealand,333248,333244,53928.0,Oceana,4,,,,,33329A,exact,only_2022_mapped
Croatia,335132,335122,53910.0,Europe,5,,,,,335120,level_5,only_2022_mapped
Colombia,333310,333999,53738.0,South_America,1,,,,,33399A,exact,only_2022_mapped
Poland,333248,333132,53656.0,Europe,1,,,,,333130,level_5,only_2022_mapped
Congo (Brazzaville),333248,333249,53341.0,Africa,2,,,,,33329A,exact,only_2022_mapped
Chile,333310,333316,53019.0,South_America,2,,,,,333316,exact,only_2022_mapped
Slovakia,333998,333120,52885.0,Europe,1,,,,,333120,level_5,only_2022_mapped
Morocco,337126,337124,52555.0,Africa,3,,,,,33712N,exact,only_2022_mapped
Argentina,333310,333999,52361.0,South_America,1,,,,,33399A,exact,only_2022_mapped
Denmark,333310,335220,52320.0,Europe,1,,,,,335220,exact,only_2022_mapped
Saudi Arabia,333310,333314,52250.0,Asia,2,,,,,333314,exact,only_2022_mapped
San Marino,333310,333999,52121.0,Europe,1,,,,,33399A,exact,only_2022_mapped
Dominican Republic,336110,336111,52076.0,South_America,1,,,,,336111,exact,only_2022_mapped
Qatar,333310,333314,51920.0,Asia,2,,,,,333314,exact,only_2022_mapped
Serbia,333998,333120,51236.0,Europe,1,,,,,333120,level_5,only_2022_mapped
Costa Rica,333998,333120,50000.0,South_America,1,,,,,333120,level_5,only_2022_mapped
Curacao,333998,333997,50000.0,South_America,1,,,,,33399A,exact,only_2022_mapped
Panama,335910,335911,49999.0,South_America,2,,,,,335911,exact,only_2022_mapped
Finland,333248,333242,49827.0,Europe,1,,,,,333242,exact,only_2022_mapped
Honduras,333248,333249,49468.0,South_America,4,,,,,33329A,exact,only_2022_mapped
Peru,337126,337125,49100.0,South_America,3,,,,,33712N,exact,only_2022_mapped
Bahrain,333248,333249,48814.0,Asia,3,,,,,33329A,exact,only_2022_mapped
Suriname,335910,335911,48262.0,South_America,1,,,,,335911,exact,only_2022_mapped
Mexico,333248,333517,48000.0,North_America,1,,,,,333517,exact,only_2022_mapped
Niger,333310,333999,47097.0,Africa,1,,,,,33399A,exact,only_2022_mapped
Cayman Islands,333310,333314,47000.0,South_America,1,,,,,333314,exact,only_2022_mapped
Luxembourg,333248,333243,46705.0,Europe,1,,,,,33329A,exact,only_2022_mapped
Chile,333310,334519,46660.0,South_America,1,,,,,33451A,exact,only_2022_mapped
Denmark,333310,333991,46566.0,Europe,1,,,,,333991,exact,only_2022_mapped
Dominican Republic,333248,333999,46540.0,South_America,1,,,,,33399A,exact,only_2022_mapped
Algeria,333998,333999,46447.0,Africa,1,,,,,33399A,exact,only_2022_mapped
Serbia,335910,335912,46144.0,Europe,1,,,,,335912,exact,only_2022_mapped
Trinidad and Tobago,333998,333999,46041.0,South_America,4,,,,,33399A,exact,only_2022_mapped
Pakistan,333248,333249,45842.0,Asia,3,,,,,33329A,exact,only_2022_mapped
Argentina,337126,337124,45835.0,South_America,3,,,,,33712N,exact,only_2022_mapped
Lithuania,333248,333243,45616.0,Europe,1,,,,,33329A,exact,only_2022_mapped
United Arab Emirates,333310,333314,45282.0,Asia,6,,,,,333314,exact,only_2022_mapped
Bulgaria,333248,333999,45248.0,Europe,5,,,,,33399A,exact,only_2022_mapped
Austria,337126,337125,44866.0,Europe,5,,,,,33712N,exact,only_2022_mapped
Ukraine,337126,337124,44474.0,Europe,2,,,,,33712N,exact,only_2022_mapped
Sweden,333248,333318,44400.0,Europe,1,,,,,333318,exact,only_2022_mapped
Egypt,335910,335911,43625.0,Africa,3,,,,,335911,exact,only_2022_mapped
Vietnam,333310,332312,43380.0,Asia,1,,,,,332310,level_5,only_2022_mapped
Philippines,333248,333999,43124.0,Asia,2,,,,,33399A,exact,only_2022_mapped
Denmark,333310,332312,43052.0,Europe,1,,,,,332310,level_5,only_2022_mapped
Chile,333310,332216,42953.0,South_America,1,,,,,332200,level_4,only_2022_mapped
Latvia,335131,335121,42622.0,Europe,3,,,,,335120,level_5,only_2022_mapped
Saudi Arabia,333310,334519,42036.0,Asia,1,,,,,33451A,exact,only_2022_mapped
Costa Rica,336110,336112,42000.0,South_America,2,,,,,336112,exact,only_2022_mapped
Monaco,333310,333318,41958.0,Europe,1,,,,,333318,exact,only_2022_mapped
Brazil,333998,333120,41552.0,South_America,1,,,,,333120,level_5,only_2022_mapped
Lithuania,335910,335911,41102.0,Europe,3,,,,,335911,exact,only_2022_mapped
Laos,333998,333999,40923.0,Asia,2,,,,,33399A,exact,only_2022_mapped
Lithuania,333248,333999,40082.0,Europe,1,,,,,33399A,exact,only_2022_mapped
Georgia,333248,333999,40000.0,Europe,1,,,,,33399A,exact,only_2022_mapped
New Zealand,333248,333243,39790.0,Oceana,1,,,,,33329A,exact,only_2022_mapped
Tunisia,333310,333999,39631.0,Africa,1,,,,,33399A,exact,only_2022_mapped
"Korea, South",333248,333243,39483.0,Asia,2,,,,,33329A,exact,only_2022_mapped
Malaysia,333248,333318,39360.0,Asia,1,,,,,333318,exact,only_2022_mapped
Italy,333248,333132,39339.0,Europe,1,,,,,333130,level_5,only_2022_mapped
Italy,333310,334519,39219.0,Europe,2,,,,,33451A,exact,only_2022_mapped
Turkey,335139,335110,39095.0,Europe,3,,,,,335110,level_5,only_2022_mapped
Morocco,335910,335911,39011.0,Africa,1,,,,,335911,exact,only_2022_mapped
New Caledonia,337126,337125,38583.0,Oceana,2,,,,,33712N,exact,only_2022_mapped
Slovenia,337126,337124,38332.0,Europe,3,,,,,33712N,exact,only_2022_mapped
Romania,333998,333120,38104.0,Europe,1,,,,,333120,level_5,only_2022_mapped
Djibouti,333998,333999,37905.0,Africa,1,,,,,33399A,exact,only_2022_mapped
Ireland,337126,337125,37801.0,Europe,2,,,,,33712N,exact,only_2022_mapped
Luxembourg,337126,337125,37750.0,Europe,1,,,,,33712N,exact,only_2022_mapped
Poland,333248,333242,37346.0,Europe,1,,,,,333242,exact,only_2022_mapped
Slovenia,335131,335121,37110.0,Europe,3,,,,,335120,level_5,only_2022_mapped
Ukraine,335131,335121,36942.0,Europe,8,,,,,335120,level_5,only_2022_mapped
Latvia,333310,334519,36694.0,Europe,2,,,,,33451A,exact,only_2022_mapped
Malta,333248,333249,36298.0,Europe,2,,,,,33329A,exact,only_2022_mapped
Eswatini,333310,333318,36232.0,Africa,1,,,,,333318,exact,only_2022_mapped
Croatia,337126,337125,35787.0,Europe,4,,,,,33712N,exact,only_2022_mapped
Singapore,337126,337124,35707.0,Asia,3,,,,,33712N,exact,only_2022_mapped
Russia,335139,335110,35512.0,Europe,2,,,,,335110,level_5,only_2022_mapped
San Marino,333310,333318,35388.0,Europe,3,,,,,333318,exact,only_2022_mapped
Georgia,333310,333314,35332.0,Europe,6,,,,,333314,exact,only_2022_mapped
Burma,337126,337125,35071.0,Asia,2,,,,,33712N,exact,only_2022_mapped
Slovakia,335132,335129,34993.0,Europe,2,,,,,335120,level_5,only_2022_mapped
Bulgaria,335131,335121,34691.0,Europe,4,,,,,335120,level_5,only_2022_mapped
Japan,333248,333517,34288.0,Asia,1,,,,,333517,exact,only_2022_mapped
Hong Kong,333998,333242,34155.0,Asia,1,,,,,333242,exact,only_2022_mapped
Liechtenstein,333310,333999,34085.0,Europe,1,,,,,33399A,exact,only_2022_mapped
Lithuania,335132,335122,33314.0,Europe,5,,,,,335120,level_5,only_2022_mapped
Spain,333310,333991,32942.0,Europe,1,,,,,333991,exact,only_2022_mapped
Lebanon,333310,333318,32900.0,Asia,1,,,,,333318,exact,only_2022_mapped
Slovakia,333248,333243,32695.0,Europe,1,,,,,33329A,exact,only_2022_mapped
San Marino,333248,333243,32590.0,Europe,1,,,,,33329A,exact,only_2022_mapped
Serbia,337126,337125,32523.0,Europe,2,,,,,33712N,exact,only_2022_mapped
South Africa,333998,333120,32085.0,Africa,1,,,,,333120,level_5,only_2022_mapped
Indonesia,335910,335912,31919.0,Asia,1,,,,,335912,exact,only_2022_mapped
Egypt,333310,333316,31729.0,Africa,2,,,,,333316,exact,only_2022_mapped
Russia,335132,335122,31165.0,Europe,1,,,,,335120,level_5,only_2022_mapped
Greece,333248,333244,31143.0,Europe,2,,,,,33329A,exact,only_2022_mapped
Liberia,333998,335312,30951.0,Africa,1,,,,,335312,exact,only_2022_mapped
Slovenia,333998,333120,30951.0,Europe,1,,,,,333120,level_5,only_2022_mapped
St Vincent and the Grenadines,333310,333318,30884.0,South_America,1,,,,,333318,exact,only_2022_mapped
Bermuda,333310,333316,30550.0,South_America,1,,,,,333316,exact,only_2022_mapped
Latvia,333310,332216,30000.0,Europe,1,,,,,332200,level_4,only_2022_mapped
Czech Republic,333310,332312,29770.0,Europe,1,,,,,332310,level_5,only_2022_mapped
Turkey,333248,333132,29768.0,Europe,1,,,,,333130,level_5,only_2022_mapped
Norway,335910,335912,29538.0,Europe,1,,,,,335912,exact,only_2022_mapped
New Zealand,333998,333120,29129.0,Oceana,1,,,,,333120,level_5,only_2022_mapped
Barbados,333248,333249,28605.0,South_America,1,,,,,33329A,exact,only_2022_mapped
Lebanon,333998,333120,28278.0,Asia,1,,,,,333120,level_5,only_2022_mapped
Trinidad and Tobago,333248,333249,28216.0,South_America,1,,,,,33329A,exact,only_2022_mapped
El Salvador,335132,335129,28192.0,South_America,2,,,,,335120,level_5,only_2022_mapped
Guatemala,335131,335121,28161.0,South_America,3,,,,,335120,level_5,only_2022_mapped
Singapore,333248,333243,27919.0,Asia,1,,,,,33329A,exact,only_2022_mapped
Argentina,337126,337125,27838.0,South_America,3,,,,,33712N,exact,only_2022_mapped
Nigeria,333998,333999,27777.0,Africa,1,,,,,33399A,exact,only_2022_mapped
Trinidad and Tobago,333310,333999,27457.0,South_America,1,,,,,33399A,exact,only_2022_mapped
Iceland,333998,333999,27404.0,Europe,4,,,,,33399A,exact,only_2022_mapped
Slovenia,333248,333243,26983.0,Europe,1,,,,,33329A,exact,only_2022_mapped
El Salvador,333248,333999,26942.0,South_America,2,,,,,33399A,exact,only_2022_mapped
Bulgaria,333248,333243,26799.0,Europe,1,,,,,33329A,exact,only_2022_mapped
Dominican Republic,333310,333314,26600.0,South_America,2,,,,,333314,exact,only_2022_mapped
Malta,335139,335129,26598.0,Europe,2,,,,,335120,level_5,only_2022_mapped
Latvia,333998,333242,26320.0,Europe,1,,,,,333242,exact,only_2022_mapped
Paraguay,333310,333318,26251.0,South_America,1,,,,,333318,exact,only_2022_mapped
Georgia,333310,333316,25641.0,Europe,2,,,,,333316,exact,only_2022_mapped
St Helena,333310,333314,25471.0,Africa,3,,,,,333314,exact,only_2022_mapped
Jordan,333998,333999,25311.0,Asia,1,,,,,33399A,exact,only_2022_mapped
Honduras,333998,333997,25140.0,South_America,1,,,,,33399A,exact,only_2022_mapped
Latvia,335132,335122,25056.0,Europe,4,,,,,335120,level_5,only_2022_mapped
Georgia,337126,337125,25019.0,Europe,1,,,,,33712N,exact,only_2022_mapped
Panama,336110,336211,25000.0,South_America,1,,,,,336211,exact,only_2022_mapped
Poland,333998,333415,24968.0,Europe,1,,,,,333415,exact,only_2022_mapped
Bahamas,335910,335911,24967.0,South_America,2,,,,,335911,exact,only_2022_mapped
Sweden,333248,333132,24890.0,Europe,1,,,,,333130,level_5,only_2022_mapped
Canada,333248,321999,24741.0,North_America,1,,,,,3219A0,level_5,only_2022_mapped
Honduras,333310,333318,24629.0,South_America,3,,,,,333318,exact,only_2022_mapped
San Marino,333248,333999,24559.0,Europe,1,,,,,33399A,exact,only_2022_mapped
Thailand,333248,321999,24300.0,Asia,1,,,,,3219A0,level_5,only_2022_mapped
Taiwan,333310,332312,24293.0,Asia,1,,,,,332310,level_5,only_2022_mapped
Egypt,333310,333314,24262.0,Africa,1,,,,,333314,exact,only_2022_mapped
Sierra Leone,335910,335911,24261.0,Africa,2,,,,,335911,exact,only_2022_mapped
Serbia,333310,333999,23889.0,Europe,1,,,,,33399A,exact,only_2022_mapped
Qatar,333998,333999,23796.0,Asia,2,,,,,33399A,exact,only_2022_mapped
Iceland,333310,333314,23700.0,Europe,1,,,,,333314,exact,only_2022_mapped
Argentina,335132,335129,23420.0,South_America,2,,,,,335120,level_5,only_2022_mapped
Morocco,333310,333318,23354.0,Africa,2,,,,,333318,exact,only_2022_mapped
Netherlands,333248,333243,23315.0,Europe,1,,,,,33329A,exact,only_2022_mapped
Bosnia and Herzegovina,335132,335122,23268.0,Europe,2,,,,,335120,level_5,only_2022_mapped
Jamaica,335139,335129,22878.0,South_America,1,,,,,335120,level_5,only_2022_mapped
Estonia,333248,333243,22872.0,Europe,1,,,,,33329A,exact,only_2022_mapped
Croatia,333998,333997,22452.0,Europe,2,,,,,33399A,exact,only_2022_mapped
Dominican Republic,335139,335129,22322.0,South_America,8,,,,,335120,level_5,only_2022_mapped
Haiti,337126,337125,22123.0,South_America,1,,,,,33712N,exact,only_2022_mapped
France,333998,333415,22081.0,Europe,1,,,,,333415,exact,only_2022_mapped
Trinidad and Tobago,333310,333316,21914.0,South_America,2,,,,,333316,exact,only_2022_mapped
India,333310,334519,21864.0,Asia,1,,,,,33451A,exact,only_2022_mapped
Saudi Arabia,335132,335129,21819.0,Asia,2,,,,,335120,level_5,only_2022_mapped
Israel,333998,333242,21535.0,Asia,1,,,,,333242,exact,only_2022_mapped
Norway,333998,333997,21530.0,Europe,2,,,,,33399A,exact,only_2022_mapped
Nicaragua,333310,333318,21513.0,South_America,1,,,,,333318,exact,only_2022_mapped
Honduras,337126,337124,21020.0,South_America,1,,,,,33712N,exact,only_2022_mapped
Venezuela,336110,336120,21000.0,South_America,1,,,,,336120,level_5,only_2022_mapped
United Arab Emirates,335131,335121,20812.0,Asia,4,,,,,335120,level_5,only_2022_mapped
Curacao,335910,335911,20735.0,South_America,1,,,,,335911,exact,only_2022_mapped
Cyprus,333248,333249,20700.0,Europe,1,,,,,33329A,exact,only_2022_mapped
Georgia,333998,333997,20682.0,Europe,1,,,,,33399A,exact,only_2022_mapped
Cyprus,335132,335122,20565.0,Europe,3,,,,,335120,level_5,only_2022_mapped
Armenia,333248,333249,20478.0,Europe,2,,,,,33329A,exact,only_2022_mapped
Guatemala,333248,333244,20296.0,South_America,1,,,,,33329A,exact,only_2022_mapped
Georgia,335131,335121,20268.0,Europe,1,,,,,335120,level_5,only_2022_mapped
Jordan,333310,333318,20251.0,Asia,2,,,,,333318,exact,only_2022_mapped
Turkey,333248,333243,20132.0,Europe,1,,,,,33329A,exact,only_2022_mapped
Philippines,333310,332216,20000.0,Asia,1,,,,,332200,level_4,only_2022_mapped
Turkey,333310,332216,20000.0,Europe,1,,,,,332200,level_4,only_2022_mapped
Anguilla,335910,335911,19824.0,South_America,1,,,,,335911,exact,only_2022_mapped
Mali,333998,333999,19775.0,Africa,2,,,,,33399A,exact,only_2022_mapped
"Korea, South",333998,333415,19737.0,Asia,1,,,,,333415,exact,only_2022_mapped
Belize,333998,333999,19674.0,South_America,1,,,,,33399A,exact,only_2022_mapped
Saudi Arabia,333248,333999,19599.0,Asia,2,,,,,33399A,exact,only_2022_mapped
Luxembourg,333248,333318,19550.0,Europe,1,,,,,333318,exact,only_2022_mapped
Denmark,333248,333318,19442.0,Europe,1,,,,,333318,exact,only_2022_mapped
Cyprus,333310,333999,19372.0,Europe,1,,,,,33399A,exact,only_2022_mapped
Macau,333998,333997,19200.0,Asia,1,,,,,33399A,exact,only_2022_mapped
Slovakia,333998,335312,19097.0,Europe,1,,,,,335312,exact,only_2022_mapped
Estonia,333998,333997,18779.0,Europe,2,,,,,33399A,exact,only_2022_mapped
Indonesia,336110,336112,18710.0,Asia,1,,,,,336112,exact,only_2022_mapped
Mongolia,335139,335129,18617.0,Asia,1,,,,,335120,level_5,only_2022_mapped
Malawi,337126,337125,18575.0,Africa,4,,,,,33712N,exact,only_2022_mapped
United Kingdom,333310,333921,18573.0,Europe,1,,,,,333920,level_5,only_2022_mapped
Niger,333998,333999,18557.0,Africa,3,,,,,33399A,exact,only_2022_mapped
Jordan,335132,335122,18450.0,Asia,4,,,,,335120,level_5,only_2022_mapped
Hong Kong,333310,332312,18336.0,Asia,2,,,,,332310,level_5,only_2022_mapped
Kenya,335910,335911,18172.0,Africa,3,,,,,335911,exact,only_2022_mapped
Mexico,333998,333242,17846.0,North_America,1,,,,,333242,exact,only_2022_mapped
Belize,335910,335911,17760.0,South_America,1,,,,,335911,exact,only_2022_mapped
Kenya,333310,333999,17624.0,Africa,1,,,,,33399A,exact,only_2022_mapped
Peru,335139,335129,17490.0,South_America,4,,,,,335120,level_5,only_2022_mapped
Sri Lanka,337126,337125,17112.0,Asia,1,,,,,33712N,exact,only_2022_mapped
St Kitts and Nevis,333998,333999,17039.0,South_America,2,,,,,33399A,exact,only_2022_mapped
Ireland,333248,333242,16983.0,Europe,1,,,,,333242,exact,only_2022_mapped
Slovenia,333310,332312,16644.0,Europe,1,,,,,332310,level_5,only_2022_mapped
El Salvador,333310,333314,16521.0,South_America,2,,,,,333314,exact,only_2022_mapped
Laos,337126,337125,16380.0,Asia,2,,,,,33712N,exact,only_2022_mapped
El Salvador,333248,333244,16275.0,South_America,2,,,,,33329A,exact,only_2022_mapped
Hong Kong,333998,335312,16269.0,Asia,1,,,,,335312,exact,only_2022_mapped
Cambodia,335910,335911,16200.0,Asia,1,,,,,335911,exact,only_2022_mapped
Sierra Leone,333248,333249,16097.0,Africa,2,,,,,33329A,exact,only_2022_mapped
Philippines,333998,333120,16052.0,Asia,1,,,,,333120,level_5,only_2022_mapped
Cabo Verde,333998,333999,15992.0,Africa,1,,,,,33399A,exact,only_2022_mapped
New Caledonia,333248,333249,15975.0,Oceana,2,,,,,33329A,exact,only_2022_mapped
Spain,333310,332216,15871.0,Europe,1,,,,,332200,level_4,only_2022_mapped
Monaco,335131,335121,15757.0,Europe,2,,,,,335120,level_5,only_2022_mapped
Ecuador,335131,335121,15626.0,South_America,2,,,,,335120,level_5,only_2022_mapped
Colombia,333998,333242,15600.0,South_America,1,,,,,333242,exact,only_2022_mapped
Austria,336110,336112,15500.0,Europe,1,,,,,336112,exact,only_2022_mapped
Belgium,333310,335220,15462.0,Europe,1,,,,,335220,exact,only_2022_mapped
Chile,333310,333314,15458.0,South_America,3,,,,,333314,exact,only_2022_mapped
Lebanon,337126,337124,15452.0,Asia,2,,,,,33712N,exact,only_2022_mapped
Costa Rica,335139,335110,15435.0,South_America,3,,,,,335110,level_5,only_2022_mapped
Portugal,336110,336111,15237.0,Europe,1,,,,,336111,exact,only_2022_mapped
Venezuela,335132,335122,15172.0,South_America,2,,,,,335120,level_5,only_2022_mapped
Panama,333310,333314,15060.0,South_America,2,,,,,333314,exact,only_2022_mapped
British Virgin Islands,333998,333999,15000.0,South_America,1,,,,,33399A,exact,only_2022_mapped
Canada,336110,336211,15000.0,North_America,1,,,,,336211,exact,only_2022_mapped
Cayman Islands,333248,333244,15000.0,South_America,1,,,,,33329A,exact,only_2022_mapped
Turkey,333310,334519,15000.0,Europe,1,,,,,33451A,exact,only_2022_mapped
Latvia,335910,335912,14817.0,Europe,1,,,,,335912,exact,only_2022_mapped
Slovakia,333310,335220,14604.0,Europe,1,,,,,335220,exact,only_2022_mapped
Serbia,333248,333243,14578.0,Europe,1,,,,,33329A,exact,only_2022_mapped
New Zealand,333998,333415,14514.0,Oceana,1,,,,,333415,exact,only_2022_mapped
Cameroon,333248,333244,14399.0,Africa,1,,,,,33329A,exact,only_2022_mapped
Iceland,333310,333316,14262.0,Europe,2,,,,,333316,exact,only_2022_mapped
Latvia,337126,337125,14242.0,Europe,4,,,,,33712N,exact,only_2022_mapped
Dominican Republic,333248,333318,14180.0,South_America,1,,,,,333318,exact,only_2022_mapped
Madagascar,333998,333999,14124.0,Africa,1,,,,,33399A,exact,only_2022_mapped
Jordan,333310,333314,14063.0,Asia,1,,,,,333314,exact,only_2022_mapped
Tonga,333310,333314,14000.0,Oceana,1,,,,,333314,exact,only_2022_mapped
Slovakia,335132,335122,13989.0,Europe,3,,,,,335120,level_5,only_2022_mapped
Nauru,333998,333999,13960.0,Oceana,2,,,,,33399A,exact,only_2022_mapped
Jamaica,333310,333316,13930.0,South_America,2,,,,,333316,exact,only_2022_mapped
Czech Republic,333310,335220,13879.0,Europe,2,,,,,335220,exact,only_2022_mapped
Australia,333998,333415,13776.0,Oceana,1,,,,,333415,exact,only_2022_mapped
Nigeria,333248,333249,13700.0,Africa,2,,,,,33329A,exact,only_2022_mapped
Australia,333310,332312,13318.0,Oceana,1,,,,,332310,level_5,only_2022_mapped
Nepal,333248,333244,13285.0,Asia,1,,,,,33329A,exact,only_2022_mapped
Honduras,335139,335129,13280.0,South_America,3,,,,,335120,level_5,only_2022_mapped
Iceland,335139,335129,12963.0,Europe,4,,,,,335120,level_5,only_2022_mapped
Kazakhstan,333310,333316,12893.0,Europe,1,,,,,333316,exact,only_2022_mapped
France,333310,333921,12868.0,Europe,1,,,,,333920,level_5,only_2022_mapped
Cameroon,335131,335121,12831.0,Africa,3,,,,,335120,level_5,only_2022_mapped
Lithuania,335132,335129,12763.0,Europe,2,,,,,335120,level_5,only_2022_mapped
Finland,333310,332216,12656.0,Europe,1,,,,,332200,level_4,only_2022_mapped
Turks and Caicos Islands,333248,333249,12575.0,South_America,2,,,,,33329A,exact,only_2022_mapped
Lithuania,333998,333997,12535.0,Europe,2,,,,,33399A,exact,only_2022_mapped
Turks and Caicos Islands,335910,335911,12525.0,South_America,2,,,,,335911,exact,only_2022_mapped
Dominican Republic,335131,335121,12414.0,South_America,5,,,,,335120,level_5,only_2022_mapped
Mozambique,335139,335129,12406.0,Africa,1,,,,,335120,level_5,only_2022_mapped
Czech Republic,333310,332216,12023.0,Europe,1,,,,,332200,level_4,only_2022_mapped
Kenya,333248,333249,12000.0,Africa,1,,,,,33329A,exact,only_2022_mapped
San Marino,333310,333314,11917.0,Europe,2,,,,,333314,exact,only_2022_mapped
Georgia,333248,333249,11910.0,Europe,2,,,,,33329A,exact,only_2022_mapped
British Virgin Islands,335910,335911,11861.0,South_America,1,,,,,335911,exact,only_2022_mapped
Cote d'Ivoire,333998,333999,11844.0,Africa,1,,,,,33399A,exact,only_2022_mapped
Latvia,335132,335129,11842.0,Europe,2,,,,,335120,level_5,only_2022_mapped
Dominica,335139,335129,11817.0,South_America,1,,,,,335120,level_5,only_2022_mapped
Norway,333998,333242,11700.0,Europe,1,,,,,333242,exact,only_2022_mapped
Belarus,335139,335110,11664.0,Europe,1,,,,,335110,level_5,only_2022_mapped
Luxembourg,333998,333997,11648.0,Europe,2,,,,,33399A,exact,only_2022_mapped
Panama,333310,335220,11550.0,South_America,1,,,,,335220,exact,only_2022_mapped
Malta,335132,335122,11477.0,Europe,2,,,,,335120,level_5,only_2022_mapped
Sweden,333310,332216,11473.0,Europe,1,,,,,332200,level_4,only_2022_mapped
Bahamas,333998,333999,11458.0,South_America,2,,,,,33399A,exact,only_2022_mapped
Ecuador,333248,333999,11351.0,South_America,1,,,,,33399A,exact,only_2022_mapped
United Arab Emirates,337126,337124,11339.0,Asia,2,,,,,33712N,exact,only_2022_mapped
Israel,335910,335912,11275.0,Asia,1,,,,,335912,exact,only_2022_mapped
Norway,333248,333244,11194.0,Europe,2,,,,,33329A,exact,only_2022_mapped
Nauru,333248,333249,11184.0,Oceana,2,,,,,33329A,exact,only_2022_mapped
Bosnia and Herzegovina,333248,333999,11138.0,Europe,2,,,,,33399A,exact,only_2022_mapped
Colombia,333998,333997,11057.0,South_America,2,,,,,33399A,exact,only_2022_mapped
Kuwait,333310,333314,11000.0,Asia,1,,,,,333314,exact,only_2022_mapped
Senegal,333998,333999,10961.0,Africa,2,,,,,33399A,exact,only_2022_mapped
Thailand,333998,333415,10912.0,Asia,1,,,,,333415,exact,only_2022_mapped
Colombia,336110,336111,10897.0,South_America,1,,,,,336111,exact,only_2022_mapped
Montserrat,335139,335129,10844.0,South_America,1,,,,,335120,level_5,only_2022_mapped
Nigeria,335132,335122,10821.0,Africa,2,,,,,335120,level_5,only_2022_mapped
Egypt,333310,333999,10800.0,Africa,1,,,,,33399A,exact,only_2022_mapped
Czech Republic,333310,333921,10758.0,Europe,1,,,,,333920,level_5,only_2022_mapped
Cambodia,333310,333314,10702.0,Asia,2,,,,,333314,exact,only_2022_mapped
Pakistan,337126,337124,10679.0,Asia,3,,,,,33712N,exact,only_2022_mapped
New Zealand,335139,335110,10505.0,Oceana,2,,,,,335110,level_5,only_2022_mapped
Mongolia,333998,333999,10500.0,Asia,1,,,,,33399A,exact,only_2022_mapped
Croatia,333310,333314,10498.0,Europe,2,,,,,333314,exact,only_2022_mapped
Paraguay,337126,337125,10451.0,South_America,1,,,,,33712N,exact,only_2022_mapped
Georgia,335139,335129,10420.0,Europe,1,,,,,335120,level_5,only_2022_mapped
United Kingdom,333248,333517,10409.0,Europe,1,,,,,333517,exact,only_2022_mapped
Colombia,333310,333316,10399.0,South_America,2,,,,,333316,exact,only_2022_mapped
Belarus,335139,335129,10371.0,Europe,3,,,,,335120,level_5,only_2022_mapped
Ukraine,333310,333316,10348.0,Europe,2,,,,,333316,exact,only_2022_mapped
Hungary,333310,332216,10170.0,Europe,1,,,,,332200,level_4,only_2022_mapped
"Korea, South",333310,333921,10170.0,Asia,1,,,,,333920,level_5,only_2022_mapped
Tunisia,337126,337125,10138.0,Africa,2,,,,,33712N,exact,only_2022_mapped
India,333310,333991,10004.0,Asia,1,,,,,333991,exact,only_2022_mapped
Chile,335139,335110,10000.0,South_America,1,,,,,335110,level_5,only_2022_mapped
Seychelles,333310,333999,10000.0,Africa,1,,,,,33399A,exact,only_2022_mapped
Vietnam,333310,332216,10000.0,Asia,1,,,,,332200,level_4,only_2022_mapped
Nicaragua,333310,333316,9999.0,South_America,1,,,,,333316,exact,only_2022_mapped
Serbia,333310,333316,9975.0,Europe,2,,,,,333316,exact,only_2022_mapped
Eswatini,333248,333249,9880.0,Africa,2,,,,,33329A,exact,only_2022_mapped
Bolivia,333998,333999,9878.0,South_America,1,,,,,33399A,exact,only_2022_mapped
Central African Republic,336110,336111,9800.0,Africa,1,,,,,336111,exact,only_2022_mapped
Australia,1121XX,11211X,9744.0,Oceana,1,,,,,1121A0,exact,only_2022_mapped
Russia,333248,333999,9725.0,Europe,1,,,,,33399A,exact,only_2022_mapped
Estonia,337126,337125,9681.0,Europe,2,,,,,33712N,exact,only_2022_mapped
Algeria,335132,335129,9432.0,Africa,1,,,,,335120,level_5,only_2022_mapped
Tunisia,333310,333316,9379.0,Africa,1,,,,,333316,exact,only_2022_mapped
French Polynesia,333248,333249,9272.0,Oceana,1,,,,,33329A,exact,only_2022_mapped
Serbia,337126,337124,9259.0,Europe,2,,,,,33712N,exact,only_2022_mapped
Chile,337126,337125,9250.0,South_America,1,,,,,33712N,exact,only_2022_mapped
Uruguay,333248,333244,9142.0,South_America,1,,,,,33329A,exact,only_2022_mapped
Nigeria,333310,333316,9000.0,Africa,1,,,,,333316,exact,only_2022_mapped
Norway,333310,333921,9000.0,Europe,1,,,,,333920,level_5,only_2022_mapped
Trinidad and Tobago,333310,333314,9000.0,South_America,1,,,,,333314,exact,only_2022_mapped
Chile,333998,333120,8950.0,South_America,1,,,,,333120,level_5,only_2022_mapped
Tunisia,335132,335129,8937.0,Africa,1,,,,,335120,level_5,only_2022_mapped
Ecuador,333310,333314,8930.0,South_America,2,,,,,333314,exact,only_2022_mapped
Cyprus,337126,337124,8910.0,Europe,1,,,,,33712N,exact,only_2022_mapped
Chile,333310,335220,8897.0,South_America,1,,,,,335220,exact,only_2022_mapped
Mayotte,333998,333999,8885.0,Africa,1,,,,,33399A,exact,only_2022_mapped
Christmas Island,333998,333999,8842.0,Oceana,1,,,,,33399A,exact,only_2022_mapped
Sierra Leone,333310,333318,8766.0,Africa,1,,,,,333318,exact,only_2022_mapped
Panama,335132,335122,8564.0,South_America,2,,,,,335120,level_5,only_2022_mapped
Sierra Leone,333310,332216,8546.0,Africa,1,,,,,332200,level_4,only_2022_mapped
Russia,336110,336111,8500.0,Europe,1,,,,,336111,exact,only_2022_mapped
Brazil,333248,333132,8414.0,South_America,1,,,,,333130,level_5,only_2022_mapped
Sao Tome and Principe,333998,333999,8406.0,Africa,1,,,,,33399A,exact,only_2022_mapped
Russia,333998,333997,8289.0,Europe,1,,,,,33399A,exact,only_2022_mapped
Slovenia,335910,335912,8271.0,Europe,1,,,,,335912,exact,only_2022_mapped
Thailand,333310,333921,8208.0,Asia,1,,,,,333920,level_5,only_2022_mapped
Guyana,333248,333244,8181.0,South_America,1,,,,,33329A,exact,only_2022_mapped
Guatemala,333248,333249,8168.0,South_America,2,,,,,33329A,exact,only_2022_mapped
Venezuela,333998,333999,8100.0,South_America,1,,,,,33399A,exact,only_2022_mapped
Ethiopia,333998,333999,8052.0,Africa,1,,,,,33399A,exact,only_2022_mapped
Ghana,335139,335129,8041.0,Africa,1,,,,,335120,level_5,only_2022_mapped
Peru,337126,337124,8030.0,South_America,1,,,,,33712N,exact,only_2022_mapped
United Arab Emirates,335139,335110,8000.0,Asia,1,,,,,335110,level_5,only_2022_mapped
Chile,333310,333999,7990.0,South_America,1,,,,,33399A,exact,only_2022_mapped
Jamaica,333310,333318,7986.0,South_America,2,,,,,333318,exact,only_2022_mapped
Romania,333998,333997,7904.0,Europe,1,,,,,33399A,exact,only_2022_mapped
Panama,335132,335129,7882.0,South_America,1,,,,,335120,level_5,only_2022_mapped
Finland,333310,332312,7850.0,Europe,1,,,,,332310,level_5,only_2022_mapped
Sierra Leone,333248,333244,7844.0,Africa,1,,,,,33329A,exact,only_2022_mapped
Paraguay,333310,333316,7816.0,South_America,1,,,,,333316,exact,only_2022_mapped
Kazakhstan,335910,335911,7779.0,Europe,1,,,,,335911,exact,only_2022_mapped
St Kitts and Nevis,333310,333314,7769.0,South_America,1,,,,,333314,exact,only_2022_mapped
Chile,335132,335129,7763.0,South_America,2,,,,,335120,level_5,only_2022_mapped
Saudi Arabia,336110,336112,7750.0,Asia,1,,,,,336112,exact,only_2022_mapped
Turkey,333310,332312,7750.0,Europe,1,,,,,332310,level_5,only_2022_mapped
Antigua and Barbuda,333998,333999,7741.0,South_America,1,,,,,33399A,exact,only_2022_mapped
Cameroon,335910,335911,7725.0,Africa,1,,,,,335911,exact,only_2022_mapped
Poland,333310,334519,7711.0,Europe,1,,,,,33451A,exact,only_2022_mapped
Colombia,335139,335110,7664.0,South_America,1,,,,,335110,level_5,only_2022_mapped
Uzbekistan,333310,333314,7599.0,Europe,1,,,,,333314,exact,only_2022_mapped
Bosnia and Herzegovina,335139,335129,7587.0,Europe,3,,,,,335120,level_5,only_2022_mapped
Pakistan,335139,335110,7546.0,Asia,1,,,,,335110,level_5,only_2022_mapped
Andorra,333310,333314,7506.0,Europe,1,,,,,333314,exact,only_2022_mapped
Hungary,333248,333243,7450.0,Europe,1,,,,,33329A,exact,only_2022_mapped
Kyrgyzstan,333998,333999,7350.0,Europe,1,,,,,33399A,exact,only_2022_mapped
Peru,335132,335122,7339.0,South_America,2,,,,,335120,level_5,only_2022_mapped
Croatia,333310,332312,7265.0,Europe,1,,,,,332310,level_5,only_2022_mapped
Ecuador,335132,335122,7258.0,South_America,2,,,,,335120,level_5,only_2022_mapped
Lithuania,335139,335110,7173.0,Europe,2,,,,,335110,level_5,only_2022_mapped
Kenya,333998,333999,7157.0,Africa,2,,,,,33399A,exact,only_2022_mapped
Luxembourg,335139,335129,7099.0,Europe,2,,,,,335120,level_5,only_2022_mapped
Australia,333998,333242,7089.0,Oceana,1,,,,,333242,exact,only_2022_mapped
Luxembourg,335132,335129,7046.0,Europe,1,,,,,335120,level_5,only_2022_mapped
Cameroon,333248,333249,7038.0,Africa,2,,,,,33329A,exact,only_2022_mapped
Moldova,335139,335129,7000.0,Europe,1,,,,,335120,level_5,only_2022_mapped
Denmark,335910,335912,6904.0,Europe,1,,,,,335912,exact,only_2022_mapped
Belarus,333310,333316,6899.0,Europe,1,,,,,333316,exact,only_2022_mapped
New Caledonia,333998,333999,6895.0,Oceana,1,,,,,33399A,exact,only_2022_mapped
Morocco,333998,333120,6834.0,Africa,1,,,,,333120,level_5,only_2022_mapped
Philippines,333310,335220,6795.0,Asia,1,,,,,335220,exact,only_2022_mapped
Papua New Guinea,333310,333318,6731.0,Oceana,2,,,,,333318,exact,only_2022_mapped
Hungary,337126,337125,6721.0,Europe,2,,,,,33712N,exact,only_2022_mapped
Norway,337126,337125,6715.0,Europe,2,,,,,33712N,exact,only_2022_mapped
Saudi Arabia,335132,335122,6704.0,Asia,1,,,,,335120,level_5,only_2022_mapped
Switzerland,333248,333517,6652.0,Europe,1,,,,,333517,exact,only_2022_mapped
Honduras,333248,333244,6544.0,South_America,1,,,,,33329A,exact,only_2022_mapped
Bangladesh,333248,333249,6529.0,Asia,1,,,,,33329A,exact,only_2022_mapped
Croatia,333310,333999,6468.0,Europe,1,,,,,33399A,exact,only_2022_mapped
Lithuania,333998,333120,6461.0,Europe,1,,,,,333120,level_5,only_2022_mapped
Romania,333310,332216,6460.0,Europe,1,,,,,332200,level_4,only_2022_mapped
Australia,333998,335312,6384.0,Oceana,1,,,,,335312,exact,only_2022_mapped
Sierra Leone,335139,335129,6370.0,Africa,2,,,,,335120,level_5,only_2022_mapped
Burma,333248,333249,6363.0,Asia,1,,,,,33329A,exact,only_2022_mapped
Macau,335132,335122,6361.0,Asia,1,,,,,335120,level_5,only_2022_mapped
Panama,333998,333997,6357.0,South_America,1,,,,,33399A,exact,only_2022_mapped
Egypt,333248,333249,6334.0,Africa,2,,,,,33329A,exact,only_2022_mapped
Saudi Arabia,333310,333316,6302.0,Asia,2,,,,,333316,exact,only_2022_mapped
Senegal,335132,335122,6280.0,Africa,1,,,,,335120,level_5,only_2022_mapped
Sweden,333248,321999,6250.0,Europe,1,,,,,3219A0,level_5,only_2022_mapped
Oman,337126,337125,6199.0,Asia,1,,,,,33712N,exact,only_2022_mapped
Uruguay,337126,337125,6110.0,South_America,1,,,,,33712N,exact,only_2022_mapped
Laos,333310,333318,6091.0,Asia,1,,,,,333318,exact,only_2022_mapped
Bermuda,335910,335911,6000.0,South_America,1,,,,,335911,exact,only_2022_mapped
Kazakhstan,333310,333318,6000.0,Europe,1,,,,,333318,exact,only_2022_mapped
Nigeria,333310,333318,6000.0,Africa,1,,,,,333318,exact,only_2022_mapped
Serbia,336110,336111,6000.0,Europe,1,,,,,336111,exact,only_2022_mapped
South Africa,333248,333243,5935.0,Africa,1,,,,,33329A,exact,only_2022_mapped
Cyprus,335139,335129,5885.0,Europe,3,,,,,335120,level_5,only_2022_mapped
Cyprus,333998,333999,5877.0,Europe,2,,,,,33399A,exact,only_2022_mapped
Nigeria,335910,335911,5862.0,Africa,1,,,,,335911,exact,only_2022_mapped
Panama,335139,335110,5850.0,South_America,1,,,,,335110,level_5,only_2022_mapped
Kyrgyzstan,333310,333999,5732.0,Europe,1,,,,,33399A,exact,only_2022_mapped
Eswatini,333248,333244,5670.0,Africa,2,,,,,33329A,exact,only_2022_mapped
Uruguay,333248,333249,5669.0,South_America,1,,,,,33329A,exact,only_2022_mapped
Jordan,337126,337125,5628.0,Asia,2,,,,,33712N,exact,only_2022_mapped
Haiti,337126,337124,5610.0,South_America,2,,,,,33712N,exact,only_2022_mapped
Luxembourg,333310,334519,5479.0,Europe,1,,,,,33451A,exact,only_2022_mapped
Guinea,333998,333999,5397.0,Africa,2,,,,,33399A,exact,only_2022_mapped
Sierra Leone,333248,333999,5311.0,Africa,1,,,,,33399A,exact,only_2022_mapped
Ukraine,333248,333244,5288.0,Europe,1,,,,,33329A,exact,only_2022_mapped
Morocco,333248,333999,5245.0,Africa,1,,,,,33399A,exact,only_2022_mapped
Belize,335132,335129,5187.0,South_America,1,,,,,335120,level_5,only_2022_mapped
Saudi Arabia,337126,337125,5160.0,Asia,2,,,,,33712N,exact,only_2022_mapped
Guadeloupe,335132,335122,5139.0,South_America,2,,,,,335120,level_5,only_2022_mapped
Sierra Leone,333310,333314,5078.0,Africa,1,,,,,333314,exact,only_2022_mapped
Samoa,333248,333249,5065.0,Oceana,1,,,,,33329A,exact,only_2022_mapped
Turkmenistan,333310,333316,5052.0,Europe,1,,,,,333316,exact,only_2022_mapped
United Kingdom,333998,333415,5036.0,Europe,1,,,,,333415,exact,only_2022_mapped
Trinidad and Tobago,333248,333244,5000.0,South_America,1,,,,,33329A,exact,only_2022_mapped
Ecuador,337126,337124,4890.0,South_America,1,,,,,33712N,exact,only_2022_mapped
Laos,333310,333314,4856.0,Asia,1,,,,,333314,exact,only_2022_mapped
Liechtenstein,335132,335129,4821.0,Europe,1,,,,,335120,level_5,only_2022_mapped
Eswatini,335910,335912,4781.0,Africa,1,,,,,335912,exact,only_2022_mapped
Honduras,335131,335121,4766.0,South_America,1,,,,,335120,level_5,only_2022_mapped
St Helena,333998,333999,4741.0,Africa,1,,,,,33399A,exact,only_2022_mapped
Estonia,333248,333999,4726.0,Europe,1,,,,,33399A,exact,only_2022_mapped
Kenya,335139,335129,4654.0,Africa,4,,,,,335120,level_5,only_2022_mapped
Portugal,333248,333243,4627.0,Europe,1,,,,,33329A,exact,only_2022_mapped
Denmark,333310,333921,4622.0,Europe,1,,,,,333920,level_5,only_2022_mapped
Pakistan,333310,333314,4616.0,Asia,1,,,,,333314,exact,only_2022_mapped
Djibouti,333310,333316,4595.0,Africa,1,,,,,333316,exact,only_2022_mapped
Lithuania,333310,333999,4590.0,Europe,1,,,,,33399A,exact,only_2022_mapped
Sint Maarten,333998,333999,4500.0,South_America,1,,,,,33399A,exact,only_2022_mapped
Hungary,333248,333242,4472.0,Europe,1,,,,,333242,exact,only_2022_mapped
South Africa,333998,333997,4460.0,Africa,1,,,,,33399A,exact,only_2022_mapped
Cook Islands,333998,333999,4459.0,Oceana,1,,,,,33399A,exact,only_2022_mapped
Qatar,333248,333249,4409.0,Asia,1,,,,,33329A,exact,only_2022_mapped
France,333310,332312,4366.0,Europe,1,,,,,332310,level_5,only_2022_mapped
Luxembourg,333310,332312,4338.0,Europe,1,,,,,332310,level_5,only_2022_mapped
Costa Rica,335132,335122,4337.0,South_America,2,,,,,335120,level_5,only_2022_mapped
Jordan,337126,337124,4297.0,Asia,1,,,,,33712N,exact,only_2022_mapped
Guadeloupe,335132,335129,4274.0,South_America,1,,,,,335120,level_5,only_2022_mapped
Cook Islands,333248,333249,4250.0,Oceana,1,,,,,33329A,exact,only_2022_mapped
Luxembourg,335139,335110,4201.0,Europe,1,,,,,335110,level_5,only_2022_mapped
Morocco,335139,335110,4178.0,Africa,1,,,,,335110,level_5,only_2022_mapped
Costa Rica,335139,335129,4167.0,South_America,3,,,,,335120,level_5,only_2022_mapped
Uruguay,333310,333314,4164.0,South_America,1,,,,,333314,exact,only_2022_mapped
French Polynesia,333310,333314,4117.0,Oceana,1,,,,,333314,exact,only_2022_mapped
Turkmenistan,333310,333314,4085.0,Europe,1,,,,,333314,exact,only_2022_mapped
Spain,333248,333318,4073.0,Europe,1,,,,,333318,exact,only_2022_mapped
Iceland,333248,333132,4060.0,Europe,1,,,,,333130,level_5,only_2022_mapped
St Helena,333248,333132,4057.0,Africa,1,,,,,333130,level_5,only_2022_mapped
Estonia,335132,335129,4035.0,Europe,2,,,,,335120,level_5,only_2022_mapped
Armenia,333310,333318,4000.0,Europe,1,,,,,333318,exact,only_2022_mapped
Iraq,333998,333999,4000.0,Asia,1,,,,,33399A,exact,only_2022_mapped
"Korea, South",336110,336120,4000.0,Asia,1,,,,,336120,level_5,only_2022_mapped
Syria,335131,335121,4000.0,Asia,2,,,,,335120,level_5,only_2022_mapped
United Arab Emirates,335910,335912,4000.0,Asia,1,,,,,335912,exact,only_2022_mapped
Venezuela,333310,333316,4000.0,South_America,1,,,,,333316,exact,only_2022_mapped
Guadeloupe,333310,333314,3962.0,South_America,1,,,,,333314,exact,only_2022_mapped
Tunisia,333998,335312,3958.0,Africa,1,,,,,335312,exact,only_2022_mapped
Czech Republic,333998,333415,3949.0,Europe,1,,,,,333415,exact,only_2022_mapped
Sri Lanka,333310,333999,3927.0,Asia,1,,,,,33399A,exact,only_2022_mapped
El Salvador,336110,336111,3800.0,South_America,1,,,,,336111,exact,only_2022_mapped
Nepal,337126,337125,3720.0,Asia,1,,,,,33712N,exact,only_2022_mapped
Nigeria,337126,337125,3674.0,Africa,2,,,,,33712N,exact,only_2022_mapped
Saudi Arabia,333248,333244,3673.0,Asia,1,,,,,33329A,exact,only_2022_mapped
Mali,333998,333242,3667.0,Africa,1,,,,,333242,exact,only_2022_mapped
Anguilla,333998,333999,3666.0,South_America,1,,,,,33399A,exact,only_2022_mapped
Sierra Leone,335139,335110,3619.0,Africa,1,,,,,335110,level_5,only_2022_mapped
Egypt,333310,333318,3600.0,Africa,1,,,,,333318,exact,only_2022_mapped
Vietnam,333310,335220,3565.0,Asia,1,,,,,335220,exact,only_2022_mapped
Bosnia and Herzegovina,335131,335121,3549.0,Europe,2,,,,,335120,level_5,only_2022_mapped
Qatar,333310,333318,3541.0,Asia,1,,,,,333318,exact,only_2022_mapped
Indonesia,333998,333120,3500.0,Asia,1,,,,,333120,level_5,only_2022_mapped
Cayman Islands,333310,333999,3491.0,South_America,1,,,,,33399A,exact,only_2022_mapped
Guyana,333310,333316,3400.0,South_America,1,,,,,333316,exact,only_2022_mapped
New Caledonia,335910,335911,3400.0,Oceana,1,,,,,335911,exact,only_2022_mapped
Montenegro,335132,335122,3381.0,Europe,1,,,,,335120,level_5,only_2022_mapped
Bahamas,335139,335129,3358.0,South_America,1,,,,,335120,level_5,only_2022_mapped
Iceland,335132,335122,3309.0,Europe,1,,,,,335120,level_5,only_2022_mapped
Micronesia,335139,335129,3307.0,Oceana,1,,,,,335120,level_5,only_2022_mapped
Fiji,333310,333318,3305.0,Oceana,1,,,,,333318,exact,only_2022_mapped
Eswatini,333998,333997,3290.0,Africa,1,,,,,33399A,exact,only_2022_mapped
United Arab Emirates,333998,333997,3267.0,Asia,1,,,,,33399A,exact,only_2022_mapped
Albania,333310,334519,3226.0,Europe,1,,,,,33451A,exact,only_2022_mapped
Egypt,335132,335129,3200.0,Africa,1,,,,,335120,level_5,only_2022_mapped
Afghanistan,333998,333999,3130.0,Asia,1,,,,,33399A,exact,only_2022_mapped
Slovenia,333998,333997,3128.0,Europe,1,,,,,33399A,exact,only_2022_mapped
Dominican Republic,335132,335129,3116.0,South_America,2,,,,,335120,level_5,only_2022_mapped
Cameroon,335139,335129,3113.0,Africa,1,,,,,335120,level_5,only_2022_mapped
Slovenia,333310,334519,3107.0,Europe,1,,,,,33451A,exact,only_2022_mapped
Czech Republic,333998,335312,3082.0,Europe,1,,,,,335312,exact,only_2022_mapped
Eritrea,333998,333999,3071.0,Africa,1,,,,,33399A,exact,only_2022_mapped
Paraguay,335910,335911,3060.0,South_America,1,,,,,335911,exact,only_2022_mapped
Guatemala,335139,335129,3056.0,South_America,2,,,,,335120,level_5,only_2022_mapped
Croatia,335131,335121,3051.0,Europe,2,,,,,335120,level_5,only_2022_mapped
Macau,333998,333999,3014.0,Asia,1,,,,,33399A,exact,only_2022_mapped
Tuvalu,333248,333249,3010.0,Oceana,1,,,,,33329A,exact,only_2022_mapped
Ecuador,333310,333999,3006.0,South_America,1,,,,,33399A,exact,only_2022_mapped
Jamaica,333310,333314,3000.0,South_America,1,,,,,333314,exact,only_2022_mapped
Paraguay,333998,333999,3000.0,South_America,1,,,,,33399A,exact,only_2022_mapped
Zambia,333998,333997,3000.0,Africa,1,,,,,33399A,exact,only_2022_mapped
Cyprus,333998,335312,2965.0,Europe,1,,,,,335312,exact,only_2022_mapped
Nepal,335139,335129,2953.0,Asia,2,,,,,335120,level_5,only_2022_mapped
Bangladesh,333310,333318,2930.0,Asia,1,,,,,333318,exact,only_2022_mapped
Dominica,333998,333999,2928.0,South_America,1,,,,,33399A,exact,only_2022_mapped
Albania,333310,333316,2910.0,Europe,1,,,,,333316,exact,only_2022_mapped
Aruba,333310,333318,2900.0,South_America,1,,,,,333318,exact,only_2022_mapped
Sweden,333998,335312,2862.0,Europe,1,,,,,335312,exact,only_2022_mapped
Namibia,337126,337125,2856.0,Africa,1,,,,,33712N,exact,only_2022_mapped
St Vincent and the Grenadines,335910,335911,2852.0,South_America,1,,,,,335911,exact,only_2022_mapped
Dominican Republic,335132,335122,2824.0,South_America,3,,,,,335120,level_5,only_2022_mapped
Hungary,333248,333318,2807.0,Europe,1,,,,,333318,exact,only_2022_mapped
Australia,335910,335912,2800.0,Oceana,1,,,,,335912,exact,only_2022_mapped
Jamaica,333248,333249,2737.0,South_America,1,,,,,33329A,exact,only_2022_mapped
St Kitts and Nevis,333248,333244,2732.0,South_America,1,,,,,33329A,exact,only_2022_mapped
Uruguay,333310,332312,2720.0,South_America,1,,,,,332310,level_5,only_2022_mapped
Egypt,333248,333244,2700.0,Africa,1,,,,,33329A,exact,only_2022_mapped
St Kitts and Nevis,335132,335122,2687.0,South_America,1,,,,,335120,level_5,only_2022_mapped
Oman,335132,335122,2648.0,Asia,1,,,,,335120,level_5,only_2022_mapped
Mauritius,333998,333999,2642.0,Africa,1,,,,,33399A,exact,only_2022_mapped
Timor-Leste,333998,333997,2591.0,Asia,1,,,,,33399A,exact,only_2022_mapped
Austria,333310,332312,2587.0,Europe,1,,,,,332310,level_5,only_2022_mapped
Sweden,333310,333991,2578.0,Europe,1,,,,,333991,exact,only_2022_mapped
Congo (Kinshasa),337126,337124,2545.0,Africa,1,,,,,33712N,exact,only_2022_mapped
Indonesia,333248,333243,2545.0,Asia,1,,,,,33329A,exact,only_2022_mapped
Norway,333248,333243,2535.0,Europe,1,,,,,33329A,exact,only_2022_mapped
Argentina,333248,333243,2510.0,South_America,1,,,,,33329A,exact,only_2022_mapped
France,336110,336112,2500.0,Europe,1,,,,,336112,exact,only_2022_mapped
Peru,336110,336111,2500.0,South_America,1,,,,,336111,exact,only_2022_mapped
Poland,335910,335912,2500.0,Europe,1,,,,,335912,exact,only_2022_mapped
Botswana,333998,333999,2499.0,Africa,1,,,,,33399A,exact,only_2022_mapped
Cameroon,333998,333997,2498.0,Africa,1,,,,,33399A,exact,only_2022_mapped
Jamaica,333998,333999,2476.0,South_America,1,,,,,33399A,exact,only_2022_mapped
Kuwait,333310,333318,2460.0,Asia,1,,,,,333318,exact,only_2022_mapped
Honduras,333310,334519,2458.0,South_America,1,,,,,33451A,exact,only_2022_mapped
Guinea,333248,333249,2456.0,Africa,1,,,,,33329A,exact,only_2022_mapped
Argentina,333998,333415,2454.0,South_America,1,,,,,333415,exact,only_2022_mapped
Niger,333310,333318,2451.0,Africa,1,,,,,333318,exact,only_2022_mapped
Kyrgyzstan,337126,337124,2450.0,Europe,1,,,,,33712N,exact,only_2022_mapped
Georgia,335139,335110,2406.0,Europe,1,,,,,335110,level_5,only_2022_mapped
Seychelles,333248,333249,2400.0,Africa,1,,,,,33329A,exact,only_2022_mapped
Georgia,335910,335911,2390.0,Europe,1,,,,,335911,exact,only_2022_mapped
St Lucia,335910,335911,2320.0,South_America,1,,,,,335911,exact,only_2022_mapped
Bahamas,333310,333316,2300.0,South_America,1,,,,,333316,exact,only_2022_mapped
Cote d'Ivoire,335139,335129,2299.0,Africa,1,,,,,335120,level_5,only_2022_mapped
Eswatini,333310,333316,2295.0,Africa,1,,,,,333316,exact,only_2022_mapped
Laos,335910,335911,2280.0,Asia,1,,,,,335911,exact,only_2022_mapped
Indonesia,333310,334519,2250.0,Asia,1,,,,,33451A,exact,only_2022_mapped
Albania,333248,333999,2238.0,Europe,1,,,,,33399A,exact,only_2022_mapped
Bangladesh,333248,333999,2232.0,Asia,1,,,,,33399A,exact,only_2022_mapped
Bulgaria,335139,335110,2220.0,Europe,1,,,,,335110,level_5,only_2022_mapped
British Indian Ocean Territories,333998,333999,2204.0,Africa,1,,,,,33399A,exact,only_2022_mapped
French Polynesia,333998,333999,2200.0,Oceana,1,,,,,33399A,exact,only_2022_mapped
Lebanon,333310,333999,2200.0,Asia,1,,,,,33399A,exact,only_2022_mapped
Sri Lanka,333248,333244,2197.0,Asia,1,,,,,33329A,exact,only_2022_mapped
Seychelles,333310,333314,2184.0,Africa,1,,,,,333314,exact,only_2022_mapped
Tunisia,337126,337124,2184.0,Africa,1,,,,,33712N,exact,only_2022_mapped
Jordan,333310,333316,2134.0,Asia,1,,,,,333316,exact,only_2022_mapped
Somalia,333248,333244,2128.0,Africa,1,,,,,33329A,exact,only_2022_mapped
Monaco,337126,337125,2125.0,Europe,1,,,,,33712N,exact,only_2022_mapped
Malta,335132,335129,2120.0,Europe,1,,,,,335120,level_5,only_2022_mapped
Dominican Republic,333998,333997,2113.0,South_America,1,,,,,33399A,exact,only_2022_mapped
Hungary,333310,335220,2110.0,Europe,1,,,,,335220,exact,only_2022_mapped
Macau,333310,333318,2104.0,Asia,1,,,,,333318,exact,only_2022_mapped
Finland,333998,335312,2099.0,Europe,1,,,,,335312,exact,only_2022_mapped
Hungary,333248,333132,2097.0,Europe,1,,,,,333130,level_5,only_2022_mapped
Jordan,333998,333120,2097.0,Asia,1,,,,,333120,level_5,only_2022_mapped
Netherlands,333248,321999,2063.0,Europe,1,,,,,3219A0,level_5,only_2022_mapped
Mali,337126,337125,2062.0,Africa,1,,,,,33712N,exact,only_2022_mapped
Iceland,337126,337125,2060.0,Europe,1,,,,,33712N,exact,only_2022_mapped
Mali,333310,333314,2041.0,Africa,1,,,,,333314,exact,only_2022_mapped
Indonesia,333998,333242,2024.0,Asia,1,,,,,333242,exact,only_2022_mapped
Philippines,333248,333132,2020.0,Asia,1,,,,,333130,level_5,only_2022_mapped
Jordan,335131,335121,2010.0,Asia,2,,,,,335120,level_5,only_2022_mapped
Maldives,333310,333314,2008.0,Asia,1,,,,,333314,exact,only_2022_mapped
Anguilla,335132,335122,2000.0,South_America,1,,,,,335120,level_5,only_2022_mapped
Sierra Leone,335132,335129,1984.0,Africa,1,,,,,335120,level_5,only_2022_mapped
Ghana,337126,337125,1876.0,Africa,2,,,,,33712N,exact,only_2022_mapped
Niger,335132,335122,1825.0,Africa,1,,,,,335120,level_5,only_2022_mapped
Chile,335131,335121,1816.0,South_America,1,,,,,335120,level_5,only_2022_mapped
Malawi,335132,335129,1610.0,Africa,1,,,,,335120,level_5,only_2022_mapped
Mauritania,335132,335122,1577.0,Africa,1,,,,,335120,level_5,only_2022_mapped
Cocos (Keeling) Islands,335132,335129,1558.0,Oceana,1,,,,,335120,level_5,only_2022_mapped
French Polynesia,335139,335129,1500.0,Oceana,1,,,,,335120,level_5,only_2022_mapped
Azerbaijan,335132,335122,1481.0,Europe,1,,,,,335120,level_5,only_2022_mapped
Pakistan,335132,335129,1416.0,Asia,1,,,,,335120,level_5,only_2022_mapped
Senegal,337126,337125,1350.0,Africa,1,,,,,33712N,exact,only_2022_mapped
Liechtenstein,335139,335129,1341.0,Europe,1,,,,,335120,level_5,only_2022_mapped
Belarus,335132,335129,1185.0,Europe,1,,,,,335120,level_5,only_2022_mapped
Ecuador,335139,335129,1120.0,South_America,1,,,,,335120,level_5,only_2022_mapped
Norfolk Island,335132,335129,1092.0,Oceana,1,,,,,335120,level_5,only_2022_mapped
Malawi,335132,335122,1050.0,Africa,1,,,,,335120,level_5,only_2022_mapped
Macedonia,337126,337124,1000.0,Europe,1,,,,,33712N,exact,only_2022_mapped
Oman,337126,337124,1000.0,Asia,1,,,,,33712N,exact,only_2022_mapped
Costa Rica,337126,337125,951.0,South_America,1,,,,,33712N,exact,only_2022_mapped
Cote d'Ivoire,337126,337125,944.0,Africa,1,,,,,33712N,exact,only_2022_mapped
Bangladesh,335132,335129,908.0,Asia,1,,,,,335120,level_5,only_2022_mapped
Nicaragua,335132,335122,907.0,South_America,1,,,,,335120,level_5,only_2022_mapped
Iraq,335131,335121,900.0,Asia,1,,,,,335120,level_5,only_2022_mapped
Kazakhstan,335139,335129,900.0,Europe,1,,,,,335120,level_5,only_2022_mapped
Bolivia,337126,337125,800.0,South_America,1,,,,,33712N,exact,only_2022_mapped
Uzbekistan,337126,337125,800.0,Europe,1,,,,,33712N,exact,only_2022_mapped
Moldova,337126,337124,790.0,Europe,1,,,,,33712N,exact,only_2022_mapped
Uzbekistan,335139,335129,740.0,Europe,1,,,,,335120,level_5,only_2022_mapped
Haiti,335139,335129,722.0,South_America,1,,,,,335120,level_5,only_2022_mapped
Martinique,337126,337124,698.0,South_America,1,,,,,33712N,exact,only_2022_mapped
Sierra Leone,337126,337124,672.0,Africa,1,,,,,33712N,exact,only_2022_mapped
Bahamas,335132,335129,641.0,South_America,1,,,,,335120,level_5,only_2022_mapped
Egypt,337126,337124,595.0,Africa,1,,,,,33712N,exact,only_2022_mapped
Costa Rica,335132,335129,500.0,South_America,1,,,,,335120,level_5,only_2022_mapped
Tanzania,335139,335129,500.0,Africa,1,,,,,335120,level_5,only_2022_mapped
Jordan,335139,335129,494.0,Asia,1,,,,,335120,level_5,only_2022_mapped
Belize,337126,337125,457.0,South_America,1,,,,,33712N,exact,only_2022_mapped
Guyana,335139,335129,403.0,South_America,1,,,,,335120,level_5,only_2022_mapped
Trinidad and Tobago,335139,335129,400.0,South_America,1,,,,,335120,level_5,only_2022_mapped
Afghanistan,335139,335129,351.0,Asia,1,,,,,335120,level_5,only_2022_mapped
El Salvador,337126,337124,336.0,South_America,1,,,,,33712N,exact,only_2022_mapped
Nauru,335132,335122,329.0,Oceana,1,,,,,335120,level_5,only_2022_mapped
Ethiopia,335132,335129,327.0,Africa,1,,,,,335120,level_5,only_2022_mapped
Kyrgyzstan,335131,335121,320.0,Europe,1,,,,,335120,level_5,only_2022_mapped
Laos,335132,335122,311.0,Asia,1,,,,,335120,level_5,only_2022_mapped
Montenegro,335139,335129,308.0,Europe,1,,,,,335120,level_5,only_2022_mapped
Zambia,337126,337125,302.0,Africa,1,,,,,33712N,exact,only_2022_mapped
Bhutan,335139,335129,300.0,Asia,1,,,,,335120,level_5,only_2022_mapped
Kuwait,337126,337124,300.0,Asia,1,,,,,33712N,exact,only_2022_mapped
Namibia,335131,335121,281.0,Africa,1,,,,,335120,level_5,only_2022_mapped
Jordan,335132,335129,280.0,Asia,1,,,,,335120,level_5,only_2022_mapped
Georgia,337126,337124,263.0,Europe,1,,,,,33712N,exact,only_2022_mapped
