ISO3,HS_Section,2024_imports,2024_duty,2024_tariff,2025_tariff
ABW,1,0.0,0.0,0.0,0.0
ABW,2,0.0,0.0,0.0,0.0
ABW,3,0.0,0.0,0.0,0.0
ABW,4,0.0,0.0,0.0,0.0
ABW,5,0.0,0.0,0.0,0.0
ABW,6,1121496.0,0.0,0.0,10.0
ABW,7,21600.0,113.0,0.5231481481481481,10.523148148148149
ABW,8,6097.0,606.0,9.939314416926358,19.93931441692636
ABW,9,4000.0,128.0,3.2,13.2
ABW,10,18088.0,0.0,0.0,10.0
ABW,11,789.0,107.0,13.561470215462613,23.56147021546261
ABW,12,0.0,0.0,0.0,0.0
ABW,13,47460.0,3538.0,7.454698693636747,17.454698693636743
ABW,14,654678.0,4066.0,0.6210686780371419,10.621068678037142
ABW,15,103468.0,334.0,0.3228051184907411,17.296555456759577
ABW,16,174686.0,512.0,0.2930973289216079,13.486255338149594
ABW,17,49292.0,1125.0,2.28231761746328,25.973788850117668
ABW,18,259083.0,211.0,0.08144108258743336,16.79017920897936
ABW,19,0.0,0.0,0.0,0.0
ABW,20,8759.0,16.0,0.18266925448110516,10.182669254481105
ABW,21,8112133.0,0.0,0.0,10.0
AFG,1,36778.0,15999.0,43.501549839578004,53.501549839578
AFG,2,11027353.0,118751.0,1.0768767445823126,11.076876744582313
AFG,3,87419.0,202.0,0.23107104862787267,10.231071048627872
AFG,4,3745989.0,105414.0,2.8140499077813628,12.814049907781364
AFG,5,15399.0,0.0,0.0,10.0
AFG,6,120661.0,38.0,0.031493191669222036,10.031493191669222
AFG,7,21239.0,750.0,3.5312397005508736,13.531239700550874
AFG,8,28927.0,1263.0,4.36616310021779,14.366163100217788
AFG,9,0.0,0.0,0.0,0.0
AFG,10,33552.0,0.0,0.0,10.0
AFG,11,4159839.0,46260.0,1.11206226971765,11.11206226971765
AFG,12,7508.0,320.0,4.262120404901439,14.262120404901438
AFG,13,6750.0,0.0,0.0,10.0
AFG,14,1174528.0,4758.0,0.40509889930252835,10.405098899302528
AFG,15,111254.0,3168.0,2.8475380660470635,21.12984701673648
AFG,16,141250.0,1558.0,1.103008849557522,11.172247787610619
AFG,17,0.0,0.0,0.0,0.0
AFG,18,14093.0,0.0,0.0,10.0
AFG,19,0.0,0.0,0.0,0.0
AFG,20,91325.0,355.0,0.3887215986860115,13.727128387626609
AFG,21,1965504.0,0.0,0.0,10.0
AGO,1,0.0,0.0,0.0,0.0
AGO,2,69550.0,0.0,0.0,10.0
AGO,3,0.0,0.0,0.0,0.0
AGO,4,60349.0,2792.0,4.62642297304015,14.62642297304015
AGO,5,1381388679.0,1036564.0,0.07503782358708617,6.651076861764262
AGO,6,216619096.0,33511.0,0.015470011932835322,10.015470011932836
AGO,7,0.0,0.0,0.0,0.0
AGO,8,0.0,0.0,0.0,0.0
AGO,9,203279.0,0.0,0.0,9.696968206258394
AGO,10,3619.0,0.0,0.0,10.0
AGO,11,900.0,144.0,16.0,26.0
AGO,12,0.0,0.0,0.0,0.0
AGO,13,38522.0,350.0,0.9085717252479104,10.90857172524791
AGO,14,48653585.0,0.0,0.0,10.0
AGO,15,15047829.0,945.0,0.0062799756695799775,9.816883884047328
AGO,16,0.0,0.0,0.0,0.0
AGO,17,82549.0,1210.0,1.4657960726356467,15.942955093338504
AGO,18,0.0,0.0,0.0,0.0
AGO,19,0.0,0.0,0.0,0.0
AGO,20,0.0,0.0,0.0,0.0
AGO,21,0.0,0.0,0.0,0.0
AIA,1,0.0,0.0,0.0,0.0
AIA,2,0.0,0.0,0.0,0.0
AIA,3,0.0,0.0,0.0,0.0
AIA,4,235930.0,9499.0,4.026194210147078,14.026194210147079
AIA,5,0.0,0.0,0.0,0.0
AIA,6,53405.0,0.0,0.0,10.0
AIA,7,68858.0,61.0,0.0885881088617154,10.088588108861716
AIA,8,1154.0,231.0,20.01733102253033,30.01733102253033
AIA,9,0.0,0.0,0.0,0.0
AIA,10,0.0,0.0,0.0,0.0
AIA,11,2591.0,237.0,9.147047472018526,19.147047472018524
AIA,12,163483.0,15450.0,9.450523907684591,19.45052390768459
AIA,13,55328.0,1568.0,2.834008097165992,12.834008097165992
AIA,14,86640.0,0.0,0.0,10.0
AIA,15,61162.0,0.0,0.0,10.0
AIA,16,167710.0,100.0,0.059626736628704304,10.933993202552024
AIA,17,0.0,0.0,0.0,0.0
AIA,18,0.0,0.0,0.0,0.0
AIA,19,0.0,0.0,0.0,0.0
AIA,20,15340.0,78.0,0.5084745762711864,10.508474576271189
AIA,21,278997.0,0.0,0.0,10.0
ALB,1,2489844.0,55253.0,2.2191350140812034,12.219135014081203
ALB,2,19729688.0,9358.0,0.047431059224048555,10.04743105922405
ALB,3,1243575.0,8237.0,0.6623645538065657,10.662364553806563
ALB,4,2947758.0,18863.0,0.6399100604595085,10.639910060459508
ALB,5,36615.0,0.0,0.0,10.0
ALB,6,4448440.0,413.0,0.00928415354596218,10.009284153545963
ALB,7,1006236.0,14056.0,1.3968890001947853,11.538699668864957
ALB,8,783145.0,50025.0,6.387705980374005,16.387705980374005
ALB,9,154854.0,6556.0,4.233665258889018,14.23366525888902
ALB,10,2748941.0,0.0,0.0,10.0
ALB,11,11006092.0,2025445.0,18.402944478385244,28.402944478385244
ALB,12,3208153.0,282780.0,8.814417516870298,18.82331983543179
ALB,13,107717.0,790.0,0.7334032696788808,10.733403269678881
ALB,14,191252.0,5193.0,2.715265722711396,12.715265722711393
ALB,15,70718698.0,162610.0,0.22993918807724653,4.332698121789516
ALB,16,1501927.0,20364.0,1.355858174198879,14.346110030647296
ALB,17,1250810.0,23183.0,1.853438971546438,20.24807124983011
ALB,18,44521.0,113.0,0.253812807439186,11.340715617349115
ALB,19,0.0,0.0,0.0,0.0
ALB,20,3216782.0,17134.0,0.5326441145219042,14.917507620970275
ALB,21,1746122.0,0.0,0.0,10.0
AND,1,0.0,0.0,0.0,0.0
AND,2,0.0,0.0,0.0,0.0
AND,3,0.0,0.0,0.0,0.0
AND,4,2912.0,0.0,0.0,10.0
AND,5,0.0,0.0,0.0,0.0
AND,6,0.0,0.0,0.0,0.0
AND,7,19670.0,1040.0,5.287239450940519,15.287239450940518
AND,8,1425.0,48.0,3.3684210526315788,13.368421052631582
AND,9,0.0,0.0,0.0,0.0
AND,10,225003.0,0.0,0.0,10.0
AND,11,511.0,17.0,3.326810176125244,13.326810176125244
AND,12,2925.0,0.0,0.0,10.0
AND,13,0.0,0.0,0.0,0.0
AND,14,126665.0,0.0,0.0,10.0
AND,15,184945.0,5433.0,2.9376301062478034,12.9376301062478
AND,16,1557535.0,1828.0,0.11736493882962501,8.685718137955167
AND,17,20212.0,314.0,1.5535325549178705,14.31649515139521
AND,18,473738.0,1333.0,0.2813791589443954,10.281379158944395
AND,19,0.0,0.0,0.0,0.0
AND,20,441303.0,0.0,0.0,10.0
AND,21,316109.0,0.0,0.0,10.0
ARE,1,7723537.0,233233.0,3.019769310356123,13.019769310356123
ARE,2,57276520.0,835144.0,1.458091378456652,11.458091378456652
ARE,3,18032559.0,1097045.0,6.083690063068697,16.083690063068698
ARE,4,59353499.0,2568455.0,4.327385989493222,14.327385989493223
ARE,5,1762680850.0,3152633.0,0.17885444208462353,10.014631905713392
ARE,6,744582014.0,1408931.0,0.1892244203470647,10.174678850085678
ARE,7,94236443.0,3692095.0,3.9179057299520528,13.919933289502449
ARE,8,552741.0,74051.0,13.397052145579938,23.397052145579934
ARE,9,1942855.0,59520.0,3.0635327906611662,12.327456243517915
ARE,10,98431846.0,0.0,0.0,9.989282736808573
ARE,11,71467569.0,2889164.0,4.042622465582955,14.042622465582955
ARE,12,9082025.0,728725.0,8.02381627445421,18.02381627445421
ARE,13,122285702.0,1528643.0,1.250058653627388,11.25183138745035
ARE,14,358967482.0,3910318.0,1.0893237399146924,11.089323739914692
ARE,15,1726031406.0,135434366.0,7.846575996775345,27.04039198403786
ARE,16,580474095.0,3400928.0,0.5858879886793226,20.587890481141972
ARE,17,99641490.0,1424071.0,1.4291948063000663,17.979247249313513
ARE,18,22265742.0,20519.0,0.09215502452152728,11.030567721479931
ARE,19,229351.0,42522.0,18.540141529794944,28.540141529794944
ARE,20,37366807.0,625336.0,1.6735066498992008,15.2849278773003
ARE,21,1315387342.0,0.0,0.0,10.0
ARG,1,778933578.0,17274922.0,2.2177657361177463,12.217765736117746
ARG,2,493388611.0,3943576.0,0.7992839542864925,10.799283954286492
ARG,3,340022413.0,24125622.0,7.095303449893462,17.095303449893464
ARG,4,629821964.0,23994700.0,3.8097591655282446,13.809759165528245
ARG,5,2396687706.0,2185452.0,0.09118634833102449,7.160516302160228
ARG,6,1008954602.0,4373792.0,0.4334974032855444,10.338064883517921
ARG,7,44735946.0,1227246.0,2.7433107148332128,15.408604302231588
ARG,8,12795302.0,100147.0,0.7826857076136225,10.782685707613622
ARG,9,101945621.0,130874.0,0.12837628405834128,7.940747940512323
ARG,10,18242304.0,0.0,0.0,9.994398733844147
ARG,11,2113304.0,144346.0,6.830347172011219,16.83034717201122
ARG,12,1560061.0,53647.0,3.4387757914594363,13.438775791459436
ARG,13,1904566.0,63642.0,3.341548678281561,13.341548678281562
ARG,14,801889158.0,17763.0,0.002215144053612457,10.002215144053611
ARG,15,616976407.0,991479.0,0.16069966189160942,11.55245129170717
ARG,16,156159339.0,1329716.0,0.8515123133301685,13.156751931435878
ARG,17,21982998.0,497125.0,2.261406747159782,22.049816863013863
ARG,18,8487062.0,13706.0,0.16149286997078613,12.25987744640018
ARG,19,2752652.0,71369.0,2.592736023296806,12.592736023296808
ARG,20,7016828.0,45600.0,0.6498662928605347,22.449943193705188
ARG,21,288971483.0,125.0,4.3256863515490904e-05,10.000043256863515
ARM,1,2081240.0,136893.0,6.577473044915531,16.577473044915532
ARM,2,1062217.0,35537.0,3.345549920590614,13.345549920590614
ARM,3,23051.0,0.0,0.0,10.0
ARM,4,15775273.0,305004.0,1.9334308826224433,11.933430882622444
ARM,5,89580.0,128.0,0.14288903773163653,10.142889037731637
ARM,6,1125047.0,21331.0,1.8960096778179045,11.492044332370112
ARM,7,291854.0,6115.0,2.0952256950393005,12.095225695039298
ARM,8,214576.0,14124.0,6.582283200357915,16.582283200357914
ARM,9,387341.0,5950.0,1.5361141732994958,11.536114173299495
ARM,10,95860.0,0.0,0.0,10.0
ARM,11,7918275.0,724051.0,9.144049682538178,19.144049682538174
ARM,12,75344.0,5876.0,7.798895731577829,17.79889573157783
ARM,13,77984.0,2101.0,2.6941423881821915,12.694142388182192
ARM,14,89482332.0,21850.0,0.024418228170450453,10.02441822817045
ARM,15,2253658.0,104151.0,4.62141993150691,6.412831938120158
ARM,16,790847.0,4897.0,0.6192095310470925,10.597081357076654
ARM,17,14647.0,0.0,0.0,10.0
ARM,18,2035851.0,4450.0,0.2185818117337664,10.218581811733765
ARM,19,0.0,0.0,0.0,0.0
ARM,20,1040035.0,22697.0,2.182330402342229,12.18233040234223
ARM,21,3190636.0,0.0,0.0,10.0
ATG,1,0.0,0.0,0.0,0.0
ATG,2,0.0,0.0,0.0,0.0
ATG,3,0.0,0.0,0.0,0.0
ATG,4,234213.0,4899.0,2.0916857732064402,12.091685773206441
ATG,5,1448095.0,0.0,0.0,10.0
ATG,6,3581.0,132.0,3.6861211951968724,13.686121195196872
ATG,7,5961.0,9.0,0.1509813789632612,10.15098137896326
ATG,8,3920.0,108.0,2.7551020408163267,12.755102040816327
ATG,9,0.0,0.0,0.0,0.0
ATG,10,215342.0,0.0,0.0,10.0
ATG,11,68523.0,128.0,0.18679859317309516,10.186798593173096
ATG,12,0.0,0.0,0.0,0.0
ATG,13,13457.0,783.0,5.818533105446979,15.81853310544698
ATG,14,360866.0,1168.0,0.32366584826500694,10.323665848265009
ATG,15,1260010.0,152.0,0.01206339632225141,9.977897000817453
ATG,16,130465.0,851.0,0.6522822212854021,11.66971984823516
ATG,17,9049.0,227.0,2.5085644822632336,20.3807050502818
ATG,18,233666.0,0.0,0.0,10.0
ATG,19,0.0,0.0,0.0,0.0
ATG,20,49292.0,0.0,0.0,10.0
ATG,21,18186244.0,0.0,0.0,10.0
AUS,1,4273312972.0,324992.0,0.007605153241277736,10.003043769572981
AUS,2,313688000.0,100187.0,0.03193842289153554,10.031938422891535
AUS,3,282610390.0,55087.0,0.019492206213649825,10.01949220621365
AUS,4,554199869.0,5666214.0,1.0224134499028545,11.022413449902855
AUS,5,643788798.0,66446.0,0.010321086698995343,2.934916242515919
AUS,6,1882098296.0,1096379.0,0.05825301485741317,9.37957224525323
AUS,7,111081734.0,1319738.0,1.1880783207795442,11.015343710785071
AUS,8,2115757.0,84042.0,3.972195294639224,13.972195294639224
AUS,9,8981400.0,45620.0,0.5079386287215801,6.249929855033737
AUS,10,82566189.0,0.0,0.0,9.976376528653878
AUS,11,51521480.0,2756246.0,5.349702687112249,15.349702687112249
AUS,12,9939574.0,55758.0,0.5609697156035057,10.560969715603505
AUS,13,45570145.0,709996.0,1.558028836642938,20.263313184542206
AUS,14,3226552267.0,617340.0,0.01913311637049641,10.019133116370496
AUS,15,1145129051.0,724655.0,0.06328151393654582,11.153604538149125
AUS,16,1070455381.0,4169076.0,0.38946751765639454,14.506254903865068
AUS,17,581613091.0,831361.0,0.14294055839950137,21.91221141203646
AUS,18,1007634044.0,205686.0,0.020412768030691905,10.352485604386745
AUS,19,40382707.0,827.0,0.0020479062981092373,10.00204790629811
AUS,20,81895756.0,433817.0,0.5297185363305029,13.70928861075536
AUS,21,1265447806.0,0.0,0.0,10.0
AUT,1,628323715.0,3961917.0,0.6305534719471794,10.630553471947177
AUT,2,285745301.0,9400503.0,3.28981892864093,13.289818928640932
AUT,3,5546119.0,365956.0,6.598415937342852,16.598415937342853
AUT,4,631849740.0,19996717.0,3.1647899388231133,13.164789938823112
AUT,5,6843588.0,79482.0,1.161408313884471,8.764250565638958
AUT,6,3954283875.0,10440297.0,0.2640249746864721,10.095611511958026
AUT,7,372684344.0,17942316.0,4.814346588167921,14.625318242507122
AUT,8,5959692.0,458498.0,7.69331703718917,17.69331703718917
AUT,9,184075403.0,3109605.0,1.6893104398092778,9.271479144880644
AUT,10,120773339.0,0.0,0.0,9.992985455175665
AUT,11,111646101.0,6160927.0,5.518264359272161,15.51826435927216
AUT,12,22213864.0,1419308.0,6.389289139431123,16.421110708159553
AUT,13,155015869.0,2287235.0,1.4754844228238335,11.479607549082603
AUT,14,123899614.0,129625.0,0.10462098776191506,10.104620987761916
AUT,15,1443411283.0,44469981.0,3.0808946503156855,21.67704320557123
AUT,16,5347367961.0,58695137.0,1.0976453729775415,12.247044653114344
AUT,17,3498489778.0,72200084.0,2.0637500344870237,24.400301472025625
AUT,18,728402534.0,3784618.0,0.5195778190414697,10.857425607198671
AUT,19,285909175.0,9155261.0,3.2021571186024373,13.202157118602438
AUT,20,179214153.0,2149955.0,1.199656926649091,22.160179140539203
AUT,21,462579275.0,0.0,0.0,10.0
AZE,1,1842025.0,3557.0,0.19310269947476283,10.19310269947476
AZE,2,154193.0,117.0,0.07587893095017284,10.075878930950173
AZE,3,395296.0,1606.0,0.40627782724844164,10.406277827248442
AZE,4,1269764.0,1827.0,0.14388500540257876,10.143885005402579
AZE,5,5015.0,0.0,0.0,10.0
AZE,6,2030893.0,0.0,0.0,10.0
AZE,7,110437.0,4388.0,3.973306047791954,13.973306047791954
AZE,8,0.0,0.0,0.0,0.0
AZE,9,926509.0,39245.0,4.235792636660842,14.235792636660843
AZE,10,471530.0,0.0,0.0,10.0
AZE,11,67077.0,4880.0,7.275221014654799,17.2752210146548
AZE,12,0.0,0.0,0.0,0.0
AZE,13,215055.0,11712.0,5.44604868522006,15.44604868522006
AZE,14,2278691.0,0.0,0.0,10.0
AZE,15,67211317.0,7978557.0,11.870853534978343,23.265137774342385
AZE,16,5603032.0,1330.0,0.02373714802985241,17.893281708903327
AZE,17,570425.0,0.0,0.0,10.0
AZE,18,10050.0,0.0,0.0,10.0
AZE,19,8054766.0,0.0,0.0,10.0
AZE,20,535413.0,58.0,0.010832759010334078,10.010832759010334
AZE,21,48657833.0,0.0,0.0,10.0
BDI,1,0.0,0.0,0.0,0.0
BDI,2,3356667.0,0.0,0.0,10.0
BDI,3,0.0,0.0,0.0,0.0
BDI,4,0.0,0.0,0.0,0.0
BDI,5,0.0,0.0,0.0,0.0
BDI,6,3750.0,139.0,3.7066666666666666,13.706666666666669
BDI,7,0.0,0.0,0.0,0.0
BDI,8,1104.0,66.0,5.978260869565218,15.97826086956522
BDI,9,0.0,0.0,0.0,0.0
BDI,10,16232.0,0.0,0.0,10.0
BDI,11,337408.0,56470.0,16.736414074355082,26.736414074355082
BDI,12,0.0,0.0,0.0,0.0
BDI,13,0.0,0.0,0.0,0.0
BDI,14,0.0,0.0,0.0,0.0
BDI,15,0.0,0.0,0.0,0.0
BDI,16,2477.0,0.0,0.0,10.0
BDI,17,0.0,0.0,0.0,0.0
BDI,18,0.0,0.0,0.0,0.0
BDI,19,0.0,0.0,0.0,0.0
BDI,20,0.0,0.0,0.0,0.0
BDI,21,19046.0,0.0,0.0,10.0
BEL,1,102246931.0,977132.0,0.9556590016379074,10.954914040402835
BEL,2,131987997.0,7079952.0,5.364087766253473,15.364087766253473
BEL,3,40850991.0,2977136.0,7.287793826103265,17.287793826103265
BEL,4,949232418.0,46800048.0,4.930304434672184,14.930304434672184
BEL,5,955287521.0,3305105.0,0.3459801292641401,9.748102780879936
BEL,6,14411953737.0,46554505.0,0.323027022217536,8.481529225019882
BEL,7,612968783.0,30916582.0,5.043744943859563,15.046809235308155
BEL,8,4506915.0,316060.0,7.012779251439177,17.012779251439177
BEL,9,67362666.0,350258.0,0.5199586370290036,8.282938801739231
BEL,10,76843300.0,0.0,0.0,9.986103147574347
BEL,11,188620464.0,6737229.0,3.5718441451824656,13.571844145182466
BEL,12,5383746.0,602019.0,11.182158296472382,25.4224920715056
BEL,13,126589385.0,3252834.0,2.5695945991048146,12.585263566925457
BEL,14,2291355121.0,916360.0,0.03999205498971628,10.039992054989716
BEL,15,750565226.0,49319095.0,6.570927254762,20.757339262877068
BEL,16,2164149617.0,12932239.0,0.5975667716507976,12.596531809011246
BEL,17,1475175521.0,34334302.0,2.327472325240679,26.336837682652952
BEL,18,197025716.0,472671.0,0.23990320126536174,10.764893553286212
BEL,19,38695202.0,528875.0,1.366771518598094,11.366771518598094
BEL,20,101247456.0,1003922.0,0.9915528149171472,13.56971655663131
BEL,21,2811051066.0,0.0,0.0,10.0
BEN,1,63248.0,0.0,0.0,10.0
BEN,2,12840665.0,0.0,0.0,10.0
BEN,3,3530.0,0.0,0.0,10.0
BEN,4,29379460.0,0.0,0.0,10.0
BEN,5,0.0,0.0,0.0,0.0
BEN,6,0.0,0.0,0.0,0.0
BEN,7,0.0,0.0,0.0,0.0
BEN,8,0.0,0.0,0.0,0.0
BEN,9,133525.0,152.0,0.11383636023216627,0.9962179367159708
BEN,10,4466.0,0.0,0.0,10.0
BEN,11,2793861.0,298.0,0.01066624288037236,10.010666242880372
BEN,12,0.0,0.0,0.0,0.0
BEN,13,0.0,0.0,0.0,0.0
BEN,14,0.0,0.0,0.0,0.0
BEN,15,0.0,0.0,0.0,0.0
BEN,16,18230.0,0.0,0.0,7.377948436642896
BEN,17,0.0,0.0,0.0,0.0
BEN,18,0.0,0.0,0.0,0.0
BEN,19,3864.0,0.0,0.0,10.0
BEN,20,199429.0,0.0,0.0,10.0
BEN,21,3183126.0,0.0,0.0,10.0
BFA,1,0.0,0.0,0.0,0.0
BFA,2,3728112.0,3110.0,0.08342024059363023,10.08342024059363
BFA,3,100866.0,778.0,0.7713203656336128,10.77132036563361
BFA,4,0.0,0.0,0.0,0.0
BFA,5,0.0,0.0,0.0,0.0
BFA,6,17867.0,0.0,0.0,10.0
BFA,7,0.0,0.0,0.0,0.0
BFA,8,260.0,0.0,0.0,10.0
BFA,9,0.0,0.0,0.0,0.0
BFA,10,5507.0,0.0,0.0,10.0
BFA,11,15141.0,1294.0,8.546331153820752,18.546331153820752
BFA,12,1150.0,300.0,26.08695652173913,36.086956521739125
BFA,13,3520.0,0.0,0.0,10.0
BFA,14,2020.0,0.0,0.0,10.0
BFA,15,11556.0,298.0,2.578746971270336,12.578746971270336
BFA,16,193754.0,3597.0,1.856477801748609,20.052489238931845
BFA,17,160301.0,3731.0,2.3274963974023866,24.878291464183008
BFA,18,0.0,0.0,0.0,0.0
BFA,19,0.0,0.0,0.0,0.0
BFA,20,5534.0,0.0,0.0,10.0
BFA,21,275078.0,0.0,0.0,10.0
BGD,1,20734374.0,80271.0,0.38713973231118526,10.387139732311185
BGD,2,5048943.0,101609.0,2.012480632084775,12.012480632084776
BGD,3,231836.0,6376.0,2.7502199830914957,12.750219983091496
BGD,4,25788821.0,1325946.0,5.141553388578718,15.141553388578718
BGD,5,0.0,0.0,0.0,0.0
BGD,6,21777559.0,17315.0,0.07950845179664076,10.079508451796642
BGD,7,22864663.0,638920.0,2.794355639529872,12.794355639529872
BGD,8,101727468.0,12278840.0,12.07032893023544,22.07032893023544
BGD,9,3257830.0,113195.0,3.474552079144707,13.474552079144706
BGD,10,4794750.0,0.0,0.0,9.988237134365713
BGD,11,7329016700.0,1208552026.0,16.48996141597003,26.48996141597003
BGD,12,704846587.0,46048023.0,6.5330561074278135,16.533056107427814
BGD,13,5672663.0,677893.0,11.950172255958092,21.950172255958094
BGD,14,656106.0,57058.0,8.69646063288554,18.69646063288554
BGD,15,3895134.0,92021.0,2.3624604442363215,26.725940622325187
BGD,16,12669151.0,55230.0,0.4359408140292905,14.253390775751273
BGD,17,4341646.0,447834.0,10.314843725167828,20.36113607604121
BGD,18,35817373.0,268175.0,0.7487288361432872,10.748728836143288
BGD,19,0.0,0.0,0.0,0.0
BGD,20,45310593.0,967795.0,2.1359133392935292,13.809122074389977
BGD,21,95786048.0,0.0,0.0,10.0
BGR,1,635568163.0,3286967.0,0.5171698633369085,10.517169863336907
BGR,2,71277351.0,165397.0,0.2320470635896668,10.232047063589668
BGR,3,792371.0,35469.0,4.47631223252744,14.47631223252744
BGR,4,62188898.0,2226651.0,3.580463831341729,13.58046383134173
BGR,5,140936086.0,550021.0,0.3902627180947823,9.392061377382085
BGR,6,686768979.0,6651634.0,0.9685402520197407,10.124396096230782
BGR,7,25561566.0,948220.0,3.7095536321992166,13.710889817939949
BGR,8,204397686.0,5549346.0,2.7149749630727227,12.714974963072724
BGR,9,16732827.0,1408280.0,8.416270603885405,17.989773634783894
BGR,10,407890392.0,0.0,0.0,10.0
BGR,11,96563281.0,12976647.0,13.43849014409525,23.438490144095248
BGR,12,3325208.0,171503.0,5.157662317665541,15.157662317665542
BGR,13,25132845.0,779752.0,3.1025218195552475,13.102521819555248
BGR,14,73471869.0,15837.0,0.021555188694056496,10.021555188694055
BGR,15,304780196.0,6691904.0,2.195649221250583,11.467617108560427
BGR,16,344698817.0,4197351.0,1.21768651152638,13.81626076192771
BGR,17,32422591.0,322714.0,0.9953368624981267,13.010377702386586
BGR,18,174392491.0,283926.0,0.16280861542369965,10.332482119313267
BGR,19,7100942.0,153598.0,2.1630651257255726,12.163065125725574
BGR,20,55418519.0,1220870.0,2.203000047691639,38.249792185893675
BGR,21,38673680.0,0.0,0.0,10.0
BHR,1,8552314.0,3362.0,0.03931099816961819,10.039310998169618
BHR,2,0.0,0.0,0.0,0.0
BHR,3,0.0,0.0,0.0,0.0
BHR,4,271953.0,16.0,0.005883369552827143,10.005883369552826
BHR,5,201578858.0,626501.0,0.3107969785204359,10.053819384173712
BHR,6,4207344.0,15637.0,0.3716596503637449,10.371659650363744
BHR,7,36265654.0,28430.0,0.07839373308971624,10.078393733089717
BHR,8,5692.0,360.0,6.324666198172873,16.324666198172874
BHR,9,5861.0,118.0,2.0133083091622592,12.013308309162262
BHR,10,762062.0,0.0,0.0,10.0
BHR,11,53837764.0,81922.0,0.15216456612128246,10.152164566121282
BHR,12,3898769.0,1439.0,0.0369090859191709,10.036909085919168
BHR,13,22396870.0,117060.0,0.522662318440032,10.522662318440032
BHR,14,50669695.0,18479.0,0.036469530752059984,10.03646953075206
BHR,15,702553590.0,23649742.0,3.366254523017952,12.680013477690723
BHR,16,2346539.0,6055.0,0.2580396064160877,16.468969831739425
BHR,17,278300.0,720.0,0.25871361839741286,17.20086237872799
BHR,18,1517321.0,17624.0,1.1615208647346211,11.408202351381151
BHR,19,0.0,0.0,0.0,0.0
BHR,20,889950.0,0.0,0.0,10.0
BHR,21,47483825.0,0.0,0.0,10.0
BHS,1,102750137.0,7636.0,0.007431620261489287,10.004936246459701
BHS,2,0.0,0.0,0.0,0.0
BHS,3,0.0,0.0,0.0,0.0
BHS,4,280086.0,0.0,0.0,10.0
BHS,5,645989977.0,3222609.0,0.4988636224614364,10.49867611181218
BHS,6,48675.0,1026.0,2.1078582434514637,12.107858243451464
BHS,7,54451020.0,30.0,5.5095386642894845e-05,10.000055095386642
BHS,8,4442.0,622.0,14.002701485817198,24.0027014858172
BHS,9,0.0,0.0,0.0,0.0
BHS,10,49940.0,0.0,0.0,10.0
BHS,11,29243.0,3293.0,11.260814553910338,21.260814553910333
BHS,12,14171.0,889.0,6.273375202879119,16.27337520287912
BHS,13,10785.0,385.0,3.5697728326379226,13.569772832637923
BHS,14,1448750.0,1162.0,0.08020707506471096,10.080207075064711
BHS,15,4196066.0,1639.0,0.03906039609481834,11.8359196447339
BHS,16,1330791.0,4546.0,0.3416013483710064,15.858267752036195
BHS,17,502355.0,746.0,0.14850056235132525,10.23807864956057
BHS,18,488625.0,196.0,0.04011256075722691,10.040112560757226
BHS,19,0.0,0.0,0.0,0.0
BHS,20,757984.0,218.0,0.028760501540929625,10.186811331109892
BHS,21,977959993.0,0.0,0.0,10.0
BIH,1,148018.0,27197.0,18.374116661487115,28.374116661487115
BIH,2,1570664.0,2150.0,0.13688478248689726,10.1368847824869
BIH,3,0.0,0.0,0.0,0.0
BIH,4,2466654.0,40877.0,1.6571841855404124,11.657184185540412
BIH,5,635645.0,0.0,0.0,10.0
BIH,6,11631875.0,269894.0,2.320296598785664,12.320296598785664
BIH,7,939619.0,40143.0,4.272263545117755,14.272263545117756
BIH,8,449094.0,34987.0,7.790573911029762,17.790573911029764
BIH,9,1162026.0,57379.0,4.937841321966978,14.937841321966978
BIH,10,1035397.0,0.0,0.0,8.829608353124454
BIH,11,12613714.0,2219045.0,17.592320548888296,27.592320548888292
BIH,12,15948414.0,1427212.0,8.948927460749388,18.97760241237781
BIH,13,418861.0,28441.0,6.790080718901975,16.790080718901972
BIH,14,90208.0,8341.0,9.246408300815892,19.246408300815894
BIH,15,14217931.0,230311.0,1.619862974436998,34.35227952646556
BIH,16,30227603.0,442657.0,1.464413172291564,15.082244364529997
BIH,17,7891427.0,104708.0,1.3268576139651294,14.719112905688666
BIH,18,204647.0,7614.0,3.7205529521566403,13.720552952156641
BIH,19,51367972.0,2897.0,0.005639700940500435,10.0056397009405
BIH,20,20323809.0,184344.0,0.9070347000407257,14.737574536347985
BIH,21,4272646.0,0.0,0.0,10.0
BLR,1,1154143.0,324214.0,28.091319706483514,38.09131970648351
BLR,2,2761846.0,76763.0,2.779409134325375,12.779409134325375
BLR,3,679627.0,169907.0,25.000036784883473,35.00003678488348
BLR,4,4078205.0,489319.0,11.998391449179234,21.998391449179234
BLR,5,2665.0,15.0,0.5628517823639775,10.562851782363978
BLR,6,404453.0,24700.0,6.107013670315216,15.7523123824029
BLR,7,472431.0,65378.0,13.838634636592435,23.838634636592438
BLR,8,45379.0,15882.0,34.998567619383415,44.998567619383415
BLR,9,274778.0,17963.0,6.53727736572797,16.53727736572797
BLR,10,1529428.0,0.0,0.0,10.0
BLR,11,2362031.0,37403.0,1.5835101232794995,11.583510123279499
BLR,12,0.0,0.0,0.0,0.0
BLR,13,15711.0,785.0,4.996499268028769,14.996499268028767
BLR,14,0.0,0.0,0.0,0.0
BLR,15,4158695.0,175184.0,4.212475307758804,15.178624544478497
BLR,16,736486.0,54261.0,7.367553490494048,14.704447878167406
BLR,17,3678.0,0.0,0.0,10.0
BLR,18,758423.0,32614.0,4.300238784952461,15.604998793549244
BLR,19,0.0,0.0,0.0,0.0
BLR,20,116231.0,4587.0,3.946451463034818,13.94645146303482
BLR,21,506486.0,0.0,0.0,10.0
BLZ,1,15159236.0,0.0,0.0,10.0
BLZ,2,2712695.0,0.0,0.0,10.0
BLZ,3,83486.0,503.0,0.6024962269122967,10.602496226912296
BLZ,4,49823251.0,5512.0,0.011063107865040762,10.011063107865041
BLZ,5,4225.0,89.0,2.106508875739645,2.106508875739645
BLZ,6,1028415.0,1963.0,0.19087625131877695,10.190876251318779
BLZ,7,22919.0,270.0,1.178061870064139,11.178061870064138
BLZ,8,850.0,0.0,0.0,10.0
BLZ,9,1956440.0,147.0,0.0075136472368178935,4.448426734272454
BLZ,10,46450.0,0.0,0.0,10.0
BLZ,11,83738.0,4651.0,5.554228665599847,15.554228665599847
BLZ,12,126793.0,12672.0,9.9942425843698,19.9942425843698
BLZ,13,213119.0,0.0,0.0,10.0
BLZ,14,842018.0,2496.0,0.29643071763311474,10.296430717633116
BLZ,15,49299.0,1289.0,2.614657498123694,29.43690541390292
BLZ,16,776242.0,1767.0,0.22763519624034775,10.58081758008456
BLZ,17,73375.0,1722.0,2.346848381601363,25.80422487223169
BLZ,18,25635.0,0.0,0.0,10.0
BLZ,19,0.0,0.0,0.0,0.0
BLZ,20,469242.0,242.0,0.051572536132741736,10.051572536132742
BLZ,21,7628642.0,0.0,0.0,10.0
BMU,1,18000.0,0.0,0.0,10.0
BMU,2,0.0,0.0,0.0,0.0
BMU,3,0.0,0.0,0.0,0.0
BMU,4,671113.0,0.0,0.0,10.0
BMU,5,335000.0,335.0,0.1,9.94579104477612
BMU,6,145897.0,0.0,0.0,10.0
BMU,7,65636.0,192.0,0.29252239624596255,10.292522396245962
BMU,8,46400.0,0.0,0.0,10.0
BMU,9,6000.0,0.0,0.0,10.0
BMU,10,0.0,0.0,0.0,0.0
BMU,11,27670.0,1459.0,5.272858691723889,15.27285869172389
BMU,12,0.0,0.0,0.0,0.0
BMU,13,5645.0,367.0,6.50132860938884,16.50132860938884
BMU,14,54806.0,2046.0,3.733167901324672,13.733167901324672
BMU,15,514379.0,0.0,0.0,12.332910169349837
BMU,16,508173.0,373.0,0.07340020032547971,11.474438822999252
BMU,17,44044.0,652.0,1.4803378439742076,16.26328217237308
BMU,18,298318.0,323.0,0.10827372133092875,10.108273721330928
BMU,19,0.0,0.0,0.0,0.0
BMU,20,14035.0,523.0,3.7263982899893127,13.726398289989314
BMU,21,19745062.0,0.0,0.0,10.0
BOL,1,4382139.0,0.0,0.0,10.0
BOL,2,84545440.0,370789.0,0.4385677098611113,10.438567709861111
BOL,3,5041.0,0.0,0.0,10.0
BOL,4,14235848.0,828844.0,5.822231313512198,15.822231313512198
BOL,5,37799332.0,54967.0,0.14541791373456017,3.134696666068067
BOL,6,17400279.0,7242.0,0.041620022299642435,0.29805326684704303
BOL,7,11602.0,431.0,3.714876745388726,13.714876745388725
BOL,8,479864.0,8048.0,1.6771418568594436,11.677141856859443
BOL,9,16525587.0,22755.0,0.13769556264476415,9.623048185822384
BOL,10,231509.0,0.0,0.0,10.0
BOL,11,966751.0,105231.0,10.88501589344102,20.88501589344102
BOL,12,4357636.0,216675.0,4.972306085226026,14.972306085226027
BOL,13,578319.0,5302.0,0.9167950560157975,10.916795056015797
BOL,14,18615357.0,5922.0,0.03181244388705519,10.031812443887056
BOL,15,272963443.0,77376.0,0.028346652998511596,0.4803452746600942
BOL,16,3802010.0,5422.0,0.14260877798848504,10.946037753714482
BOL,17,77707.0,2095.0,2.6960248111495746,23.518794960556964
BOL,18,160280.0,326.0,0.20339406039430996,10.20339406039431
BOL,19,0.0,0.0,0.0,0.0
BOL,20,7527835.0,983.0,0.013058203321406487,10.049488332302714
BOL,21,14990808.0,0.0,0.0,10.0
BRA,1,1398580046.0,145248131.0,10.385399921542996,20.385399921542998
BRA,2,2338105602.0,1232009.0,0.05269261572044255,10.052692615720442
BRA,3,443550334.0,3644950.0,0.8217669384056872,10.821766938405688
BRA,4,3525023355.0,177557957.0,5.037071789840667,15.037071789840667
BRA,5,9158170892.0,11800617.0,0.12885342651018092,8.249692950805006
BRA,6,2327633133.0,28833272.0,1.2387378230364794,10.424515876660706
BRA,7,737608295.0,19198910.0,2.602859828196482,18.55610916767144
BRA,8,90355787.0,830694.0,0.9193589338112897,10.919358933811289
BRA,9,1547431485.0,25203173.0,1.6287101073169645,10.855440659461573
BRA,10,2040858782.0,0.0,0.0,9.99835969542355
BRA,11,67065700.0,4328235.0,6.453723736574732,16.45372373657473
BRA,12,236985045.0,21787912.0,9.193791954256017,19.194049860825608
BRA,13,936065548.0,43192984.0,4.61431190286687,14.620376974925266
BRA,14,550285925.0,838000.0,0.15228446920571337,10.152284469205714
BRA,15,6005775932.0,25014907.0,0.41651415709193323,10.759185401957152
BRA,16,4193659460.0,26935821.0,0.6422987192193235,13.714861686694992
BRA,17,3144266847.0,6308408.0,0.20063208076690317,11.578633072996304
BRA,18,391644261.0,1010001.0,0.25788734843736166,10.29659627771234
BRA,19,315690494.0,3670826.0,1.1627926940365838,11.162792694036584
BRA,20,327816604.0,1913530.0,0.583719670282473,11.250452021033077
BRA,21,2972486094.0,0.0,0.0,10.0
BRB,1,944889.0,0.0,0.0,10.0
BRB,2,373942.0,122.0,0.032625380406587114,10.032625380406587
BRB,3,27748.0,0.0,0.0,10.0
BRB,4,24675322.0,44.0,0.00017831580880687192,10.000178315808808
BRB,5,36410.0,24.0,0.06591595715462785,10.065915957154628
BRB,6,6100.0,110.0,1.8032786885245904,11.80327868852459
BRB,7,22388.0,730.0,3.2606753618009647,13.260675361800965
BRB,8,47775.0,0.0,0.0,10.0
BRB,9,9295.0,385.0,4.142011834319527,14.142011834319527
BRB,10,964633.0,0.0,0.0,10.0
BRB,11,829444.0,41601.0,5.015528474496168,15.015528474496168
BRB,12,761336.0,31268.0,4.106990868683472,14.106990868683472
BRB,13,39126.0,8803.0,22.499105454173694,32.49910545417369
BRB,14,703767.0,470.0,0.06678346668712798,10.066783466687127
BRB,15,1230727.0,0.0,0.0,9.860643343324718
BRB,16,1279047.0,1300.0,0.10163817279583941,10.46635111923174
BRB,17,2936.0,29.0,0.9877384196185286,10.987738419618529
BRB,18,7384601.0,0.0,0.0,10.0
BRB,19,0.0,0.0,0.0,0.0
BRB,20,58167.0,0.0,0.0,10.0
BRB,21,8205590.0,0.0,0.0,10.0
BRN,1,0.0,0.0,0.0,0.0
BRN,2,0.0,0.0,0.0,0.0
BRN,3,0.0,0.0,0.0,0.0
BRN,4,52074.0,3333.0,6.400506970849176,16.400506970849175
BRN,5,42917856.0,70654.0,0.1646261173903934,6.620615205009309
BRN,6,173948418.0,45522.0,0.0261698269656008,10.018615863468215
BRN,7,1814.0,54.0,2.9768467475192946,12.976846747519296
BRN,8,9545.0,376.0,3.93923520167627,13.93923520167627
BRN,9,296881.0,9501.0,3.200272162920497,13.200272162920497
BRN,10,82934.0,0.0,0.0,10.0
BRN,11,4356368.0,741096.0,17.01178596482207,27.01178596482207
BRN,12,0.0,0.0,0.0,0.0
BRN,13,3030.0,236.0,7.788778877887789,17.78877887788779
BRN,14,0.0,0.0,0.0,0.0
BRN,15,7049142.0,49170.0,0.69753169960259,20.359252232399346
BRN,16,1775723.0,0.0,0.0,45.18003652596717
BRN,17,66740.0,1867.0,2.79742283488163,24.373988612526222
BRN,18,77578.0,154.0,0.19850988682358403,10.198509886823585
BRN,19,0.0,0.0,0.0,0.0
BRN,20,14602.0,0.0,0.0,10.0
BRN,21,10057619.0,0.0,0.0,10.0
BTN,1,0.0,0.0,0.0,0.0
BTN,2,0.0,0.0,0.0,0.0
BTN,3,0.0,0.0,0.0,0.0
BTN,4,21849.0,269.0,1.2311776282667397,11.23117762826674
BTN,5,0.0,0.0,0.0,0.0
BTN,6,0.0,0.0,0.0,0.0
BTN,7,3872.0,155.0,4.003099173553719,14.00309917355372
BTN,8,1600.0,0.0,0.0,10.0
BTN,9,0.0,0.0,0.0,0.0
BTN,10,6085.0,0.0,0.0,10.0
BTN,11,2582.0,203.0,7.862122385747483,17.862122385747487
BTN,12,27086.0,2709.0,10.00147677767112,20.00147677767112
BTN,13,2595.0,156.0,6.011560693641618,16.01156069364162
BTN,14,26071.0,0.0,0.0,10.0
BTN,15,3018344.0,37087.0,1.2287201193767179,11.228720119376717
BTN,16,0.0,0.0,0.0,0.0
BTN,17,0.0,0.0,0.0,0.0
BTN,18,0.0,0.0,0.0,0.0
BTN,19,0.0,0.0,0.0,0.0
BTN,20,2500.0,18.0,0.72,10.72
BTN,21,208464.0,0.0,0.0,10.0
BWA,1,0.0,0.0,0.0,0.0
BWA,2,0.0,0.0,0.0,0.0
BWA,3,0.0,0.0,0.0,0.0
BWA,4,2500.0,7.0,0.27999999999999997,10.28
BWA,5,0.0,0.0,0.0,0.0
BWA,6,0.0,0.0,0.0,0.0
BWA,7,6670.0,212.0,3.1784107946026987,13.178410794602698
BWA,8,0.0,0.0,0.0,0.0
BWA,9,7040.0,465.0,6.605113636363637,16.605113636363637
BWA,10,23105.0,0.0,0.0,10.0
BWA,11,0.0,0.0,0.0,0.0
BWA,12,0.0,0.0,0.0,0.0
BWA,13,14777.0,520.0,3.5189822020707853,13.518982202070784
BWA,14,493979497.0,2124.0,0.00042997735997127827,10.000429977359971
BWA,15,0.0,0.0,0.0,0.0
BWA,16,327013.0,3734.0,1.1418506297914763,20.476663007281058
BWA,17,170694.0,4269.0,2.500966642061232,27.500966642061236
BWA,18,4120.0,0.0,0.0,10.0
BWA,19,0.0,0.0,0.0,0.0
BWA,20,55733.0,238.0,0.427036046866309,10.42703604686631
BWA,21,2407195.0,0.0,0.0,10.0
CAF,1,3804.0,0.0,0.0,10.0
CAF,2,0.0,0.0,0.0,0.0
CAF,3,0.0,0.0,0.0,0.0
CAF,4,0.0,0.0,0.0,0.0
CAF,5,0.0,0.0,0.0,0.0
CAF,6,3283.0,0.0,0.0,10.0
CAF,7,108184.0,7032.0,6.500036974044221,16.50003697404422
CAF,8,0.0,0.0,0.0,0.0
CAF,9,401831.0,4144.0,1.0312793189176546,6.446540958761272
CAF,10,0.0,0.0,0.0,0.0
CAF,11,8096.0,761.0,9.399703557312252,19.39970355731225
CAF,12,0.0,0.0,0.0,0.0
CAF,13,3794.0,0.0,0.0,10.0
CAF,14,283289.0,0.0,0.0,10.0
CAF,15,9026.0,248.0,2.7476179924662087,25.688012408597384
CAF,16,116061.0,1875.0,1.6155297645203817,11.425198817863018
CAF,17,159246.0,1659.0,1.0417844090275423,16.36807203948608
CAF,18,0.0,0.0,0.0,0.0
CAF,19,0.0,0.0,0.0,0.0
CAF,20,0.0,0.0,0.0,0.0
CAF,21,325606.0,0.0,0.0,10.0
CAN,1,10254660354.0,253209.0,0.0024692090352971237,8.752469209035297
CAN,2,8328508995.0,1597571.0,0.019181956829957172,8.769181956829957
CAN,3,5049447646.0,67262056.0,1.3320675985873962,10.082067598587397
CAN,4,21040768640.0,22960462.0,0.10912368456136401,8.859123684561364
CAN,5,125755461904.0,81557296.0,0.0648538797163814,3.2771797886668277
CAN,6,24287666822.0,14715431.0,0.06058807998251451,8.291092814186909
CAN,7,17089176086.0,24014017.0,0.14052179507748797,8.879215727261364
CAN,8,129747158.0,866139.0,0.6675591306593397,9.41755913065934
CAN,9,11112594232.0,1083334.0,0.009748704734313204,5.362740223353275
CAN,10,9439884141.0,0.0,0.0,8.747239496840134
CAN,11,1491702872.0,10561735.0,0.7080320885780261,9.458032088578026
CAN,12,90867686.0,425803.0,0.4685967242524477,9.338498052542022
CAN,13,1836774903.0,1227510.0,0.06682963699009122,8.816829636990091
CAN,14,10065538416.0,1992960.0,0.019799835017588592,8.769799835017588
CAN,15,33297618734.0,17912207.0,0.053794258211353564,13.215533344676443
CAN,16,41220974119.0,79872306.0,0.1937661777943875,10.845898056486682
CAN,17,60123160642.0,79157997.0,0.13165974003153605,12.84568545591366
CAN,18,4738715549.0,5071897.0,0.10703104981834816,9.760635366900347
CAN,19,230158703.0,70792.0,0.0307579070777089,8.780757907077708
CAN,20,6756912518.0,3034002.0,0.04490219448479768,11.078933728693274
CAN,21,19353484621.0,0.0,0.0,8.75
CCK,1,0.0,0.0,0.0,0.0
CCK,2,0.0,0.0,0.0,0.0
CCK,3,0.0,0.0,0.0,0.0
CCK,4,0.0,0.0,0.0,0.0
CCK,5,0.0,0.0,0.0,0.0
CCK,6,45202.0,1672.0,3.698951373833016,3.698951373833016
CCK,7,1433.0,44.0,3.070481507327285,13.070481507327285
CCK,8,0.0,0.0,0.0,0.0
CCK,9,0.0,0.0,0.0,0.0
CCK,10,63365.0,0.0,0.0,9.223546121676003
CCK,11,18714.0,2812.0,15.026183605856577,25.026183605856577
CCK,12,4543.0,386.0,8.496588157605107,18.49658815760511
CCK,13,0.0,0.0,0.0,0.0
CCK,14,4596.0,152.0,3.307223672758921,13.30722367275892
CCK,15,23008.0,572.0,2.4860917941585536,12.486091794158554
CCK,16,266664.0,2463.0,0.9236342363423635,5.480979809798098
CCK,17,170786.0,4270.0,2.500204934830724,27.500204934830723
CCK,18,2190.0,0.0,0.0,10.0
CCK,19,0.0,0.0,0.0,0.0
CCK,20,40857.0,504.0,1.2335707467508628,11.233570746750862
CCK,21,429940.0,0.0,0.0,10.0
CHE,1,132682306.0,10010117.0,7.544424951432484,17.54442495143248
CHE,2,1185867291.0,13650.0,0.0011510562862805194,10.00115105628628
CHE,3,2893560.0,74314.0,2.568255021496012,12.568255021496013
CHE,4,503467456.0,15350971.0,3.0490493113421815,13.04904931134218
CHE,5,11442408.0,75095.0,0.6562866837120298,7.950661259413228
CHE,6,21587540856.0,74889767.0,0.3469119873335887,10.150224176604102
CHE,7,444127911.0,21350544.0,4.807296157525213,14.161805122398624
CHE,8,19082350.0,1245927.0,6.529211548892039,16.52921154889204
CHE,9,15562631.0,503533.0,3.2355261780607667,11.998375467490042
CHE,10,86264605.0,0.0,0.0,9.999140899097608
CHE,11,99803220.0,7035500.0,7.049371753737003,17.049371753737002
CHE,12,5785118.0,258430.0,4.467151750405091,14.597181941664802
CHE,13,75317088.0,997320.0,1.324161656382679,11.34387351778656
CHE,14,14977613033.0,23760490.0,0.1586400312763375,10.158640031276338
CHE,15,587915675.0,13672696.0,2.3256219525019466,20.56784437666167
CHE,16,5334223704.0,73605456.0,1.3798719379692517,15.658942401002836
CHE,17,1069280102.0,1081126.0,0.10110783862692695,11.068135208785547
CHE,18,10865054860.0,117874123.0,1.0848921107058267,11.236853062240312
CHE,19,37094218.0,198115.0,0.5340859322064695,10.53408593220647
CHE,20,160072319.0,1241681.0,0.7757000134420493,14.550688054940967
CHE,21,3718373876.0,0.0,0.0,10.0
CHL,1,3146098465.0,840.0,2.669973649410239e-05,10.000026699736495
CHL,2,2453389335.0,574966.0,0.023435579171945817,10.023435579171943
CHL,3,77919250.0,139109.0,0.178529695806877,10.178529695806876
CHL,4,649234823.0,379798.0,0.05849932667582743,10.058499326675827
CHL,5,328975831.0,89705.0,0.027267960605896306,9.60543010224967
CHL,6,723337348.0,169500.0,0.023433049664677345,9.91313404433805
CHL,7,386055098.0,298800.0,0.07739827852240926,24.102141995285866
CHL,8,235576.0,1161.0,0.4928345841681665,10.492834584168167
CHL,9,1046418412.0,289539.0,0.02766952460695044,9.69476606457112
CHL,10,91575942.0,0.0,0.0,9.998500042729564
CHL,11,23230889.0,464564.0,1.999768497882281,11.99976849788228
CHL,12,58593.0,5792.0,9.88513986312358,19.88513986312358
CHL,13,27565107.0,32624.0,0.11835252444331161,10.118352524443312
CHL,14,488447370.0,2225.0,0.0004555250241187705,10.00045552502412
CHL,15,6341983863.0,346861.0,0.005469282285999409,0.39817136791096863
CHL,16,147806367.0,1171829.0,0.7928136140441095,17.613688421149003
CHL,17,55631563.0,759604.0,1.3654191236726532,19.339349947798517
CHL,18,5237215.0,5459.0,0.10423478890975453,10.56967777721556
CHL,19,132400.0,0.0,0.0,10.0
CHL,20,2527983.0,20215.0,0.7996493647306964,11.699782000116299
CHL,21,430884741.0,0.0,0.0,10.0
CHN,1,1448615960.0,186409107.0,12.868083201292357,42.840800463084776
CHN,2,1468224016.0,244825767.0,16.6749599742278,46.674959974227804
CHN,3,1254383857.0,118061840.0,9.411938725228667,39.411938725228666
CHN,4,2902862799.0,677156278.0,23.32718853379057,53.32718853379057
CHN,5,799220768.0,108733147.0,13.604895087010553,32.8298873609851
CHN,6,22919130186.0,1856458284.0,8.100038129431306,34.4729751551663
CHN,7,21696139849.0,3168704616.0,14.604923447458553,44.45721545321147
CHN,8,3009768582.0,1091971202.0,36.280902409924884,66.28090240992489
CHN,9,2104399995.0,403101034.0,19.15515277313047,47.375202702374075
CHN,10,4882775750.0,615715064.0,12.609939418168036,39.488483647851325
CHN,11,28258480194.0,5301540986.0,18.76088504974041,48.76088504974041
CHN,12,13322503166.0,1662777641.0,12.480970132125995,42.567565652924536
CHN,13,5705982956.0,1042843945.0,18.276324220411848,48.23259801812139
CHN,14,1710002107.0,157829452.0,9.229781142018206,39.22978114201821
CHN,15,24913896625.0,4461468162.0,17.907548663114838,56.67252855654008
CHN,16,197563195803.0,16005876296.0,8.101648807078545,33.446339564879935
CHN,17,17633575925.0,4053794190.0,22.98906476622665,50.038820086913255
CHN,18,12730109823.0,1164368537.0,9.146571028761187,39.22165016187858
CHN,19,182592819.0,16081184.0,8.807128389862912,38.80712838986291
CHN,20,53376666836.0,4310325236.0,8.075298611738889,39.72237944408313
CHN,21,11543300403.0,13173903.0,0.11412596519255638,30.114125965192557
CIV,1,100385.0,794.0,0.7909548239278776,10.790954823927878
CIV,2,55987474.0,4563.0,0.008150037274408915,10.008150037274408
CIV,3,2453.0,0.0,0.0,10.0
CIV,4,760060394.0,5709.0,0.000751124521823196,10.000751124521823
CIV,5,0.0,0.0,0.0,0.0
CIV,6,3735502.0,69992.0,1.8736972969094916,11.873697296909492
CIV,7,175562947.0,1186.0,0.0006755411778317893,10.00067554117783
CIV,8,13565.0,2014.0,14.8470328050129,24.847032805012898
CIV,9,6282376.0,908.0,0.014453130471655945,8.948996366979626
CIV,10,5577.0,0.0,0.0,10.0
CIV,11,105196.0,11259.0,10.70287843644245,20.70287843644245
CIV,12,3602.0,286.0,7.940033314825097,17.9400333148251
CIV,13,17443.0,1150.0,6.592902597030327,16.592902597030328
CIV,14,394983.0,0.0,0.0,10.0
CIV,15,74593.0,2574.0,3.4507259394313134,37.05240438110815
CIV,16,2328009.0,13835.0,0.5942846440885752,20.94566215164976
CIV,17,1800573.0,44939.0,2.4958166094904235,27.430037549157962
CIV,18,131363.0,1105.0,0.8411805455112932,12.265668415002702
CIV,19,0.0,0.0,0.0,0.0
CIV,20,116415.0,90.0,0.07730962504831851,10.077309625048319
CIV,21,7372893.0,0.0,0.0,10.0
CMR,1,35521.0,0.0,0.0,10.0
CMR,2,534113.0,11341.0,2.123333451909989,12.12333345190999
CMR,3,453454.0,0.0,0.0,10.0
CMR,4,59500362.0,8674.0,0.014578062567081523,10.014578062567084
CMR,5,103548842.0,115154.0,0.11120742422208836,8.471567262915407
CMR,6,432791.0,2178.0,0.5032452153579904,10.15813637529431
CMR,7,7090941.0,11123.0,0.15686211463330466,4.253780986190691
CMR,8,47381.0,3959.0,8.355669994301513,18.355669994301515
CMR,9,34459001.0,4026.0,0.011683449557925375,6.39587288093465
CMR,10,32514.0,0.0,0.0,10.0
CMR,11,114991.0,10575.0,9.196371889973998,19.196371889974
CMR,12,124116.0,9168.0,7.386638306100744,17.386638306100746
CMR,13,27275.0,1530.0,5.609532538955087,15.609532538955087
CMR,14,118574.0,2099.0,1.7702025739200835,11.770202573920084
CMR,15,267089.0,7009.0,2.624218893327692,40.73900460146243
CMR,16,1012697.0,5142.0,0.507753059404738,9.845318984849367
CMR,17,18029.0,900.0,4.991957401963503,24.08647179544068
CMR,18,179378.0,951.0,0.530165349150955,11.609673427064632
CMR,19,0.0,0.0,0.0,0.0
CMR,20,3251595.0,3827.0,0.1176960845369734,10.122321506829724
CMR,21,6761155.0,0.0,0.0,10.0
COD,1,282188.0,43.0,0.015238068238195812,10.015238068238196
COD,2,1327317.0,0.0,0.0,10.0
COD,3,36327.0,0.0,0.0,10.0
COD,4,10625600.0,4.0,3.7644932992019276e-05,10.000037644932991
COD,5,5500.0,0.0,0.0,10.0
COD,6,25809.0,0.0,0.0,10.0
COD,7,951237.0,2584.0,0.27164628793875767,10.271646287938758
COD,8,500.0,100.0,20.0,30.0
COD,9,5896536.0,545.0,0.009242714705718748,3.0139373354118417
COD,10,7650.0,0.0,0.0,10.0
COD,11,3950.0,237.0,6.0,15.999999999999998
COD,12,1700.0,0.0,0.0,10.0
COD,13,67798.0,0.0,0.0,10.0
COD,14,4084444.0,0.0,0.0,10.0
COD,15,296260631.0,50932.0,0.017191619361669422,0.017380203311590167
COD,16,371739.0,4202.0,1.130362969718001,30.07896669437428
COD,17,43756.0,888.0,2.029435963067922,24.225591918822563
COD,18,21799.0,763.0,3.500160557823753,13.500160557823753
COD,19,0.0,0.0,0.0,0.0
COD,20,13025.0,0.0,0.0,10.0
COD,21,2965362.0,0.0,0.0,10.0
COG,1,51924.0,0.0,0.0,10.0
COG,2,736794.0,0.0,0.0,10.0
COG,3,0.0,0.0,0.0,0.0
COG,4,0.0,0.0,0.0,0.0
COG,5,14654035.0,10483.0,0.07153661090614293,8.319684646583688
COG,6,3587.0,75.0,2.0908837468636743,12.090883746863677
COG,7,5400.0,162.0,3.0,13.0
COG,8,4306.0,861.0,19.99535531816071,29.99535531816071
COG,9,22440111.0,0.0,0.0,3.1722748608507327
COG,10,9983.0,0.0,0.0,10.0
COG,11,23390.0,842.0,3.5998289867464726,13.599828986746473
COG,12,0.0,0.0,0.0,0.0
COG,13,0.0,0.0,0.0,0.0
COG,14,47482.0,909.0,1.9144096710332337,11.914409671033232
COG,15,12912908.0,0.0,0.0,0.00249827536911128
COG,16,128174.0,3191.0,2.4895844711095854,15.404957323638179
COG,17,0.0,0.0,0.0,0.0
COG,18,187482.0,215.0,0.11467767572353611,10.114677675723534
COG,19,0.0,0.0,0.0,0.0
COG,20,0.0,0.0,0.0,0.0
COG,21,3594324.0,0.0,0.0,10.0
COK,1,0.0,0.0,0.0,0.0
COK,2,0.0,0.0,0.0,0.0
COK,3,0.0,0.0,0.0,0.0
COK,4,0.0,0.0,0.0,0.0
COK,5,0.0,0.0,0.0,0.0
COK,6,0.0,0.0,0.0,0.0
COK,7,800.0,24.0,3.0,13.0
COK,8,0.0,0.0,0.0,0.0
COK,9,0.0,0.0,0.0,0.0
COK,10,8808.0,0.0,0.0,10.0
COK,11,15739.0,2649.0,16.8308024652138,26.8308024652138
COK,12,0.0,0.0,0.0,0.0
COK,13,2655.0,0.0,0.0,10.0
COK,14,18257.0,0.0,0.0,10.0
COK,15,3002.0,87.0,2.898067954696869,12.898067954696868
COK,16,85380.0,548.0,0.6418364956664324,13.44951979386273
COK,17,0.0,0.0,0.0,0.0
COK,18,45933.0,51.0,0.11103128469727647,10.111031284697276
COK,19,0.0,0.0,0.0,0.0
COK,20,0.0,0.0,0.0,0.0
COK,21,711545.0,0.0,0.0,10.0
COL,1,161884640.0,11415.0,0.007051317530804652,10.007051317530804
COL,2,3455826789.0,133334.0,0.003858237352184609,10.003858237352185
COL,3,85415310.0,1739172.0,2.0361361446794493,12.03613614467945
COL,4,689055606.0,7591024.0,1.1016562283073568,11.101656228307357
COL,5,7935710850.0,2647847.0,0.03336622326656471,2.653776823282315
COL,6,597685412.0,494139.0,0.08267543260701166,10.017240139700784
COL,7,299060910.0,291047.0,0.09732030842813927,12.417930313928359
COL,8,18966270.0,176998.0,0.9332251412639386,10.93322514126394
COL,9,11260619.0,23722.0,0.21066337472211788,10.161672284623075
COL,10,99326799.0,0.0,0.0,9.98137421100221
COL,11,316370405.0,8881018.0,2.8071582738594025,12.807158273859402
COL,12,14947665.0,48946.0,0.3274491367046291,10.327449136704628
COL,13,123282743.0,127362.0,0.10330886294442686,10.372037106604612
COL,14,2172939813.0,102376.0,0.004711405230256141,10.004711405230257
COL,15,878542377.0,2860656.0,0.32561388897009347,44.83578792124674
COL,16,499490064.0,604006.0,0.12092452753975103,12.118979187541958
COL,17,30926309.0,131324.0,0.4246352191591955,16.08231166544963
COL,18,18535730.0,4704.0,0.025378013167002323,10.571093774024547
COL,19,0.0,0.0,0.0,0.0
COL,20,124846434.0,40415.0,0.03237176962539434,13.73553548994439
COL,21,776696065.0,0.0,0.0,10.0
COM,1,0.0,0.0,0.0,0.0
COM,2,1384530.0,0.0,0.0,10.0
COM,3,0.0,0.0,0.0,0.0
COM,4,0.0,0.0,0.0,0.0
COM,5,0.0,0.0,0.0,0.0
COM,6,255067.0,0.0,0.0,10.0
COM,7,2308.0,77.0,3.3362218370883885,13.336221837088388
COM,8,0.0,0.0,0.0,0.0
COM,9,0.0,0.0,0.0,0.0
COM,10,0.0,0.0,0.0,0.0
COM,11,72976.0,352.0,0.48235036176277135,10.482350361762771
COM,12,0.0,0.0,0.0,0.0
COM,13,7728.0,209.0,2.7044513457556936,12.704451345755691
COM,14,0.0,0.0,0.0,0.0
COM,15,5034.0,191.0,3.7941994437822806,13.794199443782281
COM,16,0.0,0.0,0.0,0.0
COM,17,0.0,0.0,0.0,0.0
COM,18,0.0,0.0,0.0,0.0
COM,19,0.0,0.0,0.0,0.0
COM,20,8400.0,0.0,0.0,10.0
COM,21,12232.0,0.0,0.0,10.0
CPV,1,2052.0,0.0,0.0,10.0
CPV,2,36747.0,42.0,0.11429504449342803,10.114295044493428
CPV,3,0.0,0.0,0.0,0.0
CPV,4,3151688.0,8936.0,0.2835306032830661,10.283530603283067
CPV,5,0.0,0.0,0.0,0.0
CPV,6,0.0,0.0,0.0,0.0
CPV,7,5094.0,200.0,3.9261876717707103,13.92618767177071
CPV,8,0.0,0.0,0.0,0.0
CPV,9,15782.0,0.0,0.0,10.0
CPV,10,0.0,0.0,0.0,0.0
CPV,11,432.0,64.0,14.814814814814813,24.81481481481481
CPV,12,280.0,56.0,20.0,30.0
CPV,13,9316.0,393.0,4.218548733361958,14.218548733361958
CPV,14,0.0,0.0,0.0,0.0
CPV,15,32873.0,0.0,0.0,50.0
CPV,16,451100.0,1090.0,0.24163156727998228,10.241631567279983
CPV,17,0.0,0.0,0.0,0.0
CPV,18,5192.0,0.0,0.0,50.0
CPV,19,0.0,0.0,0.0,0.0
CPV,20,54797.0,0.0,0.0,10.0
CPV,21,326147.0,0.0,0.0,10.0
CRI,1,128068118.0,875.0,0.0006832301541278212,10.000683230154127
CRI,2,1711487561.0,76222.0,0.004453552671774282,10.004453552671775
CRI,3,139259.0,0.0,0.0,10.0
CRI,4,359482945.0,4161856.0,1.1577339225369927,11.157733922536993
CRI,5,6031740.0,150.0,0.00248684459210775,9.895625474572842
CRI,6,87552662.0,75182.0,0.08587060436837432,10.052539807413279
CRI,7,366939929.0,1360119.0,0.3706653030937933,16.371076517540832
CRI,8,12889363.0,50606.0,0.39261831635900085,10.392618316359
CRI,9,3077722.0,2827.0,0.09185365019972565,7.316258583458805
CRI,10,12591579.0,0.0,0.0,10.0
CRI,11,43612191.0,344977.0,0.791010476864141,10.791010476864141
CRI,12,194777.0,4040.0,2.074166867751326,12.814911411511629
CRI,13,28188968.0,605141.0,2.146729883832569,12.146729883832569
CRI,14,119453981.0,427352.0,0.3577545063148628,10.357754506314862
CRI,15,84600414.0,1421093.0,1.6797707396561914,22.410995175508244
CRI,16,1561551506.0,2334455.0,0.14949586939849552,3.842737019524222
CRI,17,38285806.0,179279.0,0.4682649230370127,19.786786779413763
CRI,18,5771748046.0,121972.0,0.002113259259203637,10.002820185474187
CRI,19,6762.0,0.0,0.0,10.0
CRI,20,67730555.0,1250044.0,1.8456131062265766,12.685220355864496
CRI,21,1038036894.0,0.0,0.0,10.0
CUW,1,0.0,0.0,0.0,0.0
CUW,2,0.0,0.0,0.0,0.0
CUW,3,0.0,0.0,0.0,0.0
CUW,4,194080.0,0.0,0.0,10.0
CUW,5,9548021.0,0.0,0.0,0.0
CUW,6,135816.0,0.0,0.0,10.0
CUW,7,39994.0,1347.0,3.368005200780117,13.368005200780116
CUW,8,0.0,0.0,0.0,0.0
CUW,9,0.0,0.0,0.0,0.0
CUW,10,0.0,0.0,0.0,0.0
CUW,11,0.0,0.0,0.0,0.0
CUW,12,0.0,0.0,0.0,0.0
CUW,13,0.0,0.0,0.0,0.0
CUW,14,3750021.0,0.0,0.0,10.0
CUW,15,1182591.0,2762.0,0.23355496532613557,10.353139842938091
CUW,16,5813753.0,152845.0,2.6290246592863507,13.891234285323092
CUW,17,23024.0,515.0,2.2367963863794302,25.673210562890898
CUW,18,637504.0,134.0,0.021019475956229293,10.02101947595623
CUW,19,0.0,0.0,0.0,0.0
CUW,20,3500.0,137.0,3.9142857142857146,53.91428571428571
CUW,21,10607641.0,0.0,0.0,10.0
CXR,1,19835.0,0.0,0.0,10.0
CXR,2,0.0,0.0,0.0,0.0
CXR,3,0.0,0.0,0.0,0.0
CXR,4,0.0,0.0,0.0,0.0
CXR,5,0.0,0.0,0.0,0.0
CXR,6,0.0,0.0,0.0,0.0
CXR,7,0.0,0.0,0.0,0.0
CXR,8,0.0,0.0,0.0,0.0
CXR,9,0.0,0.0,0.0,0.0
CXR,10,10461.0,0.0,0.0,10.0
CXR,11,1760.0,180.0,10.227272727272728,20.227272727272727
CXR,12,1287.0,218.0,16.93861693861694,26.93861693861694
CXR,13,0.0,0.0,0.0,0.0
CXR,14,0.0,0.0,0.0,0.0
CXR,15,196903.0,566.0,0.2874511815462436,45.92413523410004
CXR,16,552515.0,3201.0,0.5793507868564653,10.309421463670672
CXR,17,0.0,0.0,0.0,0.0
CXR,18,156652.0,318.0,0.20299772744682482,10.202997727446824
CXR,19,0.0,0.0,0.0,0.0
CXR,20,615561.0,0.0,0.0,10.525699321431995
CXR,21,73314.0,0.0,0.0,10.0
CYM,1,0.0,0.0,0.0,0.0
CYM,2,121500.0,130.0,0.10699588477366255,10.106995884773662
CYM,3,0.0,0.0,0.0,0.0
CYM,4,22896.0,0.0,0.0,10.0
CYM,5,7888.0,0.0,0.0,10.0
CYM,6,23600.0,0.0,0.0,10.0
CYM,7,7176.0,95.0,1.3238573021181717,11.323857302118173
CYM,8,7326.0,809.0,11.042861042861043,21.04286104286104
CYM,9,2284.0,89.0,3.8966725043782837,13.896672504378284
CYM,10,61489.0,0.0,0.0,10.0
CYM,11,5750.0,148.0,2.5739130434782607,12.57391304347826
CYM,12,0.0,0.0,0.0,0.0
CYM,13,3500.0,210.0,6.0,16.0
CYM,14,650629.0,8386.0,1.288906581169914,11.288906581169917
CYM,15,2583962.0,1559.0,0.060333704597823036,10.19191458697922
CYM,16,32044283.0,584200.0,1.8231021115373374,15.499123041698262
CYM,17,13802.0,150.0,1.08679901463556,11.08679901463556
CYM,18,750406.0,2216.0,0.2953068072483429,10.295306807248345
CYM,19,0.0,0.0,0.0,0.0
CYM,20,32283.0,0.0,0.0,10.0
CYM,21,14986053.0,0.0,0.0,10.0
CYP,1,1464819808.0,3875881.0,0.26459780096037583,10.262222751154933
CYP,2,1558529395.0,50995117.0,3.272002258257054,13.272002258257054
CYP,3,901044.0,14254.0,1.5819427242176851,11.581942724217685
CYP,4,1855786028.0,62942153.0,3.391670809583226,13.391670809583227
CYP,5,53956953.0,158240.0,0.2932708227612482,7.678745684545975
CYP,6,15194031653.0,248546288.0,1.6358152574397562,11.436994366514236
CYP,7,712355.0,37815.0,5.308448736935937,15.308448736935938
CYP,8,255541590.0,6881006.0,2.692714716222905,12.692714716222905
CYP,9,2914682188.0,28194087.0,0.9673125638217953,9.559882169904691
CYP,10,402487930.0,0.0,0.0,10.0
CYP,11,2432716993.0,99256002.0,4.080047218217462,14.080047218217462
CYP,12,3106688332.0,312183854.0,10.048766423860249,20.06959570349331
CYP,13,1654051032.0,69884334.0,4.225040984104292,14.365446555339412
CYP,14,158960.0,1742.0,1.0958731756416709,11.095873175641673
CYP,15,7498329480.0,161276074.0,2.1508267198736113,11.799053412627583
CYP,16,26408583.0,111737.0,0.42310865372822165,10.44343897588144
CYP,17,432523848.0,5435429.0,1.2566772965545243,11.256677296554525
CYP,18,681880.0,23774.0,3.48653722062533,13.48653722062533
CYP,19,122984.0,0.0,0.0,10.0
CYP,20,837405.0,5842.0,0.6976313731109798,11.081579403036763
CYP,21,7811342.0,0.0,0.0,10.0
CZE,1,4321148.0,139351.0,3.224860615743779,13.22486061574378
CZE,2,19078000.0,36971.0,0.19378865709193835,10.193788657091938
CZE,3,3024118.0,241303.0,7.979285199850006,17.979285199850004
CZE,4,54274343.0,2377202.0,4.379973793510499,14.3799737935105
CZE,5,19308270.0,1850.0,0.009581386628631151,8.498699779938855
CZE,6,426232098.0,3779241.0,0.8866626933385012,9.732057485731636
CZE,7,549654611.0,19504473.0,3.5484962028272697,20.10529627850243
CZE,8,1720331.0,226407.0,13.160665011558823,23.160665011558823
CZE,9,46097276.0,705276.0,1.5299732678347415,7.49889971806577
CZE,10,51673904.0,0.0,0.0,9.998877189538456
CZE,11,92841535.0,2828309.0,3.0463832809313205,13.04638328093132
CZE,12,10678276.0,121567.0,1.138451562780359,11.141114914055414
CZE,13,112463579.0,3558999.0,3.164579174561037,13.169514772422456
CZE,14,6605537.0,31682.0,0.47962792427019935,10.479627924270202
CZE,15,389103263.0,11644568.0,2.9926677844384972,22.533171817682753
CZE,16,4017713975.0,37786994.0,0.9405098081926053,12.544806482895538
CZE,17,326768083.0,6282403.0,1.922587708787948,20.317560971828453
CZE,18,726755279.0,1080426.0,0.1486643484016578,10.646419398076365
CZE,19,149846032.0,1912299.0,1.276175935042444,11.276175935042444
CZE,20,400007174.0,4262187.0,1.0655276397617808,15.995850664418334
CZE,21,410805894.0,0.0,0.0,10.0
DEU,1,418453175.0,6038311.0,1.4430075718746787,11.443007571874679
DEU,2,604359784.0,5608294.0,0.9279727322160801,10.92797273221608
DEU,3,92159651.0,4612546.0,5.004951678907725,15.004951678907725
DEU,4,1547021255.0,52634941.0,3.4023411656357623,13.402341165635763
DEU,5,531217711.0,4421270.0,0.8322896448006418,8.840647521257061
DEU,6,26594535934.0,259726125.0,0.9766146160420532,10.167147276832793
DEU,7,4706769557.0,203863742.0,4.33128793604968,15.129165519500702
DEU,8,73126727.0,5905322.0,8.075463298118073,18.075463298118073
DEU,9,752157897.0,6947092.0,0.9236214932673903,8.240292835747493
DEU,10,1095750061.0,0.0,0.0,9.998597335236653
DEU,11,722669400.0,29442773.0,4.074169046039586,14.074169046039586
DEU,12,399475283.0,38726163.0,9.694257604418544,19.722695408917204
DEU,13,1178111306.0,31125928.0,2.6420192932092954,12.697026417468233
DEU,14,1653574541.0,5690667.0,0.34414336087676856,10.34414336087677
DEU,15,7515871212.0,171436018.0,2.2809866370019964,21.37852299257839
DEU,16,43960014316.0,482591226.0,1.0977958799807594,14.438714264453287
DEU,17,42188698938.0,859141057.0,2.036424631777774,23.71129684409326
DEU,18,13575999334.0,26143044.0,0.19256810019522352,11.142456182666164
DEU,19,308788979.0,4058468.0,1.3143176330784785,11.314317633078478
DEU,20,1331393981.0,12075011.0,0.9069449894110645,14.941874737227012
DEU,21,10966682948.0,0.0,0.0,10.0
DJI,1,156778.0,0.0,0.0,10.0
DJI,2,868898.0,303.0,0.03487175709922223,10.034871757099221
DJI,3,0.0,0.0,0.0,0.0
DJI,4,0.0,0.0,0.0,0.0
DJI,5,0.0,0.0,0.0,0.0
DJI,6,0.0,0.0,0.0,0.0
DJI,7,1385.0,73.0,5.270758122743683,15.270758122743684
DJI,8,54071.0,7570.0,14.000110965212405,24.0001109652124
DJI,9,0.0,0.0,0.0,0.0
DJI,10,0.0,0.0,0.0,0.0
DJI,11,0.0,0.0,0.0,0.0
DJI,12,0.0,0.0,0.0,0.0
DJI,13,0.0,0.0,0.0,0.0
DJI,14,33067.0,1681.0,5.0836181086884205,15.08361810868842
DJI,15,0.0,0.0,0.0,0.0
DJI,16,477861.0,1189.0,0.24881712464503275,3.581355247655699
DJI,17,3218.0,0.0,0.0,10.0
DJI,18,4595.0,267.0,5.810663764961915,15.810663764961916
DJI,19,17623.0,2291.0,13.000056744027692,23.00005674402769
DJI,20,2250.0,0.0,0.0,10.0
DJI,21,38450060.0,0.0,0.0,10.0
DMA,1,4973.0,0.0,0.0,10.0
DMA,2,39685.0,0.0,0.0,10.0
DMA,3,0.0,0.0,0.0,0.0
DMA,4,112323.0,0.0,0.0,10.0
DMA,5,0.0,0.0,0.0,0.0
DMA,6,301261.0,0.0,0.0,10.0
DMA,7,3744.0,157.0,4.193376068376068,14.193376068376068
DMA,8,0.0,0.0,0.0,0.0
DMA,9,0.0,0.0,0.0,0.0
DMA,10,0.0,0.0,0.0,0.0
DMA,11,24957.0,4118.0,16.50038065472613,26.50038065472613
DMA,12,350.0,9.0,2.571428571428571,12.571428571428571
DMA,13,0.0,0.0,0.0,0.0
DMA,14,478175.0,0.0,0.0,10.0
DMA,15,14476.0,0.0,0.0,10.0
DMA,16,125552.0,1888.0,1.5037593984962405,12.255400152924683
DMA,17,0.0,0.0,0.0,0.0
DMA,18,421191.0,0.0,0.0,10.0
DMA,19,0.0,0.0,0.0,0.0
DMA,20,0.0,0.0,0.0,0.0
DMA,21,720863.0,0.0,0.0,10.0
DNK,1,346115290.0,7396184.0,2.1369133966892937,12.136913396689295
DNK,2,445417392.0,6928779.0,1.55556992709436,11.55556992709436
DNK,3,19731683.0,201138.0,1.0193656567460565,11.019365656746055
DNK,4,301681208.0,9856276.0,3.267116326317548,13.267116326317547
DNK,5,144484858.0,243215.0,0.1683325182767595,7.320866799758352
DNK,6,3775093444.0,3444389.0,0.09123983422117378,9.453879889178182
DNK,7,163367178.0,6637842.0,4.063142964984068,14.06391548858119
DNK,8,4910005.0,201283.0,4.099445927244473,14.099445927244473
DNK,9,26539148.0,1733076.0,6.530262388227384,16.14099668911753
DNK,10,433654672.0,0.0,0.0,10.0
DNK,11,39715095.0,2072218.0,5.2177087830206625,15.217708783020663
DNK,12,2596268.0,186976.0,7.2017218561412,17.20902464614593
DNK,13,24808188.0,413970.0,1.6686829364563023,11.674422170615605
DNK,14,3819730.0,186175.0,4.874035599374825,14.874035599374825
DNK,15,499846032.0,3885463.0,0.7773319684970511,35.03436680277578
DNK,16,2157306079.0,15656020.0,0.7257208493686351,13.90198325909413
DNK,17,224503821.0,595174.0,0.2651064010175577,23.64924824597974
DNK,18,1609372682.0,3740281.0,0.23240614444578972,10.376562415764928
DNK,19,47606373.0,2767.0,0.005812247028354796,10.005812247028354
DNK,20,160404134.0,1239516.0,0.7727456700087293,19.300561542883926
DNK,21,439735461.0,0.0,0.0,10.0
DOM,1,5673803.0,463.0,0.00816031152297674,9.88231879041271
DOM,2,212730757.0,22260.0,0.010463931174747806,10.010463931174748
DOM,3,6864849.0,0.0,0.0,10.0
DOM,4,1622247955.0,298509.0,0.01840094783784147,10.018400947837842
DOM,5,14659309.0,455.0,0.00310382979170437,9.887528122914935
DOM,6,212628398.0,166222.0,0.07817488235978715,9.724363440860802
DOM,7,298297810.0,3380383.0,1.1332242097251737,11.136735130573033
DOM,8,26333208.0,111101.0,0.42190453969755604,10.421904539697556
DOM,9,1992579.0,2787.0,0.1398689838646297,8.934391058020786
DOM,10,75520189.0,0.0,0.0,9.997331044815049
DOM,11,747183534.0,8568875.0,1.146823318512798,11.146823318512798
DOM,12,137305870.0,860625.0,0.6267940329135236,10.626794032913523
DOM,13,9924036.0,9292.0,0.09363126050731779,10.093631260507317
DOM,14,509285375.0,115955.0,0.022768177860988056,10.022768177860987
DOM,15,237369683.0,11313066.0,4.766011335996939,18.590839125820462
DOM,16,1187518356.0,2347179.0,0.19765412367234178,10.549555841981444
DOM,17,29277873.0,11721.0,0.040033645886776,10.413929147107101
DOM,18,1721558846.0,6711.0,0.00038982112145587383,10.00207928994604
DOM,19,0.0,0.0,0.0,0.0
DOM,20,126527788.0,10398.0,0.008217957623664455,39.346479051700484
DOM,21,319913060.0,0.0,0.0,10.0
DZA,1,0.0,0.0,0.0,0.0
DZA,2,14511895.0,243960.0,1.6811036739171554,11.681103673917155
DZA,3,199178.0,3535.0,1.7747944050045688,11.774794405004569
DZA,4,425763.0,12333.0,2.896681956863325,12.896681956863326
DZA,5,2335075164.0,1494711.0,0.06401125852580906,9.88264999164712
DZA,6,248104028.0,800189.0,0.322521567445088,10.322521567445088
DZA,7,1996042.0,31216.0,1.5638949481022943,26.412785903302638
DZA,8,10887.0,653.0,5.99797924129696,15.99797924129696
DZA,9,0.0,0.0,0.0,0.0
DZA,10,51017.0,0.0,0.0,10.0
DZA,11,3274.0,460.0,14.050091631032377,24.050091631032377
DZA,12,0.0,0.0,0.0,0.0
DZA,13,1163873.0,19759.0,1.6976938205457124,11.697693820545714
DZA,14,6002770.0,0.0,0.0,10.0
DZA,15,76789611.0,1151.0,0.0014989006781138663,10.003588245811011
DZA,16,803656.0,378.0,0.04703504982231203,16.61834790009656
DZA,17,18429.0,0.0,0.0,10.0
DZA,18,95489.0,0.0,0.0,10.0
DZA,19,0.0,0.0,0.0,0.0
DZA,20,17539.0,0.0,0.0,10.0
DZA,21,27277155.0,0.0,0.0,10.0
ECU,1,1426266168.0,113612.0,0.007965694100373557,10.007965694100372
ECU,2,1407285368.0,13688584.0,0.972694260258947,10.972694260258947
ECU,3,16270541.0,34473.0,0.21187371704481126,10.211873717044812
ECU,4,928991902.0,14510199.0,1.561929546292213,11.561929546292212
ECU,5,3747773798.0,2446556.0,0.06528024720450325,0.3744617913570246
ECU,6,4949897.0,32467.0,0.6559126381821682,10.589949649457353
ECU,7,67466215.0,841340.0,1.247053803151696,17.79752376800744
ECU,8,603413.0,56659.0,9.38975461251249,19.389754612512487
ECU,9,112532118.0,739780.0,0.6573945404635502,10.32276936260988
ECU,10,12461950.0,0.0,0.0,10.0
ECU,11,6766711.0,906838.0,13.401458995367173,23.40145899536717
ECU,12,3577501.0,102792.0,2.8732906014561563,12.873290601456157
ECU,13,11336314.0,418774.0,3.6940931593814357,13.694093159381435
ECU,14,440849185.0,3784.0,0.0008583434264486619,10.000858343426447
ECU,15,83876973.0,3333174.0,3.973884465287034,16.53790462848486
ECU,16,84920594.0,427812.0,0.5037788595779252,11.30953158429391
ECU,17,408928.0,2859.0,0.6991450817747867,17.098670181547853
ECU,18,1187501.0,1213.0,0.10214728240228851,10.251368209374139
ECU,19,0.0,0.0,0.0,0.0
ECU,20,9065653.0,6183.0,0.06820247807852342,10.107639240107687
ECU,21,356515758.0,0.0,0.0,10.0
EGY,1,15643358.0,268345.0,1.7153925646910337,11.715392564691033
EGY,2,212111307.0,1936204.0,0.912824510576421,10.91282451057642
EGY,3,3357637.0,214270.0,6.3815713253100315,16.381571325310034
EGY,4,204908842.0,2211219.0,1.0791232718010284,11.079123271801029
EGY,5,93001206.0,8258.0,0.008879454745995444,10.000136772419916
EGY,6,216947403.0,246449.0,0.11359850202954493,9.264284624785299
EGY,7,70972763.0,365069.0,0.514379016074096,10.597391917798099
EGY,8,300064.0,5102.0,1.700303935160499,11.700303935160498
EGY,9,1591877.0,11925.0,0.7491156665998693,10.52749050334919
EGY,10,11486543.0,0.0,0.0,10.0
EGY,11,1363522117.0,6988993.0,0.5125690968164911,10.512569096816492
EGY,12,951230.0,6253.0,0.6573594188576894,10.65735941885769
EGY,13,60175397.0,388648.0,0.6458586388719629,10.64585863887196
EGY,14,248107.0,12968.0,5.2267771566300025,15.226777156630003
EGY,15,181906834.0,33451172.0,18.38917827573207,31.160488780756857
EGY,16,31639723.0,386770.0,1.222419045830458,15.015733386793556
EGY,17,1183387.0,17433.0,1.4731444573922141,19.000715742187463
EGY,18,3382736.0,45803.0,1.3540223062042087,11.495363516396194
EGY,19,7084.0,220.0,3.1055900621118013,13.1055900621118
EGY,20,12185249.0,34066.0,0.27956753284237357,10.526704870782698
EGY,21,73815293.0,0.0,0.0,10.0
ERI,1,0.0,0.0,0.0,0.0
ERI,2,0.0,0.0,0.0,0.0
ERI,3,0.0,0.0,0.0,0.0
ERI,4,134386.0,0.0,0.0,10.0
ERI,5,0.0,0.0,0.0,0.0
ERI,6,32733.0,0.0,0.0,10.0
ERI,7,264.0,14.0,5.303030303030303,15.303030303030305
ERI,8,0.0,0.0,0.0,0.0
ERI,9,0.0,0.0,0.0,0.0
ERI,10,5219.0,0.0,0.0,10.0
ERI,11,31349.0,2277.0,7.263389581804843,17.263389581804844
ERI,12,814.0,81.0,9.950859950859952,19.95085995085995
ERI,13,0.0,0.0,0.0,0.0
ERI,14,2116.0,0.0,0.0,10.0
ERI,15,110538.0,291.0,0.26325788416653095,46.188460077077565
ERI,16,370438.0,118.0,0.031854183426106394,11.813636829914856
ERI,17,11143.0,209.0,1.8756169792694966,23.106434532890603
ERI,18,4039.0,0.0,0.0,10.0
ERI,19,0.0,0.0,0.0,0.0
ERI,20,0.0,0.0,0.0,0.0
ERI,21,149879.0,0.0,0.0,10.0
ESP,1,545195085.0,6065253.0,1.112492237526316,11.112418539136316
ESP,2,499427014.0,11617793.0,2.326224388014382,12.326224388014381
ESP,3,1345735077.0,12758643.0,0.9480798426122915,10.948079842612293
ESP,4,1518768309.0,61192502.0,4.029087362264681,14.029087362264681
ESP,5,1216851402.0,2488808.0,0.20452850659574617,8.656268318947953
ESP,6,4772919079.0,48679450.0,1.019909392853128,10.22711115609928
ESP,7,782685082.0,29128357.0,3.7215934824729415,16.59666706155516
ESP,8,253519280.0,20472490.0,8.075318768655386,18.075318768655386
ESP,9,154074383.0,4322781.0,2.8056455043535693,10.306057886339223
ESP,10,306418030.0,0.0,0.0,9.954702502329905
ESP,11,139572778.0,10210484.0,7.315526814261733,17.315526814261734
ESP,12,218434577.0,22868589.0,10.469308162690744,20.48029543417936
ESP,13,947987453.0,50536163.0,5.330889437415371,15.375958736449649
ESP,14,157063783.0,5242558.0,3.337852877260698,13.337852877260698
ESP,15,1330886678.0,30913058.0,2.3227415610211706,25.20372865284628
ESP,16,4052291083.0,41545040.0,1.0252234883690363,13.336586579804687
ESP,17,824359813.0,29642821.0,3.5958595424641353,20.31561349291538
ESP,18,432860193.0,1238075.0,0.2860219119294252,11.170907797012418
ESP,19,131277947.0,2254463.0,1.7173204270173419,11.71732042701734
ESP,20,408034187.0,3936088.0,0.9646466216322213,15.653377519565536
ESP,21,961795621.0,0.0,0.0,10.0
EST,1,624149559.0,3311904.0,0.5306266666768565,10.530626666676856
EST,2,736150168.0,35825197.0,4.866561003080556,14.866561003080557
EST,3,11604.0,609.0,5.2481902792140644,15.248190279214064
EST,4,1138747230.0,39805549.0,3.495556164821582,13.495556164821583
EST,5,59239818.0,158030.0,0.26676314231755405,6.70559133047978
EST,6,317032067.0,5625519.0,1.7744321743957843,11.770516450627692
EST,7,9109663.0,349856.0,3.8404933310924894,13.845079120929062
EST,8,255692215.0,6894758.0,2.696506813866038,12.696506813866039
EST,9,65777020.0,385954.0,0.5867611515389417,7.887426338256127
EST,10,403135239.0,0.0,0.0,9.99849259022479
EST,11,204426879.0,18278418.0,8.941298761402114,18.941298761402116
EST,12,420887.0,31717.0,7.535751876394377,17.535751876394375
EST,13,874591.0,53479.0,6.1147439203010325,16.221936882497076
EST,14,212539.0,3015.0,1.4185631813455413,11.418563181345542
EST,15,231278788.0,3036060.0,1.3127273911518422,7.776659569834826
EST,16,513703441.0,1862639.0,0.3625903296217165,5.291777206530334
EST,17,9827157.0,135486.0,1.3786896861421876,19.19213155951411
EST,18,216726767.0,912764.0,0.42115886866895397,10.858178145572577
EST,19,74827.0,980.0,1.3096876795808998,11.3096876795809
EST,20,82239766.0,2367568.0,2.878860331387616,14.286958148689285
EST,21,17897868.0,0.0,0.0,10.0
ETH,1,0.0,0.0,0.0,0.0
ETH,2,182469056.0,29690.0,0.01627125204177085,10.01627125204177
ETH,3,707890.0,7593.0,1.0726242777832713,11.072624277783271
ETH,4,31293986.0,13430.0,0.042915594069735954,10.042915594069736
ETH,5,150138.0,0.0,0.0,10.0
ETH,6,79030.0,0.0,0.0,10.0
ETH,7,289984.0,9760.0,3.365702935334363,13.365702935334363
ETH,8,3285831.0,345552.0,10.516426438243476,20.51642643824348
ETH,9,38355.0,0.0,0.0,10.0
ETH,10,31459.0,0.0,0.0,10.0
ETH,11,162447546.0,29394458.0,18.094738100875958,28.094738100875958
ETH,12,2031285.0,157709.0,7.764001604895424,17.764001604895427
ETH,13,1990717.0,96303.0,4.83760373774876,14.837603737748761
ETH,14,1871856.0,6542.0,0.3494926960193519,10.349492696019352
ETH,15,10409.0,1029.0,9.88567585743107,36.794120472667885
ETH,16,951076.0,19503.0,2.050624766054448,16.6422084039551
ETH,17,0.0,0.0,0.0,0.0
ETH,18,35525.0,0.0,0.0,10.0
ETH,19,8500.0,264.0,3.1058823529411765,13.105882352941176
ETH,20,4133.0,20.0,0.48390999274135016,10.48390999274135
ETH,21,80212205.0,0.0,0.0,10.0
EU,1,4580498526.0,233668280.0,5.101372234346179,15.100612705666004
EU,2,3120650102.0,55795019.0,1.7879293472934186,11.787929347293419
EU,3,3079509324.0,47137600.0,1.5306854125309997,11.530685412531
EU,4,21582298133.0,563981777.0,2.613168317500232,12.613168317500232
EU,5,12440571632.0,51030788.0,0.4101964886302903,9.785758635628586
EU,6,188217384654.0,585012141.0,0.3108172723127716,9.423877231588685
EU,7,13804613033.0,575319432.0,4.167588259263015,16.27283191227429
EU,8,3803148313.0,332649036.0,8.746675349550062,18.74667534955006
EU,9,2914682188.0,28194087.0,0.9673125638217953,9.559882169904691
EU,10,4861731346.0,0.0,0.0,9.986252235007804
EU,11,6170092330.0,601690755.0,9.751730165762366,19.751730165762364
EU,12,3106688332.0,312183854.0,10.048766423860249,20.06959570349331
EU,13,5454219995.0,223821871.0,4.103645822962446,14.146225326578525
EU,14,9460213414.0,229178138.0,2.4225472298631594,12.42254722986316
EU,15,23122385053.0,545843480.0,2.360671179676509,21.093207360186245
EU,16,125677776992.0,1251230478.0,0.9955860995851692,13.483216613967206
EU,17,79047058634.0,1513167569.0,1.9142617007499265,23.083166944306416
EU,18,37209162653.0,95419602.0,0.25644114297827864,10.838624342772846
EU,19,1849959145.0,33110517.0,1.7897972011700833,11.789797201170083
EU,20,7479623044.0,64972047.0,0.868654029993119,14.583492584228686
EU,21,40490969534.0,4150.0,1.0249198889928462e-05,10.00001024919889
FIN,1,17493441.0,1418347.0,8.107878832986604,18.107878832986604
FIN,2,171194698.0,1303425.0,0.7613699578476432,10.761369957847643
FIN,3,443253.0,12831.0,2.8947350610148153,12.894735061014815
FIN,4,797959829.0,17006644.0,2.131265683049817,12.131265683049817
FIN,5,898392513.0,4018221.0,0.44726786364035515,10.286597245941207
FIN,6,1928293382.0,6039898.0,0.3132250546716858,7.613319320099187
FIN,7,153905841.0,7173927.0,4.66124414342403,17.483962483269234
FIN,8,2266515.0,108192.0,4.773495873620956,14.773495873620957
FIN,9,100069214.0,104783.0,0.10471052565677193,9.185689017203632
FIN,10,1164178158.0,0.0,0.0,10.0
FIN,11,319711161.0,18752622.0,5.86548869340223,15.86548869340223
FIN,12,11090150.0,601529.0,5.423993363480205,21.2589081301876
FIN,13,49032708.0,774173.0,1.5788909721241584,11.703958304729978
FIN,14,520215.0,26989.0,5.188047249694837,15.188047249694836
FIN,15,714152786.0,10401589.0,1.456493512860146,11.948013047448924
FIN,16,1961477150.0,13663924.0,0.6966139778890619,15.310173309946537
FIN,17,395684913.0,12074178.0,3.051462818851524,19.171330105780406
FIN,18,570279160.0,1531078.0,0.26847868682418624,10.737841358256894
FIN,19,43678403.0,1021968.0,2.339755874316192,12.339755874316193
FIN,20,84790861.0,1196263.0,1.410839547908353,13.583271256085016
FIN,21,151159402.0,0.0,0.0,10.0
FJI,1,8958409.0,73362.0,0.8189177341646268,10.811044684385363
FJI,2,26069192.0,38188.0,0.14648708713334882,10.146487087133348
FJI,3,81856.0,3576.0,4.368647380766224,14.368647380766223
FJI,4,207282926.0,184541.0,0.08902855800096145,10.089028558000962
FJI,5,0.0,0.0,0.0,0.0
FJI,6,1561852.0,2432.0,0.1557125771199832,10.155712577119983
FJI,7,14271.0,387.0,2.7117931469413494,12.71179314694135
FJI,8,52924.0,705.0,1.3320988587408358,11.332098858740835
FJI,9,6909297.0,668.0,0.00966813266241124,0.511971044232141
FJI,10,30098.0,0.0,0.0,10.0
FJI,11,375612.0,35762.0,9.520995069380104,19.520995069380106
FJI,12,715.0,39.0,5.454545454545454,15.454545454545451
FJI,13,0.0,0.0,0.0,0.0
FJI,14,584880.0,853.0,0.14584188209547258,10.145841882095471
FJI,15,132725.0,0.0,0.0,10.0
FJI,16,171526.0,245.0,0.14283548849737066,8.868159929106957
FJI,17,131896.0,663.0,0.5026687693334142,13.232091951234306
FJI,18,224744.0,0.0,0.0,10.0
FJI,19,0.0,0.0,0.0,0.0
FJI,20,218428.0,14579.0,6.674510593879905,16.6745105938799
FJI,21,5654839.0,0.0,0.0,10.0
FLK,1,19743512.0,0.0,0.0,10.0
FLK,2,0.0,0.0,0.0,0.0
FLK,3,0.0,0.0,0.0,0.0
FLK,4,0.0,0.0,0.0,0.0
FLK,5,0.0,0.0,0.0,0.0
FLK,6,0.0,0.0,0.0,0.0
FLK,7,3262.0,102.0,3.126916002452483,13.126916002452484
FLK,8,0.0,0.0,0.0,0.0
FLK,9,0.0,0.0,0.0,0.0
FLK,10,0.0,0.0,0.0,0.0
FLK,11,0.0,0.0,0.0,0.0
FLK,12,0.0,0.0,0.0,0.0
FLK,13,0.0,0.0,0.0,0.0
FLK,14,4518.0,248.0,5.489154493138557,15.489154493138557
FLK,15,0.0,0.0,0.0,0.0
FLK,16,2458265.0,851.0,0.0346179114131308,10.052892995669712
FLK,17,0.0,0.0,0.0,0.0
FLK,18,2580.0,0.0,0.0,10.0
FLK,19,0.0,0.0,0.0,0.0
FLK,20,3764.0,0.0,0.0,10.0
FLK,21,540760.0,0.0,0.0,10.0
FRA,1,387572488.0,30737885.0,7.930873824047077,17.926261061130838
FRA,2,337717892.0,3315148.0,0.9816323264270523,10.981632326427052
FRA,3,85467576.0,3323463.0,3.888565881405131,13.88856588140513
FRA,4,5750914608.0,54708509.0,0.9513010143446734,10.951301014344674
FRA,5,966357242.0,2786142.0,0.2883138738872306,9.55898975919301
FRA,6,12224996982.0,67568471.0,0.5527074656908901,9.344291128103936
FRA,7,1553117446.0,55517744.0,3.5746005006243426,14.77845023511506
FRA,8,1492977847.0,145027404.0,9.713968917316427,19.71396891731643
FRA,9,306132846.0,929516.0,0.3036315809117719,10.094406661609908
FRA,10,339872990.0,0.0,0.0,9.99022343611359
FRA,11,521461788.0,45175912.0,8.663321654548541,18.66332165454854
FRA,12,37610280.0,3369591.0,8.95922870023834,18.972322992543532
FRA,13,484868638.0,13158264.0,2.7137791493950987,12.743205397829835
FRA,14,2047753075.0,107896549.0,5.2690214614865125,15.269021461486512
FRA,15,1993313140.0,40537344.0,2.0336666219939734,17.337333729210254
FRA,16,13783595807.0,88323877.0,0.6407898072224718,12.337482029445294
FRA,17,7655475086.0,23639057.0,0.30878628346959264,13.235786933759476
FRA,18,2829208749.0,7390570.0,0.2612239200310772,10.702079086847897
FRA,19,31052795.0,75843.0,0.24423888413265216,10.244238884132653
FRA,20,552625730.0,8933901.0,1.616627767223216,14.618991636527673
FRA,21,6614402407.0,0.0,0.0,10.0
FRO,1,248111527.0,13334.0,0.0053741960969028255,10.005374196096902
FRO,2,0.0,0.0,0.0,0.0
FRO,3,0.0,0.0,0.0,0.0
FRO,4,46570.0,2329.0,5.0010736525660295,15.00107365256603
FRO,5,0.0,0.0,0.0,0.0
FRO,6,0.0,0.0,0.0,0.0
FRO,7,295824.0,9466.0,3.1998756017091243,13.199875601709126
FRO,8,1658.0,105.0,6.332931242460796,16.332931242460795
FRO,9,0.0,0.0,0.0,0.0
FRO,10,51585.0,0.0,0.0,10.0
FRO,11,11282.0,823.0,7.294805885481298,17.2948058854813
FRO,12,0.0,0.0,0.0,0.0
FRO,13,0.0,0.0,0.0,0.0
FRO,14,0.0,0.0,0.0,0.0
FRO,15,0.0,0.0,0.0,0.0
FRO,16,88799.0,395.0,0.4448248291084359,11.779468237254925
FRO,17,41500.0,1038.0,2.501204819277109,12.50120481927711
FRO,18,128194.0,0.0,0.0,36.97286924505047
FRO,19,0.0,0.0,0.0,0.0
FRO,20,63467.0,1845.0,2.9070225471504876,33.13674823136434
FRO,21,487853.0,0.0,0.0,10.0
FSM,1,166169.0,0.0,0.0,8.681041590188302
FSM,2,47125.0,2991.0,6.346949602122017,16.346949602122017
FSM,3,0.0,0.0,0.0,0.0
FSM,4,18298.0,339.0,1.8526614930593508,11.852661493059353
FSM,5,0.0,0.0,0.0,0.0
FSM,6,138660.0,6864.0,4.950237992211164,7.650007211885188
FSM,7,187049.0,8318.0,4.44696309523173,14.44696309523173
FSM,8,9568.0,919.0,9.604933110367893,19.60493311036789
FSM,9,9867.0,139.0,1.408736191344887,11.408736191344888
FSM,10,8343.0,0.0,0.0,10.0
FSM,11,90598.0,3205.0,3.5376056866597496,13.53760568665975
FSM,12,4484.0,575.0,12.823371989295271,22.823371989295275
FSM,13,34176.0,2222.0,6.501638576779026,16.501638576779023
FSM,14,0.0,0.0,0.0,0.0
FSM,15,52396.0,530.0,1.0115275975265288,36.636384456828765
FSM,16,169537.0,197.0,0.11619882385555955,9.280039165491898
FSM,17,0.0,0.0,0.0,0.0
FSM,18,911621.0,0.0,0.0,10.0
FSM,19,0.0,0.0,0.0,0.0
FSM,20,82092.0,0.0,0.0,10.0
FSM,21,510107.0,0.0,0.0,10.0
GAB,1,0.0,0.0,0.0,0.0
GAB,2,0.0,0.0,0.0,0.0
GAB,3,0.0,0.0,0.0,0.0
GAB,4,64214.0,1799.0,2.8015697511446103,12.80156975114461
GAB,5,172926362.0,133423.0,0.07715596306825677,10.077155963068257
GAB,6,1338111.0,43634.0,3.2608655036839247,13.260865503683924
GAB,7,284.0,15.0,5.28169014084507,15.28169014084507
GAB,8,3129.0,168.0,5.369127516778524,15.369127516778523
GAB,9,21117671.0,79248.0,0.37526865533609266,9.111080004987294
GAB,10,17553.0,0.0,0.0,10.0
GAB,11,4107.0,438.0,10.66471877282688,20.66471877282688
GAB,12,0.0,0.0,0.0,0.0
GAB,13,7844.0,0.0,0.0,10.0
GAB,14,18335.0,0.0,0.0,10.0
GAB,15,331468.0,7804.0,2.354375082964268,24.17621007156045
GAB,16,1223735.0,10799.0,0.8824622978014032,10.861640796414257
GAB,17,16088.0,402.0,2.4987568373943314,27.49875683739433
GAB,18,35241.0,298.0,0.8456059703186629,10.845605970318664
GAB,19,0.0,0.0,0.0,0.0
GAB,20,61108.0,0.0,0.0,10.0
GAB,21,6193395.0,0.0,0.0,10.0
GBR,1,448258543.0,10877272.0,2.426562119084923,12.426508913183167
GBR,2,95439119.0,1083178.0,1.1349413231695904,11.13494132316959
GBR,3,125401233.0,8977356.0,7.158905686357963,17.15890568635796
GBR,4,2168038274.0,29983246.0,1.3829666366858613,11.382966636685863
GBR,5,3201162063.0,9636148.0,0.30102031107320415,8.786292276511963
GBR,6,11914013273.0,59736318.0,0.501395429325035,9.938953287751636
GBR,7,1301265309.0,54818890.0,4.2127373734513345,14.710196181830284
GBR,8,52437368.0,3023168.0,5.765293177948977,15.765293177948978
GBR,9,21918834.0,443895.0,2.025176156724395,10.03891675989699
GBR,10,713466835.0,0.0,0.0,9.971235817849893
GBR,11,463380559.0,33306489.0,7.1877182486630815,17.18771824866308
GBR,12,52757894.0,2749126.0,5.210833472617387,15.212416553246042
GBR,13,317194877.0,10935160.0,3.447457948698206,13.583972306715408
GBR,14,1213232353.0,4310212.0,0.35526682002355076,10.355266820023552
GBR,15,2276527966.0,44097454.0,1.9370486397969424,14.53223500615674
GBR,16,16029417105.0,81462910.0,0.508208810503718,11.463608861527595
GBR,17,15090494549.0,279651528.0,1.85316344068082,23.51872645575547
GBR,18,3625111615.0,8780036.0,0.24220043222034698,10.65477131522749
GBR,19,381388610.0,1204280.0,0.3157619206299842,10.315761920629985
GBR,20,1181576747.0,7548746.0,0.6388705616597582,12.137969341740947
GBR,21,7533486971.0,2330.0,3.0928572770740646e-05,10.000030928572771
GEO,1,380998.0,27723.0,7.276416149166137,17.276416149166135
GEO,2,880663.0,37780.0,4.289949731054898,14.289949731054898
GEO,3,4320.0,208.0,4.814814814814815,14.814814814814817
GEO,4,18075728.0,97172.0,0.5375827739828791,10.53758277398288
GEO,5,8008750.0,0.0,0.0,0.005508974559076011
GEO,6,8028726.0,125235.0,1.5598365170264872,8.489522497093562
GEO,7,1737044.0,15176.0,0.8736681396671587,10.873668139667158
GEO,8,164792.0,25117.0,15.241637943589495,25.24163794358949
GEO,9,1934939.0,106.0,0.0054782088737681135,10.005478208873768
GEO,10,313268.0,0.0,0.0,10.0
GEO,11,5510296.0,1404450.0,25.48774149337894,35.48774149337894
GEO,12,235829.0,20626.0,8.74616777410751,18.74616777410751
GEO,13,369391.0,3188.0,0.8630421423369817,10.863042142336981
GEO,14,113485.0,6777.0,5.971714323478873,15.971714323478874
GEO,15,100382406.0,118995.0,0.11854168946697692,0.9084196487579704
GEO,16,5090866.0,52229.0,1.025935469525224,13.916173594040778
GEO,17,7097600.0,177535.0,2.501338480613165,27.451847103246163
GEO,18,651390.0,1721.0,0.264204240163343,11.362532430648308
GEO,19,0.0,0.0,0.0,0.0
GEO,20,476896.0,1846.0,0.38708649265248607,12.205176810038248
GEO,21,7057322.0,0.0,0.0,10.0
GHA,1,989536.0,39.0,0.0039412411473660385,10.003941241147366
GHA,2,41264558.0,11714.0,0.028387557186484346,10.028387557186484
GHA,3,7606760.0,6536.0,0.08592357324274724,10.085923573242749
GHA,4,223773753.0,27562.0,0.012316904744409413,10.01231690474441
GHA,5,812170513.0,591461.0,0.07282473206460773,9.906036664987864
GHA,6,15971584.0,29379.0,0.183945437096283,10.146378718604241
GHA,7,28977021.0,2923.0,0.01008730331527178,10.010087303315272
GHA,8,90834.0,1179.0,1.2979721249752294,11.29797212497523
GHA,9,16714838.0,8885.0,0.05315636322649373,9.248713627975334
GHA,10,50621.0,0.0,0.0,10.0
GHA,11,40701266.0,73289.0,0.18006565201190547,10.180065652011905
GHA,12,605217.0,3180.0,0.5254313742013195,10.52543137420132
GHA,13,525493.0,12722.0,2.4209646941062966,12.420964694106296
GHA,14,1282547.0,0.0,0.0,10.0
GHA,15,32404086.0,89.0,0.00027465672076046213,10.00027465672076
GHA,16,526497.0,6281.0,1.1929792572417317,22.7945933215194
GHA,17,394415.0,5202.0,1.3189153556533093,25.02810491487393
GHA,18,181143.0,1101.0,0.6078070916347857,10.607807091634786
GHA,19,0.0,0.0,0.0,0.0
GHA,20,39162.0,314.0,0.8017976609979062,10.801797660997906
GHA,21,20638913.0,0.0,0.0,10.0
GIB,1,0.0,0.0,0.0,0.0
GIB,2,0.0,0.0,0.0,0.0
GIB,3,0.0,0.0,0.0,0.0
GIB,4,0.0,0.0,0.0,0.0
GIB,5,0.0,0.0,0.0,0.0
GIB,6,0.0,0.0,0.0,0.0
GIB,7,0.0,0.0,0.0,0.0
GIB,8,350.0,62.0,17.71428571428571,27.714285714285715
GIB,9,0.0,0.0,0.0,0.0
GIB,10,2656.0,0.0,0.0,10.0
GIB,11,4043.0,242.0,5.985654217165471,15.985654217165472
GIB,12,9840.0,854.0,8.678861788617887,18.678861788617887
GIB,13,0.0,0.0,0.0,0.0
GIB,14,0.0,0.0,0.0,0.0
GIB,15,0.0,0.0,0.0,0.0
GIB,16,44615.0,89.0,0.19948447831446822,11.302925025215735
GIB,17,145268.0,2179.0,1.49998623234298,11.49998623234298
GIB,18,0.0,0.0,0.0,0.0
GIB,19,0.0,0.0,0.0,0.0
GIB,20,1735.0,0.0,0.0,10.0
GIB,21,222672.0,0.0,0.0,10.0
GIN,1,331020.0,0.0,0.0,10.0
GIN,2,276625.0,802.0,0.2899231812019883,10.289923181201988
GIN,3,176237.0,0.0,0.0,10.0
GIN,4,1081503.0,0.0,0.0,10.0
GIN,5,0.0,0.0,0.0,0.0
GIN,6,2557.0,0.0,0.0,10.0
GIN,7,2033257.0,1038.0,0.051051096836258275,10.051051096836257
GIN,8,7830.0,206.0,2.630906768837803,12.630906768837804
GIN,9,0.0,0.0,0.0,0.0
GIN,10,25026.0,0.0,0.0,10.0
GIN,11,27107.0,2195.0,8.097539380971705,18.097539380971703
GIN,12,2509.0,244.0,9.724990035870865,19.724990035870864
GIN,13,0.0,0.0,0.0,0.0
GIN,14,232039.0,0.0,0.0,10.0
GIN,15,207877.0,728.0,0.35020709361786057,10.350207093617861
GIN,16,192322.0,1411.0,0.7336654152931021,10.888405902600844
GIN,17,639826.0,10246.0,1.601372873249915,22.416641399380456
GIN,18,84966.0,0.0,0.0,10.0
GIN,19,60392.0,0.0,0.0,10.0
GIN,20,15421.0,406.0,2.6327734906945075,23.625575513909602
GIN,21,781266.0,0.0,0.0,10.0
GLP,1,0.0,0.0,0.0,0.0
GLP,2,0.0,0.0,0.0,0.0
GLP,3,0.0,0.0,0.0,0.0
GLP,4,60208.0,0.0,0.0,10.0
GLP,5,0.0,0.0,0.0,0.0
GLP,6,2823.0,0.0,0.0,10.0
GLP,7,6872.0,75.0,1.0913853317811408,11.091385331781138
GLP,8,44156.0,5453.0,12.349397590361445,22.349397590361445
GLP,9,0.0,0.0,0.0,0.0
GLP,10,50088.0,0.0,0.0,10.0
GLP,11,43474.0,6383.0,14.682338869209183,24.682338869209183
GLP,12,4769.0,217.0,4.550220171943804,14.550220171943804
GLP,13,6340.0,621.0,9.794952681388013,19.79495268138801
GLP,14,56695.0,2640.0,4.656495281770879,14.65649528177088
GLP,15,472343.0,3277.0,0.6937754978903042,11.693853830796687
GLP,16,780048.0,3711.0,0.47573995446434064,11.732579277172684
GLP,17,6976.0,174.0,2.4942660550458715,12.494266055045872
GLP,18,124689.0,834.0,0.6688641339653056,10.668864133965306
GLP,19,0.0,0.0,0.0,0.0
GLP,20,90210.0,450.0,0.49883604921849023,10.49883604921849
GLP,21,1680093.0,0.0,0.0,10.0
GMB,1,563189.0,0.0,0.0,10.0
GMB,2,59966.0,61.0,0.10172431044258413,10.101724310442584
GMB,3,82076.0,0.0,0.0,10.0
GMB,4,9490.0,0.0,0.0,10.0
GMB,5,972134.0,0.0,0.0,10.0
GMB,6,69920.0,0.0,0.0,10.0
GMB,7,425.0,0.0,0.0,10.0
GMB,8,0.0,0.0,0.0,0.0
GMB,9,0.0,0.0,0.0,0.0
GMB,10,2222.0,0.0,0.0,10.0
GMB,11,2586.0,183.0,7.076566125290023,17.07656612529002
GMB,12,0.0,0.0,0.0,0.0
GMB,13,0.0,0.0,0.0,0.0
GMB,14,32500.0,0.0,0.0,10.0
GMB,15,9217.0,145.0,1.5731799934902897,11.573179993490289
GMB,16,28967.0,155.0,0.5350916560223703,16.137328684364967
GMB,17,0.0,0.0,0.0,0.0
GMB,18,79281.0,0.0,0.0,10.0
GMB,19,0.0,0.0,0.0,0.0
GMB,20,0.0,0.0,0.0,0.0
GMB,21,57924.0,0.0,0.0,10.0
GNB,1,0.0,0.0,0.0,0.0
GNB,2,0.0,0.0,0.0,0.0
GNB,3,0.0,0.0,0.0,0.0
GNB,4,0.0,0.0,0.0,0.0
GNB,5,0.0,0.0,0.0,0.0
GNB,6,0.0,0.0,0.0,0.0
GNB,7,0.0,0.0,0.0,0.0
GNB,8,5340.0,866.0,16.217228464419474,26.217228464419474
GNB,9,0.0,0.0,0.0,0.0
GNB,10,0.0,0.0,0.0,0.0
GNB,11,18895.0,1458.0,7.7163270706536125,17.716327070653612
GNB,12,0.0,0.0,0.0,0.0
GNB,13,0.0,0.0,0.0,0.0
GNB,14,0.0,0.0,0.0,0.0
GNB,15,0.0,0.0,0.0,0.0
GNB,16,2786.0,70.0,2.512562814070352,12.512562814070352
GNB,17,0.0,0.0,0.0,0.0
GNB,18,76797.0,0.0,0.0,10.0
GNB,19,0.0,0.0,0.0,0.0
GNB,20,8346.0,443.0,5.307931943445962,15.30793194344596
GNB,21,10684.0,0.0,0.0,10.0
GNQ,1,0.0,0.0,0.0,0.0
GNQ,2,0.0,0.0,0.0,0.0
GNQ,3,0.0,0.0,0.0,0.0
GNQ,4,0.0,0.0,0.0,0.0
GNQ,5,122837811.0,0.0,0.0,10.0
GNQ,6,0.0,0.0,0.0,0.0
GNQ,7,0.0,0.0,0.0,0.0
GNQ,8,0.0,0.0,0.0,0.0
GNQ,9,0.0,0.0,0.0,0.0
GNQ,10,0.0,0.0,0.0,0.0
GNQ,11,0.0,0.0,0.0,0.0
GNQ,12,648.0,49.0,7.561728395061729,17.561728395061728
GNQ,13,0.0,0.0,0.0,0.0
GNQ,14,0.0,0.0,0.0,0.0
GNQ,15,0.0,0.0,0.0,0.0
GNQ,16,192542.0,0.0,0.0,10.0
GNQ,17,80000.0,0.0,0.0,10.0
GNQ,18,10000.0,250.0,2.5,12.5
GNQ,19,0.0,0.0,0.0,0.0
GNQ,20,0.0,0.0,0.0,0.0
GNQ,21,4585117.0,0.0,0.0,10.0
GRC,1,787023213.0,9419973.0,1.1969117104046587,11.196911710404656
GRC,2,335009069.0,11971606.0,3.573516990371386,13.573516990371386
GRC,3,86153036.0,630882.0,0.7322806360532669,10.732280636053266
GRC,4,548270212.0,30361739.0,5.537732733873202,15.5377327338732
GRC,5,261776693.0,165530.0,0.06323328410295105,6.85648080213161
GRC,6,708028720.0,6648026.0,0.9389486347389975,10.931346372503082
GRC,7,56533769.0,2422534.0,4.285109666047561,14.285109666047562
GRC,8,9046056.0,450178.0,4.976511310564516,14.976511310564515
GRC,9,257254210.0,167053.0,0.06493693533722927,10.050388912974446
GRC,10,412684374.0,0.0,0.0,10.0
GRC,11,120507628.0,8919085.0,7.4012617690890075,17.401261769089004
GRC,12,1711199.0,142932.0,8.352739804078894,19.36952394198454
GRC,13,37704128.0,1355696.0,3.595616904334719,13.595616904334719
GRC,14,8307570.0,430291.0,5.17950495752669,15.179504957526689
GRC,15,1512102243.0,31197395.0,2.063180260754365,11.65667251113257
GRC,16,189017633.0,1854869.0,0.9813206157332423,13.689646933627616
GRC,17,38910926.0,236303.0,0.6072921523378807,40.21510436426006
GRC,18,42921400.0,90204.0,0.21016089875912713,10.326283392433613
GRC,19,4130349.0,19259.0,0.4662802102195238,10.466280210219525
GRC,20,20104836.0,68419.0,0.3403111569773561,10.843654730632968
GRC,21,143959118.0,0.0,0.0,10.0
GRD,1,7022079.0,0.0,0.0,10.0
GRD,2,3709604.0,595.0,0.0160394478763771,10.016039447876377
GRD,3,0.0,0.0,0.0,0.0
GRD,4,14872.0,0.0,0.0,10.0
GRD,5,0.0,0.0,0.0,0.0
GRD,6,2109.0,84.0,3.982930298719772,13.982930298719772
GRD,7,31848.0,155.0,0.48668676212007034,10.48668676212007
GRD,8,11424.0,1104.0,9.663865546218489,19.66386554621849
GRD,9,0.0,0.0,0.0,0.0
GRD,10,0.0,0.0,0.0,0.0
GRD,11,5984.0,843.0,14.087566844919785,24.087566844919785
GRD,12,1435.0,118.0,8.222996515679442,18.22299651567944
GRD,13,0.0,0.0,0.0,0.0
GRD,14,443719.0,179.0,0.04034084634644899,10.04034084634645
GRD,15,1538920.0,0.0,0.0,9.981655966521977
GRD,16,111846.0,2237.0,2.000071526920945,12.191048405843752
GRD,17,0.0,0.0,0.0,0.0
GRD,18,41294.0,35.0,0.08475807623383542,10.084758076233836
GRD,19,0.0,0.0,0.0,0.0
GRD,20,400.0,0.0,0.0,10.0
GRD,21,1034714.0,0.0,0.0,10.0
GRL,1,30484198.0,0.0,0.0,10.0
GRL,2,0.0,0.0,0.0,0.0
GRL,3,0.0,0.0,0.0,0.0
GRL,4,871318.0,687.0,0.07884606997674787,10.078846069976748
GRL,5,0.0,0.0,0.0,0.0
GRL,6,76309.0,0.0,0.0,10.0
GRL,7,26711.0,1331.0,4.982965819325372,14.982965819325374
GRL,8,2430.0,85.0,3.4979423868312756,13.497942386831276
GRL,9,0.0,0.0,0.0,0.0
GRL,10,0.0,0.0,0.0,0.0
GRL,11,0.0,0.0,0.0,0.0
GRL,12,0.0,0.0,0.0,0.0
GRL,13,0.0,0.0,0.0,0.0
GRL,14,32327.0,0.0,0.0,10.0
GRL,15,0.0,0.0,0.0,0.0
GRL,16,75713.0,0.0,0.0,11.172321794143674
GRL,17,5832.0,0.0,0.0,10.0
GRL,18,28270.0,0.0,0.0,10.0
GRL,19,0.0,0.0,0.0,0.0
GRL,20,3355.0,0.0,0.0,10.0
GRL,21,979018.0,0.0,0.0,10.0
GTM,1,10386197.0,12163.0,0.11710734930215554,10.117107349302156
GTM,2,2334588821.0,220769.0,0.009456440381027593,10.009456440381028
GTM,3,7271289.0,88.0,0.0012102393399574683,10.001210239339958
GTM,4,543635451.0,11619270.0,2.1373275011088264,12.137327501108826
GTM,5,75160385.0,75242.0,0.1001085877886336,3.7574186188641794
GTM,6,25411648.0,81471.0,0.3206049446301161,9.706746292094083
GTM,7,76159831.0,50904.0,0.06683838360933338,8.019501251256717
GTM,8,34215071.0,37805.0,0.11049224477716268,10.110492244777163
GTM,9,28954676.0,52162.0,0.1801505221470964,8.92633024109819
GTM,10,3339209.0,0.0,0.0,10.0
GTM,11,1620362372.0,28335938.0,1.7487408057387304,11.74874080573873
GTM,12,41203282.0,13381.0,0.03247556832972674,10.032475568329726
GTM,13,1498395.0,3763.0,0.2511353815248983,10.251135381524898
GTM,14,12982322.0,38006.0,0.29275194375859726,10.292751943758596
GTM,15,46208694.0,2932642.0,6.346515657854342,17.124828500887734
GTM,16,66539780.0,21419.0,0.03218976678311831,19.21191368531726
GTM,17,714593.0,728.0,0.10187617287043114,10.616154930149053
GTM,18,7749568.0,0.0,0.0,10.0
GTM,19,0.0,0.0,0.0,0.0
GTM,20,28159442.0,393149.0,1.3961533754823694,13.513878577565565
GTM,21,59672275.0,0.0,0.0,10.0
GUF,1,1535137.0,0.0,0.0,10.0
GUF,2,0.0,0.0,0.0,0.0
GUF,3,0.0,0.0,0.0,0.0
GUF,4,0.0,0.0,0.0,0.0
GUF,5,0.0,0.0,0.0,0.0
GUF,6,6043.0,109.0,1.8037398643058082,11.803739864305808
GUF,7,0.0,0.0,0.0,0.0
GUF,8,0.0,0.0,0.0,0.0
GUF,9,0.0,0.0,0.0,0.0
GUF,10,0.0,0.0,0.0,0.0
GUF,11,613.0,98.0,15.98694942903752,25.98694942903752
GUF,12,0.0,0.0,0.0,0.0
GUF,13,0.0,0.0,0.0,0.0
GUF,14,0.0,0.0,0.0,0.0
GUF,15,190079.0,0.0,0.0,10.0
GUF,16,40163.0,0.0,0.0,18.015586485073324
GUF,17,0.0,0.0,0.0,0.0
GUF,18,13414.0,0.0,0.0,10.0
GUF,19,0.0,0.0,0.0,0.0
GUF,20,0.0,0.0,0.0,0.0
GUF,21,34651.0,0.0,0.0,10.0
GUY,1,19278584.0,4.0,2.074841181281779e-05,10.000020748411814
GUY,2,978336.0,570.0,0.05826219213031106,10.05826219213031
GUY,3,271189.0,0.0,0.0,10.0
GUY,4,25261736.0,1439.0,0.005696362276923486,10.005696362276923
GUY,5,4956071590.0,5435546.0,0.10967448515004198,9.495717082650131
GUY,6,117286226.0,10065.0,0.008581570354220452,10.00858157035422
GUY,7,81536.0,2278.0,2.793857927786499,12.7938579277865
GUY,8,3632.0,297.0,8.177312775330396,18.1773127753304
GUY,9,7367169.0,0.0,0.0,10.0
GUY,10,19618.0,0.0,0.0,10.0
GUY,11,435.0,30.0,6.896551724137931,16.89655172413793
GUY,12,0.0,0.0,0.0,0.0
GUY,13,0.0,0.0,0.0,0.0
GUY,14,16614325.0,0.0,0.0,10.0
GUY,15,982051.0,9383.0,0.9554493605729235,11.325806908195196
GUY,16,2035284.0,28214.0,1.386243885374228,31.79630950766576
GUY,17,340228.0,0.0,0.0,10.0
GUY,18,537869.0,1536.0,0.2855713937780389,10.28557139377804
GUY,19,0.0,0.0,0.0,0.0
GUY,20,105712.0,16.0,0.015135462388375966,10.015135462388375
GUY,21,72707513.0,0.0,0.0,10.0
HKG,1,12330691.0,6346.0,0.051465080099728396,29.91114447681805
HKG,2,17898127.0,84798.0,0.47378141858083805,30.473781418580838
HKG,3,2067014.0,42538.0,2.0579444551415715,32.05794445514157
HKG,4,94037067.0,2075752.0,2.207376374254633,32.20737637425463
HKG,5,4884565.0,2924.0,0.05986203479736681,11.841601043286351
HKG,6,34756460.0,268818.0,0.7734331977422326,30.036455093527938
HKG,7,37949473.0,1418591.0,3.738104610833463,33.700477474351224
HKG,8,6778858.0,667992.0,9.854049162853094,39.854049162853094
HKG,9,1869463.0,47378.0,2.5343106549848806,32.027534110062625
HKG,10,32923774.0,0.0,0.0,27.80100240027161
HKG,11,81568584.0,11779873.0,14.44167891893281,44.44167891893281
HKG,12,10341243.0,746988.0,7.223386975820992,37.32822156872245
HKG,13,4434631.0,240268.0,5.4179930641354375,35.41799306413544
HKG,14,2241935598.0,37105197.0,1.6550518682651294,31.65505186826513
HKG,15,38078093.0,1565059.0,4.110129674823789,39.422077544692165
HKG,16,320708601.0,1495831.0,0.46641436972250083,13.198434113714338
HKG,17,17320086.0,61083.0,0.35267145902162383,36.37737191374224
HKG,18,44474742.0,343794.0,0.7730095432594077,30.820343825715728
HKG,19,2810270.0,23860.0,0.8490287410106502,30.84902874101065
HKG,20,110698348.0,387124.0,0.3497107291971512,30.576840857643152
HKG,21,2778099690.0,0.0,0.0,30.0
HND,1,100616803.0,4006.0,0.003981442344177841,10.003981442344179
HND,2,893509972.0,115935.0,0.01297523291659469,10.012975232916595
HND,3,2850841.0,2231.0,0.07825760889505938,10.07825760889506
HND,4,367739040.0,4767069.0,1.2963184436441668,11.296318443644166
HND,5,25858075.0,0.0,0.0,10.0
HND,6,2741592.0,7158.0,0.2610891773830679,10.261089177383068
HND,7,63032084.0,60762.0,0.09639852618548991,10.09639852618549
HND,8,1999805.0,11035.0,0.5518038008705849,10.551803800870585
HND,9,11811093.0,5529.0,0.04681192502675239,7.829050198825799
HND,10,9141404.0,0.0,0.0,10.0
HND,11,2500125231.0,16307029.0,0.6522484873078744,10.652248487307874
HND,12,390442.0,4861.0,1.2449992572520374,11.244999257252038
HND,13,7781557.0,5245.0,0.06740296318590226,10.067402963185904
HND,14,238314638.0,444.0,0.0001863083206831802,10.000186308320684
HND,15,71735127.0,2380971.0,3.3191144974204896,17.44416330370475
HND,16,1072170025.0,1990060.0,0.18561048654573234,24.43812878465801
HND,17,41695208.0,268706.0,0.6444529548815298,25.277474811973594
HND,18,1176966.0,1473.0,0.1251522983671576,10.15647860685865
HND,19,0.0,0.0,0.0,0.0
HND,20,49626862.0,49541.0,0.09982698482930473,28.012157508568645
HND,21,61525975.0,0.0,0.0,10.0
HRV,1,792504491.0,3181262.0,0.40141879776426403,10.397028892041948
HRV,2,999657624.0,13271981.0,1.3276526564058895,11.32765265640589
HRV,3,793388.0,25940.0,3.2695226043247443,13.269522604324743
HRV,4,374985777.0,18140783.0,4.8377256185905955,14.837725618590593
HRV,5,61519844.0,158460.0,0.25757542558137825,7.532042831578051
HRV,6,1390551186.0,6340863.0,0.45599637495113393,9.422004966022158
HRV,7,13917388.0,517455.0,3.7180468059092697,20.700932531305444
HRV,8,201524962.0,5285716.0,2.622859196966379,12.62285919696638
HRV,9,259799633.0,95998.0,0.036950783529397825,10.018138054875543
HRV,10,403115529.0,0.0,0.0,10.0
HRV,11,1163284124.0,59456288.0,5.111071901811668,15.111071901811668
HRV,12,28634745.0,1256616.0,4.388430907975608,14.402346869161923
HRV,13,3108821.0,156627.0,5.038147902371993,15.146420459717687
HRV,14,46838.0,2311.0,4.9340279260429565,14.934027926042956
HRV,15,1884713156.0,41996626.0,2.2282767999100233,11.444365470858951
HRV,16,312805944.0,5406510.0,1.7283910691927262,12.726848598503613
HRV,17,17050905.0,326384.0,1.9141740570368553,21.814756166901404
HRV,18,10982654.0,93729.0,0.8534275959162513,12.028200105366151
HRV,19,103979305.0,3229011.0,3.1054362211788202,13.10543622117882
HRV,20,11447008.0,243173.0,2.1243367699227607,12.316984490619733
HRV,21,13965363.0,0.0,0.0,10.0
HTI,1,304746.0,505.0,0.1657117730831578,9.666935743209098
HTI,2,1863353.0,1854.0,0.09949805538725083,10.09949805538725
HTI,3,987339.0,1639.0,0.16600174813311336,10.166001748133114
HTI,4,7654712.0,7593.0,0.09919380376426964,10.099193803764269
HTI,5,38456.0,0.0,0.0,10.0
HTI,6,5570676.0,274.0,0.004918613109073298,10.004918613109073
HTI,7,396106.0,8544.0,2.1569983792217235,12.156998379221724
HTI,8,247275.0,893.0,0.36113638661409364,10.361136386614092
HTI,9,34131.0,0.0,0.0,10.0
HTI,10,239427.0,0.0,0.0,10.0
HTI,11,580469420.0,1821800.0,0.31384943585830927,10.31384943585831
HTI,12,20098782.0,82297.0,0.4094626231579605,10.409462623157962
HTI,13,41910.0,0.0,0.0,10.0
HTI,14,161491.0,272.0,0.16843043884798534,10.168430438847984
HTI,15,1350039.0,384.0,0.028443622739787518,16.456287559100144
HTI,16,1327686.0,4164.0,0.31362837297373025,11.591810864918362
HTI,17,0.0,0.0,0.0,0.0
HTI,18,14749.0,170.0,1.1526205166451964,11.152620516645195
HTI,19,0.0,0.0,0.0,0.0
HTI,20,4043361.0,0.0,0.0,10.0
HTI,21,4673082.0,0.0,0.0,10.0
HUN,1,1023061914.0,9454535.0,0.9241410388384373,10.924141038838437
HUN,2,350254045.0,6774258.0,1.9340984341808243,11.934098434180825
HUN,3,22732944.0,1081177.0,4.755992008778097,14.755992008778096
HUN,4,12447474.0,331309.0,2.6616564935182834,12.661656493518283
HUN,5,854740.0,7993.0,0.9351381706717833,7.580340220417905
HUN,6,5107633892.0,6185012.0,0.12109348733250985,9.849848885762702
HUN,7,243488237.0,9677933.0,3.9747024822394192,18.84995185619583
HUN,8,209842669.0,6430337.0,3.0643610427963055,13.064361042796305
HUN,9,6230611.0,73307.0,1.1765619776294813,11.007268789529627
HUN,10,24406370.0,0.0,0.0,10.0
HUN,11,158445172.0,14521447.0,9.164966541233582,19.164966541233582
HUN,12,27050693.0,97667.0,0.361051748286079,10.369001267361247
HUN,13,70030691.0,785568.0,1.1217481775240516,11.522353249377476
HUN,14,11972076.0,103320.0,0.8630082201282384,10.863008220128238
HUN,15,163531402.0,6480656.0,3.9629428481265023,14.237433126146623
HUN,16,4180065612.0,81235979.0,1.9434139685939458,17.371301532096616
HUN,17,2016656860.0,50213628.0,2.489944075066891,27.00657460635123
HUN,18,382724704.0,1217878.0,0.31821253952815126,10.867908085180726
HUN,19,27857755.0,31164.0,0.11186831099634553,10.111868310996346
HUN,20,118206140.0,1355707.0,1.146900660151833,14.37300549700718
HUN,21,405182487.0,0.0,0.0,10.0
IDN,1,1119665927.0,108176.0,0.009661453241668574,9.979645116056119
IDN,2,479299570.0,195243.0,0.04073506679757714,10.040735066797577
IDN,3,2065826372.0,5574784.0,0.269857335328857,10.269857335328856
IDN,4,1881612411.0,14152353.0,0.7521396498696883,10.752139649869688
IDN,5,52653311.0,156067.0,0.29640491174429656,10.268559559340913
IDN,6,1111373663.0,16447223.0,1.4799003744251946,11.330485820591198
IDN,7,2050413797.0,35328271.0,1.7229825048821596,17.797171979817687
IDN,8,840051391.0,18626940.0,2.2173571997573185,12.217357199757318
IDN,9,746373361.0,8862548.0,1.1874148332579624,9.535756421510333
IDN,10,506085740.0,0.0,0.0,9.999775887777435
IDN,11,4582610766.0,812920854.0,17.739251608086498,27.739251608086498
IDN,12,2796204375.0,361842853.0,12.940500924579235,22.942072068677028
IDN,13,125979400.0,1658678.0,1.3166263690730389,11.3316189392869
IDN,14,174623589.0,2082687.0,1.1926721996304863,11.192672199630486
IDN,15,575092863.0,18614873.0,3.2368464638727397,23.01327154532954
IDN,16,5883083421.0,49679025.0,0.84443856129369,10.295029523770541
IDN,17,330478023.0,4340689.0,1.3134576879261954,17.318745080364994
IDN,18,464447653.0,7823149.0,1.6843984353173167,11.91016436248414
IDN,19,175112.0,113.0,0.06453012928868382,10.064530129288684
IDN,20,2087069576.0,5243459.0,0.2512354671974769,10.54210693692753
IDN,21,232950652.0,0.0,0.0,10.0
IND,1,2100002505.0,6319706.0,0.30093802197631186,10.299123900330777
IND,2,1900840889.0,16338873.0,0.8595602659092421,10.859560265909241
IND,3,186839543.0,1856773.0,0.9937794592015246,10.993779459201525
IND,4,1535275727.0,35756686.0,2.3290074461002663,12.329007446100267
IND,5,3199588910.0,6657771.0,0.20808207514383467,9.192515681647365
IND,6,17866756804.0,178574406.0,0.9994785733022395,10.125024201902155
IND,7,2253772991.0,72998315.0,3.2389382289833293,14.044351166421446
IND,8,734922734.0,52049303.0,7.082282339628916,17.082282339628918
IND,9,313354674.0,10313531.0,3.291328279341383,13.162842817528869
IND,10,574868058.0,0.0,0.0,9.927306188927268
IND,11,10303151542.0,991759291.0,9.625785731260674,19.625785731260674
IND,12,484026174.0,46679603.0,9.644024539879531,19.656966815187143
IND,13,1499345874.0,44502623.0,2.9681358899047465,12.981020268576135
IND,14,12073509596.0,192801527.0,1.5968971198223578,11.596897119822358
IND,15,4996503686.0,220741953.0,4.417928352950284,28.477372552267536
IND,16,20635188468.0,142060499.0,0.6884380979621301,8.677542974113436
IND,17,2986890936.0,44719097.0,1.4971787707751778,21.249796967812685
IND,18,834298636.0,2802337.0,0.3358913558142267,11.13753745247643
IND,19,66916869.0,1513082.0,2.261136874171444,12.261136874171443
IND,20,1701192370.0,37781727.0,2.2208968054565164,13.64882149982838
IND,21,1487972379.0,0.0,0.0,10.0
IRL,1,810258909.0,94206197.0,11.626678331283859,21.626592580915393
IRL,2,348087355.0,6170864.0,1.772791775214012,11.772791775214012
IRL,3,52242084.0,3876248.0,7.419780573837752,17.419780573837752
IRL,4,877916143.0,48227960.0,5.49345861612662,15.49345861612662
IRL,5,129856247.0,172163.0,0.13257968251615956,9.040476196728525
IRL,6,77045204768.0,5425691.0,0.007042217638771868,9.286070251281288
IRL,7,129656501.0,6169843.0,4.758606743521484,14.759881997741093
IRL,8,54897521.0,1696557.0,3.0904073063699906,13.090407306369992
IRL,9,280719633.0,1678997.0,0.5981045864362469,10.589356035528873
IRL,10,425577139.0,0.0,0.0,10.0
IRL,11,31217905.0,2380737.0,7.6261908030023156,17.626190803002316
IRL,12,710152.0,51137.0,7.2008527751805245,17.200852775180522
IRL,13,20327514.0,417677.0,2.0547372393889383,12.16407869648989
IRL,14,58413005.0,334221.0,0.5721688175432851,10.572168817543286
IRL,15,73921151.0,1905062.0,2.5771541354922896,22.359231392379158
IRL,16,4129342397.0,13122877.0,0.31779580713708494,6.048763836621127
IRL,17,36985737.0,179011.0,0.4840000890072841,16.146277414993786
IRL,18,8827148383.0,5141371.0,0.05824498214963336,10.179704614239292
IRL,19,2998007.0,1106.0,0.03689117470372818,10.036891174703728
IRL,20,35889615.0,335881.0,0.9358723965135876,14.503759931668256
IRL,21,7452126283.0,0.0,0.0,10.0
IRN,1,0.0,0.0,0.0,0.0
IRN,2,26356.0,0.0,0.0,10.0
IRN,3,0.0,0.0,0.0,0.0
IRN,4,1116112.0,0.0,0.0,10.0
IRN,5,0.0,0.0,0.0,0.0
IRN,6,5729.0,0.0,0.0,10.0
IRN,7,504.0,0.0,0.0,10.0
IRN,8,0.0,0.0,0.0,0.0
IRN,9,0.0,0.0,0.0,0.0
IRN,10,356716.0,0.0,0.0,10.0
IRN,11,1561.0,55.0,3.523382447149263,13.523382447149263
IRN,12,0.0,0.0,0.0,0.0
IRN,13,0.0,0.0,0.0,0.0
IRN,14,0.0,0.0,0.0,0.0
IRN,15,0.0,0.0,0.0,0.0
IRN,16,0.0,0.0,0.0,0.0
IRN,17,0.0,0.0,0.0,0.0
IRN,18,0.0,0.0,0.0,0.0
IRN,19,0.0,0.0,0.0,0.0
IRN,20,0.0,0.0,0.0,0.0
IRN,21,4693520.0,0.0,0.0,10.0
IRQ,1,0.0,0.0,0.0,0.0
IRQ,2,225854.0,7109.0,3.1476086321251784,13.147608632125179
IRQ,3,56380.0,92.0,0.16317843206810925,10.16317843206811
IRQ,4,1510359.0,26308.0,1.7418375366386403,11.74183753663864
IRQ,5,7520110669.0,7108500.0,0.09452653442060668,9.034503615760553
IRQ,6,29578122.0,0.0,0.0,10.0
IRQ,7,1025.0,54.0,5.2682926829268295,15.26829268292683
IRQ,8,0.0,0.0,0.0,0.0
IRQ,9,0.0,0.0,0.0,0.0
IRQ,10,13598353.0,0.0,0.0,10.0
IRQ,11,51560.0,3888.0,7.540729247478666,17.540729247478666
IRQ,12,1220.0,104.0,8.524590163934425,18.524590163934427
IRQ,13,6774.0,576.0,8.503100088573959,18.50310008857396
IRQ,14,8550.0,490.0,5.730994152046784,15.730994152046783
IRQ,15,18825.0,205.0,1.0889774236387781,38.49933598937583
IRQ,16,711536.0,2270.0,0.31902813069191155,12.732876481302421
IRQ,17,0.0,0.0,0.0,0.0
IRQ,18,68097.0,229.0,0.33628500521315186,10.336285005213153
IRQ,19,0.0,0.0,0.0,0.0
IRQ,20,900.0,35.0,3.888888888888889,13.88888888888889
IRQ,21,29635463.0,0.0,0.0,10.0
ISL,1,332961996.0,56698.0,0.01702836980830689,10.017028369808306
ISL,2,3237460.0,0.0,0.0,10.0
ISL,3,26627451.0,1107915.0,4.160800070573785,14.160800070573783
ISL,4,50013966.0,304116.0,0.6080621560785642,10.608062156078564
ISL,5,3925089.0,0.0,0.0,10.0
ISL,6,309341621.0,133105.0,0.04302848080051924,9.962143471149652
ISL,7,9018097.0,489052.0,5.42300664985085,15.42300664985085
ISL,8,40373.0,2914.0,7.217694994179278,17.21769499417928
ISL,9,20963.0,671.0,3.200877736965129,13.20087773696513
ISL,10,443037.0,0.0,0.0,10.0
ISL,11,502302.0,37318.0,7.429395065120187,17.429395065120186
ISL,12,13472.0,746.0,5.537410926365795,15.537410926365796
ISL,13,159639.0,2367.0,1.4827203878751434,11.482720387875144
ISL,14,1671478.0,6212.0,0.37164712906780706,10.37164712906781
ISL,15,32126511.0,491787.0,1.5307824743247096,11.895044251770758
ISL,16,25105301.0,204827.0,0.8158715165374834,9.118572806595706
ISL,17,529999.0,3236.0,0.6105671897494146,11.55644633291761
ISL,18,264561205.0,65106.0,0.02460905029518595,10.033225374067978
ISL,19,0.0,0.0,0.0,0.0
ISL,20,1193330.0,71728.0,6.010743046768287,16.857482842130842
ISL,21,19678748.0,0.0,0.0,10.0
ISR,1,16663016.0,10156.0,0.060949350345699725,10.0609493503457
ISR,2,135661621.0,75275.0,0.055487321650092916,10.055487321650093
ISR,3,45088752.0,45650.0,0.1012447627736514,10.101244762773652
ISR,4,319816944.0,457959.0,0.1431941016858694,10.14319410168587
ISR,5,230400174.0,370326.0,0.16073164944745225,4.485694746046503
ISR,6,2935017421.0,7562238.0,0.2576556427192669,9.290538282634609
ISR,7,700402551.0,1548435.0,0.2210778641210289,10.234178466034741
ISR,8,5797720.0,73407.0,1.2661356533257901,11.26613565332579
ISR,9,3625059.0,20471.0,0.564708050268975,10.520294980026529
ISR,10,76078850.0,0.0,0.0,9.999277591603974
ISR,11,281191899.0,616438.0,0.21922324298538914,10.21922324298539
ISR,12,28451280.0,298901.0,1.0505713626944024,11.050571362694402
ISR,13,49026095.0,96074.0,0.19596502638033886,10.250861199530574
ISR,14,4709322053.0,314289.0,0.006673763154503038,10.006673763154502
ISR,15,593103041.0,9347301.0,1.575999506635475,17.600905995017484
ISR,16,8350221403.0,5946994.0,0.07121959661888021,4.119954073629729
ISR,17,744620394.0,116943.0,0.015705049303282984,23.454178989354943
ISR,18,2180772694.0,1800927.0,0.08258205932947177,11.463276041459823
ISR,19,101249021.0,692656.0,0.6841113061231476,10.684111306123148
ISR,20,126663201.0,173524.0,0.13699637987200403,11.097000185555077
ISR,21,1075022444.0,0.0,0.0,10.0
ITA,1,745703995.0,50821130.0,6.815188109593002,16.81340614247346
ITA,2,475675605.0,3659824.0,0.7693949324981676,10.769394932498168
ITA,3,1172806519.0,10110791.0,0.8621022168789633,10.862102216878965
ITA,4,6153209486.0,177089522.0,2.8780024863921883,12.87800248639219
ITA,5,1077344718.0,4250359.0,0.39452172818839587,10.192801028797543
ITA,6,15550068596.0,54065961.0,0.3476895337549031,8.590134574992199
ITA,7,1368241411.0,51838297.0,3.7886806073288772,15.50082737555734
ITA,8,1860508970.0,152468853.0,8.19500768115082,18.195007681150823
ITA,9,174689780.0,3933130.0,2.251494048478394,10.771972063849415
ITA,10,457649942.0,0.0,0.0,9.949667709124281
ITA,11,2685414508.0,334186131.0,12.444489668333913,22.444489668333915
ITA,12,2016985171.0,216348920.0,10.726351542422917,20.736121569631507
ITA,13,1652806811.0,89965423.0,5.443190480656847,15.471626771387983
ITA,14,2380313715.0,107298388.0,4.507741451214551,14.507741451214551
ITA,15,3219481952.0,71778507.0,2.229504872838622,25.23693725617133
ITA,16,17836756561.0,184940097.0,1.036848242938802,13.101981292999046
ITA,17,6948334635.0,126321998.0,1.8180183401601526,23.19986446867495
ITA,18,2532640107.0,27803496.0,1.0978068270795176,11.579492377911711
ITA,19,465833202.0,8948820.0,1.9210352464314038,11.921035246431405
ITA,20,2239171763.0,14375215.0,0.6419880438622698,13.007361664376258
ITA,21,5103065405.0,4150.0,8.132366863128614e-05,10.000081323668633
JAM,1,13447508.0,50048.0,0.37217304499837445,10.372173044998375
JAM,2,56702997.0,436.0,0.000768918792775627,10.000768918792774
JAM,3,790551.0,0.0,0.0,10.0
JAM,4,128098425.0,96969.0,0.0756988229948963,10.075698822994896
JAM,5,69579482.0,6359.0,0.009139188475131219,10.006944575988651
JAM,6,59891701.0,1811.0,0.003023791226099923,10.0030237912261
JAM,7,1361197.0,2565.0,0.18843708882696628,10.188437088826966
JAM,8,4597.0,544.0,11.83380465520992,21.83380465520992
JAM,9,108557.0,0.0,0.0,10.0
JAM,10,30133.0,0.0,0.0,10.0
JAM,11,339488.0,9613.0,2.831617023282119,12.831617023282119
JAM,12,3978.0,69.0,1.7345399698340875,11.734539969834087
JAM,13,3000.0,171.0,5.7,15.7
JAM,14,4181492.0,5360.0,0.12818391138856658,10.128183911388566
JAM,15,2449474.0,1269.0,0.05180704102186837,11.589916855618798
JAM,16,2176834.0,10538.0,0.48409754717171816,11.936107668292577
JAM,17,50206.0,1090.0,2.1710552523602757,25.04172808030913
JAM,18,350239.0,661.0,0.18872826841099935,11.700381739326573
JAM,19,0.0,0.0,0.0,0.0
JAM,20,162954.0,1075.0,0.6596953741546694,10.687310529351842
JAM,21,21224577.0,0.0,0.0,10.0
JOR,1,1556044.0,1304.0,0.08380225751971024,10.08380225751971
JOR,2,8004452.0,9011.0,0.11257485209480923,10.11257485209481
JOR,3,2095198.0,3621.0,0.17282376176380468,10.172823761763803
JOR,4,36336816.0,283282.0,0.779600502146363,10.779600502146364
JOR,5,66212.0,0.0,0.0,10.0
JOR,6,272501501.0,550449.0,0.2019985203677832,10.107465976857133
JOR,7,2064170.0,15581.0,0.7548312396750267,10.754831239675028
JOR,8,176302.0,30.0,0.017016256196753298,10.017016256196753
JOR,9,88168.0,1035.0,1.1738952908084566,10.36861446329734
JOR,10,1469718.0,0.0,0.0,10.0
JOR,11,1897972286.0,1952956.0,0.10289697138391198,10.102896971383911
JOR,12,178668.0,448.0,0.2507443974298699,10.25074439742987
JOR,13,224719.0,2464.0,1.096480493416222,11.096480493416221
JOR,14,944096401.0,1074.0,0.00011375956934719849,10.000113759569349
JOR,15,5192454.0,307897.0,5.9297010623493245,34.69195875399185
JOR,16,121470228.0,156143.0,0.12854425530509417,11.97108138300358
JOR,17,7835073.0,37495.0,0.4785532949086754,23.856904715501692
JOR,18,674309.0,3909.0,0.5797045568129744,10.579704556812974
JOR,19,1140102.0,0.0,0.0,10.0
JOR,20,4351110.0,6988.0,0.16060269678311972,10.18005520430419
JOR,21,70037662.0,0.0,0.0,10.0
JPN,1,510232972.0,13317059.0,2.609995772676173,12.609799783774069
JPN,2,173316128.0,968236.0,0.5586531450783392,10.558653145078338
JPN,3,69162052.0,423513.0,0.6123488065391698,10.61234880653917
JPN,4,769914184.0,22427602.0,2.9130002364003724,12.913000236400373
JPN,5,585235268.0,1743388.0,0.29789523894516895,8.817717150976621
JPN,6,14547661820.0,87829714.0,0.6037376664836439,10.24019053118187
JPN,7,4836224145.0,182889753.0,3.78166411474297,17.704842691901327
JPN,8,19222514.0,1833840.0,9.54006328204521,19.540063282045214
JPN,9,37367244.0,400159.0,1.0708817594361522,10.97143771159575
JPN,10,240925290.0,0.0,0.0,9.991391024163546
JPN,11,603254374.0,34829356.0,5.773577035017072,15.773577035017071
JPN,12,40001790.0,423892.0,1.0596825792045805,11.05968257920458
JPN,13,1043368387.0,18210664.0,1.7453724137033875,12.016733927553815
JPN,14,291951634.0,3548743.0,1.2155242809841578,11.215524280984155
JPN,15,5159533995.0,141300708.0,2.738633142778624,19.254117395344345
JPN,16,52819188451.0,438370743.0,0.8299460023068578,14.128796371082283
JPN,17,53954666137.0,1263152438.0,2.341136603074594,25.741043134220806
JPN,18,7692650492.0,52539822.0,0.6829872493835379,11.12959447774688
JPN,19,151785789.0,946226.0,0.6233956460838372,10.623395646083836
JPN,20,1052879241.0,17061088.0,1.6204221087876878,13.906802551347862
JPN,21,6741488903.0,0.0,0.0,10.0
KAZ,1,9467278.0,352.0,0.003718069755636203,10.003718069755637
KAZ,2,7845507.0,238994.0,3.0462530974734965,13.046253097473496
KAZ,3,0.0,0.0,0.0,0.0
KAZ,4,63002.0,3293.0,5.226818196247738,15.226818196247738
KAZ,5,1288638644.0,1448015.0,0.1123678082092345,9.891938783111646
KAZ,6,365726094.0,3055.0,0.0008353245913046609,9.977756331491076
KAZ,7,2116217.0,54550.0,2.577712966108863,12.577712966108862
KAZ,8,5749.0,781.0,13.584971299356411,23.58497129935641
KAZ,9,2694130.0,29444.0,1.092894552230219,11.092894552230218
KAZ,10,378763.0,0.0,0.0,10.0
KAZ,11,330839.0,31490.0,9.518224876752742,19.518224876752743
KAZ,12,175170.0,21560.0,12.308043614774219,22.308043614774217
KAZ,13,455799.0,0.0,0.0,10.0
KAZ,14,303527457.0,0.0,0.0,10.0
KAZ,15,295704951.0,11758925.0,3.976573594805993,10.393520110523953
KAZ,16,2828733.0,6615.0,0.23385027855227056,9.387239799585185
KAZ,17,3407855.0,75107.0,2.203937667535737,17.916134929449758
KAZ,18,4274182.0,4610.0,0.10785689519070549,10.54279391939791
KAZ,19,0.0,0.0,0.0,0.0
KAZ,20,2515010.0,1389.0,0.05522840863455812,10.145629639643579
KAZ,21,54044435.0,0.0,0.0,10.0
KEN,1,3203236.0,53.0,0.0016545768092016949,9.913290809668723
KEN,2,101066273.0,78876.0,0.07804383961007447,10.078043839610075
KEN,3,5726690.0,127398.0,2.224635871681547,12.224635871681548
KEN,4,9774987.0,28755.0,0.29416918917641527,10.294169189176415
KEN,5,16439730.0,0.0,0.0,9.997939138903133
KEN,6,9231197.0,12704.0,0.137620289113102,10.137620289113102
KEN,7,218208.0,1469.0,0.6732108813609033,10.748758065698782
KEN,8,415457.0,22441.0,5.401521697793033,15.401521697793031
KEN,9,369559.0,4934.0,1.3351048141162847,11.335104814116285
KEN,10,95488.0,0.0,0.0,10.0
KEN,11,533484977.0,446621.0,0.08371763390818032,10.083717633908181
KEN,12,3007534.0,6916.0,0.22995583757324106,10.229955837573241
KEN,13,294271.0,1604.0,0.5450757974791944,10.545075797479196
KEN,14,2165639.0,17426.0,0.8046585788305438,10.804658578830544
KEN,15,4216991.0,740422.0,17.55806450618462,25.61561075183703
KEN,16,2995191.0,3050.0,0.10182989999636084,16.177621059892342
KEN,17,191270.0,0.0,0.0,10.0
KEN,18,1478008.0,779.0,0.05270607466265406,10.052706074662654
KEN,19,0.0,0.0,0.0,0.0
KEN,20,5980355.0,16820.0,0.2812542064810534,10.303947675347032
KEN,21,37930049.0,0.0,0.0,10.0
KGZ,1,280187.0,588.0,0.20985984360444987,10.20985984360445
KGZ,2,263488.0,4770.0,1.8103291231479233,11.810329123147923
KGZ,3,5488.0,0.0,0.0,10.0
KGZ,4,892494.0,40023.0,4.484399895125345,14.484399895125346
KGZ,5,0.0,0.0,0.0,0.0
KGZ,6,430098.0,25838.0,6.007468065417649,14.995489400090213
KGZ,7,58732.0,2599.0,4.425185588776135,14.425185588776136
KGZ,8,216556.0,1242.0,0.5735237074936738,10.573523707493674
KGZ,9,14291.0,0.0,0.0,10.0
KGZ,10,45511.0,0.0,0.0,10.0
KGZ,11,131734.0,9889.0,7.506793993957521,17.50679399395752
KGZ,12,614390.0,60259.0,9.807939582349972,19.807939582349974
KGZ,13,0.0,0.0,0.0,0.0
KGZ,14,24468.0,1153.0,4.712277260094818,14.71227726009482
KGZ,15,109585.0,1202.0,1.096865446913355,34.01642560569421
KGZ,16,6050280.0,91908.0,1.5190701917927767,16.87524131114593
KGZ,17,3985803.0,97999.0,2.4587015464637867,25.87987539775548
KGZ,18,59090.0,0.0,0.0,10.0
KGZ,19,1646590.0,0.0,0.0,10.0
KGZ,20,1304230.0,1270.0,0.09737546291681681,10.452558214425373
KGZ,21,451673.0,0.0,0.0,10.0
KHM,1,32850963.0,65871.0,0.2005146698439251,10.200514669843924
KHM,2,11784756.0,10749.0,0.09121105265140832,10.091211052651408
KHM,3,0.0,0.0,0.0,0.0
KHM,4,93406509.0,117224.0,0.1254987487006928,10.125498748700693
KHM,5,67412.0,0.0,0.0,10.0
KHM,6,31434649.0,121176.0,0.38548545587386707,10.385485455873868
KHM,7,1170298222.0,9358552.0,0.799672410337132,19.805634554745144
KHM,8,1919880539.0,42216318.0,2.198903376664729,12.19890337666473
KHM,9,377965004.0,2316296.0,0.6128334569303141,9.916967841816382
KHM,10,106613200.0,0.0,0.0,9.999772167048734
KHM,11,4115417281.0,707453082.0,17.19031227443592,27.19031227443592
KHM,12,945769628.0,96863445.0,10.241758894799274,20.241758894799272
KHM,13,34071315.0,74289.0,0.21803972050976017,10.21803972050976
KHM,14,42833422.0,3824.0,0.008927607978648076,10.008927607978649
KHM,15,113840999.0,1473562.0,1.2944036093709965,29.738349406086993
KHM,16,1707892889.0,13578390.0,0.7950375628035068,11.165656317104087
KHM,17,215480993.0,9047252.0,4.198631106178354,14.647224639437221
KHM,18,23905128.0,334027.0,1.3973027042565929,11.397302704256596
KHM,19,375208.0,4422.0,1.1785462996524594,11.17854629965246
KHM,20,1717105008.0,14311726.0,0.8334799522056954,11.519442682797184
KHM,21,67565154.0,0.0,0.0,10.0
KIR,1,624181.0,0.0,0.0,10.0
KIR,2,40610.0,1056.0,2.6003447426742183,12.60034474267422
KIR,3,0.0,0.0,0.0,0.0
KIR,4,0.0,0.0,0.0,0.0
KIR,5,0.0,0.0,0.0,0.0
KIR,6,0.0,0.0,0.0,0.0
KIR,7,0.0,0.0,0.0,0.0
KIR,8,0.0,0.0,0.0,0.0
KIR,9,0.0,0.0,0.0,0.0
KIR,10,0.0,0.0,0.0,0.0
KIR,11,21570.0,914.0,4.2373667130273525,14.237366713027352
KIR,12,0.0,0.0,0.0,0.0
KIR,13,0.0,0.0,0.0,0.0
KIR,14,0.0,0.0,0.0,0.0
KIR,15,0.0,0.0,0.0,0.0
KIR,16,33491.0,112.0,0.3344182019049894,23.537069660505807
KIR,17,0.0,0.0,0.0,0.0
KIR,18,0.0,0.0,0.0,0.0
KIR,19,0.0,0.0,0.0,0.0
KIR,20,16851.0,0.0,0.0,10.0
KIR,21,65730.0,0.0,0.0,10.0
KNA,1,262470.0,0.0,0.0,10.0
KNA,2,0.0,0.0,0.0,0.0
KNA,3,0.0,0.0,0.0,0.0
KNA,4,803130.0,0.0,0.0,10.0
KNA,5,0.0,0.0,0.0,0.0
KNA,6,0.0,0.0,0.0,0.0
KNA,7,3953.0,149.0,3.7692891474829247,13.769289147482924
KNA,8,389.0,68.0,17.480719794344473,27.480719794344477
KNA,9,0.0,0.0,0.0,0.0
KNA,10,42770.0,0.0,0.0,10.0
KNA,11,5784.0,1589.0,27.47233748271093,37.472337482710934
KNA,12,0.0,0.0,0.0,0.0
KNA,13,0.0,0.0,0.0,0.0
KNA,14,693201.0,121.0,0.01745525468082129,10.01745525468082
KNA,15,209593.0,3931.0,1.8755397365370026,17.364272661777825
KNA,16,7036147.0,51444.0,0.7311387894539441,19.641087657776342
KNA,17,0.0,0.0,0.0,0.0
KNA,18,5372143.0,541.0,0.01007046908468371,10.246720908211119
KNA,19,0.0,0.0,0.0,0.0
KNA,20,356214.0,105.0,0.02947666290488302,10.029476662904884
KNA,21,4632803.0,0.0,0.0,10.0
KOR,1,167204335.0,177126.0,0.10593385632017256,10.105933856320172
KOR,2,165884515.0,315011.0,0.18989777315863388,10.189897773158634
KOR,3,113957053.0,5208921.0,4.570950952899774,14.570950952899778
KOR,4,1422377551.0,10332314.0,0.7264114926965689,10.726411492696569
KOR,5,5467752066.0,11406247.0,0.20860944063150214,4.779757588591435
KOR,6,10303579904.0,8853834.0,0.08592968737557723,9.88739859147891
KOR,7,5656100499.0,19785383.0,0.3498060722842188,12.577846630832997
KOR,8,39012420.0,562416.0,1.4416332029645944,11.441633202964594
KOR,9,12338804.0,25644.0,0.2078321367289731,9.71047761193062
KOR,10,770315198.0,0.0,0.0,9.980940360467873
KOR,11,1183754698.0,20093971.0,1.6974776137277048,11.697477613727704
KOR,12,56182988.0,512447.0,0.9121035000844028,10.915204794732526
KOR,13,495838065.0,1937213.0,0.39069469182443667,12.613078848635794
KOR,14,1012905490.0,454696.0,0.0448902690812743,10.044890269081275
KOR,15,7958176943.0,50498043.0,0.6345428527373722,19.564796531315327
KOR,16,45981925290.0,89676007.0,0.19502447197334394,10.92809543012504
KOR,17,44444400659.0,25203539.0,0.05670801861718047,24.34136765147102
KOR,18,2134795082.0,2529535.0,0.11849076388306949,11.501017843360387
KOR,19,89492358.0,12806.0,0.014309601720406115,10.014309601720406
KOR,20,851346553.0,1264726.0,0.1485559547452587,13.39383738598399
KOR,21,2131395155.0,0.0,0.0,10.0
KWT,1,1076586.0,97048.0,9.014421513933861,19.014421513933858
KWT,2,25645.0,809.0,3.15461103528953,13.15461103528953
KWT,3,0.0,0.0,0.0,0.0
KWT,4,319362.0,69353.0,21.716108992303404,31.7161089923034
KWT,5,1638186866.0,1549708.0,0.09459897598763925,5.362169202008484
KWT,6,15359744.0,0.0,0.0,10.0
KWT,7,213262.0,7908.0,3.7081149009199956,13.708114900919995
KWT,8,11004.0,860.0,7.815339876408579,17.81533987640858
KWT,9,0.0,0.0,0.0,0.0
KWT,10,55280.0,0.0,0.0,10.0
KWT,11,54182.0,6025.0,11.119929127754604,21.119929127754606
KWT,12,6685.0,644.0,9.63350785340314,19.63350785340314
KWT,13,0.0,0.0,0.0,0.0
KWT,14,111435.0,6165.0,5.532373132319289,15.53237313231929
KWT,15,3045895.0,46145.0,1.5149898469907859,11.735719714566654
KWT,16,1597933.0,5727.0,0.3584005086571214,14.241714139453904
KWT,17,3500.0,0.0,0.0,10.0
KWT,18,214255.0,259.0,0.12088399337238337,10.120883993372383
KWT,19,0.0,0.0,0.0,0.0
KWT,20,8250.0,0.0,0.0,10.0
KWT,21,44206106.0,0.0,0.0,10.0
LAO,1,54360.0,0.0,0.0,10.0
LAO,2,360079.0,1934.0,0.537104357654848,10.537104357654847
LAO,3,0.0,0.0,0.0,0.0
LAO,4,165013.0,0.0,0.0,10.0
LAO,5,23643507.0,0.0,0.0,0.0
LAO,6,18917433.0,998744.0,5.279490087265011,15.27949008726501
LAO,7,2798562.0,96246.0,3.4391233783636026,13.439123378363602
LAO,8,109675.0,11541.0,10.522908593571916,20.52290859357192
LAO,9,569822.0,39525.0,6.936376622875214,16.936376622875212
LAO,10,171062.0,0.0,0.0,10.0
LAO,11,24795607.0,4332391.0,17.47241356099893,27.47241356099893
LAO,12,53424166.0,3648055.0,6.828473466483313,16.828473466483313
LAO,13,7575.0,758.0,10.006600660066006,20.00660066006601
LAO,14,5625946.0,176249.0,3.1327886901154045,13.132788690115405
LAO,15,59618.0,4566.0,7.65876077694656,22.56667449428025
LAO,16,452352717.0,26721889.0,5.907312589436707,14.672201979943011
LAO,17,74200.0,2374.0,3.1994609164420487,13.19946091644205
LAO,18,141046483.0,3075699.0,2.1806279281703183,12.18062792817032
LAO,19,0.0,0.0,0.0,0.0
LAO,20,79801562.0,2209543.0,2.7687966809471725,12.768796680947172
LAO,21,4531548.0,0.0,0.0,10.0
LBN,1,184459.0,37931.0,20.56337722745976,30.56337722745976
LBN,2,7728092.0,20346.0,0.2632732633100124,10.263273263310012
LBN,3,17412605.0,24278.0,0.1394277306583363,10.139427730658335
LBN,4,41656386.0,771265.0,1.851492829934887,11.851492829934887
LBN,5,3000.0,0.0,0.0,10.0
LBN,6,65165760.0,46254.0,0.07097899264890027,10.070151257347417
LBN,7,636975.0,9414.0,1.477922995407983,11.477922995407983
LBN,8,416782.0,27264.0,6.541549299153994,16.54154929915399
LBN,9,1023185.0,37965.0,3.7104726906668883,13.599309997703253
LBN,10,1582380.0,0.0,0.0,9.96083115307322
LBN,11,12138043.0,1548425.0,12.756792837197892,22.756792837197896
LBN,12,51044.0,5273.0,10.330303267768985,21.700101872893974
LBN,13,2739656.0,21691.0,0.7917417369187956,10.791741736918796
LBN,14,73436455.0,228887.0,0.3116803500386831,10.311680350038683
LBN,15,2809505.0,8664.0,0.30838172560646804,43.362560308666474
LBN,16,8194003.0,39132.0,0.4775687780441379,13.751071973002695
LBN,17,293332.0,5385.0,1.8358037991081777,26.835803799108177
LBN,18,8091013.0,1510.0,0.018662681669155644,11.46589308409219
LBN,19,493342.0,949.0,0.1923614855414702,10.19236148554147
LBN,20,5223190.0,59105.0,1.1315881673842998,11.131588167384301
LBN,21,8149722.0,0.0,0.0,10.0
LBR,1,0.0,0.0,0.0,0.0
LBR,2,3417.0,0.0,0.0,10.0
LBR,3,768524.0,0.0,0.0,10.0
LBR,4,35707.0,0.0,0.0,10.0
LBR,5,2400.0,554.0,23.083333333333332,23.08333333333333
LBR,6,0.0,0.0,0.0,0.0
LBR,7,61867690.0,495.0,0.0008000945242985475,10.0008000945243
LBR,8,0.0,0.0,0.0,0.0
LBR,9,9579.0,0.0,0.0,10.0
LBR,10,121663.0,0.0,0.0,10.0
LBR,11,5432.0,587.0,10.806332842415317,20.80633284241532
LBR,12,0.0,0.0,0.0,0.0
LBR,13,0.0,0.0,0.0,0.0
LBR,14,7694447.0,0.0,0.0,10.0
LBR,15,10080.0,0.0,0.0,50.0
LBR,16,76005.0,571.0,0.7512663640549964,10.54266166699559
LBR,17,0.0,0.0,0.0,0.0
LBR,18,249080.0,0.0,0.0,10.0
LBR,19,0.0,0.0,0.0,0.0
LBR,20,0.0,0.0,0.0,0.0
LBR,21,1368473.0,0.0,0.0,10.0
LBY,1,4963.0,0.0,0.0,10.0
LBY,2,0.0,0.0,0.0,0.0
LBY,3,0.0,0.0,0.0,0.0
LBY,4,0.0,0.0,0.0,0.0
LBY,5,2482204524.0,2066792.0,0.0832643716509478,9.661992123578935
LBY,6,57946772.0,6341.0,0.010942801093389637,10.010942801093389
LBY,7,0.0,0.0,0.0,0.0
LBY,8,0.0,0.0,0.0,0.0
LBY,9,0.0,0.0,0.0,0.0
LBY,10,4000.0,0.0,0.0,10.0
LBY,11,1820.0,175.0,9.615384615384617,19.615384615384617
LBY,12,0.0,0.0,0.0,0.0
LBY,13,0.0,0.0,0.0,0.0
LBY,14,0.0,0.0,0.0,0.0
LBY,15,0.0,0.0,0.0,0.0
LBY,16,8823.0,0.0,0.0,10.0
LBY,17,5073.0,127.0,2.503449635324266,27.50344963532426
LBY,18,26862.0,0.0,0.0,10.0
LBY,19,0.0,0.0,0.0,0.0
LBY,20,7625.0,111.0,1.455737704918033,11.455737704918032
LBY,21,1420952.0,0.0,0.0,10.0
LCA,1,4560.0,0.0,0.0,10.0
LCA,2,1488056.0,157.0,0.010550678200282786,10.010550678200282
LCA,3,0.0,0.0,0.0,0.0
LCA,4,1028196.0,145.0,0.014102369587121522,10.014102369587121
LCA,5,4500.0,95.0,2.111111111111111,2.111111111111111
LCA,6,4721.0,0.0,0.0,10.0
LCA,7,2534.0,0.0,0.0,10.0
LCA,8,0.0,0.0,0.0,0.0
LCA,9,0.0,0.0,0.0,0.0
LCA,10,0.0,0.0,0.0,0.0
LCA,11,2000.0,0.0,0.0,10.0
LCA,12,0.0,0.0,0.0,0.0
LCA,13,0.0,0.0,0.0,0.0
LCA,14,585588.0,0.0,0.0,10.0
LCA,15,1361024.0,0.0,0.0,10.0
LCA,16,499519.0,0.0,0.0,18.878941541763176
LCA,17,18773.0,0.0,0.0,10.0
LCA,18,23984.0,0.0,0.0,10.0
LCA,19,0.0,0.0,0.0,0.0
LCA,20,10684.0,0.0,0.0,10.0
LCA,21,1778553.0,0.0,0.0,10.0
LIE,1,0.0,0.0,0.0,0.0
LIE,2,0.0,0.0,0.0,0.0
LIE,3,0.0,0.0,0.0,0.0
LIE,4,0.0,0.0,0.0,0.0
LIE,5,55425.0,0.0,0.0,10.0
LIE,6,87358529.0,2804469.0,3.210297874864628,13.0567042858517
LIE,7,889436.0,22026.0,2.4764007753227886,13.589769247028453
LIE,8,2274.0,430.0,18.909410729991205,28.909410729991205
LIE,9,30623.0,0.0,0.0,0.0
LIE,10,34904.0,0.0,0.0,10.0
LIE,11,833808.0,68471.0,8.211842534492353,18.21184253449235
LIE,12,1147.0,0.0,0.0,10.0
LIE,13,8216572.0,373598.0,4.546884029008691,14.546884029008691
LIE,14,27842.0,258.0,0.9266575677034696,10.926657567703469
LIE,15,68971993.0,1370528.0,1.9870790162609917,12.62112173560071
LIE,16,21839074.0,389513.0,1.7835600538740792,17.247663522729948
LIE,17,11555234.0,288880.0,2.499992644026075,27.49999264402608
LIE,18,32273539.0,3593.0,0.011132959419169988,10.052602226238651
LIE,19,0.0,0.0,0.0,0.0
LIE,20,2961884.0,178224.0,6.017251182017932,16.017251182017933
LIE,21,6619237.0,0.0,0.0,10.0
LKA,1,31340125.0,48506.0,0.1547728351434463,10.154772835143445
LKA,2,107323804.0,163484.0,0.1523278097746144,10.152327809774615
LKA,3,34906990.0,6680.0,0.019136568349204557,10.019136568349204
LKA,4,83913097.0,349038.0,0.4159517554214451,10.415951755421444
LKA,5,1157287.0,269.0,0.023244018121693234,4.7957075470475345
LKA,6,63062405.0,189071.0,0.29981571429126436,10.299815714291265
LKA,7,338899291.0,936029.0,0.27619680089563836,10.338739466409802
LKA,8,3383484.0,216597.0,6.401596697368747,16.40159669736875
LKA,9,1400399.0,38453.0,2.745860286961073,12.745860286961076
LKA,10,13040512.0,0.0,0.0,9.90208743337685
LKA,11,1855895306.0,305664386.0,16.46991535631375,26.469915356313745
LKA,12,6609164.0,418277.0,6.328742939349061,16.328742939349063
LKA,13,15861480.0,278540.0,1.7560782474271002,11.7560782474271
LKA,14,249735201.0,116938.0,0.04682479663729904,10.0468247966373
LKA,15,56620929.0,6567523.0,11.599108520455395,25.61756183830894
LKA,16,122438071.0,298391.0,0.24370769448009352,11.626779182105867
LKA,17,17197302.0,90714.0,0.5274897190268566,12.466708731404497
LKA,18,40938793.0,12538.0,0.030626208251914026,10.054743186981597
LKA,19,0.0,0.0,0.0,0.0
LKA,20,50797943.0,256654.0,0.5052448678876622,12.504484384338163
LKA,21,24006506.0,0.0,0.0,10.0
LSO,1,792639.0,0.0,0.0,10.0
LSO,2,33415.0,0.0,0.0,10.0
LSO,3,0.0,0.0,0.0,0.0
LSO,4,0.0,0.0,0.0,0.0
LSO,5,0.0,0.0,0.0,0.0
LSO,6,0.0,0.0,0.0,0.0
LSO,7,0.0,0.0,0.0,0.0
LSO,8,0.0,0.0,0.0,0.0
LSO,9,0.0,0.0,0.0,0.0
LSO,10,6304.0,0.0,0.0,10.0
LSO,11,151367411.0,203558.0,0.13447940917744838,10.134479409177448
LSO,12,2400.0,180.0,7.5,17.5
LSO,13,0.0,0.0,0.0,0.0
LSO,14,104480871.0,0.0,0.0,10.0
LSO,15,0.0,0.0,0.0,0.0
LSO,16,1050394.0,26464.0,2.519435564178775,12.519435564178774
LSO,17,0.0,0.0,0.0,0.0
LSO,18,0.0,0.0,0.0,0.0
LSO,19,0.0,0.0,0.0,0.0
LSO,20,0.0,0.0,0.0,0.0
LSO,21,1034649.0,0.0,0.0,10.0
LTU,1,806122914.0,4870655.0,0.6042074868994483,10.599891743059915
LTU,2,866742752.0,13305025.0,1.5350604281718874,11.535060428171887
LTU,3,922642.0,59910.0,6.49330943096022,16.49330943096022
LTU,4,314362074.0,14621987.0,4.6513203116225785,14.651320311622575
LTU,5,590461245.0,2891692.0,0.4897344278708758,10.225978099544875
LTU,6,603531487.0,4842687.0,0.8023917731404129,10.711727157990019
LTU,7,60928836.0,3056262.0,5.016117491560154,15.015438010337173
LTU,8,201946.0,16781.0,8.309647133392096,18.309647133392094
LTU,9,297872886.0,2668571.0,0.8958757662824,10.826298268718556
LTU,10,413881463.0,0.0,0.0,9.999018487087932
LTU,11,24156608.0,2483325.0,10.280106379173764,20.280106379173763
LTU,12,174483.0,9457.0,5.420012264805167,16.574050194001707
LTU,13,6333727.0,222843.0,3.5183549906713694,13.51835499067137
LTU,14,1720645.0,30800.0,1.7900264145131621,11.790026414513164
LTU,15,2030393388.0,42437502.0,2.0901123029070856,11.180087757456784
LTU,16,170431730.0,1507075.0,0.8842690266653985,12.655436373262186
LTU,17,9712311.0,150259.0,1.547098316765186,20.84768753801232
LTU,18,152942197.0,1726499.0,1.1288571982524875,11.3756890127582
LTU,19,4371138.0,0.0,0.0,10.0
LTU,20,209880080.0,283518.0,0.13508571180266368,13.161439308580407
LTU,21,50060433.0,0.0,0.0,10.0
LUX,1,3917861145.0,233644314.0,5.963568012056231,15.962680022443726
LUX,2,2551068456.0,54362087.0,2.130953674416019,12.130953674416018
LUX,3,3079509324.0,47137600.0,1.5306854125309997,11.530685412531
LUX,4,5414571537.0,315482780.0,5.826551147106952,15.82655114710695
LUX,5,12440571632.0,51030788.0,0.4101964886302903,9.785758635628586
LUX,6,2724875355.0,22824606.0,0.8376385348459361,10.48650013937977
LUX,7,44115238.0,1260780.0,2.857924057895823,13.513760030037693
LUX,8,255562394.0,6882832.0,2.6932100189983355,12.693210018998336
LUX,9,259512723.0,45530.0,0.017544419199824742,10.017544419199824
LUX,10,402943854.0,0.0,0.0,10.0
LUX,11,921218871.0,47645246.0,5.171978940062334,15.171978940062335
LUX,12,169865625.0,5298452.0,3.1192020162996483,13.119202016299651
LUX,13,4869003.0,77135.0,1.584205226408774,14.784779348051336
LUX,14,318863.0,1434.0,0.4497229217563656,10.449722921756363
LUX,15,414315392.0,4818510.0,1.16300530780184,16.052271212747993
LUX,16,80932173.0,1710316.0,2.1132708249412753,14.755794521914048
LUX,17,1762840608.0,21858617.0,1.2399655930776017,11.584917542925128
LUX,18,155325859.0,2662119.0,1.7138929841682062,11.848229823728191
LUX,19,1849959145.0,33110517.0,1.7897972011700833,11.789797201170083
LUX,20,626765.0,5037.0,0.8036504910133783,12.886791700238527
LUX,21,150214842.0,0.0,0.0,10.0
LVA,1,632936255.0,3149837.0,0.49765469668031576,10.497654696680314
LVA,2,625568731.0,27991707.0,4.47460136878229,14.47460136878229
LVA,3,11180.0,216.0,1.9320214669051878,11.932021466905187
LVA,4,395772365.0,14013735.0,3.5408573814899884,13.540857381489985
LVA,5,68904431.0,158790.0,0.23044962086690768,5.7308352201616755
LVA,6,2230243384.0,22661009.0,1.016077848838044,11.010063895340313
LVA,7,1397118.0,57897.0,4.144030783369765,14.142062445691776
LVA,8,255611820.0,6890547.0,2.695707498972465,12.695707498972466
LVA,9,166177684.0,1896377.0,1.1411742866749786,10.57643558204843
LVA,10,2978955.0,0.0,0.0,9.602202785876255
LVA,11,22641507.0,895152.0,3.953588425010756,13.953588425010755
LVA,12,16657065.0,240767.0,1.4454347149392766,11.51546866149589
LVA,13,27593051.0,1347070.0,4.881917552357657,14.881917552357654
LVA,14,120337.0,1563.0,1.2988523895393769,11.298852389539377
LVA,15,217787492.0,2719969.0,1.2489096481261652,8.311652397374592
LVA,16,135861936.0,825720.0,0.6077640465832902,11.45718724337919
LVA,17,440749750.0,5463896.0,1.2396821552366166,11.347902897279011
LVA,18,77738359.0,1277372.0,1.6431682073453597,11.66662181536402
LVA,19,2554963.0,206.0,0.008062739069019786,10.00806273906902
LVA,20,28483159.0,122678.0,0.4307036308718425,15.126803526252127
LVA,21,27239733.0,0.0,0.0,10.0
MAC,1,64800.0,0.0,0.0,10.0
MAC,2,402718.0,3919.0,0.9731375304803858,10.973137530480386
MAC,3,48070.0,1538.0,3.1995007281048466,13.199500728104848
MAC,4,1546820.0,2636.0,0.17041413997750224,10.1704141399775
MAC,5,0.0,0.0,0.0,0.0
MAC,6,8171015.0,19224.0,0.23527064875049183,6.80478373861754
MAC,7,398293.0,18707.0,4.696793566545232,13.597728305543908
MAC,8,381039.0,28911.0,7.5874123121255295,17.58741231212553
MAC,9,8161.0,374.0,4.582771719152064,14.582771719152065
MAC,10,97163.0,0.0,0.0,10.0
MAC,11,48249357.0,7706077.0,15.971356882538352,25.971356882538352
MAC,12,9863478.0,754997.0,7.654470360252236,17.654470360252237
MAC,13,210262.0,9668.0,4.59807288050147,14.59807288050147
MAC,14,786902.0,5977.0,0.759560911015603,10.759560911015605
MAC,15,1859318.0,39400.0,2.1190565572968154,37.429261697030846
MAC,16,2719683.0,31102.0,1.143589160942654,12.041028311020069
MAC,17,97495.0,2438.0,2.5006410585158214,27.50064105851582
MAC,18,713523.0,12420.0,1.7406586753335211,11.740658675333522
MAC,19,4606.0,180.0,3.907946157186279,13.90794615718628
MAC,20,6239263.0,189050.0,3.0300053067165145,17.69837719615282
MAC,21,31115924.0,0.0,0.0,10.0
MAR,1,11178049.0,363.0,0.0032474361134040472,10.003247436113403
MAR,2,204487602.0,183207.0,0.08959320673142815,10.08959320673143
MAR,3,41928612.0,27920.0,0.06658937338541042,10.06658937338541
MAR,4,139356923.0,330172.0,0.23692543785571388,10.236925437855714
MAR,5,45711344.0,7702.0,0.01684920924661502,0.9497865562648956
MAR,6,97740681.0,85386.0,0.08735973509331288,10.08610130310019
MAR,7,19156799.0,128085.0,0.6686137908530543,10.756242209358673
MAR,8,4069738.0,199955.0,4.913215543605019,14.913215543605018
MAR,9,1661074.0,59909.0,3.6066424494032177,13.606642449403218
MAR,10,3368569.0,0.0,0.0,9.981986416190376
MAR,11,277515834.0,43866121.0,15.806709248885598,25.806709248885596
MAR,12,9085270.0,708792.0,7.8015513022728,17.8015513022728
MAR,13,43439162.0,657611.0,1.5138666809456407,11.513866680945641
MAR,14,1210412.0,32961.0,2.723122374860791,12.723122374860791
MAR,15,8443402.0,114058.0,1.3508536014274815,15.687671864966278
MAR,16,541111275.0,3162779.0,0.5844969687611851,9.177263447338072
MAR,17,191208631.0,65906.0,0.034468109339687705,20.201157525153768
MAR,18,4405265.0,1825.0,0.04142770071720997,10.395585736612896
MAR,19,0.0,0.0,0.0,0.0
MAR,20,8123221.0,77660.0,0.9560247099026359,14.818561504112715
MAR,21,86578937.0,0.0,0.0,10.0
MCO,1,11424.0,8.0,0.0700280112044818,10.070028011204482
MCO,2,110960.0,633.0,0.5704758471521268,10.570475847152126
MCO,3,0.0,0.0,0.0,0.0
MCO,4,178283.0,3351.0,1.8795959233353712,11.879595923335371
MCO,5,0.0,0.0,0.0,0.0
MCO,6,28601425.0,420971.0,1.471853238081669,11.471853238081671
MCO,7,234526.0,7104.0,3.0290884592753042,13.029088459275306
MCO,8,7834.0,971.0,12.394689813632882,22.39468981363288
MCO,9,0.0,0.0,0.0,0.0
MCO,10,7743.0,0.0,0.0,10.0
MCO,11,591591.0,92676.0,15.665552721390286,25.665552721390284
MCO,12,7957.0,640.0,8.043232374010305,18.043232374010305
MCO,13,145137.0,271.0,0.18672013339120969,10.18672013339121
MCO,14,3270408.0,4387.0,0.13414228438775833,10.134142284387758
MCO,15,33828.0,558.0,1.6495211067754523,31.13278940522644
MCO,16,3457762.0,17253.0,0.4989643590276023,20.935369467302838
MCO,17,60399.0,1425.0,2.3593105846123277,17.42412953856852
MCO,18,182202.0,1779.0,0.9763888431521058,10.976388843152106
MCO,19,0.0,0.0,0.0,0.0
MCO,20,208851.0,1747.0,0.836481510742108,10.836481510742107
MCO,21,81931358.0,0.0,0.0,10.0
MDA,1,222714.0,665.0,0.2985892220515998,10.2985892220516
MDA,2,3026308.0,27318.0,0.9026840625607175,10.902684062560715
MDA,3,0.0,0.0,0.0,0.0
MDA,4,75428584.0,947473.0,1.2561192982225413,11.256119298222542
MDA,5,2392.0,0.0,0.0,10.0
MDA,6,5312091.0,82358.0,1.550387596899225,2.257199660171484
MDA,7,8783106.0,32742.0,0.37278384207135834,10.372783842071359
MDA,8,5112533.0,536623.0,10.49622564783445,20.49622564783445
MDA,9,349859.0,18433.0,5.268693959566568,15.268693959566567
MDA,10,1012063.0,0.0,0.0,10.0
MDA,11,18201565.0,2309973.0,12.691068048269477,22.691068048269475
MDA,12,947729.0,83432.0,8.803360454307086,18.803360454307086
MDA,13,113973.0,4728.0,4.148350925219131,14.14835092521913
MDA,14,400021.0,213.0,0.053247204521762605,10.053247204521762
MDA,15,1440480.0,3774.0,0.26199600133288903,17.823086748861492
MDA,16,1018971.0,20574.0,2.019095734814828,12.763753826163844
MDA,17,198174.0,4957.0,2.501337208715573,16.642697831198845
MDA,18,227183.0,118.0,0.051940506111812945,10.051940506111812
MDA,19,0.0,0.0,0.0,0.0
MDA,20,1908561.0,2983.0,0.1562957641909271,10.479987278373597
MDA,21,1990041.0,0.0,0.0,10.0
MDG,1,396326.0,0.0,0.0,10.0
MDG,2,112067520.0,11407.0,0.010178685135532578,10.010178685135532
MDG,3,123674.0,264.0,0.21346443068066046,10.21346443068066
MDG,4,7172220.0,67175.0,0.9365998254375911,10.93659982543759
MDG,5,67084854.0,0.0,0.0,8.825285808924917
MDG,6,7221945.0,36477.0,0.5050855413603953,10.469440019274584
MDG,7,214370.0,11106.0,5.180762233521482,15.18076223352148
MDG,8,7058626.0,820720.0,11.627192034257092,21.627192034257092
MDG,9,8259734.0,985623.0,11.932866118933127,21.93286611893313
MDG,10,16432.0,0.0,0.0,10.0
MDG,11,355197112.0,2240740.0,0.6308440931242707,10.63084409312427
MDG,12,833973.0,59186.0,7.096872440714508,17.096872440714506
MDG,13,376227.0,1575.0,0.41863024184867115,10.41863024184867
MDG,14,67490143.0,26874.0,0.03981914810878382,10.039819148108784
MDG,15,90806946.0,7768.0,0.008554411685643519,10.046810295767463
MDG,16,121114.0,424.0,0.3500833925062338,12.309188037716533
MDG,17,10386.0,260.0,2.503369921047564,27.503369921047565
MDG,18,143077.0,861.0,0.6017738700140484,10.601773870014048
MDG,19,0.0,0.0,0.0,0.0
MDG,20,1845067.0,3277.0,0.1776087264039734,39.14620444677619
MDG,21,8851754.0,0.0,0.0,10.0
MDV,1,3386342.0,0.0,0.0,10.0
MDV,2,0.0,0.0,0.0,0.0
MDV,3,0.0,0.0,0.0,0.0
MDV,4,193692.0,39617.0,20.453606757119548,30.453606757119545
MDV,5,0.0,0.0,0.0,0.0
MDV,6,18575.0,0.0,0.0,10.0
MDV,7,5298.0,189.0,3.567383918459796,13.567383918459797
MDV,8,6401.0,330.0,5.155444461802843,15.155444461802844
MDV,9,0.0,0.0,0.0,0.0
MDV,10,0.0,0.0,0.0,0.0
MDV,11,7576.0,1095.0,14.453537486800421,24.45353748680042
MDV,12,0.0,0.0,0.0,0.0
MDV,13,0.0,0.0,0.0,0.0
MDV,14,0.0,0.0,0.0,0.0
MDV,15,0.0,0.0,0.0,0.0
MDV,16,51937.0,0.0,0.0,4.197392995359762
MDV,17,193406.0,4835.0,2.499922442943859,27.49992244294386
MDV,18,2008.0,0.0,0.0,10.0
MDV,19,0.0,0.0,0.0,0.0
MDV,20,768.0,0.0,0.0,10.0
MDV,21,899286.0,0.0,0.0,10.0
MEX,1,4144096149.0,2192471.0,0.052905891204504486,4.552025906433668
MEX,2,21869648788.0,2837336.0,0.012973852609635243,4.512973852609635
MEX,3,645552728.0,952452.0,0.14754054296243327,4.6475405429624335
MEX,4,22366285847.0,113694674.0,0.5083305953332878,5.0083305953332875
MEX,5,16180617230.0,8312838.0,0.051375283660918786,2.6446640087783604
MEX,6,7661600934.0,16571152.0,0.21628837292297426,4.545100564487323
MEX,7,12722347837.0,45293130.0,0.35601235385402236,4.855962937267709
MEX,8,351625797.0,2420576.0,0.6883954535338032,5.188395453533803
MEX,9,734608376.0,846005.0,0.11516408301884104,4.423292666077633
MEX,10,2161729656.0,0.0,0.0,4.4936433256296135
MEX,11,5218994810.0,71984492.0,1.379278857723179,5.879278857723179
MEX,12,1213717407.0,6095795.0,0.502241705098986,5.025095070997857
MEX,13,4328445360.0,4755578.0,0.10986803816324482,4.609868038163245
MEX,14,5840129117.0,1804344.0,0.030895618296310347,4.53089561829631
MEX,15,17504108036.0,50738972.0,0.2898689375982323,18.71767320903549
MEX,16,192333545499.0,421368325.0,0.21908207635167354,5.422656909186561
MEX,17,137869706747.0,466695794.0,0.33850495878432346,8.056947772387794
MEX,18,23016537925.0,15253026.0,0.06626985365784546,4.651536883169192
MEX,19,84402475.0,851.0,0.0010082642718711745,4.501008264271871
MEX,20,15278513298.0,18500517.0,0.12108846351183769,6.620318521124738
MEX,21,11912391286.0,216095.0,0.0018140354426903768,4.50181403544269
MHL,1,17536588.0,0.0,0.0,10.0
MHL,2,0.0,0.0,0.0,0.0
MHL,3,0.0,0.0,0.0,0.0
MHL,4,4550.0,0.0,0.0,10.0
MHL,5,22743.0,0.0,0.0,10.0
MHL,6,28886.0,0.0,0.0,10.0
MHL,7,213053.0,7213.0,3.385542564526198,13.630270402200392
MHL,8,5300.0,0.0,0.0,10.0
MHL,9,34100.0,0.0,0.0,10.0
MHL,10,0.0,0.0,0.0,0.0
MHL,11,71065.0,1885.0,2.65250123126715,12.65250123126715
MHL,12,18218.0,0.0,0.0,10.0
MHL,13,63004.0,1170.0,1.8570249507967749,11.857024950796776
MHL,14,16950.0,0.0,0.0,10.0
MHL,15,271797.0,16686.0,6.139140608615989,17.080210598350977
MHL,16,140139.0,1775.0,1.2665995904066676,18.260263024568467
MHL,17,8000.0,0.0,0.0,10.0
MHL,18,7140.0,0.0,0.0,10.0
MHL,19,0.0,0.0,0.0,0.0
MHL,20,154953.0,1881.0,1.2139164778997502,11.213916477899751
MHL,21,1850098.0,0.0,0.0,10.0
MKD,1,413769.0,3786.0,0.9150032989421634,10.915003298942164
MKD,2,2805706.0,4383.0,0.15621736561136484,10.156217365611365
MKD,3,24107.0,977.0,4.0527647571244865,14.052764757124487
MKD,4,31374179.0,243547.0,0.7762657311287731,10.776265731128774
MKD,5,83752.0,0.0,0.0,10.0
MKD,6,499976.0,2801.0,0.5602268908907627,10.461282141542794
MKD,7,1340276.0,38204.0,2.850457666928304,12.850457666928301
MKD,8,4481.0,218.0,4.864985494309306,14.864985494309302
MKD,9,15677.0,612.0,3.903808126554825,13.903808126554823
MKD,10,156991.0,0.0,0.0,10.0
MKD,11,3947584.0,634079.0,16.062457442324217,26.062457442324217
MKD,12,113229.0,10950.0,9.670667408526084,19.670667408526086
MKD,13,876063.0,13785.0,1.5735169730944008,11.573516973094403
MKD,14,10250.0,0.0,0.0,10.0
MKD,15,1611986.0,121412.0,7.531827199491807,22.502887742201235
MKD,16,32589661.0,553061.0,1.6970443478991695,18.76092973167165
MKD,17,68203578.0,1280747.0,1.877829635272214,12.396677488093072
MKD,18,663062.0,0.0,0.0,10.0
MKD,19,5429441.0,0.0,0.0,10.0
MKD,20,15862210.0,275012.0,1.733755888996552,11.735363483398592
MKD,21,4309768.0,0.0,0.0,10.0
MLI,1,4000.0,44.0,1.0999999999999999,11.1
MLI,2,2950666.0,175.0,0.0059308644217949446,10.005930864421796
MLI,3,15032.0,397.0,2.6410324640766367,12.641032464076638
MLI,4,94000.0,1222.0,1.3,11.3
MLI,5,0.0,0.0,0.0,0.0
MLI,6,93028.0,485.0,0.5213484112310273,10.521348411231028
MLI,7,25862.0,650.0,2.513340035573428,12.513340035573428
MLI,8,21026.0,877.0,4.1710263483306385,14.171026348330638
MLI,9,3000.0,0.0,0.0,10.0
MLI,10,106432.0,0.0,0.0,9.267419573060732
MLI,11,58019.0,3641.0,6.275530429686826,16.275530429686828
MLI,12,3059.0,78.0,2.549852893102321,12.54985289310232
MLI,13,0.0,0.0,0.0,0.0
MLI,14,12025.0,639.0,5.313929313929314,15.313929313929314
MLI,15,0.0,0.0,0.0,0.0
MLI,16,704854.0,8714.0,1.2362843936474788,8.85537997939999
MLI,17,152681.0,3289.0,2.154164565335569,22.709308951343
MLI,18,417331.0,191.0,0.04576702904888446,10.045767029048884
MLI,19,0.0,0.0,0.0,0.0
MLI,20,54541.0,0.0,0.0,10.0
MLI,21,759188.0,0.0,0.0,10.0
MLT,1,3593418860.0,224350191.0,6.243363207594452,16.242395043254156
MLT,2,1967982785.0,47639204.0,2.420712435246226,12.420712435246227
MLT,3,3079509324.0,47137600.0,1.5306854125309997,11.530685412531
MLT,4,19559260166.0,405988560.0,2.0756846453003,12.0756846453003
MLT,5,12440571632.0,51030788.0,0.4101964886302903,9.785758635628586
MLT,6,1039529126.0,6407049.0,0.616341460739408,9.651116692232057
MLT,7,15730898.0,593790.0,3.774673257686879,13.774673257686878
MLT,8,255545438.0,6882667.0,2.6933241516133033,12.693324151613304
MLT,9,269768124.0,1437619.0,0.5329091438542235,10.532909143854223
MLT,10,404640955.0,0.0,0.0,9.999763345754262
MLT,11,264880333.0,14906433.0,5.627610336778004,15.627610336778005
MLT,12,16202825.0,207626.0,1.2814185180670654,11.281418518067067
MLT,13,437803.0,29483.0,6.734307439647513,16.734307439647512
MLT,14,148405.0,2174.0,1.4649102119200836,11.464910211920085
MLT,15,11437333309.0,267905059.0,2.3423734515910835,11.435953065831912
MLT,16,145849548.0,542728.0,0.372114968775906,4.4023019872505875
MLT,17,436148115.0,5515457.0,1.264583477564726,11.383389700079295
MLT,18,198795704.0,6918589.0,3.480250760348423,13.496136289745976
MLT,19,1849959145.0,33110517.0,1.7897972011700833,11.789797201170083
MLT,20,2635290.0,2460.0,0.09334836014252701,10.15630917280451
MLT,21,15886854.0,0.0,0.0,10.0
MMR,1,41876314.0,0.0,0.0,10.0
MMR,2,4026959.0,5431.0,0.13486603662962549,10.134866036629626
MMR,3,0.0,0.0,0.0,0.0
MMR,4,1859240.0,33523.0,1.8030485574750974,11.803048557475098
MMR,5,0.0,0.0,0.0,0.0
MMR,6,29694.0,0.0,0.0,10.0
MMR,7,21773633.0,183372.0,0.842174569581475,10.842174569581475
MMR,8,151169260.0,4907169.0,3.2461421058752293,13.246142105875231
MMR,9,1834730.0,6347.0,0.3459364593155396,8.882058940552561
MMR,10,366226.0,0.0,0.0,10.0
MMR,11,251706464.0,34711858.0,13.790610478720163,23.790610478720165
MMR,12,75826602.0,7493153.0,9.881958049498248,19.881958049498248
MMR,13,117845.0,5659.0,4.80207051635623,14.80207051635623
MMR,14,19765586.0,34897.0,0.17655434045820853,10.176554340458209
MMR,15,2623744.0,5985.0,0.22810914479461408,11.615287162162161
MMR,16,50637823.0,32849.0,0.06487048228751856,10.12472801210273
MMR,17,2990946.0,20111.0,0.6723959576669053,13.046847051066786
MMR,18,20689954.0,2896.0,0.013997131168102162,24.71624683167493
MMR,19,125093.0,0.0,0.0,10.0
MMR,20,19591988.0,280946.0,1.4339841367808106,12.741720748297723
MMR,21,1150285.0,0.0,0.0,10.0
MNE,1,0.0,0.0,0.0,0.0
MNE,2,66355.0,6068.0,9.144751714264185,19.14475171426418
MNE,3,0.0,0.0,0.0,0.0
MNE,4,4554834.0,1946.0,0.042723840210203055,10.042723840210202
MNE,5,0.0,0.0,0.0,0.0
MNE,6,315156.0,349.0,0.11073880871695287,10.110738808716953
MNE,7,125301.0,5563.0,4.439709180293852,14.439709180293852
MNE,8,62400.0,9600.0,15.384615384615385,25.384615384615383
MNE,9,199108.0,9452.0,4.74717238885429,14.74717238885429
MNE,10,85467.0,0.0,0.0,10.0
MNE,11,7109.0,796.0,11.197074131382754,21.197074131382756
MNE,12,0.0,0.0,0.0,0.0
MNE,13,15544.0,968.0,6.227483273288729,20.72053525476068
MNE,14,0.0,0.0,0.0,0.0
MNE,15,68163.0,3540.0,5.193433387614982,44.102372254742306
MNE,16,6068691.0,62752.0,1.0340285903500441,5.213257686047945
MNE,17,854922.0,20872.0,2.441392314152636,26.466777086096737
MNE,18,338418.0,0.0,0.0,10.0
MNE,19,0.0,0.0,0.0,0.0
MNE,20,165589.0,769.0,0.4644028286903116,10.464402828690314
MNE,21,2276612.0,0.0,0.0,10.0
MNG,1,310782.0,532.0,0.17118108513363064,10.17118108513363
MNG,2,14728987.0,33980.0,0.2307015411175256,10.230701541117527
MNG,3,0.0,0.0,0.0,0.0
MNG,4,70241.0,1918.0,2.7305989379422275,12.730598937942228
MNG,5,708935.0,3848.0,0.5427860100009169,0.6349524286429644
MNG,6,8632.0,0.0,0.0,10.0
MNG,7,810295.0,33.0,0.004072590846543543,10.004072590846544
MNG,8,40052.0,2149.0,5.365524817736942,15.365524817736942
MNG,9,0.0,0.0,0.0,0.0
MNG,10,7063.0,0.0,0.0,10.0
MNG,11,3995518.0,280521.0,7.020891909384465,17.020891909384467
MNG,12,63288.0,7652.0,12.090759701681202,22.090759701681204
MNG,13,0.0,0.0,0.0,0.0
MNG,14,25229.0,740.0,2.9331325062428157,12.933132506242815
MNG,15,21724.0,678.0,3.1209721966488675,40.74019517584239
MNG,16,615181.0,6208.0,1.0091338971782289,14.809633262405699
MNG,17,2109963.0,7513.0,0.35607259463791546,12.386411515273016
MNG,18,30750.0,136.0,0.4422764227642277,35.93821138211382
MNG,19,0.0,0.0,0.0,0.0
MNG,20,291558.0,7643.0,2.621433814198204,12.621433814198204
MNG,21,3458153.0,0.0,0.0,10.0
MOZ,1,451962.0,0.0,0.0,10.0
MOZ,2,910795.0,663.0,0.07279354849334922,10.07279354849335
MOZ,3,0.0,0.0,0.0,0.0
MOZ,4,29591343.0,2519401.0,8.513979916355941,18.513979916355943
MOZ,5,54621738.0,0.0,0.0,9.846428174804691
MOZ,6,262292.0,5541.0,2.112531072240099,6.337707593064218
MOZ,7,439.0,23.0,5.239179954441914,15.239179954441914
MOZ,8,3921.0,80.0,2.04029584289722,12.04029584289722
MOZ,9,167373.0,0.0,0.0,10.0
MOZ,10,682787.0,0.0,0.0,10.0
MOZ,11,19343.0,894.0,4.621827017525719,14.62182701752572
MOZ,12,7563.0,0.0,0.0,10.0
MOZ,13,0.0,0.0,0.0,0.0
MOZ,14,122609014.0,3021.0,0.0024639297727326965,10.002463929772732
MOZ,15,1170342.0,175449.0,14.991258965328083,24.99125896532809
MOZ,16,783185.0,8582.0,1.0957819672235807,21.187810032112463
MOZ,17,198806.0,4612.0,2.3198495015240987,24.39290061668159
MOZ,18,566630.0,649.0,0.11453682297089811,10.114536822970898
MOZ,19,0.0,0.0,0.0,0.0
MOZ,20,100682.0,0.0,0.0,10.0
MOZ,21,2535464.0,0.0,0.0,10.0
MRT,1,444150.0,0.0,0.0,10.0
MRT,2,14040.0,0.0,0.0,10.0
MRT,3,0.0,0.0,0.0,0.0
MRT,4,418784.0,0.0,0.0,10.0
MRT,5,0.0,0.0,0.0,0.0
MRT,6,15756.0,764.0,4.848946433104849,7.88017263264788
MRT,7,6040.0,216.0,3.576158940397351,13.57615894039735
MRT,8,7784.0,481.0,6.17934224049332,16.17934224049332
MRT,9,0.0,0.0,0.0,0.0
MRT,10,704533.0,0.0,0.0,10.0
MRT,11,159360.0,25783.0,16.179091365461847,26.179091365461847
MRT,12,10169.0,0.0,0.0,10.0
MRT,13,4168.0,354.0,8.493282149712092,18.49328214971209
MRT,14,12342.0,618.0,5.007292173067574,15.007292173067574
MRT,15,0.0,0.0,0.0,0.0
MRT,16,646590.0,538.0,0.08320574088680617,9.919810080576562
MRT,17,0.0,0.0,0.0,0.0
MRT,18,7718.0,0.0,0.0,10.0
MRT,19,0.0,0.0,0.0,0.0
MRT,20,31200.0,62.0,0.19871794871794873,10.198717948717947
MRT,21,321006.0,0.0,0.0,10.0
MSR,1,0.0,0.0,0.0,0.0
MSR,2,0.0,0.0,0.0,0.0
MSR,3,0.0,0.0,0.0,0.0
MSR,4,0.0,0.0,0.0,0.0
MSR,5,95538.0,0.0,0.0,10.0
MSR,6,4851.0,243.0,5.009276437847866,15.009276437847866
MSR,7,34546.0,1745.0,5.051236033115266,15.051236033115266
MSR,8,0.0,0.0,0.0,0.0
MSR,9,0.0,0.0,0.0,0.0
MSR,10,0.0,0.0,0.0,0.0
MSR,11,0.0,0.0,0.0,0.0
MSR,12,2916.0,292.0,10.013717421124829,20.013717421124827
MSR,13,0.0,0.0,0.0,0.0
MSR,14,7263.0,399.0,5.493597686906237,15.493597686906238
MSR,15,93514.0,4302.0,4.600380691661141,14.600380691661138
MSR,16,4649050.0,11129.0,0.23938223938223938,4.24985534679128
MSR,17,63081.0,1576.0,2.4983751050236997,27.4983751050237
MSR,18,46309.0,0.0,0.0,19.95767561381157
MSR,19,0.0,0.0,0.0,0.0
MSR,20,74062.0,412.0,0.5562906753800869,10.556290675380088
MSR,21,76927.0,0.0,0.0,10.0
MTQ,1,0.0,0.0,0.0,0.0
MTQ,2,0.0,0.0,0.0,0.0
MTQ,3,0.0,0.0,0.0,0.0
MTQ,4,896085.0,0.0,0.0,10.0
MTQ,5,0.0,0.0,0.0,0.0
MTQ,6,0.0,0.0,0.0,0.0
MTQ,7,90191.0,4780.0,5.299863622756151,15.29986362275615
MTQ,8,2232.0,201.0,9.005376344086022,19.005376344086024
MTQ,9,12424.0,0.0,0.0,10.0
MTQ,10,12088.0,0.0,0.0,10.0
MTQ,11,252.0,21.0,8.333333333333332,18.33333333333333
MTQ,12,1770.0,177.0,10.0,20.0
MTQ,13,0.0,0.0,0.0,0.0
MTQ,14,142894.0,0.0,0.0,10.0
MTQ,15,0.0,0.0,0.0,0.0
MTQ,16,14104.0,253.0,1.7938173567782192,27.18094157685763
MTQ,17,0.0,0.0,0.0,0.0
MTQ,18,52245.0,249.0,0.4766006316393913,10.476600631639391
MTQ,19,0.0,0.0,0.0,0.0
MTQ,20,1430.0,0.0,0.0,10.0
MTQ,21,1461360.0,0.0,0.0,10.0
MUS,1,89662934.0,2366.0,0.0026387715574866196,10.002638771557487
MUS,2,455752.0,802.0,0.17597289754076778,10.175972897540769
MUS,3,0.0,0.0,0.0,0.0
MUS,4,48112557.0,126858.0,0.2636692121767712,10.26366921217677
MUS,5,76074.0,0.0,0.0,0.393564161211452
MUS,6,3384377.0,2044.0,0.06039516283203673,9.959342590970214
MUS,7,56768.0,1643.0,2.89423618940248,12.89423618940248
MUS,8,4493507.0,183772.0,4.0897232384416,14.0897232384416
MUS,9,215620.0,5803.0,2.6913087839718024,12.213755681291165
MUS,10,486817.0,0.0,0.0,10.0
MUS,11,41053200.0,704982.0,1.7172400689836602,11.71724006898366
MUS,12,1136.0,56.0,4.929577464788732,14.929577464788732
MUS,13,10079.0,501.0,4.970731223335648,14.970731223335648
MUS,14,27643053.0,155631.0,0.5630022125269594,10.563002212526962
MUS,15,55482.0,2240.0,4.037345445369669,18.95822068418586
MUS,16,5398650.0,47112.0,0.8726626100969687,8.42186843007048
MUS,17,0.0,0.0,0.0,0.0
MUS,18,6700630.0,28622.0,0.4271538646366088,10.427153864636608
MUS,19,0.0,0.0,0.0,0.0
MUS,20,1866708.0,1319.0,0.07065914969025686,10.07065914969026
MUS,21,5291653.0,0.0,0.0,10.0
MWI,1,0.0,0.0,0.0,0.0
MWI,2,14905761.0,2528.0,0.016959885510038703,10.016959885510039
MWI,3,132608.0,0.0,0.0,10.0
MWI,4,24168479.0,25362.0,0.10493833724497102,10.10493833724497
MWI,5,0.0,0.0,0.0,0.0
MWI,6,2400.0,0.0,0.0,10.0
MWI,7,26743.0,1028.0,3.8439965598474366,13.843996559847437
MWI,8,6632.0,429.0,6.4686369119421,16.4686369119421
MWI,9,135654.0,393.0,0.2897076385510195,10.289707638551018
MWI,10,4750.0,0.0,0.0,10.0
MWI,11,46562.0,87.0,0.18684764400154633,10.186847644001546
MWI,12,0.0,0.0,0.0,0.0
MWI,13,0.0,0.0,0.0,0.0
MWI,14,5687.0,0.0,0.0,10.0
MWI,15,0.0,0.0,0.0,0.0
MWI,16,79176.0,3033.0,3.830706274628675,27.54774173992119
MWI,17,0.0,0.0,0.0,0.0
MWI,18,11190.0,0.0,0.0,10.0
MWI,19,0.0,0.0,0.0,0.0
MWI,20,23193.0,138.0,0.5950071142154961,10.595007114215496
MWI,21,85298.0,0.0,0.0,10.0
MYS,1,17409665.0,110786.0,0.6363476838870823,10.475877623147833
MYS,2,12060344.0,448474.0,3.718583814856359,13.718583814856359
MYS,3,470591569.0,14896790.0,3.16554544988034,13.165545449880339
MYS,4,621555380.0,9451454.0,1.5206133361760943,11.520613336176094
MYS,5,67220676.0,163421.0,0.24311121179441875,4.621580270927355
MYS,6,711533030.0,17435341.0,2.4503909537411075,10.79546790680961
MYS,7,2154682084.0,43990845.0,2.0416397076238,13.38666219679766
MYS,8,6069507.0,917488.0,15.116351295088712,25.116351295088712
MYS,9,322322714.0,7340249.0,2.2772980870345982,10.38782414198709
MYS,10,207944892.0,0.0,0.0,9.57663009101469
MYS,11,252350051.0,35157345.0,13.931974596668498,23.931974596668503
MYS,12,5892061.0,419289.0,7.116168688681261,17.12411157997176
MYS,13,314900188.0,11171179.0,3.5475301145263214,13.547530114526321
MYS,14,24266934.0,463598.0,1.91041027267804,11.91041027267804
MYS,15,983779834.0,35660456.0,3.624841124767353,21.58207556834307
MYS,16,36784515641.0,124148254.0,0.33750139654312705,6.031386681702372
MYS,17,648448481.0,5323908.0,0.8210225108076088,13.755876783370862
MYS,18,4200602463.0,10442605.0,0.2485977926257289,10.869808439904254
MYS,19,5291303.0,162021.0,3.062024609061322,13.06202460906132
MYS,20,1898624701.0,14753054.0,0.7770389794375692,14.205552724977426
MYS,21,1916546772.0,0.0,0.0,10.0
MYT,1,0.0,0.0,0.0,0.0
MYT,2,197035.0,16844.0,8.548734996320452,18.548734996320448
MYT,3,0.0,0.0,0.0,0.0
MYT,4,99384.0,4405.0,4.4323029863962,14.4323029863962
MYT,5,0.0,0.0,0.0,0.0
MYT,6,12468.0,0.0,0.0,10.0
MYT,7,70113.0,1609.0,2.2948668577867157,14.25263503201974
MYT,8,0.0,0.0,0.0,0.0
MYT,9,0.0,0.0,0.0,0.0
MYT,10,5731.0,0.0,0.0,10.0
MYT,11,129065.0,35096.0,27.192499903149574,37.19249990314957
MYT,12,0.0,0.0,0.0,0.0
MYT,13,10325.0,878.0,8.50363196125908,18.50363196125908
MYT,14,0.0,0.0,0.0,0.0
MYT,15,7997.0,0.0,0.0,10.0
MYT,16,845163.0,3240.0,0.383358003130757,20.96073775117936
MYT,17,178513.0,64.0,0.03585173068628055,10.25104614229776
MYT,18,134898.0,0.0,0.0,10.0
MYT,19,0.0,0.0,0.0,0.0
MYT,20,18048.0,0.0,0.0,10.0
MYT,21,178251.0,0.0,0.0,10.0
NAM,1,4164816.0,44.0,0.0010564692413782505,10.001056469241378
NAM,2,140788.0,0.0,0.0,10.0
NAM,3,0.0,0.0,0.0,0.0
NAM,4,14147.0,0.0,0.0,10.0
NAM,5,84703923.0,0.0,0.0,0.27792750519949355
NAM,6,1710114.0,42030.0,2.457730888116231,12.457730888116233
NAM,7,33314.0,611.0,1.8340637569790479,11.834063756979045
NAM,8,25899.0,957.0,3.6951233638364416,13.69512336383644
NAM,9,2104362.0,940.0,0.04466912061708014,10.013239167025445
NAM,10,105082.0,0.0,0.0,10.0
NAM,11,99667.0,3448.0,3.4595202022735707,13.459520202273572
NAM,12,12996.0,1274.0,9.803016312711604,19.803016312711605
NAM,13,14467204.0,49952.0,0.3452774979878627,10.345277497987862
NAM,14,193733607.0,475.0,0.0002451820349372838,10.000245182034938
NAM,15,51292.0,421.0,0.8207907665912814,36.83108476955471
NAM,16,1212963.0,3776.0,0.3113038072884334,14.466871619332164
NAM,17,579516.0,5539.0,0.9557975966151063,16.399029534991268
NAM,18,254212.0,103.0,0.04051736346041886,14.58381193649395
NAM,19,0.0,0.0,0.0,0.0
NAM,20,58410.0,37.0,0.06334531758260571,10.063345317582606
NAM,21,2394588.0,0.0,0.0,10.0
NCL,1,1531915.0,0.0,0.0,10.0
NCL,2,45696.0,343.0,0.7506127450980392,10.75061274509804
NCL,3,0.0,0.0,0.0,0.0
NCL,4,32243.0,2740.0,8.497968551313463,18.497968551313463
NCL,5,447196.0,0.0,0.0,10.0
NCL,6,273126.0,114.0,0.04173897761472727,9.336569934755387
NCL,7,86167.0,1660.0,1.9264915803033644,11.926491580303365
NCL,8,8016.0,1106.0,13.79740518962076,23.79740518962076
NCL,9,0.0,0.0,0.0,0.0
NCL,10,0.0,0.0,0.0,0.0
NCL,11,8240.0,1381.0,16.759708737864077,26.759708737864077
NCL,12,2804.0,280.0,9.985734664764621,19.98573466476462
NCL,13,3640.0,91.0,2.5,12.5
NCL,14,0.0,0.0,0.0,0.0
NCL,15,29845051.0,697.0,0.0023353955736245854,10.028605245137628
NCL,16,598616.0,10860.0,1.8141847194194607,24.818706817058015
NCL,17,275280.0,6711.0,2.4378814298169136,27.05863121185702
NCL,18,71598.0,0.0,0.0,10.0
NCL,19,0.0,0.0,0.0,0.0
NCL,20,47170.0,0.0,0.0,10.0
NCL,21,480596.0,0.0,0.0,10.0
NER,1,0.0,0.0,0.0,0.0
NER,2,782232.0,0.0,0.0,10.0
NER,3,0.0,0.0,0.0,0.0
NER,4,0.0,0.0,0.0,0.0
NER,5,67851.0,0.0,0.0,0.0
NER,6,166598.0,5857.0,3.5156484471602303,12.915401145271852
NER,7,40002.0,1857.0,4.64226788660567,14.64226788660567
NER,8,476.0,84.0,17.647058823529413,27.647058823529413
NER,9,8139.0,378.0,4.6443051971986735,14.644305197198673
NER,10,16507.0,0.0,0.0,10.0
NER,11,3563.0,643.0,18.0465899522874,28.046589952287402
NER,12,10589.0,1132.0,10.690339031069978,20.69033903106998
NER,13,8051.0,0.0,0.0,10.0
NER,14,77369.0,1839.0,2.3769209890266128,12.376920989026612
NER,15,79441.0,3525.0,4.437255321559396,29.386211150413516
NER,16,2494867.0,37409.0,1.4994386474309052,11.032303525598758
NER,17,284623.0,75.0,0.02635064629351809,10.026350646293517
NER,18,166944.0,967.0,0.5792361510446616,10.579236151044663
NER,19,0.0,0.0,0.0,0.0
NER,20,60243.0,71.0,0.11785601646664343,10.117856016466645
NER,21,3724540.0,0.0,0.0,10.0
NFK,1,0.0,0.0,0.0,0.0
NFK,2,0.0,0.0,0.0,0.0
NFK,3,0.0,0.0,0.0,0.0
NFK,4,0.0,0.0,0.0,0.0
NFK,5,0.0,0.0,0.0,0.0
NFK,6,0.0,0.0,0.0,0.0
NFK,7,5440.0,0.0,0.0,10.0
NFK,8,0.0,0.0,0.0,0.0
NFK,9,0.0,0.0,0.0,0.0
NFK,10,0.0,0.0,0.0,0.0
NFK,11,0.0,0.0,0.0,0.0
NFK,12,0.0,0.0,0.0,0.0
NFK,13,0.0,0.0,0.0,0.0
NFK,14,0.0,0.0,0.0,0.0
NFK,15,2267.0,0.0,0.0,50.0
NFK,16,0.0,0.0,0.0,0.0
NFK,17,25046.0,623.0,2.4874231414197876,27.487423141419786
NFK,18,14771.0,0.0,0.0,10.0
NFK,19,0.0,0.0,0.0,0.0
NFK,20,1092.0,40.0,3.6630036630036633,13.663003663003664
NFK,21,142549.0,0.0,0.0,10.0
NGA,1,6547179.0,1210.0,0.018481242073876396,10.018481242073877
NGA,2,41166794.0,17336.0,0.04211161063453229,10.042111610634532
NGA,3,975351.0,683.0,0.0700260726651226,10.070026072665122
NGA,4,64999213.0,72215.0,0.11110134518090241,10.111101345180902
NGA,5,5655260639.0,4021689.0,0.07111412287995167,9.103243205975954
NGA,6,171375157.0,63.0,3.67614542870995e-05,10.000036761454288
NGA,7,35316303.0,284029.0,0.8042432980598224,10.525302152946193
NGA,8,874155.0,10920.0,1.2492063764435368,11.249206376443539
NGA,9,754711.0,556.0,0.07367058383937693,10.073670583839379
NGA,10,253199.0,0.0,0.0,10.0
NGA,11,4409227.0,224352.0,5.088238822814066,15.088238822814066
NGA,12,4333860.0,3362.0,0.07757518701573193,10.077575187015732
NGA,13,34530.0,855.0,2.476107732406603,12.476107732406604
NGA,14,8227126.0,7136.0,0.08673745850008861,10.086737458500089
NGA,15,78255046.0,1721.0,0.002199219204343705,9.997407195952578
NGA,16,1386959.0,9458.0,0.6819235464062023,15.632744010457412
NGA,17,99162.0,1275.0,1.285774792763357,19.0004235493435
NGA,18,313591.0,966.0,0.3080445548501073,10.717622635853708
NGA,19,0.0,0.0,0.0,0.0
NGA,20,194280.0,2800.0,1.4412188593782171,11.441218859378218
NGA,21,33612930.0,0.0,0.0,10.0
NIC,1,497037286.0,292000.0,0.05874810768220717,10.058748107682208
NIC,2,327296649.0,4577.0,0.0013984255610267492,10.001398425561026
NIC,3,11933857.0,0.0,0.0,10.0
NIC,4,481323043.0,728401.0,0.15133308296648496,10.151333082966485
NIC,5,0.0,0.0,0.0,0.0
NIC,6,3048239.0,3306.0,0.10845606266437771,10.108456062664377
NIC,7,2684337.0,3174.0,0.11824148756285072,10.11824148756285
NIC,8,1156319.0,5222.0,0.45160548257012123,10.45160548257012
NIC,9,2549492.0,6213.0,0.24369560681108235,9.978811465186006
NIC,10,98506.0,0.0,0.0,10.0
NIC,11,1987533962.0,60385605.0,3.03821751751279,13.038217517512791
NIC,12,799236.0,16425.0,2.0550876086662764,12.055087608666277
NIC,13,371789.0,10651.0,2.8647969681728074,12.86479696817281
NIC,14,583196712.0,807.0,0.00013837526573709492,10.000138375265736
NIC,15,614494.0,1350.0,0.21969295062278885,10.729510784482843
NIC,16,703906828.0,346502.0,0.04922554892449487,25.01229830377494
NIC,17,50083.0,1180.0,2.356088892438552,16.099874208813368
NIC,18,15453900.0,0.0,0.0,10.0
NIC,19,0.0,0.0,0.0,0.0
NIC,20,4543297.0,551.0,0.012127756560929211,10.142570472500479
NIC,21,16461162.0,0.0,0.0,10.0
NIU,1,0.0,0.0,0.0,0.0
NIU,2,0.0,0.0,0.0,0.0
NIU,3,0.0,0.0,0.0,0.0
NIU,4,0.0,0.0,0.0,0.0
NIU,5,0.0,0.0,0.0,0.0
NIU,6,0.0,0.0,0.0,0.0
NIU,7,20887.0,605.0,2.8965385167807725,12.896538516780772
NIU,8,0.0,0.0,0.0,0.0
NIU,9,0.0,0.0,0.0,0.0
NIU,10,0.0,0.0,0.0,0.0
NIU,11,16186.0,1292.0,7.98220684542197,17.98220684542197
NIU,12,0.0,0.0,0.0,0.0
NIU,13,2736222.0,0.0,0.0,10.0
NIU,14,805858.0,0.0,0.0,10.0
NIU,15,46107.0,2306.0,5.001409764244041,15.00140976424404
NIU,16,43539.0,171.0,0.3927513263970233,14.302119938445994
NIU,17,0.0,0.0,0.0,0.0
NIU,18,2580.0,0.0,0.0,10.0
NIU,19,0.0,0.0,0.0,0.0
NIU,20,0.0,0.0,0.0,0.0
NIU,21,646919.0,0.0,0.0,10.0
NLD,1,678675954.0,21309269.0,3.1398296748848717,13.13956947707035
NLD,2,527344889.0,13837171.0,2.6239319444698364,12.623931944469836
NLD,3,60062146.0,3506467.0,5.838064793755455,15.838064793755455
NLD,4,1997698122.0,32966987.0,1.6502486855719236,11.650248685571924
NLD,5,4273114154.0,19364555.0,0.45317195614521844,10.191162505975962
NLD,6,10448725738.0,36348142.0,0.34787152913592917,9.884856332708155
NLD,7,652438378.0,30100073.0,4.61347370341234,14.82913272922152
NLD,8,14691581.0,1035892.0,7.0509225657878485,17.050922565787847
NLD,9,81861797.0,947471.0,1.157403129081078,10.76638019563631
NLD,10,195766941.0,0.0,0.0,9.986508191901512
NLD,11,295770013.0,12250860.0,4.142022335442099,14.1420223354421
NLD,12,4287056.0,715015.0,16.678461862872794,26.71303104041561
NLD,13,80446887.0,2664708.0,3.312381745734922,13.364619192784923
NLD,14,98957747.0,150795.0,0.15238321866806445,10.152383218668064
NLD,15,1285118851.0,12480046.0,0.9711199855397654,15.966087532708677
NLD,16,5951497141.0,37363282.0,0.6277963529983657,14.034254052580414
NLD,17,872551640.0,6680116.0,0.765584028929222,20.049004079575163
NLD,18,1335185771.0,2227046.0,0.16679671461238182,10.507654649803785
NLD,19,29117000.0,4817.0,0.016543599958786962,10.016543599958789
NLD,20,185738764.0,1697041.0,0.913670880247701,13.021967912955423
NLD,21,2799335763.0,0.0,0.0,10.0
NOR,1,1303013777.0,689183.0,0.0528914591821695,10.052891459182167
NOR,2,920962.0,29.0,0.003148881278489232,10.00314888127849
NOR,3,128429388.0,1769257.0,1.3776107069824237,11.377610706982423
NOR,4,65313289.0,1163886.0,1.7820048841821454,11.782004884182145
NOR,5,1631118797.0,6065626.0,0.3718690515464644,9.003601808164316
NOR,6,908559424.0,7556311.0,0.8316804383287097,5.491425522872569
NOR,7,79106505.0,3552231.0,4.49044108319537,14.383962734796588
NOR,8,441579.0,30721.0,6.957079027761736,16.95707902776174
NOR,9,1928916.0,23036.0,1.19424588732739,10.6590541008525
NOR,10,67443224.0,0.0,0.0,10.0
NOR,11,10989274.0,564273.0,5.1347614046205425,15.134761404620543
NOR,12,122888.0,14020.0,11.408762450361305,21.40876245036131
NOR,13,4693627.0,241002.0,5.134664514244528,15.147447805290025
NOR,14,760723.0,45076.0,5.925415690073785,15.925415690073786
NOR,15,541125459.0,9298862.0,1.7184299584026779,10.976804780127708
NOR,16,728703459.0,5907842.0,0.8107333548419453,13.636277750947247
NOR,17,167924528.0,249251.0,0.14843037105335796,30.770752203632814
NOR,18,248040258.0,134322.0,0.05415330603308758,10.565700951657613
NOR,19,40240167.0,18571.0,0.046150404892703355,10.046150404892703
NOR,20,78746249.0,207300.0,0.26325063432545215,16.107159720077586
NOR,21,513843222.0,0.0,0.0,10.0
NPL,1,1669676.0,13255.0,0.7938665944770122,10.781013801480048
NPL,2,1260795.0,5119.0,0.40601366598059163,10.40601366598059
NPL,3,4240.0,0.0,0.0,10.0
NPL,4,21613363.0,42720.0,0.19765549674060442,10.197655496740603
NPL,5,0.0,0.0,0.0,0.0
NPL,6,1484772.0,174.0,0.011718970993526279,10.011718970993526
NPL,7,99744.0,783.0,0.7850096246390761,10.785009624639075
NPL,8,2256485.0,25498.0,1.1299875691617716,11.129987569161772
NPL,9,906635.0,10984.0,1.2115129021050366,11.211512902105037
NPL,10,1161397.0,0.0,0.0,10.0
NPL,11,75619336.0,1706670.0,2.256922753196352,12.256922753196351
NPL,12,1391676.0,53462.0,3.8415550746006972,13.841555074600697
NPL,13,212042.0,680.0,0.320691183822073,10.320691183822072
NPL,14,1138285.0,44109.0,3.875040082228967,13.875040082228969
NPL,15,682708.0,3263.0,0.47794957727168863,13.436051723430808
NPL,16,636437.0,4911.0,0.7716396124046841,11.117416177877775
NPL,17,16810.0,77.0,0.45806067816775725,21.7674003569304
NPL,18,180358.0,2307.0,1.279122633872631,11.279122633872632
NPL,19,0.0,0.0,0.0,0.0
NPL,20,4913131.0,43069.0,0.8766100476457884,10.876610047645789
NPL,21,5072938.0,0.0,0.0,10.0
NRU,1,0.0,0.0,0.0,0.0
NRU,2,0.0,0.0,0.0,0.0
NRU,3,0.0,0.0,0.0,0.0
NRU,4,0.0,0.0,0.0,0.0
NRU,5,0.0,0.0,0.0,0.0
NRU,6,119872.0,6301.0,5.256440202883075,6.461392151628403
NRU,7,106666.0,2781.0,2.607203795023719,12.607203795023718
NRU,8,2146.0,181.0,8.434296365330848,18.434296365330848
NRU,9,0.0,0.0,0.0,0.0
NRU,10,0.0,0.0,0.0,0.0
NRU,11,129524.0,13842.0,10.686822519378648,20.686822519378648
NRU,12,3239.0,401.0,12.380364309972213,22.380364309972215
NRU,13,67765.0,0.0,0.0,10.0
NRU,14,18560.0,981.0,5.285560344827586,15.285560344827585
NRU,15,428180.0,15214.0,3.553178569760381,13.84464477556168
NRU,16,253681.0,3691.0,1.4549769198323879,15.26622017415573
NRU,17,14128.0,991.0,7.014439411098527,19.71439694224236
NRU,18,39494.0,702.0,1.7774851876234363,11.777485187623437
NRU,19,0.0,0.0,0.0,0.0
NRU,20,718460.0,50.0,0.006959329677365476,10.116582690755227
NRU,21,337801.0,0.0,0.0,10.0
NZL,1,2382369198.0,31512556.0,1.322740238014108,11.321888468270902
NZL,2,262669815.0,667689.0,0.25419327302606126,10.25419327302606
NZL,3,134558600.0,5021146.0,3.731568253534148,13.731568253534148
NZL,4,744141066.0,13003205.0,1.7474112898911025,11.747411289891103
NZL,5,3201307.0,0.0,0.0,9.639637810431802
NZL,6,461881162.0,1338987.0,0.28989859517154326,10.00367412689587
NZL,7,44077037.0,1590293.0,3.607985264526742,13.007161983234036
NZL,8,3742712.0,64068.0,1.7118068395324033,11.711806839532404
NZL,9,224140045.0,25190.0,0.01123850938818184,8.60931294093387
NZL,10,14767581.0,0.0,0.0,10.0
NZL,11,36915279.0,1328843.0,3.5997100279263767,13.599710027926378
NZL,12,1570352.0,14458.0,0.9206852985827382,10.960243308506628
NZL,13,7535618.0,143365.0,1.9024982423472103,11.90249824234721
NZL,14,44189489.0,136872.0,0.30973881594331176,10.309738815943312
NZL,15,68048321.0,3740374.0,5.4966440685582825,25.28222077661549
NZL,16,613455526.0,3286976.0,0.5358132514401704,15.964774877584198
NZL,17,49505929.0,487142.0,0.9840073903067247,13.320843246876548
NZL,18,226084146.0,34855.0,0.015416826264323726,10.123714004253973
NZL,19,511260.0,2980.0,0.5828736846223057,10.582873684622308
NZL,20,21961605.0,379017.0,1.7258164874561763,17.76402954155673
NZL,21,234738173.0,0.0,0.0,10.0
OMN,1,5758624.0,285.0,0.004949098951416172,10.004949098951414
OMN,2,146852.0,317.0,0.2158635905537548,10.215863590553754
OMN,3,393554.0,1168.0,0.29678265244413726,10.296782652444136
OMN,4,4336626.0,126.0,0.002905484586404269,10.002905484586405
OMN,5,57311749.0,29215.0,0.05097558617518373,6.959871352032898
OMN,6,117965946.0,17101.0,0.014496556489276998,10.00007951447276
OMN,7,358950439.0,200315.0,0.05580575428687524,10.055805754286876
OMN,8,12219.0,330.0,2.7007120058924623,12.700712005892465
OMN,9,0.0,0.0,0.0,0.0
OMN,10,83018.0,0.0,0.0,10.0
OMN,11,16163.0,277.0,1.7137907566664605,11.71379075666646
OMN,12,2494.0,244.0,9.783480352846832,19.78348035284683
OMN,13,8416105.0,11360.0,0.134979304559532,10.134979304559533
OMN,14,217605389.0,470481.0,0.21620834031826297,10.216208340318262
OMN,15,395760157.0,33484105.0,8.460706417194999,18.55074044252514
OMN,16,16431950.0,117225.0,0.7133967666649423,18.82698127732862
OMN,17,12899496.0,8204.0,0.06359938403795001,15.011652005628747
OMN,18,544718.0,1481.0,0.2718838004251741,10.49218127544895
OMN,19,717476.0,0.0,0.0,10.0
OMN,20,1514979.0,5338.0,0.3523481183567561,10.352348118356757
OMN,21,127834974.0,0.0,0.0,10.0
PAK,1,10263828.0,160391.0,1.5626820714454686,11.562682071445469
PAK,2,105655860.0,682202.0,0.6456830695429483,10.645683069542947
PAK,3,393066.0,6638.0,1.6887749131189165,11.688774913118916
PAK,4,85762693.0,572579.0,0.6676317871688101,10.66763178716881
PAK,5,91565819.0,30447.0,0.03325149093025641,10.017439367849699
PAK,6,13367082.0,148416.0,1.1103096397553331,11.108588994965393
PAK,7,156191122.0,947400.0,0.6065645651741972,13.75745495316949
PAK,8,177960128.0,17254449.0,9.69568250703888,19.69568250703888
PAK,9,764670.0,6766.0,0.8848261341493716,10.884826134149371
PAK,10,3485667.0,0.0,0.0,10.0
PAK,11,3919567752.0,454364404.0,11.592206915371111,21.59220691537111
PAK,12,19665543.0,1412012.0,7.1801322750152385,17.180132275015243
PAK,13,5204808.0,20464.0,0.3931749259530803,10.39317492595308
PAK,14,18603764.0,32455.0,0.17445394383631185,10.174453943836312
PAK,15,55751692.0,3985488.0,7.148640439468636,20.92228259188977
PAK,16,25894217.0,53461.0,0.20645922601173844,15.280675411038692
PAK,17,4968463.0,35320.0,0.7108838286608957,21.670844685771034
PAK,18,137737537.0,48896.0,0.03549940057371579,10.058507507652035
PAK,19,1088088.0,5369.0,0.4934343545742624,10.493434354574262
PAK,20,215751532.0,9995432.0,4.632844043953301,19.640517060152323
PAK,21,57835700.0,0.0,0.0,10.0
PAN,1,88164651.0,0.0,0.0,10.0
PAN,2,28373951.0,4105.0,0.014467495203611229,10.014467495203611
PAN,3,2830177.0,1176.0,0.04155217147196094,10.04155217147196
PAN,4,51497851.0,312342.0,0.6065146291250095,10.606514629125009
PAN,5,2294168.0,1578.0,0.0687831056836291,8.129208497372469
PAN,6,10267535.0,38440.0,0.3743839198015882,10.37438391980159
PAN,7,7966055.0,272960.0,3.426539234288491,13.426539234288493
PAN,8,41269.0,2109.0,5.110373403765538,15.110373403765538
PAN,9,1545710.0,8097.0,0.5238369422466052,10.041799561366622
PAN,10,1301091.0,0.0,0.0,10.0
PAN,11,6917799.0,43591.0,0.6301281664876358,10.630128166487637
PAN,12,3331049.0,82042.0,2.462947858167202,12.462947858167203
PAN,13,606763.0,4638.0,0.7643841170275709,10.877311240138242
PAN,14,79391538.0,20037.0,0.025238206117130516,10.02523820611713
PAN,15,24332194.0,28545.0,0.11731371203106469,10.26310368888231
PAN,16,63452065.0,56072.0,0.0883690704155964,4.364420448727713
PAN,17,1271705.0,14880.0,1.17008268427033,19.874837324694013
PAN,18,1506146.0,4719.0,0.31331623893035604,10.749741392932691
PAN,19,0.0,0.0,0.0,0.0
PAN,20,777654.0,3659.0,0.47051773667980873,11.644741748901183
PAN,21,175882745.0,0.0,0.0,10.0
PCN,1,0.0,0.0,0.0,0.0
PCN,2,5787.0,0.0,0.0,10.0
PCN,3,0.0,0.0,0.0,0.0
PCN,4,0.0,0.0,0.0,0.0
PCN,5,0.0,0.0,0.0,0.0
PCN,6,0.0,0.0,0.0,0.0
PCN,7,0.0,0.0,0.0,0.0
PCN,8,0.0,0.0,0.0,0.0
PCN,9,0.0,0.0,0.0,0.0
PCN,10,0.0,0.0,0.0,0.0
PCN,11,0.0,0.0,0.0,0.0
PCN,12,0.0,0.0,0.0,0.0
PCN,13,0.0,0.0,0.0,0.0
PCN,14,0.0,0.0,0.0,0.0
PCN,15,0.0,0.0,0.0,0.0
PCN,16,0.0,0.0,0.0,0.0
PCN,17,0.0,0.0,0.0,0.0
PCN,18,0.0,0.0,0.0,0.0
PCN,19,0.0,0.0,0.0,0.0
PCN,20,0.0,0.0,0.0,0.0
PCN,21,3548.0,0.0,0.0,10.0
PER,1,224067503.0,28163.0,0.012568980161304337,10.012568980161305
PER,2,3707002699.0,467759.0,0.012618253559032545,10.012618253559033
PER,3,96444503.0,3405902.0,3.5314630632706976,13.531463063270698
PER,4,757851706.0,303877.0,0.040097158533017804,10.040097158533017
PER,5,1404803780.0,364696.0,0.02596063629612386,7.033544862756562
PER,6,103035028.0,133777.0,0.12983642805435058,9.076199115508564
PER,7,127659506.0,88015.0,0.06894512031089953,11.291011223245686
PER,8,2466837.0,11471.0,0.4650084298232919,10.465008429823293
PER,9,10566337.0,9384.0,0.08881034174851701,7.689417818114262
PER,10,5886894.0,0.0,0.0,10.0
PER,11,895372866.0,3865844.0,0.43175800236948436,10.431758002369484
PER,12,7046839.0,26981.0,0.38288089170193895,10.382880891701939
PER,13,85872577.0,55353.0,0.06445946067275936,11.939606342546352
PER,14,504031444.0,49820.0,0.00988430396417887,10.00988430396418
PER,15,1379186405.0,169806.0,0.012312041315401452,0.8696500927298512
PER,16,83896124.0,595888.0,0.7102688081275363,14.886103439057566
PER,17,30983867.0,222325.0,0.7175508467035441,24.24053830982427
PER,18,2075580.0,2499.0,0.12040008094123089,11.269823374671178
PER,19,5075106.0,0.0,0.0,10.0
PER,20,11619718.0,29265.0,0.2518563703525335,13.946100929471783
PER,21,160495375.0,0.0,0.0,10.0
PHL,1,57637389.0,71436.0,0.12394038182402746,10.062311635941734
PHL,2,144340028.0,1458788.0,1.010660743394064,11.010660743394064
PHL,3,620129449.0,69887.0,0.01126974377893155,10.011269743778932
PHL,4,639222104.0,10367765.0,1.6219346820334613,11.62193468203346
PHL,5,235596.0,0.0,0.0,9.548167201480501
PHL,6,107840047.0,586385.0,0.5437543995135684,10.543754399513569
PHL,7,339160826.0,2430865.0,0.7167292958532894,22.677660848131083
PHL,8,512126597.0,6764376.0,1.320840596763616,11.320840596763619
PHL,9,52924578.0,282087.0,0.5329981091204922,10.016775759648004
PHL,10,28708232.0,0.0,0.0,9.999249344229906
PHL,11,495763262.0,85847653.0,17.316259509362354,27.316259509362354
PHL,12,70123597.0,6980474.0,9.954529286339946,19.954529286339945
PHL,13,64932454.0,321114.0,0.4945354444789658,10.495048285099466
PHL,14,10544400.0,152685.0,1.4480198019801982,11.448019801980198
PHL,15,151963560.0,3858125.0,2.5388487871697665,36.99466845867522
PHL,16,9066698222.0,57461524.0,0.6337646030897089,8.117644593752091
PHL,17,126836781.0,223035.0,0.17584410313913595,15.136760093272944
PHL,18,514496707.0,5817246.0,1.130667295019247,11.684254696308484
PHL,19,48337864.0,843352.0,1.744702662078738,11.74470266207874
PHL,20,366024188.0,6000715.0,1.6394312716841541,15.275519742427514
PHL,21,512308517.0,0.0,0.0,10.0
PLW,1,459146.0,0.0,0.0,8.934717932857959
PLW,2,0.0,0.0,0.0,0.0
PLW,3,0.0,0.0,0.0,0.0
PLW,4,0.0,0.0,0.0,0.0
PLW,5,0.0,0.0,0.0,0.0
PLW,6,0.0,0.0,0.0,0.0
PLW,7,0.0,0.0,0.0,0.0
PLW,8,0.0,0.0,0.0,0.0
PLW,9,0.0,0.0,0.0,0.0
PLW,10,0.0,0.0,0.0,0.0
PLW,11,400.0,111.0,27.750000000000004,37.75
PLW,12,0.0,0.0,0.0,0.0
PLW,13,0.0,0.0,0.0,0.0
PLW,14,5348.0,0.0,0.0,10.0
PLW,15,0.0,0.0,0.0,0.0
PLW,16,601802.0,0.0,0.0,10.0
PLW,17,350000.0,0.0,0.0,10.0
PLW,18,0.0,0.0,0.0,0.0
PLW,19,0.0,0.0,0.0,0.0
PLW,20,0.0,0.0,0.0,0.0
PLW,21,817517.0,0.0,0.0,10.0
PNG,1,1738415.0,0.0,0.0,10.0
PNG,2,59083252.0,2184.0,0.0036964789954351193,10.003696478995435
PNG,3,0.0,0.0,0.0,0.0
PNG,4,9883775.0,449.0,0.004542798677630764,10.004542798677631
PNG,5,0.0,0.0,0.0,0.0
PNG,6,0.0,0.0,0.0,0.0
PNG,7,45154.0,2393.0,5.299641227798202,15.2996412277982
PNG,8,16405.0,1281.0,7.8085949405669,17.808594940566902
PNG,9,149204.0,70.0,0.04691563228867859,10.04691563228868
PNG,10,5400.0,0.0,0.0,0.0
PNG,11,39006.0,4994.0,12.803158488437678,22.803158488437678
PNG,12,0.0,0.0,0.0,0.0
PNG,13,2935.0,191.0,6.507666098807496,16.507666098807498
PNG,14,55000.0,0.0,0.0,10.0
PNG,15,6169.0,85.0,1.3778570270708381,11.377857027070839
PNG,16,2062876.0,4579.0,0.22197165510675387,6.4788940295005615
PNG,17,47475.0,1187.0,2.5002632964718274,12.50026329647183
PNG,18,2352.0,0.0,0.0,10.0
PNG,19,0.0,0.0,0.0,0.0
PNG,20,15269.0,0.0,0.0,17.591852773593555
PNG,21,5979946.0,0.0,0.0,10.0
POL,1,185633984.0,2977907.0,1.6041820230502621,11.604182023050262
POL,2,134942111.0,3274867.0,2.426868066411085,12.426868066411085
POL,3,30997989.0,2351069.0,7.584585567792801,17.5845855677928
POL,4,630112432.0,15501139.0,2.460059223208597,12.460059223208598
POL,5,49221113.0,62966.0,0.1279247789459779,8.249831936957623
POL,6,497004201.0,6163172.0,1.2400643671822806,10.883828384380196
POL,7,586045516.0,25688245.0,4.3833190935975015,16.540271293535504
POL,8,10267319.0,1204897.0,11.735264093771704,21.735264093771704
POL,9,103229066.0,2545272.0,2.46565439233946,11.450323593938165
POL,10,82425713.0,0.0,0.0,9.934272330771346
POL,11,86277187.0,8301545.0,9.621946760967068,19.621946760967067
POL,12,10270116.0,511530.0,4.980761658388279,15.269034935924774
POL,13,157253882.0,5722140.0,3.638790932995854,13.641767489084943
POL,14,415830488.0,152635.0,0.0367060627839294,10.03670606278393
POL,15,615052281.0,14796127.0,2.4056698035398396,24.575536376232055
POL,16,5911604842.0,68281219.0,1.1550369286337356,14.249402202347001
POL,17,1454957741.0,25807500.0,1.7737628573502326,20.86265597249398
POL,18,1249785827.0,2906674.0,0.23257376881743114,10.36282907055242
POL,19,12394416.0,190906.0,1.5402581291446082,11.540258129144608
POL,20,656780778.0,3352759.0,0.5104837279510029,12.835092404302976
POL,21,589571714.0,0.0,0.0,10.0
PRT,1,34567943.0,460450.0,1.3320144620696697,11.332014462069669
PRT,2,8138402.0,482348.0,5.926814625279016,15.926814625279016
PRT,3,41941650.0,345591.0,0.82398045856565,10.82398045856565
PRT,4,203498206.0,4427044.0,2.175470775403298,12.175470775403298
PRT,5,1074121963.0,5417094.0,0.5043276449603703,9.861166985559533
PRT,6,2158154436.0,7942469.0,0.36802134580882234,10.28814268785721
PRT,7,493943107.0,20725353.0,4.19589882038783,25.60488844922782
PRT,8,21366308.0,698250.0,3.267995575089529,13.267995575089529
PRT,9,233797110.0,567149.0,0.2425816982938754,10.09695851244697
PRT,10,498627330.0,0.0,0.0,9.999202550730622
PRT,11,640093279.0,80993019.0,12.653315017856952,22.65331501785695
PRT,12,250442294.0,21231227.0,8.47749262351031,18.47811839640792
PRT,13,163490267.0,9002221.0,5.5062733489816855,15.512077547711144
PRT,14,5734736.0,333720.0,5.819273982272244,15.819273982272245
PRT,15,282648732.0,5069531.0,1.7935799549244043,28.8631284749581
PRT,16,718674316.0,8118228.0,1.1296115388100219,11.778666798772868
PRT,17,37350782.0,561044.0,1.5020943872072077,18.480168500889754
PRT,18,93281637.0,152816.0,0.16382216791499918,18.968036495757467
PRT,19,61296129.0,715042.0,1.1665369602703624,11.166536960270362
PRT,20,163409646.0,1702596.0,1.041918908508008,11.462065892976721
PRT,21,187592429.0,0.0,0.0,10.0
PRY,1,113617323.0,18733200.0,16.4879786861375,26.4879786861375
PRY,2,71070544.0,46077.0,0.06483276672259608,10.064832766722594
PRY,3,1589886.0,31061.0,1.953662086464061,11.95366208646406
PRY,4,42527451.0,945887.0,2.2241798597334226,12.224179859733422
PRY,5,0.0,0.0,0.0,0.0
PRY,6,11896335.0,370948.0,3.118170428119248,13.118170428119248
PRY,7,85530.0,3647.0,4.264000935344324,14.264000935344324
PRY,8,3070148.0,83724.0,2.727034657612597,12.727034657612599
PRY,9,26168151.0,38025.0,0.14531022845290062,9.910015805090701
PRY,10,45950.0,0.0,0.0,10.0
PRY,11,11301662.0,1839252.0,16.274172772110862,26.274172772110862
PRY,12,1009216.0,79908.0,7.917829285306614,17.917829285306617
PRY,13,10872.0,0.0,0.0,10.0
PRY,14,38713535.0,147.0,0.00037971216010111193,10.0003797121601
PRY,15,7757529.0,64425.0,0.8304835212346613,10.921966260132576
PRY,16,12167713.0,49020.0,0.40286946281523894,23.154067243367756
PRY,17,264639.0,1332.0,0.5033271739992972,12.57065285162051
PRY,18,607402.0,1066.0,0.17550156239195788,10.175501562391961
PRY,19,12250.0,515.0,4.204081632653061,14.20408163265306
PRY,20,232424.0,2540.0,1.0928303445427323,14.246549409699515
PRY,21,3870340.0,0.0,0.0,10.0
PSE,1,49500.0,0.0,0.0,10.0
PSE,2,2577598.0,7369.0,0.28588631741644743,10.285886317416448
PSE,3,1301865.0,2731.0,0.20977597523552752,10.209775975235528
PSE,4,818647.0,373.0,0.04556298380132096,10.045562983801322
PSE,5,0.0,0.0,0.0,0.0
PSE,6,376575.0,0.0,0.0,10.0
PSE,7,0.0,0.0,0.0,0.0
PSE,8,0.0,0.0,0.0,0.0
PSE,9,57320.0,1728.0,3.0146545708304258,13.014654570830428
PSE,10,0.0,0.0,0.0,0.0
PSE,11,0.0,0.0,0.0,0.0
PSE,12,149784.0,0.0,0.0,10.0
PSE,13,41594.0,99.0,0.2380150983314901,10.23801509833149
PSE,14,0.0,0.0,0.0,0.0
PSE,15,21682.0,2819.0,13.001568121022045,23.001568121022046
PSE,16,41950.0,228.0,0.5435041716328963,12.69320619785459
PSE,17,10241.0,256.0,2.4997558832145295,27.49975588321453
PSE,18,0.0,0.0,0.0,0.0
PSE,19,0.0,0.0,0.0,0.0
PSE,20,198805.0,0.0,0.0,10.0
PSE,21,396237.0,0.0,0.0,10.0
PYF,1,16521007.0,0.0,0.0,10.0
PYF,2,179751.0,0.0,0.0,10.0
PYF,3,13484.0,431.0,3.1963808958765947,13.196380895876594
PYF,4,939520.0,83090.0,8.84387772479564,18.843877724795643
PYF,5,0.0,0.0,0.0,0.0
PYF,6,238038.0,0.0,0.0,10.0
PYF,7,1217004.0,70319.0,5.778041814160019,15.77804181416002
PYF,8,2531.0,365.0,14.42117740023706,24.42117740023706
PYF,9,0.0,0.0,0.0,0.0
PYF,10,6318.0,0.0,0.0,10.0
PYF,11,39715.0,4239.0,10.673549036887826,20.673549036887827
PYF,12,1040.0,62.0,5.961538461538462,15.961538461538462
PYF,13,43989.0,1627.0,3.6986519357112,13.6986519357112
PYF,14,9282415.0,7893.0,0.08503175089672245,10.085031750896722
PYF,15,27552.0,931.0,3.3790650406504064,31.45252613240418
PYF,16,1453848.0,2304.0,0.15847598923683906,15.679001518728228
PYF,17,40928.0,0.0,0.0,10.0
PYF,18,85483.0,1250.0,1.4622790496356,13.388743960787526
PYF,19,0.0,0.0,0.0,0.0
PYF,20,32045.0,59.0,0.1841160867530036,40.15946325479794
PYF,21,10716365.0,0.0,0.0,10.0
QAT,1,0.0,0.0,0.0,0.0
QAT,2,12400.0,0.0,0.0,10.0
QAT,3,0.0,0.0,0.0,0.0
QAT,4,0.0,0.0,0.0,0.0
QAT,5,888546759.0,3372011.0,0.3794973045419662,10.379497304541966
QAT,6,383009019.0,751407.0,0.1961851974039285,10.195662912052732
QAT,7,811625.0,34941.0,4.305066995225627,14.305066995225628
QAT,8,10299.0,984.0,9.554325662685697,19.55432566268569
QAT,9,0.0,0.0,0.0,0.0
QAT,10,58035.0,0.0,0.0,10.0
QAT,11,309993.0,18828.0,6.073685534834658,16.073685534834656
QAT,12,2179.0,102.0,4.681046351537402,14.681046351537402
QAT,13,7672.0,299.0,3.897288842544317,13.897288842544317
QAT,14,18225956.0,61689.0,0.3384678422355458,10.338467842235543
QAT,15,130752811.0,12810659.0,9.79761651166337,21.380106084296727
QAT,16,3075419.0,10079.0,0.32772770149368263,15.363352115597907
QAT,17,72639.0,980.0,1.349137515659632,14.080934484230236
QAT,18,527967.0,691.0,0.13087939208321733,10.130879392083218
QAT,19,0.0,0.0,0.0,0.0
QAT,20,78969.0,228.0,0.2887208904760096,27.508136104040826
QAT,21,359662865.0,0.0,0.0,10.0
REU,1,43317800.0,0.0,0.0,10.0
REU,2,0.0,0.0,0.0,0.0
REU,3,0.0,0.0,0.0,0.0
REU,4,0.0,0.0,0.0,0.0
REU,5,0.0,0.0,0.0,0.0
REU,6,17168.0,0.0,0.0,10.0
REU,7,92376.0,3889.0,4.20996795704512,26.369457434831553
REU,8,292.0,18.0,6.164383561643835,16.164383561643834
REU,9,0.0,0.0,0.0,0.0
REU,10,4000.0,0.0,0.0,10.0
REU,11,83900.0,152.0,0.18116805721096543,10.181168057210966
REU,12,0.0,0.0,0.0,0.0
REU,13,0.0,0.0,0.0,0.0
REU,14,0.0,0.0,0.0,0.0
REU,15,0.0,0.0,0.0,0.0
REU,16,259883.0,300.0,0.11543656183744223,7.626624288622188
REU,17,0.0,0.0,0.0,0.0
REU,18,0.0,0.0,0.0,0.0
REU,19,0.0,0.0,0.0,0.0
REU,20,12246.0,0.0,0.0,10.0
REU,21,219695.0,0.0,0.0,10.0
ROU,1,994479528.0,9332356.0,0.9384160998033134,10.938416099803314
ROU,2,581557525.0,3056691.0,0.5256042383769344,10.525604238376934
ROU,3,6185615.0,292295.0,4.725399172111423,14.725399172111423
ROU,4,22154162.0,535753.0,2.4182950363909046,12.418295036390905
ROU,5,59947915.0,212799.0,0.35497314627205967,7.945582594490567
ROU,6,153766847.0,230656.0,0.1500037260957819,9.866043946391123
ROU,7,315640804.0,11982271.0,3.7961730068334263,24.26551288026753
ROU,8,26041434.0,2061955.0,7.917977942382129,17.91797794238213
ROU,9,350606771.0,2209597.0,0.6302208578852575,10.60942105992585
ROU,10,406594936.0,0.0,0.0,10.0
ROU,11,313136627.0,40211854.0,12.841632224645505,22.841632224645505
ROU,12,51729192.0,2142073.0,4.140936514144664,14.140936514144663
ROU,13,8967787.0,402913.0,4.492892170610208,14.551861568522979
ROU,14,2834924.0,82412.0,2.907026784492283,12.907026784492285
ROU,15,622427971.0,5836702.0,0.9377313154199491,13.741668495807364
ROU,16,1512860868.0,26318630.0,1.7396596446303216,14.907639662737314
ROU,17,214969942.0,3400498.0,1.5818481264696995,21.24556034443178
ROU,18,183337801.0,404716.0,0.22074880237054878,11.254622635077862
ROU,19,13990989.0,268668.0,1.9202931258111917,11.920293125811192
ROU,20,116907614.0,569696.0,0.48730444537171036,11.082322833138996
ROU,21,114786238.0,0.0,0.0,10.0
RUS,1,1091466.0,131973.0,12.091352364617862,22.091352364617862
RUS,2,21211313.0,544242.0,2.5658100467425093,12.56581004674251
RUS,3,245406.0,61869.0,25.21087503973008,35.21087503973009
RUS,4,54215100.0,2983438.0,5.502965041104785,15.502965041104785
RUS,5,1057365.0,0.0,0.0,9.95273155438283
RUS,6,1766928264.0,1629390.0,0.0922159678577647,10.015551016167343
RUS,7,8809378.0,727808.0,8.261741067303504,18.290430379988237
RUS,8,900.0,180.0,20.0,30.0
RUS,9,67759438.0,795369.0,1.1738128642684433,10.962242927693705
RUS,10,356304.0,0.0,0.0,10.0
RUS,11,379464.0,85586.0,22.554445217464632,32.55444521746464
RUS,12,2709986.0,916697.0,33.826632314705684,43.826632314705684
RUS,13,1780854.0,136781.0,7.680640861070026,17.680640861070025
RUS,14,878384711.0,10112.0,0.001151204008148999,10.00115120400815
RUS,15,48223808.0,6649443.0,13.788714072517875,23.742462022078385
RUS,16,24371000.0,3524917.0,14.463571457880267,28.362234212793894
RUS,17,31695835.0,108197.0,0.34136030806571277,10.487110845951841
RUS,18,6051347.0,17606.0,0.29094348745824694,10.595523608214833
RUS,19,202009.0,249.0,0.12326183486874348,10.123261834868744
RUS,20,803734.0,41224.0,5.129060111927578,29.518298342486446
RUS,21,15567838.0,0.0,0.0,10.0
RWA,1,0.0,0.0,0.0,0.0
RWA,2,23328076.0,8594.0,0.03683972908867409,10.036839729088674
RWA,3,8098.0,475.0,5.8656458384786365,15.865645838478637
RWA,4,178070.0,1231.0,0.6913011736957376,10.691301173695738
RWA,5,0.0,0.0,0.0,0.0
RWA,6,49579.0,0.0,0.0,10.0
RWA,7,2580.0,87.0,3.372093023255814,13.372093023255816
RWA,8,1402986.0,38555.0,2.7480673363811188,12.74806733638112
RWA,9,201716.0,709.0,0.3514842650062464,10.351484265006247
RWA,10,5067.0,0.0,0.0,10.0
RWA,11,520881.0,34144.0,6.555048081999535,16.555048081999537
RWA,12,3102.0,161.0,5.190199871050935,15.190199871050934
RWA,13,0.0,0.0,0.0,0.0
RWA,14,206635.0,1430.0,0.6920415224913495,10.69204152249135
RWA,15,3556204.0,0.0,0.0,0.0
RWA,16,142398.0,214.0,0.15028300959283136,6.856978328347308
RWA,17,24470.0,612.0,2.5010216591744996,27.501021659174498
RWA,18,23128.0,0.0,0.0,10.0
RWA,19,0.0,0.0,0.0,0.0
RWA,20,23716.0,0.0,0.0,10.0
RWA,21,785081.0,0.0,0.0,10.0
SAU,1,8936053.0,69511.0,0.7778713935559692,10.77787139355597
SAU,2,7754024.0,112937.0,1.4564953629238186,11.45649536292382
SAU,3,933653.0,42.0,0.004498459277697388,10.004498459277697
SAU,4,16280129.0,176716.0,1.0854705143921157,11.085470514392116
SAU,5,10237321820.0,15796979.0,0.15430773084751964,9.660283633634954
SAU,6,1543392414.0,5900518.0,0.38230834533569247,10.325116040125879
SAU,7,65294306.0,2547445.0,3.9014810877996005,13.929792898020848
SAU,8,27811.0,2647.0,9.517816691237279,19.51781669123728
SAU,9,27033.0,1439.0,5.323123589686679,15.323123589686679
SAU,10,5314990.0,0.0,0.0,10.0
SAU,11,113892581.0,290120.0,0.25473125418063886,10.254731254180639
SAU,12,9447.0,1348.0,14.269080131258601,24.269080131258605
SAU,13,11082628.0,215193.0,1.9417145464054195,11.94171454640542
SAU,14,34308131.0,4270.0,0.012446029193487688,10.012446029193487
SAU,15,198818174.0,19582766.0,9.849585481053658,21.269752633378477
SAU,16,51222507.0,497623.0,0.971492863478939,21.55361079847185
SAU,17,10185039.0,17242.0,0.16928752064670544,29.304096920983806
SAU,18,2579288.0,15074.0,0.5844248490281039,13.523169960082008
SAU,19,0.0,0.0,0.0,0.0
SAU,20,320027.0,1112.0,0.34747068216119265,11.46287656978942
SAU,21,264213629.0,0.0,0.0,10.0
SDN,1,0.0,0.0,0.0,0.0
SDN,2,13114399.0,0.0,0.0,10.0
SDN,3,0.0,0.0,0.0,0.0
SDN,4,0.0,0.0,0.0,0.0
SDN,5,0.0,0.0,0.0,0.0
SDN,6,0.0,0.0,0.0,0.0
SDN,7,0.0,0.0,0.0,0.0
SDN,8,0.0,0.0,0.0,0.0
SDN,9,0.0,0.0,0.0,0.0
SDN,10,0.0,0.0,0.0,0.0
SDN,11,0.0,0.0,0.0,0.0
SDN,12,0.0,0.0,0.0,0.0
SDN,13,0.0,0.0,0.0,0.0
SDN,14,0.0,0.0,0.0,0.0
SDN,15,0.0,0.0,0.0,0.0
SDN,16,0.0,0.0,0.0,0.0
SDN,17,0.0,0.0,0.0,0.0
SDN,18,0.0,0.0,0.0,0.0
SDN,19,0.0,0.0,0.0,0.0
SDN,20,0.0,0.0,0.0,0.0
SDN,21,19492.0,0.0,0.0,10.0
SEN,1,965061.0,330.0,0.03419472965957592,10.034194729659577
SEN,2,445349.0,48.0,0.010778063945355217,10.010778063945356
SEN,3,8191.0,117.0,1.4283970211207424,11.428397021120745
SEN,4,53619041.0,584.0,0.0010891653209538007,10.001089165320954
SEN,5,102052545.0,112891.0,0.11062046517311254,10.110620465173112
SEN,6,16425711.0,0.0,0.0,10.0
SEN,7,7729.0,308.0,3.984991590115151,13.98499159011515
SEN,8,41755.0,971.0,2.325470003592384,12.325470003592383
SEN,9,163047.0,502.0,0.30788668298098093,10.30788668298098
SEN,10,28066.0,0.0,0.0,10.0
SEN,11,1675752.0,111852.0,6.6747346862781605,16.674734686278164
SEN,12,53607091.0,20381.0,0.03801922398661774,10.038019223986618
SEN,13,0.0,0.0,0.0,0.0
SEN,14,4659.0,0.0,0.0,10.0
SEN,15,150451.0,2335.0,1.5520003190407508,15.440575336820626
SEN,16,793658.0,11931.0,1.5032923501054611,16.828073301094427
SEN,17,445933.0,10066.0,2.2572897722303575,24.78158153803374
SEN,18,137463.0,130.0,0.09457090271563984,10.09457090271564
SEN,19,0.0,0.0,0.0,0.0
SEN,20,57574.0,245.0,0.4255393059367075,18.151248827595783
SEN,21,4464015.0,0.0,0.0,10.0
SGP,1,13779932.0,50501.0,0.3664822148614376,10.358302929216196
SGP,2,8872159.0,5853.0,0.06597041374033084,10.065970413740331
SGP,3,9152489.0,3847.0,0.04203228214751201,10.042032282147511
SGP,4,2795576139.0,1066932.0,0.038165013111810656,10.038165013111811
SGP,5,1926620208.0,181560.0,0.009423756651471809,9.998455320883876
SGP,6,19549757204.0,2580942.0,0.013201913318247879,9.692980527207165
SGP,7,563174725.0,2373708.0,0.4214869550475654,10.421477171227812
SGP,8,687606.0,51934.0,7.552871848122327,17.552871848122333
SGP,9,1288291.0,35758.0,2.775615136642265,11.935199423111706
SGP,10,22867408.0,0.0,0.0,9.675552646806318
SGP,11,6551795.0,523857.0,7.995625626259674,17.995625626259674
SGP,12,755361.0,52251.0,6.9173547482594415,16.950504460781005
SGP,13,97489227.0,4478156.0,4.593488057916389,14.593488057916389
SGP,14,324517819.0,1137516.0,0.350524973791963,10.350524973791964
SGP,15,156276184.0,1438236.0,0.9203168155168161,19.839751590043946
SGP,16,6827714889.0,16898128.0,0.24749316974591673,7.591561495707323
SGP,17,143103505.0,1014152.0,0.7086842492082915,21.609269947650827
SGP,18,5055524503.0,1099926.0,0.021756911658667517,10.081788896434906
SGP,19,90501.0,636.0,0.7027546656943018,10.702754665694302
SGP,20,75103727.0,141418.0,0.18829691368046222,10.282151576845182
SGP,21,5063944614.0,0.0,0.0,10.0
SHN,1,8554977.0,0.0,0.0,10.0
SHN,2,0.0,0.0,0.0,0.0
SHN,3,0.0,0.0,0.0,0.0
SHN,4,0.0,0.0,0.0,0.0
SHN,5,0.0,0.0,0.0,0.0
SHN,6,38889.0,0.0,0.0,10.0
SHN,7,4804.0,192.0,3.996669442131557,13.996669442131557
SHN,8,0.0,0.0,0.0,0.0
SHN,9,0.0,0.0,0.0,0.0
SHN,10,0.0,0.0,0.0,0.0
SHN,11,2979.0,199.0,6.680093991272239,16.680093991272237
SHN,12,0.0,0.0,0.0,0.0
SHN,13,0.0,0.0,0.0,0.0
SHN,14,13693.0,0.0,0.0,10.0
SHN,15,3538.0,0.0,0.0,50.0
SHN,16,260445.0,3270.0,1.2555433968784198,11.384783735529574
SHN,17,0.0,0.0,0.0,0.0
SHN,18,822601.0,1823.0,0.2216141239799125,10.367492867137289
SHN,19,0.0,0.0,0.0,0.0
SHN,20,0.0,0.0,0.0,0.0
SHN,21,916665.0,0.0,0.0,10.0
SJM,1,0.0,0.0,0.0,0.0
SJM,2,0.0,0.0,0.0,0.0
SJM,3,0.0,0.0,0.0,0.0
SJM,4,0.0,0.0,0.0,0.0
SJM,5,0.0,0.0,0.0,0.0
SJM,6,0.0,0.0,0.0,0.0
SJM,7,0.0,0.0,0.0,0.0
SJM,8,0.0,0.0,0.0,0.0
SJM,9,0.0,0.0,0.0,0.0
SJM,10,0.0,0.0,0.0,0.0
SJM,11,0.0,0.0,0.0,0.0
SJM,12,0.0,0.0,0.0,0.0
SJM,13,0.0,0.0,0.0,0.0
SJM,14,0.0,0.0,0.0,0.0
SJM,15,0.0,0.0,0.0,0.0
SJM,16,25130.0,410.0,1.631516116195782,11.63151611619578
SJM,17,5842.0,58.0,0.9928106812735364,16.916295789113317
SJM,18,9616.0,0.0,0.0,10.0
SJM,19,0.0,0.0,0.0,0.0
SJM,20,0.0,0.0,0.0,0.0
SJM,21,1267.0,0.0,0.0,10.0
SLB,1,331708.0,0.0,0.0,5.487687966524775
SLB,2,474313.0,288.0,0.06071939837196113,10.060719398371962
SLB,3,0.0,0.0,0.0,0.0
SLB,4,50594.0,1907.0,3.769221646835593,13.769221646835593
SLB,5,0.0,0.0,0.0,0.0
SLB,6,119544.0,4423.0,3.699892926453858,13.699892926453858
SLB,7,6041.0,181.0,2.9961926833305745,12.996192683330577
SLB,8,5817.0,524.0,9.00807976620251,19.00807976620251
SLB,9,8353.0,0.0,0.0,10.0
SLB,10,0.0,0.0,0.0,0.0
SLB,11,0.0,0.0,0.0,0.0
SLB,12,2761.0,0.0,0.0,10.0
SLB,13,0.0,0.0,0.0,0.0
SLB,14,155502.0,0.0,0.0,10.0
SLB,15,0.0,0.0,0.0,0.0
SLB,16,6823.0,0.0,0.0,10.0
SLB,17,3074.0,77.0,2.504879635653871,27.50487963565387
SLB,18,0.0,0.0,0.0,0.0
SLB,19,0.0,0.0,0.0,0.0
SLB,20,12400.0,0.0,0.0,10.0
SLB,21,168969.0,0.0,0.0,10.0
SLE,1,682538.0,0.0,0.0,10.0
SLE,2,3812.0,0.0,0.0,10.0
SLE,3,1452836.0,0.0,0.0,10.0
SLE,4,2579990.0,7545.0,0.2924429939650929,10.292442993965093
SLE,5,11816200.0,0.0,0.0,10.0
SLE,6,199395.0,2829.0,1.4187918453321295,11.41879184533213
SLE,7,368073.0,12088.0,3.2841311370298825,13.56455105373119
SLE,8,18151.0,477.0,2.6279543826786402,12.62795438267864
SLE,9,352514.0,13382.0,3.796161287211288,13.796161287211287
SLE,10,22717.0,0.0,0.0,10.0
SLE,11,45413.0,6430.0,14.158941272322902,24.158941272322902
SLE,12,310.0,31.0,10.0,20.0
SLE,13,40412.0,937.0,2.318618232208255,12.318618232208259
SLE,14,4663595.0,0.0,0.0,10.0
SLE,15,233911.0,5955.0,2.5458400844765743,25.332840268307177
SLE,16,3428137.0,38124.0,1.1120909111858714,13.859889496831661
SLE,17,754277.0,20009.0,2.652738980507161,14.192458473478576
SLE,18,587333.0,250.0,0.04256529089971107,11.404177868432388
SLE,19,0.0,0.0,0.0,0.0
SLE,20,246226.0,1920.0,0.7797714294997279,12.890515217726804
SLE,21,583057.0,0.0,0.0,10.0
SLV,1,10664371.0,3896.0,0.03653286255701344,10.036532862557014
SLV,2,93746508.0,2171.0,0.002315819592981533,10.00231581959298
SLV,3,840759.0,0.0,0.0,10.0
SLV,4,292063491.0,6034135.0,2.0660353607839332,12.066035360783934
SLV,5,1279381.0,8.0,0.0006253023923287903,10.00062530239233
SLV,6,24060861.0,224077.0,0.9312925252342383,9.826142963046916
SLV,7,25413357.0,37914.0,0.1491892629533359,10.149189262953339
SLV,8,4798393.0,11572.0,0.24116407305529164,10.241164073055293
SLV,9,2594564.0,9112.0,0.3511958078505676,10.351195807850567
SLV,10,13935604.0,0.0,0.0,10.0
SLV,11,1366122668.0,14119883.0,1.0335735824273724,11.033573582427374
SLV,12,13892779.0,57383.0,0.41304191191697504,10.413041911916975
SLV,13,38034264.0,0.0,0.0,10.0
SLV,14,8186722.0,44856.0,0.5479116061349096,10.54791160613491
SLV,15,32255423.0,502478.0,1.5578093643354174,17.200733346451546
SLV,16,130777662.0,125072.0,0.09563712799820508,18.271812276319793
SLV,17,10155013.0,1494.0,0.014711945715874516,10.092279054689541
SLV,18,4195255.0,256.0,0.006102132051567784,10.006102132051568
SLV,19,86979.0,0.0,0.0,10.0
SLV,20,38904740.0,17398.0,0.044719486622966764,10.970184995452996
SLV,21,189938309.0,0.0,0.0,10.0
SMR,1,0.0,0.0,0.0,0.0
SMR,2,0.0,0.0,0.0,0.0
SMR,3,0.0,0.0,0.0,0.0
SMR,4,807366.0,55958.0,6.9309334304392305,16.930933430439232
SMR,5,0.0,0.0,0.0,0.0
SMR,6,28941.0,482.0,1.6654573096990428,11.665457309699043
SMR,7,561926.0,21645.0,3.851930681264081,13.851930681264083
SMR,8,143455.0,5739.0,4.000557666167091,14.00055766616709
SMR,9,2928.0,94.0,3.210382513661202,13.210382513661202
SMR,10,816846.0,0.0,0.0,10.0
SMR,11,135548.0,21683.0,15.996547348540737,25.996547348540737
SMR,12,14956.0,1172.0,7.836319871623429,17.836319871623434
SMR,13,1269842.0,107774.0,8.487197619861368,18.48719761986137
SMR,14,7031.0,594.0,8.448300384013654,18.448300384013656
SMR,15,2294305.0,199401.0,8.691128686029103,38.7235306552529
SMR,16,14698893.0,147383.0,1.0026809501912832,15.007484577239932
SMR,17,33181.0,607.0,1.8293601760043399,23.95874144841927
SMR,18,24648.0,121.0,0.49091204154495294,14.72654982148653
SMR,19,0.0,0.0,0.0,0.0
SMR,20,1372618.0,544.0,0.039632293908429005,10.899474580691788
SMR,21,3008015.0,0.0,0.0,10.0
SOM,1,0.0,0.0,0.0,0.0
SOM,2,505922.0,4320.0,0.8538865674945941,10.853886567494593
SOM,3,189075.0,183.0,0.0967869892899643,10.096786989289964
SOM,4,0.0,0.0,0.0,0.0
SOM,5,0.0,0.0,0.0,0.0
SOM,6,52166.0,882.0,1.6907564313920944,11.690756431392094
SOM,7,19049.0,570.0,2.9922830594781877,12.992283059478188
SOM,8,0.0,0.0,0.0,0.0
SOM,9,0.0,0.0,0.0,0.0
SOM,10,2900.0,0.0,0.0,10.0
SOM,11,20713.0,1515.0,7.314247091198764,17.314247091198766
SOM,12,0.0,0.0,0.0,0.0
SOM,13,100979.0,4221.0,4.180077045722378,27.86099089909783
SOM,14,27288.0,0.0,0.0,10.0
SOM,15,17498.0,349.0,1.9945136587038517,26.99451365870385
SOM,16,609379.0,6994.0,1.1477257995434695,10.442417608745952
SOM,17,481225.0,12092.0,2.5127539092939895,27.512753909293988
SOM,18,5929.0,37.0,0.6240512734019228,10.624051273401925
SOM,19,0.0,0.0,0.0,0.0
SOM,20,103335.0,0.0,0.0,10.0
SOM,21,347274.0,0.0,0.0,10.0
SRB,1,1310651.0,2604.0,0.19867989266402725,10.198679892664027
SRB,2,36262032.0,235997.0,0.6508101917730369,10.650810191773036
SRB,3,753126.0,60058.0,7.974495635524467,17.974495635524466
SRB,4,60461514.0,1004404.0,1.6612286619220287,11.661228661922028
SRB,5,18506641.0,0.0,0.0,10.0
SRB,6,6217539.0,136857.0,2.20114421477694,12.20114421477694
SRB,7,189990911.0,608160.0,0.3200995230766592,23.34785451920908
SRB,8,56102.0,8151.0,14.528893800577519,24.52889380057752
SRB,9,1420072.0,12069.0,0.8498864846289484,10.849886484628948
SRB,10,3716196.0,0.0,0.0,10.0
SRB,11,12050306.0,1656199.0,13.744041022692702,23.744041022692702
SRB,12,2769142.0,260681.0,9.413782319577688,19.42000807470328
SRB,13,18561574.0,1008298.0,5.4321794046129925,15.432179404612992
SRB,14,1384255.0,119726.0,8.649128953841597,18.6491289538416
SRB,15,47269407.0,477209.0,1.0095514843247346,26.667019854934928
SRB,16,230271159.0,2758935.0,1.1981244251261185,14.006714774905875
SRB,17,27218732.0,638906.0,2.347302585587014,22.91007127003565
SRB,18,22036036.0,146567.0,0.6651241629846675,10.692018065318102
SRB,19,79741752.0,94688.0,0.11874331529610736,10.118743315296108
SRB,20,14923670.0,76961.0,0.5156975462470023,10.638099073485275
SRB,21,16018137.0,0.0,0.0,10.0
SSD,1,0.0,0.0,0.0,0.0
SSD,2,583600.0,0.0,0.0,10.0
SSD,3,0.0,0.0,0.0,0.0
SSD,4,9614.0,108.0,1.1233617640940294,11.12336176409403
SSD,5,0.0,0.0,0.0,0.0
SSD,6,0.0,0.0,0.0,0.0
SSD,7,0.0,0.0,0.0,0.0
SSD,8,0.0,0.0,0.0,0.0
SSD,9,0.0,0.0,0.0,0.0
SSD,10,38161.0,0.0,0.0,10.0
SSD,11,0.0,0.0,0.0,0.0
SSD,12,2624.0,262.0,9.984756097560975,19.98475609756097
SSD,13,0.0,0.0,0.0,0.0
SSD,14,0.0,0.0,0.0,0.0
SSD,15,0.0,0.0,0.0,0.0
SSD,16,17747.0,0.0,0.0,0.0
SSD,17,0.0,0.0,0.0,0.0
SSD,18,0.0,0.0,0.0,0.0
SSD,19,0.0,0.0,0.0,0.0
SSD,20,2579.0,0.0,0.0,10.0
SSD,21,150877.0,0.0,0.0,10.0
STP,1,0.0,0.0,0.0,0.0
STP,2,0.0,0.0,0.0,0.0
STP,3,0.0,0.0,0.0,0.0
STP,4,72368.0,0.0,0.0,10.0
STP,5,2145.0,54.0,2.5174825174825175,12.517482517482517
STP,6,0.0,0.0,0.0,0.0
STP,7,9447.0,284.0,3.00624536890018,13.00624536890018
STP,8,0.0,0.0,0.0,0.0
STP,9,0.0,0.0,0.0,0.0
STP,10,4323.0,0.0,0.0,10.0
STP,11,0.0,0.0,0.0,0.0
STP,12,0.0,0.0,0.0,0.0
STP,13,35381.0,0.0,0.0,10.0
STP,14,0.0,0.0,0.0,0.0
STP,15,10537.0,506.0,4.8021258422700965,23.931859162949607
STP,16,363872.0,1111.0,0.30532714800809074,10.5851370811714
STP,17,7195.0,180.0,2.501737317581654,27.501737317581654
STP,18,15708.0,5.0,0.03183091418385536,10.031830914183855
STP,19,0.0,0.0,0.0,0.0
STP,20,0.0,0.0,0.0,0.0
STP,21,51315.0,0.0,0.0,10.0
SUR,1,47915951.0,1060.0,0.002212206953797077,10.002212206953796
SUR,2,3049.0,0.0,0.0,10.0
SUR,3,0.0,0.0,0.0,0.0
SUR,4,25852.0,0.0,0.0,10.0
SUR,5,23739249.0,1710.0,0.007203260726571427,10.001937719259779
SUR,6,0.0,0.0,0.0,0.0
SUR,7,376632.0,9743.0,2.586875252235604,14.232871874933622
SUR,8,1314.0,118.0,8.980213089802131,18.98021308980213
SUR,9,3420635.0,1984.0,0.058000926728516776,9.89192357559342
SUR,10,0.0,0.0,0.0,0.0
SUR,11,3205.0,27.0,0.8424336973478939,10.842433697347891
SUR,12,0.0,0.0,0.0,0.0
SUR,13,0.0,0.0,0.0,0.0
SUR,14,1210748.0,0.0,0.0,10.0
SUR,15,2386612.0,4610.0,0.193160848935646,10.462412826215573
SUR,16,4632760.0,81680.0,1.7630958650998543,15.641189053609512
SUR,17,1705981.0,42650.0,2.50002784321748,26.533475460746637
SUR,18,381857.0,0.0,0.0,10.0
SUR,19,0.0,0.0,0.0,0.0
SUR,20,0.0,0.0,0.0,0.0
SUR,21,7519241.0,0.0,0.0,10.0
SVK,1,3747306308.0,233501981.0,6.23119547237183,16.23119547237183
SVK,2,1969196437.0,19497004.0,0.9900994961022267,10.990099496102227
SVK,3,2457111.0,196567.0,7.999923487380098,17.999923487380098
SVK,4,1228024202.0,26986607.0,2.197563122619956,12.197563122619956
SVK,5,53167877.0,158520.0,0.2981499524609568,7.4973813605534785
SVK,6,1948349794.0,19243341.0,0.987673828347478,10.961788517529415
SVK,7,324374823.0,13074356.0,4.030632180106037,27.641159606890945
SVK,8,57134671.0,1747375.0,3.0583443807701283,13.058344380770128
SVK,9,256980724.0,130339.0,0.05071936835231269,10.05061371840481
SVK,10,18993550.0,0.0,0.0,9.88866799518784
SVK,11,129264751.0,9727084.0,7.524931525996596,17.524931525996596
SVK,12,24304704.0,2140345.0,8.8062993896161,18.810581688219692
SVK,13,40291578.0,3145137.0,7.805941479879492,17.8200775606257
SVK,14,10429719.0,1328.0,0.012732845439076547,10.012732845439077
SVK,15,159110936.0,2538964.0,1.5957193539481158,11.370443198197263
SVK,16,997375445.0,13100508.0,1.313498148132171,14.768125798404832
SVK,17,7674218002.0,175123239.0,2.2819685204976015,24.695706283768406
SVK,18,75098626.0,134880.0,0.17960381858384467,11.018124486059174
SVK,19,4563196.0,127740.0,2.799353786249813,12.799353786249814
SVK,20,71687302.0,568953.0,0.793659384754081,18.55245647269582
SVK,21,66625738.0,0.0,0.0,10.0
SVN,1,3917836181.0,233644314.0,5.9636060112233675,15.962718015952694
SVN,2,439794898.0,10418988.0,2.369056132160951,12.369056132160951
SVN,3,539488.0,20733.0,3.84308826146272,13.84308826146272
SVN,4,2219793608.0,74730796.0,3.366565059502595,13.366565059502593
SVN,5,51974858.0,157687.0,0.30339092027918574,7.5900059217093006
SVN,6,5738852741.0,6975304.0,0.12154526897277637,10.11086800597869
SVN,7,66795179.0,3485413.0,5.218060722615924,15.859590630036337
SVN,8,163464.0,3395.0,2.0769099006509077,12.076909900650907
SVN,9,261825894.0,183496.0,0.07008321338912338,10.068782692669808
SVN,10,419432155.0,0.0,0.0,9.975701028453576
SVN,11,116512143.0,1418532.0,1.21749713246627,11.21749713246627
SVN,12,2862374.0,145594.0,5.086477168951367,15.09423296885732
SVN,13,30111881.0,1107834.0,3.6790594383658735,13.679059438365872
SVN,14,932615.0,49305.0,5.286747478863196,15.286747478863196
SVN,15,1286355385.0,25820936.0,2.007294119579559,11.486057525230477
SVN,16,442361019.0,7317639.0,1.6542232895073425,16.80124015402903
SVN,17,69464848.0,854757.0,1.2304885486829251,15.225507295430921
SVN,18,82005253.0,87493.0,0.10669194569767379,12.10184004919782
SVN,19,6181578.0,170175.0,2.752937842084982,12.752937842084982
SVN,20,90622490.0,581226.0,0.6413705913399643,16.37793427437273
SVN,21,31538870.0,0.0,0.0,10.0
SWE,1,627166378.0,3570233.0,0.5692640940646854,10.569264094064684
SWE,2,23391552.0,318621.0,1.3621199653618536,11.362119965361854
SWE,3,7000045.0,96366.0,1.3766482929752595,11.37664829297526
SWE,4,309711234.0,7055493.0,2.2780875297536025,12.278087529753602
SWE,5,368999353.0,1691727.0,0.45846340549003617,10.151992244821091
SWE,6,3350159725.0,15830370.0,0.472525828600605,9.961558567181452
SWE,7,500829404.0,22648056.0,4.522109887941005,12.042611729322504
SWE,8,6141839.0,281345.0,4.580794123714412,14.580794123714412
SWE,9,361799214.0,2507576.0,0.6930849772382314,10.686201490752824
SWE,10,717715959.0,0.0,0.0,9.99995404867401
SWE,11,42452553.0,1652079.0,3.8915892761502473,13.891589276150247
SWE,12,2610135.0,23714.0,0.9085353822694995,10.92963773904415
SWE,13,45544163.0,1477012.0,3.24303248255984,13.264534140192675
SWE,14,105696747.0,62242.0,0.05888733737472544,10.058887337374726
SWE,15,1225705188.0,36361246.0,2.966557240353298,16.244356036779703
SWE,16,4633612998.0,42218617.0,0.9111381770170007,13.043601863402749
SWE,17,4279358153.0,100678931.0,2.352664287503491,26.453714665279623
SWE,18,1086111972.0,5515764.0,0.5078448762371253,11.76192647658247
SWE,19,66537459.0,239081.0,0.3593178994106162,10.359317899410616
SWE,20,171818428.0,1316565.0,0.7662536640132687,21.30500192912951
SWE,21,457223300.0,0.0,0.0,10.0
SWZ,1,128611.0,0.0,0.0,10.0
SWZ,2,2004.0,0.0,0.0,10.0
SWZ,3,0.0,0.0,0.0,0.0
SWZ,4,14636431.0,366.0,0.0025006096089955263,10.002500609608996
SWZ,5,0.0,0.0,0.0,0.0
SWZ,6,1260319.0,21904.0,1.7379726878671193,11.73797268786712
SWZ,7,236306.0,9772.0,4.135316073227087,7.947491811464795
SWZ,8,2265.0,357.0,15.761589403973511,25.76158940397351
SWZ,9,13209.0,247.0,1.869937164054811,11.86993716405481
SWZ,10,36295.0,0.0,0.0,10.0
SWZ,11,3751197.0,37465.0,0.9987478663477285,10.998747866347728
SWZ,12,0.0,0.0,0.0,0.0
SWZ,13,143219.0,7746.0,5.408500268819081,15.40850026881908
SWZ,14,47287.0,1920.0,4.060312559477235,14.060312559477234
SWZ,15,252957.0,1645.0,0.6503081551409924,13.020276173420779
SWZ,16,982469.0,17136.0,1.7441771699666861,22.414875176723132
SWZ,17,12427.0,311.0,2.5026152731954614,27.502615273195463
SWZ,18,788314.0,9193.0,1.1661596774889194,11.472243293915875
SWZ,19,0.0,0.0,0.0,0.0
SWZ,20,1455.0,0.0,0.0,10.0
SWZ,21,271406.0,0.0,0.0,10.0
SXM,1,62360.0,0.0,0.0,10.0
SXM,2,0.0,0.0,0.0,0.0
SXM,3,0.0,0.0,0.0,0.0
SXM,4,72485.0,0.0,0.0,10.0
SXM,5,0.0,0.0,0.0,0.0
SXM,6,0.0,0.0,0.0,0.0
SXM,7,35371.0,0.0,0.0,10.0
SXM,8,2080.0,346.0,16.634615384615383,26.634615384615383
SXM,9,0.0,0.0,0.0,0.0
SXM,10,0.0,0.0,0.0,0.0
SXM,11,6197.0,519.0,8.375020171050508,18.375020171050508
SXM,12,0.0,0.0,0.0,0.0
SXM,13,0.0,0.0,0.0,0.0
SXM,14,240269.0,4636.0,1.929504014250694,11.929504014250696
SXM,15,1121986.0,549.0,0.048931091831805384,10.226963616301807
SXM,16,829739.0,358.0,0.04314609774881017,9.401860102996244
SXM,17,2500.0,63.0,2.52,27.52
SXM,18,21595.0,80.0,0.37045612410280154,10.370456124102802
SXM,19,0.0,0.0,0.0,0.0
SXM,20,18153.0,440.0,2.4238417892359387,12.423841789235938
SXM,21,99028664.0,0.0,0.0,10.0
SYC,1,3381058.0,0.0,0.0,10.0
SYC,2,0.0,0.0,0.0,0.0
SYC,3,0.0,0.0,0.0,0.0
SYC,4,0.0,0.0,0.0,0.0
SYC,5,0.0,0.0,0.0,0.0
SYC,6,187301.0,12035.0,6.425486249406036,6.540328134927202
SYC,7,199915.0,6957.0,3.479978991071205,13.479978991071205
SYC,8,52863.0,2186.0,4.135217448877286,14.135217448877288
SYC,9,18855.0,622.0,3.2988597189074516,13.298859718907453
SYC,10,0.0,0.0,0.0,0.0
SYC,11,29496.0,2098.0,7.112828858150258,17.112828858150255
SYC,12,98097.0,2427.0,2.474081776201107,12.474081776201107
SYC,13,124770.0,1754.0,1.4057866474312735,11.405786647431274
SYC,14,0.0,0.0,0.0,0.0
SYC,15,64902.0,96.0,0.14791531848017012,9.657175433730856
SYC,16,2201448.0,12009.0,0.5455045951573692,10.243335295678117
SYC,17,132620.0,3491.0,2.632332981450762,24.822801990649975
SYC,18,219532.0,0.0,0.0,10.0
SYC,19,0.0,0.0,0.0,0.0
SYC,20,491110.0,0.0,0.0,10.0
SYC,21,340267.0,0.0,0.0,10.0
SYR,1,66251.0,5992.0,9.044391782765542,19.044391782765544
SYR,2,2670875.0,11379.0,0.42604015537979123,10.42604015537979
SYR,3,171789.0,1784.0,1.038483255621722,11.038483255621722
SYR,4,1722666.0,101387.0,5.885470543912749,15.88547054391275
SYR,5,0.0,0.0,0.0,0.0
SYR,6,16823.0,0.0,0.0,10.0
SYR,7,8470.0,289.0,3.412042502951594,13.412042502951596
SYR,8,1634.0,221.0,13.525091799265606,23.525091799265606
SYR,9,25827.0,643.0,2.489642622062183,10.456886204359778
SYR,10,23293.0,0.0,0.0,10.0
SYR,11,22868.0,2296.0,10.040230890327093,20.04023089032709
SYR,12,375.0,55.0,14.666666666666666,24.666666666666668
SYR,13,1013090.0,48901.0,4.826915673829571,14.82691567382957
SYR,14,0.0,0.0,0.0,0.0
SYR,15,46203.0,1386.0,2.9998052074540613,39.26649784646019
SYR,16,142948.0,238.0,0.16649410974620144,10.166494109746202
SYR,17,2300.0,74.0,3.217391304347826,13.217391304347826
SYR,18,58510.0,731.0,1.249359083917279,11.249359083917279
SYR,19,0.0,0.0,0.0,0.0
SYR,20,45049.0,295.0,0.654842504828076,10.654842504828075
SYR,21,4636079.0,0.0,0.0,10.0
TCA,1,3226185.0,0.0,0.0,10.0
TCA,2,0.0,0.0,0.0,0.0
TCA,3,0.0,0.0,0.0,0.0
TCA,4,27850.0,186.0,0.6678635547576302,10.66786355475763
TCA,5,0.0,0.0,0.0,0.0
TCA,6,0.0,0.0,0.0,0.0
TCA,7,56644.0,58.0,0.10239389873596498,10.102393898735965
TCA,8,0.0,0.0,0.0,0.0
TCA,9,0.0,0.0,0.0,0.0
TCA,10,0.0,0.0,0.0,0.0
TCA,11,1982.0,289.0,14.581231079717458,24.58123107971746
TCA,12,1193.0,107.0,8.968985750209555,18.968985750209555
TCA,13,5732.0,298.0,5.198883461270063,15.198883461270063
TCA,14,92587.0,493.0,0.5324721613185437,10.532472161318545
TCA,15,414137.0,375.0,0.09054974561558132,11.91632237641167
TCA,16,1015659.0,3911.0,0.3850701859580824,14.626641421973318
TCA,17,7300.0,0.0,0.0,10.0
TCA,18,60000.0,0.0,0.0,10.0
TCA,19,0.0,0.0,0.0,0.0
TCA,20,84338.0,0.0,0.0,10.0
TCA,21,5655614.0,0.0,0.0,10.0
TCD,1,0.0,0.0,0.0,0.0
TCD,2,3818463.0,0.0,0.0,10.0
TCD,3,0.0,0.0,0.0,0.0
TCD,4,0.0,0.0,0.0,0.0
TCD,5,76437992.0,98315.0,0.12862059484765115,10.128620594847652
TCD,6,10933.0,0.0,0.0,10.0
TCD,7,249299.0,0.0,0.0,10.0
TCD,8,0.0,0.0,0.0,0.0
TCD,9,0.0,0.0,0.0,0.0
TCD,10,10000.0,0.0,0.0,10.0
TCD,11,2615.0,396.0,15.1434034416826,25.1434034416826
TCD,12,0.0,0.0,0.0,0.0
TCD,13,0.0,0.0,0.0,0.0
TCD,14,34430.0,570.0,1.6555329654371187,11.655532965437118
TCD,15,5000.0,145.0,2.9000000000000004,12.9
TCD,16,2883.0,0.0,0.0,10.0
TCD,17,0.0,0.0,0.0,0.0
TCD,18,0.0,0.0,0.0,0.0
TCD,19,0.0,0.0,0.0,0.0
TCD,20,3991.0,136.0,3.4076672513154596,13.407667251315459
TCD,21,163735.0,0.0,0.0,10.0
TGO,1,524665.0,0.0,0.0,10.0
TGO,2,5854901.0,11983.0,0.20466614209189876,10.204666142091899
TGO,3,4857052.0,0.0,0.0,10.0
TGO,4,70021418.0,39583.0,0.05652984633930149,10.056529846339302
TGO,5,0.0,0.0,0.0,0.0
TGO,6,157412.0,0.0,0.0,10.0
TGO,7,22010.0,0.0,0.0,10.0
TGO,8,9368.0,238.0,2.5405636208368914,12.540563620836892
TGO,9,2224.0,0.0,0.0,10.0
TGO,10,0.0,0.0,0.0,0.0
TGO,11,1659619.0,2550.0,0.15364972321960643,10.153649723219607
TGO,12,5912433.0,150.0,0.0025370266352278325,10.002537026635228
TGO,13,0.0,0.0,0.0,0.0
TGO,14,575603.0,905.0,0.15722642168300027,10.157226421683
TGO,15,5535.0,0.0,0.0,10.0
TGO,16,62193.0,0.0,0.0,5.517582364574792
TGO,17,29954.0,749.0,2.5005007678440276,27.500500767844027
TGO,18,0.0,0.0,0.0,0.0
TGO,19,0.0,0.0,0.0,0.0
TGO,20,2511.0,0.0,0.0,10.0
TGO,21,270414.0,0.0,0.0,10.0
THA,1,290558598.0,332328.0,0.11437555188093247,10.114375551880931
THA,2,1095993451.0,13588876.0,1.2398683575710527,11.239868357571053
THA,3,4791119.0,121935.0,2.5450213196541354,12.545021319654136
THA,4,3279989986.0,86353595.0,2.6327395927604518,12.632739592760451
THA,5,44758411.0,15647.0,0.03495879243791742,6.968698911138736
THA,6,629152164.0,8695676.0,1.382126057504906,10.796117773505744
THA,7,6414193470.0,185266394.0,2.8883817562802636,20.395111009178837
THA,8,387699863.0,11460371.0,2.9559904693595414,12.955990469359541
THA,9,214112162.0,2668428.0,1.2462757720413846,9.51537708539882
THA,10,143703990.0,0.0,0.0,9.903659320802436
THA,11,1322880530.0,186724067.0,14.11496070624004,24.11496070624004
THA,12,137227081.0,10913846.0,7.9531284353414184,17.97279160955118
THA,13,570963690.0,12472797.0,2.184516672154756,12.684355602367638
THA,14,1803025551.0,70622014.0,3.9168615198398813,13.916861519839879
THA,15,2460111659.0,93163439.0,3.7869597771781462,27.751722798936584
THA,16,37795679737.0,251861763.0,0.6663771223393039,7.215288194778366
THA,17,2532911205.0,37138538.0,1.4662392399184005,20.243265624070713
THA,18,1776479009.0,11742917.0,0.6610219957853721,11.015215398472519
THA,19,4838142.0,94571.0,1.9546966583452903,11.954696658345291
THA,20,1649948052.0,21896342.0,1.3270928120105445,14.12400777512479
THA,21,723361094.0,0.0,0.0,10.0
TJK,1,71285.0,352.0,0.49379252297117204,10.493792522971171
TJK,2,126285.0,898.0,0.711089994852912,10.711089994852912
TJK,3,0.0,0.0,0.0,0.0
TJK,4,2625.0,391.0,14.895238095238096,24.895238095238096
TJK,5,0.0,0.0,0.0,0.0
TJK,6,28748.0,0.0,0.0,10.0
TJK,7,35000.0,2030.0,5.800000000000001,15.8
TJK,8,0.0,0.0,0.0,0.0
TJK,9,12206.0,391.0,3.203342618384401,13.2033426183844
TJK,10,13160.0,0.0,0.0,10.0
TJK,11,1535.0,254.0,16.547231270358306,26.547231270358303
TJK,12,0.0,0.0,0.0,0.0
TJK,13,0.0,0.0,0.0,0.0
TJK,14,424434.0,0.0,0.0,10.0
TJK,15,3443140.0,0.0,0.0,10.0
TJK,16,102128.0,1796.0,1.7585774714084286,8.67656274479085
TJK,17,29800.0,625.0,2.097315436241611,27.09731543624161
TJK,18,71910.0,0.0,0.0,10.0
TJK,19,0.0,0.0,0.0,0.0
TJK,20,11943.0,0.0,0.0,10.0
TJK,21,411764.0,0.0,0.0,10.0
TKL,1,0.0,0.0,0.0,0.0
TKL,2,0.0,0.0,0.0,0.0
TKL,3,0.0,0.0,0.0,0.0
TKL,4,0.0,0.0,0.0,0.0
TKL,5,0.0,0.0,0.0,0.0
TKL,6,0.0,0.0,0.0,0.0
TKL,7,5470.0,0.0,0.0,10.0
TKL,8,0.0,0.0,0.0,0.0
TKL,9,0.0,0.0,0.0,0.0
TKL,10,0.0,0.0,0.0,0.0
TKL,11,0.0,0.0,0.0,0.0
TKL,12,0.0,0.0,0.0,0.0
TKL,13,0.0,0.0,0.0,0.0
TKL,14,0.0,0.0,0.0,0.0
TKL,15,0.0,0.0,0.0,0.0
TKL,16,0.0,0.0,0.0,0.0
TKL,17,0.0,0.0,0.0,0.0
TKL,18,3399.0,0.0,0.0,10.0
TKL,19,0.0,0.0,0.0,0.0
TKL,20,0.0,0.0,0.0,0.0
TKL,21,174186.0,0.0,0.0,10.0
TKM,1,0.0,0.0,0.0,0.0
TKM,2,0.0,0.0,0.0,0.0
TKM,3,0.0,0.0,0.0,0.0
TKM,4,0.0,0.0,0.0,0.0
TKM,5,0.0,0.0,0.0,0.0
TKM,6,10023566.0,9.0,8.978840464561214e-05,10.000089788404646
TKM,7,29561.0,790.0,2.672440039240892,12.672440039240893
TKM,8,6160.0,370.0,6.0064935064935066,16.006493506493506
TKM,9,0.0,0.0,0.0,0.0
TKM,10,0.0,0.0,0.0,0.0
TKM,11,9993.0,402.0,4.022815971179826,14.022815971179826
TKM,12,521.0,52.0,9.980806142034549,19.98080614203455
TKM,13,0.0,0.0,0.0,0.0
TKM,14,0.0,0.0,0.0,0.0
TKM,15,0.0,0.0,0.0,0.0
TKM,16,435112.0,6729.0,1.546498372832742,21.716121366452775
TKM,17,0.0,0.0,0.0,0.0
TKM,18,20982.0,61.0,0.29072538366218664,10.290725383662188
TKM,19,0.0,0.0,0.0,0.0
TKM,20,0.0,0.0,0.0,0.0
TKM,21,4136189.0,0.0,0.0,10.0
TLS,1,0.0,0.0,0.0,0.0
TLS,2,4588829.0,0.0,0.0,10.0
TLS,3,171600.0,0.0,0.0,10.0
TLS,4,0.0,0.0,0.0,0.0
TLS,5,0.0,0.0,0.0,0.0
TLS,6,0.0,0.0,0.0,0.0
TLS,7,496597.0,93.0,0.01872745908654301,10.018727459086543
TLS,8,0.0,0.0,0.0,0.0
TLS,9,0.0,0.0,0.0,0.0
TLS,10,0.0,0.0,0.0,0.0
TLS,11,781.0,44.0,5.633802816901409,15.633802816901408
TLS,12,0.0,0.0,0.0,0.0
TLS,13,0.0,0.0,0.0,0.0
TLS,14,5785.0,318.0,5.496974935177183,15.496974935177182
TLS,15,100800.0,3427.0,3.3998015873015874,13.399801587301589
TLS,16,342815.0,520.0,0.15168531131951635,3.918410804661406
TLS,17,0.0,0.0,0.0,0.0
TLS,18,6393.0,0.0,0.0,10.0
TLS,19,0.0,0.0,0.0,0.0
TLS,20,122442.0,7347.0,6.000392022345274,16.000392022345274
TLS,21,76634.0,0.0,0.0,10.0
TON,1,598307.0,0.0,0.0,8.293685348825937
TON,2,325644.0,0.0,0.0,10.0
TON,3,0.0,0.0,0.0,0.0
TON,4,0.0,0.0,0.0,0.0
TON,5,0.0,0.0,0.0,0.0
TON,6,0.0,0.0,0.0,0.0
TON,7,426572.0,845.0,0.19809082640210798,10.19809082640211
TON,8,0.0,0.0,0.0,0.0
TON,9,3440.0,0.0,0.0,10.0
TON,10,149280.0,0.0,0.0,9.708601286173634
TON,11,38135.0,4939.0,12.951357021109217,22.951357021109217
TON,12,11531.0,953.0,8.264677824993495,18.264677824993495
TON,13,29832.0,852.0,2.8559935639581657,12.855993563958164
TON,14,0.0,0.0,0.0,0.0
TON,15,56557.0,189.0,0.3341761408844175,47.98963877150485
TON,16,322888.0,506.0,0.15671068605832364,10.592279675924779
TON,17,0.0,0.0,0.0,0.0
TON,18,187256.0,0.0,0.0,10.0
TON,19,0.0,0.0,0.0,0.0
TON,20,193153.0,8829.0,4.570987766175001,14.570987766175001
TON,21,439742.0,0.0,0.0,10.0
TTO,1,12839059.0,0.0,0.0,10.0
TTO,2,1864135.0,46.0,0.002467632440783527,10.002467632440784
TTO,3,165356.0,222.0,0.13425578751300227,10.134255787513002
TTO,4,45559081.0,2237.0,0.0049101078224119575,10.004910107822411
TTO,5,1675185650.0,301158.0,0.017977589528659108,1.4021177473672843
TTO,6,784656508.0,47577.0,0.006063417497328653,10.005495168849093
TTO,7,9044024.0,62244.0,0.6882334677572727,10.688233467757273
TTO,8,2710.0,542.0,20.0,30.0
TTO,9,498938.0,0.0,0.0,0.0
TTO,10,5123971.0,0.0,0.0,9.992857102430907
TTO,11,8813.0,229.0,2.5984341313968002,12.5984341313968
TTO,12,51416.0,7643.0,14.865022561070484,24.86502256107049
TTO,13,2944.0,144.0,4.891304347826087,14.891304347826088
TTO,14,8466417.0,4368.0,0.05159207253788705,10.051592072537886
TTO,15,625220485.0,12646.0,0.0020226464588728246,10.009666861763174
TTO,16,3992800.0,15580.0,0.3902023642556602,11.817982368262875
TTO,17,31362.0,337.0,1.0745488170397297,13.416714495249028
TTO,18,3530301.0,6719.0,0.1903237146067715,10.190323714606771
TTO,19,0.0,0.0,0.0,0.0
TTO,20,54982.0,16.0,0.029100432868938927,10.029100432868939
TTO,21,71611680.0,0.0,0.0,10.0
TUN,1,4229610.0,915.0,0.02163320022413414,10.021633200224134
TUN,2,27184409.0,447276.0,1.6453401653867112,11.645340165386711
TUN,3,474820130.0,530491.0,0.11172462296406853,10.111724622964068
TUN,4,11247898.0,359859.0,3.1993444464023413,13.19934444640234
TUN,5,23356076.0,0.0,0.0,10.0
TUN,6,75262684.0,6510.0,0.008649704812546946,10.008649704812546
TUN,7,25818912.0,1108725.0,4.294235946115778,14.294235946115778
TUN,8,10061192.0,1025991.0,10.197509400476603,20.1975094004766
TUN,9,5858576.0,32318.0,0.5516357558560305,10.551635755856031
TUN,10,1298730.0,0.0,0.0,9.926443525598085
TUN,11,96392577.0,15481013.0,16.060378798670357,26.060378798670357
TUN,12,5605109.0,473358.0,8.445116767577579,18.445116767577577
TUN,13,3493508.0,101642.0,2.9094537639530236,12.909453763953024
TUN,14,233449.0,839.0,0.3593932721922133,10.359393272192213
TUN,15,20117542.0,310311.0,1.5424896341710135,16.50649020640792
TUN,16,248456503.0,3004290.0,1.2091814718973164,15.539868058917339
TUN,17,18811429.0,284240.0,1.5109963203752357,20.876220514666908
TUN,18,43532855.0,281614.0,0.6468999104239774,10.655769992572276
TUN,19,0.0,0.0,0.0,0.0
TUN,20,19670977.0,632748.0,3.2166577186278036,15.37498035811846
TUN,21,21053469.0,0.0,0.0,10.0
TUR,1,144246122.0,1324116.0,0.9179560473729755,10.917470765695871
TUR,2,453722581.0,9752312.0,2.1493997452156783,12.149399745215678
TUR,3,274768622.0,3967064.0,1.443783489950319,11.443783489950318
TUR,4,1173490923.0,39708280.0,3.3837739365283523,13.383773936528353
TUR,5,1699478069.0,2136752.0,0.1257298954882836,9.690805030329576
TUR,6,501947004.0,5679824.0,1.131558502140198,10.564487481232183
TUR,7,764415452.0,30109483.0,3.9388898957003295,15.504940067590367
TUR,8,87758670.0,5851685.0,6.667928080496206,16.66792808049621
TUR,9,62095947.0,1815953.0,2.924430800612478,11.422931999088444
TUR,10,205562726.0,0.0,0.0,9.9838300937885
TUR,11,2579531582.0,218482909.0,8.469867573034428,18.469867573034428
TUR,12,26072461.0,2425288.0,9.302106157144124,19.30374006504411
TUR,13,755857510.0,31499876.0,4.1674357379871765,14.230718439246571
TUR,14,677599469.0,31483252.0,4.646292306938038,14.646292306938038
TUR,15,1362459247.0,105537149.0,7.746077486896017,30.36728399847691
TUR,16,3024510891.0,29448653.0,0.9736666211925371,14.89246454989869
TUR,17,1330637123.0,19168415.0,1.4405441324817148,19.620642013307183
TUR,18,101144020.0,171394.0,0.16945539637439763,12.4439936241411
TUR,19,424473403.0,9640749.0,2.2712256956179657,12.271225695617966
TUR,20,303057771.0,1816095.0,0.5992570307659262,11.803019134592658
TUR,21,624691361.0,0.0,0.0,10.0
TUV,1,0.0,0.0,0.0,0.0
TUV,2,0.0,0.0,0.0,0.0
TUV,3,0.0,0.0,0.0,0.0
TUV,4,0.0,0.0,0.0,0.0
TUV,5,0.0,0.0,0.0,0.0
TUV,6,0.0,0.0,0.0,0.0
TUV,7,0.0,0.0,0.0,0.0
TUV,8,0.0,0.0,0.0,0.0
TUV,9,0.0,0.0,0.0,0.0
TUV,10,0.0,0.0,0.0,0.0
TUV,11,2433.0,224.0,9.20674064940403,19.20674064940403
TUV,12,788.0,39.0,4.949238578680204,14.949238578680204
TUV,13,0.0,0.0,0.0,0.0
TUV,14,61457.0,0.0,0.0,10.0
TUV,15,43670.0,391.0,0.895351499885505,48.21708266544539
TUV,16,14501.0,68.0,0.4689331770222743,4.231432315012758
TUV,17,0.0,0.0,0.0,0.0
TUV,18,12281.0,0.0,0.0,10.0
TUV,19,0.0,0.0,0.0,0.0
TUV,20,57294.0,0.0,0.0,10.0
TUV,21,30595.0,0.0,0.0,10.0
TWN,1,156399172.0,116980.0,0.07479579239716179,10.074795792397161
TWN,2,113850261.0,669152.0,0.5877474448653218,10.587747444865322
TWN,3,18262228.0,53890.0,0.295089952879791,10.295089952879792
TWN,4,598167427.0,23374754.0,3.9077276603361417,13.907727660336143
TWN,5,426434465.0,1368783.0,0.32098320195578,8.370098415942998
TWN,6,2002750053.0,30658578.0,1.5308239764655245,10.636031120354687
TWN,7,3336529639.0,140515403.0,4.211423790681932,14.713609308656887
TWN,8,115361249.0,10864421.0,9.417738707041911,19.417738707041913
TWN,9,49998283.0,1990820.0,3.981776734213053,12.946470181786042
TWN,10,300688876.0,0.0,0.0,9.992117599987303
TWN,11,671772925.0,49992293.0,7.44184398321799,17.44184398321799
TWN,12,91798657.0,4282172.0,4.664743624735164,14.798713340653775
TWN,13,384850617.0,9941104.0,2.5831072007869484,15.738315329243708
TWN,14,154181067.0,2840592.0,1.8423740704816889,11.84237407048169
TWN,15,7221942753.0,456687412.0,6.323608862868537,32.2811581631766
TWN,16,88500434852.0,191337617.0,0.21619963486052407,3.0354759008161984
TWN,17,3323108728.0,96249646.0,2.8963736632814743,19.834918923844494
TWN,18,2639567019.0,15909075.0,0.6027153273807442,11.248565041644051
TWN,19,146682335.0,1483134.0,1.0111197098137277,11.011119709813729
TWN,20,2525080491.0,43101975.0,1.7069544972378465,22.366026004435987
TWN,21,2496261146.0,0.0,0.0,10.0
TZA,1,1259130.0,65.0,0.005162294600239848,10.00516229460024
TZA,2,51913833.0,8615.0,0.01659480624364608,10.016594806243646
TZA,3,1768788.0,182.0,0.010289531588861978,10.010289531588862
TZA,4,8498269.0,419090.0,4.931474868587944,14.931474868587943
TZA,5,0.0,0.0,0.0,0.0
TZA,6,20030.0,0.0,0.0,10.0
TZA,7,1757317.0,96340.0,5.4822209083506275,15.482220908350625
TZA,8,4481.0,9.0,0.2008480249944209,10.20084802499442
TZA,9,6535141.0,10822.0,0.16559703914575064,10.165597039145752
TZA,10,63683.0,0.0,0.0,10.0
TZA,11,79342936.0,4349.0,0.005481269309217395,10.005481269309218
TZA,12,3968.0,401.0,10.105846774193548,20.105846774193548
TZA,13,65383.0,1059.0,1.6196870746218437,11.619687074621845
TZA,14,40482879.0,7670.0,0.01894628096978972,10.01894628096979
TZA,15,108243.0,2502.0,2.311465868462626,11.941926960634868
TZA,16,2331616.0,1151.0,0.04936490399791389,18.315704644332513
TZA,17,11377.0,184.0,1.6172980574843985,21.343500043948318
TZA,18,116201.0,2530.0,2.1772618135816386,12.177261813581639
TZA,19,0.0,0.0,0.0,0.0
TZA,20,35319.0,30.0,0.08494011721736175,10.084940117217362
TZA,21,11943714.0,0.0,0.0,10.0
UGA,1,1408510.0,344.0,0.02442297179288752,10.024422971792887
UGA,2,110685080.0,88467.0,0.079926761583404,10.079926761583405
UGA,3,98301.0,1729.0,1.7588834294666382,11.758883429466637
UGA,4,6245352.0,34717.0,0.5558854008549078,10.555885400854908
UGA,5,1931507.0,0.0,0.0,10.0
UGA,6,7712009.0,0.0,0.0,9.991467852280774
UGA,7,7802.0,368.0,4.716739297615996,14.716739297615996
UGA,8,42369.0,3974.0,9.37949916212325,19.379499162123253
UGA,9,260786.0,1272.0,0.48775624458368166,10.487756244583684
UGA,10,50730.0,0.0,0.0,10.0
UGA,11,11535.0,809.0,7.013437364542696,17.013437364542696
UGA,12,18450.0,162.0,0.878048780487805,10.878048780487806
UGA,13,0.0,0.0,0.0,0.0
UGA,14,17574.0,1933.0,10.999203368612722,20.99920336861272
UGA,15,31750.0,870.0,2.7401574803149606,7.070866141732283
UGA,16,267375.0,216.0,0.08078541374474053,5.745264142122487
UGA,17,0.0,0.0,0.0,0.0
UGA,18,135852.0,0.0,0.0,10.0
UGA,19,0.0,0.0,0.0,0.0
UGA,20,33204.0,0.0,0.0,10.0
UGA,21,3160080.0,0.0,0.0,10.0
UKR,1,40996327.0,867104.0,2.115077284850421,12.115077284850422
UKR,2,8288346.0,33187.0,0.4004055815237443,10.400405581523744
UKR,3,71603625.0,3390095.0,4.734529850967741,14.73452985096774
UKR,4,77535329.0,515682.0,0.665092941051427,10.665092941051427
UKR,5,32724300.0,10858.0,0.033180236093667395,10.004019031728715
UKR,6,81407798.0,2340049.0,2.87447770052692,11.31020605667285
UKR,7,21062670.0,640661.0,3.041689396453536,18.62049137170169
UKR,8,1854985.0,60712.0,3.2729105626191046,13.272910562619105
UKR,9,12602375.0,171469.0,1.3606086154395503,11.005758041638977
UKR,10,4825348.0,0.0,0.0,9.992864763328987
UKR,11,50875137.0,4413088.0,8.674351088233925,18.674351088233923
UKR,12,7471628.0,184630.0,2.4710812690353428,12.499219714900153
UKR,13,2112802.0,80949.0,3.831357600002272,13.831357600002272
UKR,14,2238935.0,34681.0,1.5489953928988558,11.548995392898856
UKR,15,558615868.0,337339.0,0.0603883669126277,10.34354886961428
UKR,16,88031389.0,1389149.0,1.5780155417063795,11.47817126911402
UKR,17,29512235.0,144855.0,0.4908303285061264,12.652036519768835
UKR,18,11043753.0,76344.0,0.6912867392090352,11.684804069775918
UKR,19,270821.0,140.0,0.05169466178767526,10.051694661787677
UKR,20,32210836.0,421428.0,1.3083423230617175,28.149617414462636
UKR,21,28764412.0,0.0,0.0,10.0
URY,1,608562108.0,98724502.0,16.22258446626782,26.222584466267822
URY,2,52585465.0,609718.0,1.159480095878205,11.159480095878205
URY,3,81272670.0,364391.0,0.4483561325104737,10.448356132510474
URY,4,85184231.0,2333537.0,2.739400206594575,12.739400206594578
URY,5,207588.0,906.0,0.43644141279842763,10.436441412798427
URY,6,21413686.0,403460.0,1.8841221450618075,11.817370909426803
URY,7,599878.0,24784.0,4.13150673970374,14.13150673970374
URY,8,2968809.0,58395.0,1.9669503831334385,11.966950383133439
URY,9,87738002.0,2945171.0,3.3567791981403907,13.35677919814039
URY,10,189558838.0,0.0,0.0,10.0
URY,11,4316599.0,274636.0,6.3623236719463625,16.362323671946363
URY,12,1595187.0,147805.0,9.265684838203923,19.26568483820392
URY,13,295008.0,8296.0,2.8121271287558303,12.812127128755831
URY,14,12781017.0,81921.0,0.6409583838281414,10.640958383828142
URY,15,1697582.0,8099.0,0.4770903555763433,18.270999574689178
URY,16,7447845.0,153340.0,2.058850580268521,24.620666112143848
URY,17,1667475.0,715.0,0.04287920358626066,10.299920538538808
URY,18,36669756.0,1648.0,0.004494166800564476,10.004494166800564
URY,19,0.0,0.0,0.0,0.0
URY,20,1676842.0,969.0,0.05778719760120512,10.08665097844639
URY,21,33412268.0,0.0,0.0,10.0
UZB,1,577314.0,9147.0,1.5844064062191459,11.584406406219147
UZB,2,7092678.0,48395.0,0.6823233763044086,10.682323376304408
UZB,3,468696.0,10203.0,2.1768907778176043,12.176890777817604
UZB,4,894159.0,12253.0,1.370337937659857,11.370337937659857
UZB,5,0.0,0.0,0.0,0.0
UZB,6,2309069.0,3290.0,0.1424816668536107,10.118675535464725
UZB,7,498761.0,5360.0,1.0746630149510488,11.233817399516001
UZB,8,3587.0,517.0,14.413158628380263,24.413158628380263
UZB,9,5000.0,0.0,0.0,10.0
UZB,10,87738.0,0.0,0.0,10.0
UZB,11,1288065.0,152320.0,11.825490173244363,21.82549017324436
UZB,12,88682.0,241.0,0.2717575156176,10.2717575156176
UZB,13,456352.0,14347.0,3.143845102026506,13.143845102026505
UZB,14,6663505.0,78.0,0.0011705551357731403,10.001170555135774
UZB,15,12177853.0,746922.0,6.133445690303537,18.089714993275088
UZB,16,844709.0,2325.0,0.2752427167225636,14.168808429885322
UZB,17,53338.0,175.0,0.3280962915744872,12.293580561700852
UZB,18,337925.0,728.0,0.2154324184360435,11.989672264555743
UZB,19,0.0,0.0,0.0,0.0
UZB,20,42601.0,351.0,0.823924321025328,11.246449613858829
UZB,21,8547553.0,0.0,0.0,10.0
VAT,1,0.0,0.0,0.0,0.0
VAT,2,0.0,0.0,0.0,0.0
VAT,3,0.0,0.0,0.0,0.0
VAT,4,0.0,0.0,0.0,0.0
VAT,5,0.0,0.0,0.0,0.0
VAT,6,0.0,0.0,0.0,0.0
VAT,7,0.0,0.0,0.0,0.0
VAT,8,0.0,0.0,0.0,0.0
VAT,9,0.0,0.0,0.0,0.0
VAT,10,0.0,0.0,0.0,0.0
VAT,11,0.0,0.0,0.0,0.0
VAT,12,0.0,0.0,0.0,0.0
VAT,13,24557.0,0.0,0.0,10.0
VAT,14,125564.0,3988.0,3.1760695740817435,13.176069574081744
VAT,15,0.0,0.0,0.0,0.0
VAT,16,0.0,0.0,0.0,0.0
VAT,17,0.0,0.0,0.0,0.0
VAT,18,0.0,0.0,0.0,0.0
VAT,19,0.0,0.0,0.0,0.0
VAT,20,0.0,0.0,0.0,0.0
VAT,21,20478.0,0.0,0.0,10.0
VCT,1,2016681.0,0.0,0.0,10.0
VCT,2,12782.0,442.0,3.457987795337193,13.457987795337193
VCT,3,0.0,0.0,0.0,0.0
VCT,4,70799.0,32.0,0.04519837850817102,10.045198378508172
VCT,5,0.0,0.0,0.0,0.0
VCT,6,0.0,0.0,0.0,0.0
VCT,7,15147.0,0.0,0.0,10.0
VCT,8,0.0,0.0,0.0,0.0
VCT,9,0.0,0.0,0.0,0.0
VCT,10,5000.0,0.0,0.0,10.0
VCT,11,635.0,111.0,17.480314960629922,27.480314960629922
VCT,12,2111.0,174.0,8.242539081004264,18.242539081004264
VCT,13,0.0,0.0,0.0,0.0
VCT,14,2609338.0,0.0,0.0,10.0
VCT,15,464141.0,0.0,0.0,9.953139240015426
VCT,16,82283.0,582.0,0.7073149982377891,18.156241264902835
VCT,17,12496.0,312.0,2.496798975672215,27.496798975672217
VCT,18,0.0,0.0,0.0,0.0
VCT,19,0.0,0.0,0.0,0.0
VCT,20,50048.0,0.0,0.0,10.0
VCT,21,2922419.0,0.0,0.0,10.0
VEN,1,50772774.0,663145.0,1.306103542816077,11.306103542816077
VEN,2,11989999.0,6552.0,0.054645542505883445,10.054645542505883
VEN,3,2941882.0,148687.0,5.054145611550701,15.054145611550702
VEN,4,105361463.0,667631.0,0.6336576780449603,10.63365767804496
VEN,5,4970963264.0,3301852.0,0.06642278014629882,0.7815853655843875
VEN,6,482103319.0,2412430.0,0.5003968869170967,10.500396886917096
VEN,7,2448560.0,69524.0,2.8393831476459632,12.839383147645961
VEN,8,17296.0,298.0,1.7229417206290472,11.722941720629047
VEN,9,2336452.0,3234.0,0.13841499846776223,10.040766940643335
VEN,10,4236562.0,0.0,0.0,10.0
VEN,11,105100.0,19617.0,18.665080875356804,28.665080875356804
VEN,12,137910.0,11727.0,8.50337176419404,18.50337176419404
VEN,13,3351012.0,1112.0,0.03318400530944085,10.066755953126995
VEN,14,3016754.0,3254.0,0.10786428061419658,10.107864280614196
VEN,15,4803655.0,71258.0,1.4834121101536226,11.087449036202642
VEN,16,19292646.0,667814.0,3.4614951209906613,13.676949237548857
VEN,17,526318.0,11847.0,2.2509205461337065,15.578110571935598
VEN,18,64831.0,226.0,0.3485986642192778,10.348598664219278
VEN,19,0.0,0.0,0.0,0.0
VEN,20,256435.0,10310.0,4.0205120205900124,14.020512020590013
VEN,21,20214535.0,0.0,0.0,10.0
VGB,1,0.0,0.0,0.0,0.0
VGB,2,0.0,0.0,0.0,0.0
VGB,3,0.0,0.0,0.0,0.0
VGB,4,5540.0,0.0,0.0,10.0
VGB,5,0.0,0.0,0.0,0.0
VGB,6,0.0,0.0,0.0,0.0
VGB,7,15888.0,42.0,0.26435045317220546,10.264350453172206
VGB,8,693.0,18.0,2.5974025974025974,12.597402597402596
VGB,9,0.0,0.0,0.0,0.0
VGB,10,18318.0,0.0,0.0,10.0
VGB,11,79665.0,6748.0,8.470470093516601,18.4704700935166
VGB,12,33918.0,2794.0,8.237514004363465,18.237514004363465
VGB,13,0.0,0.0,0.0,0.0
VGB,14,1370585.0,5709.0,0.4165374639296359,10.416537463929636
VGB,15,7800.0,0.0,0.0,10.0
VGB,16,719437.0,238.0,0.0330814233907903,9.373322472989297
VGB,17,3381.0,0.0,0.0,10.0
VGB,18,43067.0,535.0,1.2422504469779645,11.242250446977964
VGB,19,0.0,0.0,0.0,0.0
VGB,20,17520.0,0.0,0.0,10.0
VGB,21,86283597.0,0.0,0.0,10.0
VNM,1,1121355845.0,897427.0,0.08003052768677547,10.07784645738392
VNM,2,1944337599.0,7118262.0,0.36610216269340373,10.366102162693403
VNM,3,151783222.0,8036563.0,5.294763738774764,15.294763738774764
VNM,4,1623495571.0,30637486.0,1.8871308642455176,11.887130864245517
VNM,5,240160090.0,333.0,0.0001386575096636581,9.309820253648306
VNM,6,918038755.0,7780208.0,0.847481433395478,10.630498643818147
VNM,7,5060371868.0,215775538.0,4.2640253251838685,17.716636470321948
VNM,8,1458515522.0,166777877.0,11.43476874152869,21.434768741528693
VNM,9,1120353035.0,36352035.0,3.244694651092724,12.276255591167295
VNM,10,937889222.0,0.0,0.0,9.91280051195641
VNM,11,16282176349.0,2847045087.0,17.485654411149138,27.485654411149138
VNM,12,9390217587.0,1210023281.0,12.885998325269691,22.918855612882187
VNM,13,839439803.0,24524082.0,2.921481911193101,12.92927389338959
VNM,14,232278788.0,9360204.0,4.0297282763504,14.0297282763504
VNM,15,3961692398.0,334664118.0,8.447503853881996,29.21744880885626
VNM,16,75067314081.0,312619586.0,0.41645233991277963,5.760727582025662
VNM,17,1223546864.0,28675606.0,2.343645907133803,21.492553549628482
VNM,18,1635648314.0,11521229.0,0.7043830205666082,11.021954062919665
VNM,19,1578194.0,44624.0,2.8275357782376562,12.827535778237657
VNM,20,16285886559.0,83604250.0,0.5133539994713897,11.547098526612057
VNM,21,1865079425.0,0.0,0.0,10.0
VUT,1,1444210.0,0.0,0.0,10.0
VUT,2,11605370.0,1211.0,0.010434824568281752,10.010434824568282
VUT,3,21122.0,0.0,0.0,10.0
VUT,4,271123.0,0.0,0.0,10.0
VUT,5,0.0,0.0,0.0,0.0
VUT,6,0.0,0.0,0.0,0.0
VUT,7,0.0,0.0,0.0,0.0
VUT,8,2419.0,244.0,10.086812732534105,20.086812732534103
VUT,9,27349.0,1231.0,4.501078650042049,14.501078650042048
VUT,10,0.0,0.0,0.0,0.0
VUT,11,1937.0,182.0,9.395973154362416,19.395973154362416
VUT,12,0.0,0.0,0.0,0.0
VUT,13,0.0,0.0,0.0,0.0
VUT,14,0.0,0.0,0.0,0.0
VUT,15,12453.0,455.0,3.6537380550871275,13.653738055087128
VUT,16,15775.0,584.0,3.7020602218700476,28.70206022187005
VUT,17,0.0,0.0,0.0,0.0
VUT,18,0.0,0.0,0.0,0.0
VUT,19,0.0,0.0,0.0,0.0
VUT,20,6675.0,0.0,0.0,10.0
VUT,21,258588.0,0.0,0.0,10.0
WSM,1,0.0,0.0,0.0,0.0
WSM,2,427207.0,16670.0,3.902089619318035,13.902089619318035
WSM,3,3408378.0,0.0,0.0,10.0
WSM,4,259252.0,0.0,0.0,10.0
WSM,5,0.0,0.0,0.0,0.0
WSM,6,0.0,0.0,0.0,0.0
WSM,7,147090.0,7753.0,5.2709225644163435,15.270922564416344
WSM,8,0.0,0.0,0.0,0.0
WSM,9,5400.0,0.0,0.0,10.0
WSM,10,46502.0,0.0,0.0,10.0
WSM,11,13753.0,1259.0,9.15436632007562,19.15436632007562
WSM,12,1026.0,103.0,10.038986354775828,20.03898635477583
WSM,13,0.0,0.0,0.0,0.0
WSM,14,1072586.0,0.0,0.0,10.0
WSM,15,10401.0,0.0,0.0,10.0
WSM,16,26491.0,0.0,0.0,17.8362462723189
WSM,17,22911.0,0.0,0.0,10.0
WSM,18,16290.0,880.0,5.402087170042972,15.402087170042972
WSM,19,0.0,0.0,0.0,0.0
WSM,20,55049.0,0.0,0.0,11.453250740249596
WSM,21,205338.0,0.0,0.0,10.0
YEM,1,343110.0,30760.0,8.965054938649413,18.965054938649413
YEM,2,3874294.0,5758.0,0.14862062610633062,10.14862062610633
YEM,3,79892.0,1406.0,1.7598758323737047,11.759875832373703
YEM,4,2502879.0,144639.0,5.778905012987044,15.778905012987044
YEM,5,0.0,0.0,0.0,0.0
YEM,6,57319.0,1026.0,1.789982379315759,11.371273050820845
YEM,7,5167.0,84.0,1.6257015676407975,11.6257015676408
YEM,8,4380.0,180.0,4.10958904109589,14.10958904109589
YEM,9,7182.0,363.0,5.054302422723475,15.054302422723476
YEM,10,2600.0,0.0,0.0,10.0
YEM,11,24644.0,2512.0,10.193150462587242,20.19315046258724
YEM,12,2050.0,241.0,11.75609756097561,21.75609756097561
YEM,13,29754.0,0.0,0.0,10.0
YEM,14,59695.0,0.0,0.0,10.0
YEM,15,51904.0,495.0,0.9536837237977805,42.50963316892725
YEM,16,18764.0,0.0,0.0,7.860264335962482
YEM,17,215021.0,4425.0,2.0579385269345782,12.057938526934578
YEM,18,0.0,0.0,0.0,0.0
YEM,19,51210.0,77.0,0.15036125756688148,10.150361257566882
YEM,20,427068.0,1332.0,0.3118941245890584,10.311894124589058
YEM,21,1160746.0,0.0,0.0,10.0
ZAF,1,51780800.0,3183.0,0.00614706609399623,10.004456478076817
ZAF,2,281618526.0,339105.0,0.12041288789360399,10.120412887893606
ZAF,3,12468210.0,682172.0,5.471290586218871,15.471290586218869
ZAF,4,264087057.0,1989028.0,0.7531713301648101,10.75317133016481
ZAF,5,500003562.0,10229.0,0.0020457854258246265,7.240963535375773
ZAF,6,614885933.0,909530.0,0.14791849206281973,9.641662545563552
ZAF,7,76129654.0,824614.0,1.0831705605807693,15.855027595422934
ZAF,8,18190801.0,66480.0,0.3654594429349208,10.36545944293492
ZAF,9,15277514.0,5590.0,0.036589722647284106,10.01957975623521
ZAF,10,34575947.0,0.0,0.0,9.99891861240995
ZAF,11,24996256.0,2008026.0,8.033307068066515,18.033307068066513
ZAF,12,5788634.0,61194.0,1.0571405965552494,11.940050105085241
ZAF,13,35255071.0,130015.0,0.36878382687131733,10.368783826871317
ZAF,14,8592375623.0,419370.0,0.004880722379936858,10.004880722379935
ZAF,15,721408312.0,28009317.0,3.8825886164727192,10.796951012951457
ZAF,16,415548025.0,1244354.0,0.2994489024463538,15.391057279119543
ZAF,17,2672173185.0,1032794.0,0.03864996497223663,23.923858599007684
ZAF,18,35983801.0,59270.0,0.16471300516585227,11.985019731517525
ZAF,19,8709270.0,10670.0,0.12251313829976565,10.122513138299766
ZAF,20,15713717.0,87038.0,0.5538982278985933,25.910525180006744
ZAF,21,193891119.0,0.0,0.0,10.0
ZMB,1,799381.0,1360.0,0.17013163935595166,10.17013163935595
ZMB,2,9255188.0,0.0,0.0,10.0
ZMB,3,0.0,0.0,0.0,0.0
ZMB,4,1694936.0,944700.0,55.73661778379832,65.73661778379834
ZMB,5,13998.0,0.0,0.0,0.0
ZMB,6,0.0,0.0,0.0,0.0
ZMB,7,0.0,0.0,0.0,0.0
ZMB,8,34376.0,21.0,0.061089131952525015,10.061089131952524
ZMB,9,3108.0,0.0,0.0,0.0
ZMB,10,7969.0,0.0,0.0,10.0
ZMB,11,23595.0,1612.0,6.831955922865014,16.831955922865014
ZMB,12,0.0,0.0,0.0,0.0
ZMB,13,5000.0,275.0,5.5,15.5
ZMB,14,133825699.0,4770.0,0.0035643378182541757,10.003564337818254
ZMB,15,27698169.0,0.0,0.0,0.4735544071523284
ZMB,16,413104.0,5048.0,1.2219683179054186,13.856220225415392
ZMB,17,180807.0,2729.0,1.509344217867671,25.163544553031684
ZMB,18,17175.0,0.0,0.0,10.0
ZMB,19,0.0,0.0,0.0,0.0
ZMB,20,3197.0,0.0,0.0,10.0
ZMB,21,1316115.0,0.0,0.0,10.0
ZWE,1,121451.0,0.0,0.0,10.0
ZWE,2,5545194.0,11449.0,0.20646707761712213,10.206467077617122
ZWE,3,74932.0,456.0,0.6085517535899215,10.60855175358992
ZWE,4,54484815.0,2340160.0,4.295068268103691,14.295068268103691
ZWE,5,537113.0,1237.0,0.23030535473913313,10.230305354739134
ZWE,6,39902.0,476.0,1.19292266051827,11.19292266051827
ZWE,7,10550.0,511.0,4.843601895734597,14.843601895734597
ZWE,8,986482.0,2665.0,0.2701519135676069,10.270151913567608
ZWE,9,60829.0,1454.0,2.390307254763353,12.390307254763353
ZWE,10,436318.0,0.0,0.0,10.0
ZWE,11,383047.0,40071.0,10.461118348401111,20.46111834840111
ZWE,12,89332.0,10800.0,12.089732682577353,22.089732682577356
ZWE,13,134464.0,3803.0,2.828266301761066,12.828266301761063
ZWE,14,158008.0,2386.0,1.5100501240443522,11.510050124044351
ZWE,15,328377.0,1994.0,0.6072288863105516,2.7381333040986426
ZWE,16,80919.0,413.0,0.5103869301400166,3.0624451612105936
ZWE,17,0.0,0.0,0.0,0.0
ZWE,18,12120.0,0.0,0.0,10.0
ZWE,19,0.0,0.0,0.0,0.0
ZWE,20,442168.0,254.0,0.05744422934269328,10.057444229342693
ZWE,21,2811173.0,0.0,0.0,10.0
