Country,impVal,hs_code,hs2_code,hs_code_2024,naics_2024,naics_2022_mapped,mapping_source
Australia,17177724.0,0101290090,1,0101290090,112920,112920,direct_2022
Christmas Island,19835.0,0101290090,1,0101290090,112920,112920,direct_2022
New Zealand,2620968.0,0101290090,1,0101290090,112920,112920,direct_2022
Australia,9744.0,0102294058,1,0102294058,1121XX,11211X,direct_2022
Australia,234358.0,0106110000,1,0106110000,112990,112990,direct_2022
Australia,145659.0,0106199120,1,0106199120,112990,112990,direct_2022
New Zealand,57000.0,0106199120,1,0106199120,112990,112990,direct_2022
Australia,2340.0,0106199195,1,0106199195,112990,112990,direct_2022
New Zealand,2500.0,0106199195,1,0106199195,112990,112990,direct_2022
Australia,95389.0,0106390100,1,0106390100,112990,112990,direct_2022
Australia,27293.0,0201201000,2,0201201000,311611,311611,direct_2022
Australia,18252809.0,0201205025,2,0201205025,311611,311611,direct_2022
New Zealand,1085352.0,0201205025,2,0201205025,311611,311611,direct_2022
Australia,407659.0,0201205035,2,0201205035,311611,311611,direct_2022
Australia,4801801.0,0201205045,2,0201205045,311611,311611,direct_2022
New Zealand,238449.0,0201205045,2,0201205045,311611,311611,direct_2022
Australia,34628.0,0201205065,2,0201205065,311611,311611,direct_2022
Australia,412102.0,0201205091,2,0201205091,311611,311611,direct_2022
Australia,379602.0,0201301000,2,0201301000,311611,311611,direct_2022
Australia,169356.0,0201303000,2,0201303000,311611,311611,direct_2022
Australia,84408477.0,0201305025,2,0201305025,311611,311611,direct_2022
New Zealand,21571283.0,0201305025,2,0201305025,311611,311611,direct_2022
Australia,24212370.0,0201305035,2,0201305035,311611,311611,direct_2022
New Zealand,6617251.0,0201305035,2,0201305035,311611,311611,direct_2022
Australia,182697906.0,0201305045,2,0201305045,311611,311611,direct_2022
New Zealand,29830754.0,0201305045,2,0201305045,311611,311611,direct_2022
Australia,21819211.0,0201305055,2,0201305055,311611,311611,direct_2022
New Zealand,707980.0,0201305055,2,0201305055,311611,311611,direct_2022
Australia,40200914.0,0201305065,2,0201305065,311611,311611,direct_2022
New Zealand,4635464.0,0201305065,2,0201305065,311611,311611,direct_2022
Australia,26379870.0,0201305075,2,0201305075,311611,311611,direct_2022
New Zealand,2343352.0,0201305075,2,0201305075,311611,311611,direct_2022
Australia,707636091.0,0201305085,2,0201305085,311611,311611,direct_2022
New Zealand,35601245.0,0201305085,2,0201305085,311611,311611,direct_2022
Australia,417176.0,0201308090,2,0201308090,311611,311611,direct_2022
Australia,1071990.0,0202101090,2,0202101090,311611,311611,direct_2022
Australia,185844.0,0202200200,2,0202200200,311611,311611,direct_2022
Australia,878117.0,0202205025,2,0202205025,311611,311611,direct_2022
New Zealand,404436.0,0202205025,2,0202205025,311611,311611,direct_2022
New Zealand,26532.0,0202205045,2,0202205045,311611,311611,direct_2022
Australia,1306935.0,0202205090,2,0202205090,311611,311611,direct_2022
New Zealand,49950.0,0202205090,2,0202205090,311611,311611,direct_2022
Australia,4548.0,0202208000,2,0202208000,311611,311611,direct_2022
New Zealand,5354.0,0202208000,2,0202208000,311611,311611,direct_2022
Australia,27104.0,0202301000,2,0202301000,311611,311611,direct_2022
Australia,10755.0,0202303000,2,0202303000,311611,311611,direct_2022
New Zealand,15843118.0,0202305015,2,0202305015,311611,311611,direct_2022
Australia,74902737.0,0202305025,2,0202305025,311611,311611,direct_2022
New Zealand,6076098.0,0202305025,2,0202305025,311611,311611,direct_2022
Australia,7374310.0,0202305035,2,0202305035,311611,311611,direct_2022
New Zealand,17895413.0,0202305035,2,0202305035,311611,311611,direct_2022
Australia,29018503.0,0202305045,2,0202305045,311611,311611,direct_2022
New Zealand,16049320.0,0202305045,2,0202305045,311611,311611,direct_2022
Australia,25357334.0,0202305055,2,0202305055,311611,311611,direct_2022
New Zealand,2728882.0,0202305055,2,0202305055,311611,311611,direct_2022
Australia,10422153.0,0202305065,2,0202305065,311611,311611,direct_2022
New Zealand,1112527.0,0202305065,2,0202305065,311611,311611,direct_2022
Australia,30736634.0,0202305075,2,0202305075,311611,311611,direct_2022
New Zealand,5298767.0,0202305075,2,0202305075,311611,311611,direct_2022
Australia,1474744167.0,0202305085,2,0202305085,311611,311611,direct_2022
New Zealand,958017268.0,0202305085,2,0202305085,311611,311611,direct_2022
Australia,154748.0,0202308000,2,0202308000,311611,311611,direct_2022
New Zealand,354235.0,0202308000,2,0202308000,311611,311611,direct_2022
Australia,102536.0,0204100000,2,0204100000,311611,311611,direct_2022
Australia,65738.0,0204210000,2,0204210000,311611,311611,direct_2022
Australia,16646385.0,0204222010,2,0204222010,311611,311611,direct_2022
New Zealand,3361741.0,0204222010,2,0204222010,311611,311611,direct_2022
Australia,10099938.0,0204222020,2,0204222020,311611,311611,direct_2022
New Zealand,3493348.0,0204222020,2,0204222020,311611,311611,direct_2022
Australia,79292620.0,0204222030,2,0204222030,311611,311611,direct_2022
New Zealand,16870192.0,0204222030,2,0204222030,311611,311611,direct_2022
Australia,328665072.0,0204222090,2,0204222090,311611,311611,direct_2022
New Zealand,55893624.0,0204222090,2,0204222090,311611,311611,direct_2022
New Zealand,13203.0,0204224000,2,0204224000,311611,311611,direct_2022
Australia,150098667.0,0204232000,2,0204232000,311611,311611,direct_2022
New Zealand,19959665.0,0204232000,2,0204232000,311611,311611,direct_2022
Australia,13037958.0,0204300000,2,0204300000,311611,311611,direct_2022
New Zealand,8623128.0,0204300000,2,0204300000,311611,311611,direct_2022
Australia,19301000.0,0204410000,2,0204410000,311611,311611,direct_2022
New Zealand,2612230.0,0204410000,2,0204410000,311611,311611,direct_2022
Australia,14103893.0,0204422010,2,0204422010,311611,311611,direct_2022
New Zealand,25334477.0,0204422010,2,0204422010,311611,311611,direct_2022
Australia,9685647.0,0204422020,2,0204422020,311611,311611,direct_2022
New Zealand,11731932.0,0204422020,2,0204422020,311611,311611,direct_2022
Australia,7143012.0,0204422030,2,0204422030,311611,311611,direct_2022
New Zealand,6325028.0,0204422030,2,0204422030,311611,311611,direct_2022
Australia,102130182.0,0204422090,2,0204422090,311611,311611,direct_2022
New Zealand,177113900.0,0204422090,2,0204422090,311611,311611,direct_2022
Australia,56851987.0,0204424000,2,0204424000,311611,311611,direct_2022
New Zealand,11132011.0,0204424000,2,0204424000,311611,311611,direct_2022
Australia,150463296.0,0204432000,2,0204432000,311611,311611,direct_2022
New Zealand,38892419.0,0204432000,2,0204432000,311611,311611,direct_2022
Australia,2087806.0,0204434000,2,0204434000,311611,311611,direct_2022
New Zealand,47846.0,0204434000,2,0204434000,311611,311611,direct_2022
Australia,136590578.0,0204500000,2,0204500000,311611,311611,direct_2022
New Zealand,625308.0,0204500000,2,0204500000,311611,311611,direct_2022
Australia,31684256.0,0206100000,2,0206100000,311611,311611,direct_2022
New Zealand,2076998.0,0206100000,2,0206100000,311611,311611,direct_2022
Australia,28462.0,0206210000,2,0206210000,311611,311611,direct_2022
New Zealand,3120259.0,0206210000,2,0206210000,311611,311611,direct_2022
Australia,54268.0,0206220000,2,0206220000,311611,311611,direct_2022
New Zealand,37786.0,0206220000,2,0206220000,311611,311611,direct_2022
Australia,116227123.0,0206290000,2,0206290000,311611,311611,direct_2022
New Zealand,26161243.0,0206290000,2,0206290000,311611,311611,direct_2022
Australia,10881261.0,0206900020,2,0206900020,311611,311611,direct_2022
New Zealand,5412489.0,0206900020,2,0206900020,311611,311611,direct_2022
Australia,3220164.0,0206900040,2,0206900040,311611,311611,direct_2022
New Zealand,185835.0,0206900040,2,0206900040,311611,311611,direct_2022
Australia,1673411.0,0208600000,2,0208600000,311611,311611,direct_2022
New Zealand,42153117.0,0208902000,2,0208902000,311611,311611,direct_2022
Australia,296370.0,0208909100,2,0208909100,311611,311611,direct_2022
Australia,13994.0,0210200000,2,0210200000,311611,311611,direct_2022
New Zealand,3407.0,0210200000,2,0210200000,311611,311611,direct_2022
New Zealand,74500.0,0210999100,2,0210999100,311611,311611,direct_2022
Australia,1017493.0,0301110090,3,0301110090,112511,112511,direct_2022
Fiji,6820.0,0301110090,3,0301110090,112511,112511,direct_2022
French Polynesia,450331.0,0301110090,3,0301110090,112511,112511,direct_2022
Kiribati,141512.0,0301110090,3,0301110090,112511,112511,direct_2022
Marshall Islands,616676.0,0301110090,3,0301110090,112511,112511,direct_2022
Micronesia,26687.0,0301110090,3,0301110090,112511,112511,direct_2022
Australia,359607.0,0301190000,3,0301190000,112511,112511,direct_2022
Fiji,593577.0,0301190000,3,0301190000,112511,112511,direct_2022
French Polynesia,407603.0,0301190000,3,0301190000,112511,112511,direct_2022
Kiribati,475737.0,0301190000,3,0301190000,112511,112511,direct_2022
Marshall Islands,273053.0,0301190000,3,0301190000,112511,112511,direct_2022
Micronesia,91765.0,0301190000,3,0301190000,112511,112511,direct_2022
New Caledonia,105625.0,0301190000,3,0301190000,112511,112511,direct_2022
Australia,1548495.0,0301910000,3,0301910000,112511,112511,direct_2022
New Zealand,631899.0,0301920000,3,0301920000,112511,112511,direct_2022
Australia,872828.0,0301990390,3,0301990390,112511,112511,direct_2022
New Zealand,6497.0,0301990390,3,0301990390,112511,112511,direct_2022
Australia,451229.0,0302110090,3,0302110090,114111,114111,direct_2022
New Zealand,46506052.0,0302130013,3,0302130013,112511,112511,direct_2022
New Zealand,75120.0,0302130062,3,0302130062,114111,114111,direct_2022
Australia,5018101.0,0302140003,3,0302140003,112511,112511,direct_2022
New Zealand,1553349.0,0302140003,3,0302140003,112511,112511,direct_2022
Australia,44088.0,0302310000,3,0302310000,114111,114111,direct_2022
Fiji,1673780.0,0302310000,3,0302310000,114111,114111,direct_2022
French Polynesia,682313.0,0302310000,3,0302310000,114111,114111,direct_2022
Marshall Islands,6943.0,0302310000,3,0302310000,114111,114111,direct_2022
Australia,13949962.0,0302320000,3,0302320000,114111,114111,direct_2022
Fiji,4590946.0,0302320000,3,0302320000,114111,114111,direct_2022
French Polynesia,8405866.0,0302320000,3,0302320000,114111,114111,direct_2022
Marshall Islands,1341650.0,0302320000,3,0302320000,114111,114111,direct_2022
New Zealand,24169.0,0302320000,3,0302320000,114111,114111,direct_2022
Australia,1385550.0,0302340000,3,0302340000,114111,114111,direct_2022
Fiji,452384.0,0302340000,3,0302340000,114111,114111,direct_2022
French Polynesia,5139526.0,0302340000,3,0302340000,114111,114111,direct_2022
Marshall Islands,8132917.0,0302340000,3,0302340000,114111,114111,direct_2022
New Zealand,417156.0,0302340000,3,0302340000,114111,114111,direct_2022
Australia,9389.0,0302350100,3,0302350100,114111,114111,direct_2022
New Zealand,248150.0,0302350100,3,0302350100,114111,114111,direct_2022
Australia,3573808.0,0302360000,3,0302360000,114111,114111,direct_2022
New Zealand,1118006.0,0302360000,3,0302360000,114111,114111,direct_2022
French Polynesia,6796.0,0302455000,3,0302455000,114111,114111,direct_2022
Australia,2762373.0,0302470090,3,0302470090,114111,114111,direct_2022
Fiji,2717.0,0302470090,3,0302470090,114111,114111,direct_2022
French Polynesia,104602.0,0302470090,3,0302470090,114111,114111,direct_2022
New Zealand,789756.0,0302470090,3,0302470090,114111,114111,direct_2022
Fiji,2916.0,0302791100,3,0302791100,114111,114111,direct_2022
New Zealand,98798.0,0302845000,3,0302845000,114111,114111,direct_2022
Australia,6965.0,0302855000,3,0302855000,114111,114111,direct_2022
New Zealand,4331413.0,0302855000,3,0302855000,114111,114111,direct_2022
New Zealand,20412.0,0302895058,3,0302895058,114111,114111,direct_2022
Australia,2285.0,0302895061,3,0302895061,114111,114111,direct_2022
Fiji,12093.0,0302895061,3,0302895061,114111,114111,direct_2022
Kiribati,2423.0,0302895061,3,0302895061,114111,114111,direct_2022
New Zealand,182297.0,0302895061,3,0302895061,114111,114111,direct_2022
Australia,29990.0,0302895072,3,0302895072,114111,114111,direct_2022
Fiji,2185.0,0302895072,3,0302895072,114111,114111,direct_2022
French Polynesia,6118.0,0302895072,3,0302895072,114111,114111,direct_2022
Australia,2634410.0,0302895077,3,0302895077,114111,114111,direct_2022
Fiji,71318.0,0302895077,3,0302895077,114111,114111,direct_2022
French Polynesia,544436.0,0302895077,3,0302895077,114111,114111,direct_2022
Kiribati,4509.0,0302895077,3,0302895077,114111,114111,direct_2022
New Zealand,1960945.0,0302895077,3,0302895077,114111,114111,direct_2022
New Zealand,835179.0,0303120012,3,0303120012,114111,114111,direct_2022
New Zealand,248462.0,0303540000,3,0303540000,114111,114111,direct_2022
New Zealand,185704.0,0303550000,3,0303550000,114111,114111,direct_2022
New Zealand,103193.0,0303660000,3,0303660000,114111,114111,direct_2022
Fiji,12432.0,0303690000,3,0303690000,114111,114111,direct_2022
Australia,51532294.0,0303830000,3,0303830000,114111,114111,direct_2022
New Zealand,7431302.0,0303830000,3,0303830000,114111,114111,direct_2022
Fiji,16812.0,0303890043,3,0303890043,114111,114111,direct_2022
Australia,56101.0,0303890067,3,0303890067,114111,114111,direct_2022
Fiji,12359.0,0303890080,3,0303890080,114111,114111,direct_2022
Australia,49814.0,0303914040,3,0303914040,114111,114111,direct_2022
Australia,13882.0,0303914095,3,0303914095,114111,114111,direct_2022
New Zealand,4776.0,0303990000,3,0303990000,114111,114111,direct_2022
New Zealand,77838.0,0304410010,3,0304410010,112511,112511,direct_2022
New Zealand,1402479.0,0304410090,3,0304410090,114111,114111,direct_2022
New Zealand,98586.0,0304440030,3,0304440030,114111,114111,direct_2022
French Polynesia,396546.0,0304490190,3,0304490190,114111,114111,direct_2022
Marshall Islands,1045573.0,0304490190,3,0304490190,114111,114111,direct_2022
New Zealand,762629.0,0304490190,3,0304490190,114111,114111,direct_2022
Australia,10870.0,0304590091,3,0304590091,114111,114111,direct_2022
French Polynesia,338919.0,0304590091,3,0304590091,114111,114111,direct_2022
New Zealand,275624.0,0304590091,3,0304590091,114111,114111,direct_2022
New Zealand,946269.0,0304741000,3,0304741000,114111,114111,direct_2022
New Zealand,559024.0,0304745000,3,0304745000,114111,114111,direct_2022
New Zealand,154596.0,0304795000,3,0304795000,114111,114111,direct_2022
New Zealand,13250257.0,0304815090,3,0304815090,114111,114111,direct_2022
Fiji,14026.0,0304840000,3,0304840000,114111,114111,direct_2022
Australia,62053.0,0304850000,3,0304850000,114111,114111,direct_2022
Australia,118428.0,0304870000,3,0304870000,311710,311710,direct_2022
Fiji,772239.0,0304870000,3,0304870000,311710,311710,direct_2022
Marshall Islands,6122155.0,0304870000,3,0304870000,311710,311710,direct_2022
New Zealand,14289158.0,0304895050,3,0304895050,114111,114111,direct_2022
New Zealand,11017.0,0304895060,3,0304895060,114111,114111,direct_2022
Australia,90766.0,0304895091,3,0304895091,114111,114111,direct_2022
Fiji,9545.0,0304895091,3,0304895091,114111,114111,direct_2022
New Zealand,1781308.0,0304895091,3,0304895091,114111,114111,direct_2022
Australia,2365082.0,0304921000,3,0304921000,114111,114111,direct_2022
Fiji,12932.0,0304931090,3,0304931090,114111,114111,direct_2022
Fiji,191582.0,0304999190,3,0304999190,114111,114111,direct_2022
Fiji,5690.0,0304999192,3,0304999192,114111,114111,direct_2022
Australia,79315.0,0305204020,3,0305204020,311710,311710,direct_2022
New Zealand,93000.0,0305204065,3,0305204065,311710,311710,direct_2022
New Zealand,1114841.0,0305410000,3,0305410000,311710,311710,direct_2022
New Zealand,10747.0,0305494045,3,0305494045,311710,311710,direct_2022
New Zealand,50307.0,0305590001,3,0305590001,311710,311710,direct_2022
New Zealand,10788.0,0305720000,3,0305720000,311710,311710,direct_2022
Australia,9384439.0,0306110020,3,0306110020,114112,114112,direct_2022
New Zealand,1839593.0,0306110020,3,0306110020,114112,114112,direct_2022
Australia,2282.0,0306120070,3,0306120070,114112,114112,direct_2022
New Zealand,601809.0,0306150000,3,0306150000,114112,114112,direct_2022
Australia,21942.0,0306160003,3,0306160003,114112,114112,direct_2022
Australia,49570.0,0306170004,3,0306170004,112512,112512,direct_2022
New Caledonia,91827.0,0306170005,3,0306170005,112512,112512,direct_2022
New Caledonia,824073.0,0306170007,3,0306170007,112512,112512,direct_2022
New Caledonia,510390.0,0306170008,3,0306170008,112512,112512,direct_2022
Australia,824909.0,0306170017,3,0306170017,114112,114112,direct_2022
Australia,1460873.0,0306170041,3,0306170041,112512,112512,direct_2022
Australia,19374.0,0306190161,3,0306190161,311710,114112,direct_2022
New Zealand,1022256.0,0306190161,3,0306190161,311710,114112,direct_2022
Australia,460780.0,0306310000,3,0306310000,114112,114112,direct_2022
New Zealand,11384.0,0306310000,3,0306310000,114112,114112,direct_2022
Australia,826655.0,0306320010,3,0306320010,114112,114112,direct_2022
Australia,208170.0,0306320090,3,0306320090,114112,114112,direct_2022
Fiji,2480.0,0306320090,3,0306320090,114112,114112,direct_2022
Australia,159671.0,0306334000,3,0306334000,114112,114112,direct_2022
Fiji,2063.0,0306334000,3,0306334000,114112,114112,direct_2022
Australia,140432.0,0306340000,3,0306340000,114112,114112,direct_2022
Australia,62180.0,0306910000,3,0306910000,114112,114112,direct_2022
Australia,2389.0,0306990100,3,0306990100,311710,311710,direct_2022
New Zealand,207338.0,0307110080,3,0307110080,114112,114112,direct_2022
New Zealand,100018.0,0307120060,3,0307120060,112512,112512,direct_2022
Australia,45240.0,0307220000,3,0307220000,311710,311710,direct_2022
New Zealand,3249472.0,0307310010,3,0307310010,112512,112512,direct_2022
New Zealand,65962.0,0307310090,3,0307310090,114112,114112,direct_2022
New Zealand,54544949.0,0307320000,3,0307320000,114112,114112,direct_2022
New Zealand,14516835.0,0307390100,3,0307390100,114112,114112,direct_2022
New Zealand,525680.0,0307430029,3,0307430029,114112,114112,direct_2022
New Zealand,25780733.0,0307430050,3,0307430050,114112,114112,direct_2022
New Zealand,3821804.0,0307490150,3,0307490150,114112,114112,direct_2022
Australia,879641.0,0307520000,3,0307520000,114112,114112,direct_2022
Australia,236617.0,0307590100,3,0307590100,114112,114112,direct_2022
New Zealand,11560.0,0307710050,3,0307710050,114112,114112,direct_2022
New Zealand,1618690.0,0307710070,3,0307710070,114112,114112,direct_2022
New Zealand,736786.0,0307710090,3,0307710090,114112,114112,direct_2022
Australia,8616.0,0307810000,3,0307810000,114112,114112,direct_2022
New Zealand,3075.0,0307810000,3,0307810000,114112,114112,direct_2022
Australia,2759141.0,0307830000,3,0307830000,114112,114112,direct_2022
Australia,36960.0,0307870000,3,0307870000,114112,114112,direct_2022
Australia,782847.0,0308190100,3,0308190100,311710,114112,direct_2022
Fiji,24215.0,0308190100,3,0308190100,311710,114112,direct_2022
Australia,321217.0,0308210021,3,0308210021,114112,114112,direct_2022
Australia,27720.0,0308210029,3,0308210029,114112,114112,direct_2022
Fiji,8988.0,0308220000,3,0308220000,311710,114112,direct_2022
Australia,2159452.0,0308900100,3,0308900100,311710,114112,direct_2022
Fiji,189965.0,0308900100,3,0308900100,311710,114112,direct_2022
French Polynesia,37951.0,0308900100,3,0308900100,311710,114112,direct_2022
New Zealand,138449.0,0309904090,3,0309904090,311710,114112,direct_2022
New Zealand,69096.0,0309906000,3,0309906000,311710,114112,direct_2022
New Zealand,158025.0,0401502500,4,0401502500,311511,311511,direct_2022
New Zealand,1981282.0,0402101000,4,0402101000,311514,311514,direct_2022
New Zealand,5572943.0,0402213000,4,0402213000,311514,311514,direct_2022
Australia,4221.0,0402215000,4,0402215000,311514,311514,direct_2022
New Zealand,1314216.0,0402215000,4,0402215000,311514,311514,direct_2022
Fiji,9000.0,0402219000,4,0402219000,311514,311514,direct_2022
Australia,8520.0,0402291000,4,0402291000,311514,311514,direct_2022
New Zealand,9211.0,0402917000,4,0402917000,311514,311514,direct_2022
Australia,9504.0,0402999000,4,0402999000,311514,311514,direct_2022
New Zealand,2440327.0,0403205000,4,0403205000,311514,311514,direct_2022
Australia,2168304.0,0403209000,4,0403209000,311511,311511,direct_2022
New Zealand,22798.0,0403905500,4,0403905500,311514,311514,direct_2022
New Zealand,8352.0,0403909500,4,0403909500,311511,311511,direct_2022
Australia,5119.0,0404100500,4,0404100500,311514,311514,direct_2022
New Zealand,12080.0,0404100500,4,0404100500,311514,311514,direct_2022
Australia,917840.0,0404901000,4,0404901000,311514,311514,direct_2022
New Zealand,333533317.0,0404901000,4,0404901000,311514,311514,direct_2022
New Zealand,1343051.0,0404907000,4,0404907000,311514,311514,direct_2022
Australia,2207724.0,0405101000,4,0405101000,311512,311512,direct_2022
New Zealand,33850074.0,0405101000,4,0405101000,311512,311512,direct_2022
Australia,5106385.0,0405102000,4,0405102000,311512,311512,direct_2022
New Zealand,88537385.0,0405102000,4,0405102000,311512,311512,direct_2022
New Zealand,11654761.0,0405901020,4,0405901020,311512,311512,direct_2022
New Zealand,1714133.0,0405901040,4,0405901040,311512,311512,direct_2022
Fiji,70347.0,0405902020,4,0405902020,311512,311512,direct_2022
New Zealand,130057.0,0405902020,4,0405902020,311512,311512,direct_2022
Fiji,187945.0,0405902040,4,0405902040,311512,311512,direct_2022
Australia,4012584.0,0406109500,4,0406109500,311513,311513,direct_2022
Australia,124416.0,0406302800,4,0406302800,311513,311513,direct_2022
Australia,55537.0,0406306700,4,0406306700,311513,311513,direct_2022
Australia,7996.0,0406309100,4,0406309100,311513,311513,direct_2022
Australia,166656.0,0406407000,4,0406407000,311513,311513,direct_2022
Australia,4448555.0,0406900890,4,0406900890,311513,311513,direct_2022
New Zealand,8928569.0,0406900890,4,0406900890,311513,311513,direct_2022
Australia,63283.0,0406901200,4,0406901200,311513,311513,direct_2022
Australia,20307.0,0406908400,4,0406908400,311513,311513,direct_2022
New Zealand,114952.0,0406909500,4,0406909500,311513,311513,direct_2022
Australia,2428421.0,0406909900,4,0406909900,311513,311513,direct_2022
Australia,1396337.0,0407110000,4,0407110000,1123XX,1123XX,direct_2022
Australia,338350.0,0409000005,4,0409000005,112910,112910,direct_2022
New Zealand,202912.0,0409000005,4,0409000005,112910,112910,direct_2022
Australia,5058515.0,0409000010,4,0409000010,112910,112910,direct_2022
New Zealand,20290689.0,0409000010,4,0409000010,112910,112910,direct_2022
New Zealand,533345.0,0409000035,4,0409000035,112910,112910,direct_2022
Australia,3541702.0,0409000045,4,0409000045,112910,112910,direct_2022
Australia,271147.0,0409000056,4,0409000056,112910,112910,direct_2022
New Zealand,3496488.0,0409000056,4,0409000056,112910,112910,direct_2022
Australia,1092241.0,0409000065,4,0409000065,112910,112910,direct_2022
New Zealand,32112579.0,0409000065,4,0409000065,112910,112910,direct_2022
New Zealand,100666.0,0410900000,4,0410900000,311999,114119,direct_2022
Australia,2689723.0,0504000020,5,0504000020,311611,311611,direct_2022
Australia,3035833.0,0504000040,5,0504000040,311611,311611,direct_2022
New Zealand,3459747.0,0504000040,5,0504000040,311611,311611,direct_2022
Australia,1938897.0,0504000060,5,0504000060,311611,311611,direct_2022
New Zealand,361391.0,0504000060,5,0504000060,311611,311611,direct_2022
Australia,13458465.0,0506900020,5,0506900020,311611,311611,direct_2022
New Zealand,1533289.0,0506900020,5,0506900020,311611,311611,direct_2022
Australia,1819732.0,0506900040,5,0506900040,311611,311611,direct_2022
New Zealand,2045400.0,0506900040,5,0506900040,311611,311611,direct_2022
New Zealand,41730.0,0507900010,5,0507900010,990000,990000,direct_2022
New Zealand,143745.0,0507900090,5,0507900090,990000,990000,direct_2022
Australia,1949222.0,0508000000,5,0508000000,114119,114119,direct_2022
Fiji,7053.0,0508000000,5,0508000000,114119,114119,direct_2022
Micronesia,21917.0,0508000000,5,0508000000,114119,114119,direct_2022
New Zealand,202923.0,0508000000,5,0508000000,114119,114119,direct_2022
New Zealand,248560.0,0510004010,5,0510004010,311611,311611,direct_2022
New Zealand,477136.0,0510004020,5,0510004020,311611,311611,direct_2022
Australia,575310.0,0510004040,5,0510004040,311611,311611,direct_2022
New Zealand,2663257.0,0510004040,5,0510004040,311611,311611,direct_2022
Australia,44083.0,0511100010,5,0511100010,115210,11211X,direct_2022
New Zealand,49440.0,0511100010,5,0511100010,115210,11211X,direct_2022
Australia,1175549.0,0511100090,5,0511100090,115210,11211X,direct_2022
New Zealand,157696.0,0511100090,5,0511100090,115210,11211X,direct_2022
Micronesia,25800.0,0511910090,5,0511910090,311613,311613,direct_2022
New Zealand,120562.0,0511910090,5,0511910090,311613,311613,direct_2022
Australia,71271124.0,0511993060,5,0511993060,311613,311613,direct_2022
New Zealand,45595129.0,0511993060,5,0511993060,311613,311613,direct_2022
Australia,5256.0,0511993300,5,0511993300,990000,990000,direct_2022
New Zealand,30679.0,0511994024,5,0511994024,115210,11211X,direct_2022
Australia,204978.0,0511994028,5,0511994028,115210,11211X,direct_2022
New Zealand,6000.0,0511994030,5,0511994030,311613,311613,direct_2022
Australia,111796.0,0511994040,5,0511994040,115210,311613,direct_2022
New Zealand,289896.0,0511994040,5,0511994040,115210,311613,direct_2022
Australia,3052958.0,0511994070,5,0511994070,311613,311613,direct_2022
New Zealand,1545040.0,0511994070,5,0511994070,311613,311613,direct_2022
New Zealand,1469696.0,0601101500,6,0601101500,111421,111421,direct_2022
New Zealand,446213.0,0601104500,6,0601104500,111421,111421,direct_2022
New Zealand,2576.0,0601109080,6,0601109080,111421,111421,direct_2022
Australia,3950.0,0602100000,6,0602100000,111421,111421,direct_2022
Australia,5340.0,0602200000,6,0602200000,111421,111421,direct_2022
Australia,8640.0,0602902000,6,0602902000,111421,111421,direct_2022
Australia,96997.0,0602909010,6,0602909010,111421,111421,direct_2022
Australia,89384.0,0602909090,6,0602909090,111421,111421,direct_2022
New Zealand,123928.0,0602909090,6,0602909090,111421,111421,direct_2022
New Zealand,1257843.0,0603130060,6,0603130060,111422,111422,direct_2022
New Zealand,44261.0,0603190125,6,0603190125,111422,111422,direct_2022
New Zealand,336202.0,0603190131,6,0603190131,111422,111422,consolidated_naics
Australia,1349453.0,0603190195,6,0603190195,111422,111422,consolidated_naics
New Zealand,357760.0,0603190195,6,0603190195,111422,111422,consolidated_naics
Australia,4305.0,0604200065,6,0604200065,111422,111422,consolidated_naics
Australia,476814.0,0604200070,6,0604200070,111422,111422,consolidated_naics
Australia,250771.0,0604200086,6,0604200086,111422,111422,consolidated_naics
New Zealand,495220.0,0604901000,6,0604901000,113210,113210,direct_2022
New Zealand,116359.0,0604903000,6,0604903000,339999,339999,direct_2022
New Zealand,31000.0,0702002036,7,0702002036,111419,111419,direct_2022
Micronesia,29233.0,0702004066,7,0702004066,111219,111219,direct_2022
New Zealand,124700.0,0702006027,7,0702006027,111419,111419,direct_2022
Australia,47768.0,0702006039,7,0702006039,111219,111219,direct_2022
New Zealand,5139674.0,0703104065,7,0703104065,111219,111219,consolidated_naics
Fiji,147444.0,0706904040,7,0706904040,111219,111219,consolidated_naics
Australia,117762.0,0709209070,7,0709209070,111219,111219,new_hs_code_2024
Australia,179670.0,0709560000,7,0709560000,111411,111411,direct_2022
Australia,950707.0,0709591100,7,0709591100,111411,111411,direct_2022
Micronesia,7392.0,0709604078,7,0709604078,111219,111219,direct_2022
Fiji,40606.0,0710807060,7,0710807060,311411,311411,direct_2022
Fiji,61416.0,0710809765,7,0710809765,311411,311411,direct_2022
Australia,39295.0,0712394000,7,0712394000,311423,311423,direct_2022
Australia,5157889.0,0712906500,7,0712906500,311423,311423,direct_2022
New Zealand,3480.0,0712908550,7,0712908550,111219,111219,direct_2022
Australia,7884308.0,0712908580,7,0712908580,311423,311423,direct_2022
Fiji,166717.0,0712908580,7,0712908580,311423,311423,direct_2022
New Zealand,4736.0,0712908580,7,0712908580,311423,311423,direct_2022
New Zealand,444015.0,0713101000,7,0713101000,111130,111130,direct_2022
Australia,304101.0,0713102000,7,0713102000,111130,111130,direct_2022
Australia,64800.0,0713104020,7,0713104020,111130,111130,direct_2022
New Zealand,6342405.0,0713104020,7,0713104020,111130,111130,direct_2022
Australia,109944.0,0713202025,7,0713202025,111130,111130,consolidated_naics
Australia,4838707.0,0713202075,7,0713202075,111130,111130,consolidated_naics
Australia,67725.0,0713311000,7,0713311000,111130,111130,direct_2022
Australia,40983.0,0713312000,7,0713312000,111130,111130,direct_2022
Australia,883551.0,0713314000,7,0713314000,111130,111130,direct_2022
New Zealand,3016.0,0713331040,7,0713331040,111130,111130,direct_2022
Australia,26760.0,0713402050,7,0713402050,111130,111130,consolidated_naics
Australia,30600.0,0713402085,7,0713402085,111130,111130,consolidated_naics
Australia,87371.0,0713502000,7,0713502000,111130,111130,direct_2022
Australia,53617.0,0713908100,7,0713908100,111130,111130,direct_2022
Fiji,298829.0,0714101000,7,0714101000,111130,111130,direct_2022
Fiji,1464072.0,0714401001,7,0714401001,111998,111998,direct_2022
Fiji,126942.0,0714402000,7,0714402000,311411,311411,direct_2022
Fiji,2107.0,0714904400,7,0714904400,311411,311411,direct_2022
Fiji,2758.0,0714904600,7,0714904600,311411,311411,direct_2022
Australia,6336.0,0801110000,8,0801110000,311999,311999,direct_2022
Australia,3219491.0,0802120015,8,0802120015,111335,111335,direct_2022
Australia,213278.0,0802610000,8,0802610000,111335,111335,direct_2022
Australia,3205729.0,0802620000,8,0802620000,111335,111335,direct_2022
Australia,629167.0,0802991500,8,0802991500,111335,115114,direct_2022
Australia,104363.0,0803102000,8,0803102000,311423,311423,direct_2022
New Zealand,5192.0,0804204000,8,0804204000,111339,111339,direct_2022
New Zealand,307192.0,0804400040,8,0804400040,111339,111339,direct_2022
Australia,623470.0,0804504055,8,0804504055,111339,111339,direct_2022
Australia,9642847.0,0805100060,8,0805100060,111310,111310,new_hs_code_2024
New Zealand,3114.0,0805210010,8,0805210010,111320,111320,direct_2022
Australia,2246173.0,0805210090,8,0805210090,111320,111320,direct_2022
New Zealand,32128.0,0805210090,8,0805210090,111320,111320,direct_2022
Australia,9149242.0,0805290000,8,0805290000,111320,111320,direct_2022
Australia,61490.0,0805502050,8,0805502050,111320,111320,direct_2022
New Zealand,822333.0,0805502050,8,0805502050,111320,111320,direct_2022
New Caledonia,45696.0,0806201090,8,0806201090,311423,311423,direct_2022
Micronesia,10500.0,0807114080,8,0807114080,111219,111219,new_hs_code_2024
New Zealand,18603090.0,0808100045,8,0808100045,111331,111331,direct_2022
New Zealand,25095254.0,0808100065,8,0808100065,111331,111331,direct_2022
New Zealand,172800.0,0808302045,8,0808302045,111339,111339,new_hs_code_2024
New Zealand,239613.0,0809100000,8,0809100000,111339,111339,direct_2022
Australia,973363.0,0809290000,8,0809290000,111339,111339,direct_2022
New Zealand,717237.0,0809290000,8,0809290000,111339,111339,direct_2022
New Zealand,113980.0,0809304010,8,0809304010,111339,111339,direct_2022
New Zealand,9261.0,0809402000,8,0809402000,111339,111339,direct_2022
New Zealand,121989.0,0810300000,8,0810300000,111334,111334,direct_2022
New Zealand,23828666.0,0810500010,8,0810500010,111339,111339,new_hs_code_2024
New Zealand,124645775.0,0810500090,8,0810500090,111339,111339,new_hs_code_2024
New Zealand,1057236.0,0810902760,8,0810902760,111334,111334,direct_2022
New Zealand,7503.0,0810904610,8,0810904610,111339,111339,direct_2022
New Zealand,14878.0,0810904630,8,0810904630,111339,111339,consolidated_naics
Fiji,11221.0,0810904640,8,0810904640,111339,111339,consolidated_naics
Australia,933599.0,0810904650,8,0810904650,111339,111339,consolidated_naics
New Zealand,1181392.0,0810904680,8,0810904680,111339,111339,consolidated_naics
Australia,4478.0,0811908095,8,0811908095,311421,311411,direct_2022
Fiji,61836.0,0811908095,8,0811908095,311421,311411,direct_2022
Fiji,2905.0,0811908097,8,0811908097,311411,311411,new_hs_code_2024
Australia,12400.0,0813300000,8,0813300000,311423,311423,direct_2022
New Zealand,2143974.0,0813300000,8,0813300000,311423,311423,direct_2022
Australia,566032.0,0813401000,8,0813401000,311423,311423,direct_2022
New Zealand,115407.0,0813402060,8,0813402060,311423,311423,direct_2022
Australia,38876.0,0813409000,8,0813409000,311423,311423,direct_2022
New Zealand,41548.0,0813409000,8,0813409000,311423,311423,direct_2022
Australia,2784.0,0901110055,9,0901110055,111339,111339,direct_2022
Australia,534439.0,0901210045,9,0901210045,311920,311920,direct_2022
Australia,228740.0,0901210065,9,0901210065,311920,311920,direct_2022
Fiji,16246.0,0901210065,9,0901210065,311920,311920,direct_2022
Australia,121685.0,0901220045,9,0901220045,311920,311920,direct_2022
Australia,9168.0,0902101050,9,0902101050,311920,311920,direct_2022
New Zealand,3811.0,0902109015,9,0902109015,311920,311920,direct_2022
Australia,6175.0,0902109050,9,0902109050,311920,311920,direct_2022
New Zealand,6409.0,0902201000,9,0902201000,311920,311920,direct_2022
Australia,3036.0,0902209050,9,0902209050,311920,311920,direct_2022
New Zealand,8189.0,0902209050,9,0902209050,311920,311920,direct_2022
Australia,2031.0,0902300050,9,0902300050,311920,311920,direct_2022
New Zealand,26946.0,0902300050,9,0902300050,311920,311920,direct_2022
Australia,186392.0,0902300090,9,0902300090,311920,311920,direct_2022
New Zealand,8940.0,0902300090,9,0902300090,311920,311920,direct_2022
Australia,13312.0,0902400000,9,0902400000,311920,311920,direct_2022
Fiji,13221.0,0902400000,9,0902400000,311920,311920,direct_2022
Australia,35003.0,0905100000,9,0905100000,111339,111339,direct_2022
French Polynesia,179751.0,0905100000,9,0905100000,111339,111339,direct_2022
New Zealand,9466.0,0905100000,9,0905100000,111339,111339,direct_2022
Australia,52878.0,0905200000,9,0905200000,111339,111339,direct_2022
Fiji,26744.0,0910110015,9,0910110015,311942,311942,direct_2022
Fiji,19818.0,0910120000,9,0910120000,311942,311942,direct_2022
Australia,168479.0,0910300000,9,0910300000,311942,311942,direct_2022
Fiji,9777112.0,0910300000,9,0910300000,311942,311942,direct_2022
Fiji,23259.0,0910910000,9,0910910000,311942,311942,direct_2022
Australia,11559.0,0910991000,9,0910991000,311942,311942,direct_2022
Fiji,13669.0,0910991000,9,0910991000,311942,311942,direct_2022
Australia,49434.0,0910996000,9,0910996000,311942,311942,direct_2022
New Zealand,258280.0,1001990009,10,1001990009,111140,111140,direct_2022
New Zealand,2715.0,1003100000,10,1003100000,111199,111199,direct_2022
Australia,137314.0,1003904020,10,1003904020,111199,111199,direct_2022
Australia,22119.0,1003904030,10,1003904030,111199,111199,direct_2022
New Zealand,4014.0,1005100010,10,1005100010,111150,111150,direct_2022
Australia,8646.0,1006309057,10,1006309057,311212,311212,direct_2022
Australia,51000.0,1006309061,10,1006309061,311212,311212,direct_2022
Australia,295489.0,1006309065,10,1006309065,311212,311212,direct_2022
Australia,332584.0,1006309075,10,1006309075,311212,311212,direct_2022
New Zealand,349540.0,1008500090,10,1008500090,111199,111199,direct_2022
New Zealand,15117.0,1101000020,11,1101000020,311211,311211,direct_2022
Fiji,162417.0,1101000060,11,1101000060,311211,311211,direct_2022
New Zealand,1719257.0,1101000060,11,1101000060,311211,311211,direct_2022
Australia,2487.0,1102902000,11,1102902000,311211,311211,direct_2022
Fiji,3097.0,1103110020,11,1103110020,311211,311211,direct_2022
Australia,2499.0,1104120000,11,1104120000,311211,311211,direct_2022
New Zealand,6205.0,1104120000,11,1104120000,311211,311211,direct_2022
Australia,34126.0,1104291000,11,1104291000,311211,311211,direct_2022
New Zealand,4077.0,1104291000,11,1104291000,311211,311211,direct_2022
Australia,6040.0,1104299000,11,1104299000,311211,311211,direct_2022
Fiji,7303.0,1104300000,11,1104300000,311211,311211,direct_2022
Australia,523388.0,1106100000,11,1106100000,311211,311211,direct_2022
Fiji,13428.0,1106100000,11,1106100000,311211,311211,direct_2022
Australia,6400.0,1106304000,11,1106304000,311211,311211,direct_2022
New Zealand,68450.0,1106304000,11,1106304000,311211,311211,direct_2022
New Zealand,4888.0,1107100000,11,1107100000,311213,311213,direct_2022
New Zealand,2045.0,1107200000,11,1107200000,311213,311213,direct_2022
Australia,13531184.0,1108110010,11,1108110010,311221,311221,direct_2022
Kiribati,40610.0,1108200000,11,1108200000,311221,311221,direct_2022
Australia,178039692.0,1109009020,11,1109009020,311211,311211,consolidated_naics
New Zealand,43893.0,1204000010,12,1204000010,111120,111120,direct_2022
Australia,2246.0,1204000055,12,1204000055,111120,111120,consolidated_naics
Australia,3093.0,1204000075,12,1204000075,111120,111120,consolidated_naics
Australia,24820.0,1205100010,12,1205100010,111120,111120,direct_2022
New Zealand,191541.0,1205900010,12,1205900010,111120,111120,direct_2022
Australia,6500.0,1207100000,12,1207100000,111335,111335,direct_2022
Australia,3078.0,1207210000,12,1207210000,111920,111920,direct_2022
Australia,17672418.0,1207290000,12,1207290000,111920,111920,direct_2022
Australia,229915.0,1207990340,12,1207990340,111120,111120,direct_2022
Australia,93951.0,1207990391,12,1207990391,111120,111120,direct_2022
Australia,2302139.0,1209210020,12,1209210020,111998,111998,direct_2022
Australia,2826443.0,1209210040,12,1209210040,111998,111998,direct_2022
Australia,250000.0,1209222000,12,1209222000,111998,111998,direct_2022
New Zealand,6107663.0,1209222000,12,1209222000,111998,111998,direct_2022
New Zealand,185028.0,1209224030,12,1209224030,111998,111998,direct_2022
Australia,754811.0,1209224095,12,1209224095,111998,111998,direct_2022
New Zealand,191945.0,1209230020,12,1209230020,111998,111998,direct_2022
New Zealand,2377.0,1209230039,12,1209230039,111998,111998,direct_2022
Australia,42589.0,1209230090,12,1209230090,111998,111998,direct_2022
Australia,19322.0,1209250020,12,1209250020,111998,111998,direct_2022
New Zealand,52000.0,1209250020,12,1209250020,111998,111998,direct_2022
New Zealand,2224700.0,1209250040,12,1209250040,111998,111998,direct_2022
Australia,278901.0,1209291000,12,1209291000,111219,111219,direct_2022
New Zealand,458187.0,1209291000,12,1209291000,111219,111219,direct_2022
New Zealand,80300.0,1209299136,12,1209299136,111998,111998,direct_2022
New Zealand,411394.0,1209299138,12,1209299138,111998,111998,direct_2022
New Zealand,487765.0,1209299140,12,1209299140,111998,111998,direct_2022
Australia,189327.0,1209299179,12,1209299179,111998,111998,direct_2022
New Zealand,41000.0,1209299179,12,1209299179,111998,111998,direct_2022
Australia,1033658.0,1209299196,12,1209299196,111998,111998,direct_2022
New Zealand,532320.0,1209299196,12,1209299196,111998,111998,direct_2022
Australia,280785.0,1209300090,12,1209300090,111422,111422,direct_2022
New Zealand,714122.0,1209300090,12,1209300090,111422,111422,direct_2022
Australia,175405.0,1209911000,12,1209911000,111219,111219,direct_2022
Australia,1602325.0,1209914000,12,1209914000,111219,111219,direct_2022
New Zealand,7875.0,1209914000,12,1209914000,111219,111219,direct_2022
Australia,22931.0,1209918005,12,1209918005,111219,111219,direct_2022
New Zealand,50850.0,1209918005,12,1209918005,111219,111219,direct_2022
Australia,992832.0,1209918008,12,1209918008,111219,111219,direct_2022
Australia,23315.0,1209918009,12,1209918009,111219,111219,direct_2022
New Zealand,191324.0,1209918009,12,1209918009,111219,111219,direct_2022
Australia,1355300.0,1209918010,12,1209918010,111219,111219,direct_2022
New Zealand,2595539.0,1209918010,12,1209918010,111219,111219,direct_2022
New Zealand,3362155.0,1209918020,12,1209918020,111219,111219,direct_2022
New Zealand,7839040.0,1209918030,12,1209918030,111219,111219,direct_2022
Australia,231277.0,1209918045,12,1209918045,111219,111219,direct_2022
New Zealand,145648.0,1209918045,12,1209918045,111219,111219,direct_2022
Australia,66168.0,1209918050,12,1209918050,111219,111219,direct_2022
New Zealand,150601.0,1209918054,12,1209918054,111219,111219,direct_2022
New Zealand,49785.0,1209918074,12,1209918074,111219,111219,direct_2022
Australia,161486.0,1209918090,12,1209918090,111219,111219,direct_2022
New Zealand,828888.0,1209918090,12,1209918090,111219,111219,direct_2022
Australia,62067.0,1209992000,12,1209992000,111421,111421,direct_2022
Australia,230929.0,1209994190,12,1209994190,111421,111421,direct_2022
New Zealand,59264.0,1209994190,12,1209994190,111421,111421,direct_2022
New Zealand,2924019.0,1210100000,12,1210100000,111998,111998,direct_2022
Australia,13012799.0,1210200020,12,1210200020,111998,111998,direct_2022
New Zealand,12313525.0,1210200020,12,1210200020,111998,111998,direct_2022
Australia,154104.0,1211904040,12,1211904040,111998,111998,direct_2022
Fiji,142970.0,1211908931,12,1211908931,325411,325411,direct_2022
New Zealand,23984.0,1211908931,12,1211908931,325411,325411,direct_2022
Australia,9399539.0,1211908940,12,1211908940,111998,111998,direct_2022
Australia,9647.0,1211908980,12,1211908980,311920,311920,direct_2022
Fiji,684157.0,1211908980,12,1211908980,311920,311920,direct_2022
New Zealand,33532.0,1211908980,12,1211908980,311920,311920,direct_2022
Australia,400174.0,1211908990,12,1211908990,325411,111339,direct_2022
Fiji,11637331.0,1211908990,12,1211908990,325411,111339,direct_2022
New Zealand,446948.0,1211908990,12,1211908990,325411,111339,direct_2022
Fiji,21793.0,1211909300,12,1211909300,311421,311421,direct_2022
Australia,4950.0,1212210000,12,1212210000,114119,114119,direct_2022
Fiji,6929.0,1212210000,12,1212210000,114119,114119,direct_2022
Australia,83902.0,1212290000,12,1212290000,114119,114119,direct_2022
Australia,94080.0,1212920000,12,1212920000,111998,111998,direct_2022
Fiji,3497.0,1212930000,12,1212930000,111930,111930,direct_2022
Australia,34574.0,1212999200,12,1212999200,111998,111998,direct_2022
Fiji,546686.0,1212999200,12,1212999200,111998,111998,direct_2022
New Zealand,184816.0,1212999200,12,1212999200,111998,111998,direct_2022
Australia,36901.0,1214100060,12,1214100060,311119,311119,direct_2022
Australia,18468.0,1302130000,13,1302130000,311942,311942,direct_2022
New Zealand,119375.0,1302130000,13,1302130000,311942,311942,direct_2022
Australia,2673.0,1302192100,13,1302192100,113210,113210,direct_2022
Australia,33466.0,1302194120,13,1302194120,325411,325411,direct_2022
Australia,523110.0,1302194140,13,1302194140,113210,113210,direct_2022
Fiji,76849.0,1302194140,13,1302194140,113210,113210,direct_2022
New Zealand,46994.0,1302194140,13,1302194140,113210,113210,direct_2022
Australia,9466319.0,1302199140,13,1302199140,113210,113210,direct_2022
Fiji,566539.0,1302199140,13,1302199140,113210,113210,direct_2022
New Zealand,587583.0,1302199140,13,1302199140,113210,113210,direct_2022
Australia,34830.0,1302390090,13,1302390090,311999,311999,direct_2022
New Zealand,36001.0,1401904000,14,1401904000,113210,113210,direct_2022
Australia,288779.0,1404909090,14,1404909090,111998,111998,direct_2022
New Zealand,439772.0,1404909090,14,1404909090,111998,111998,direct_2022
Australia,11751.0,1502100020,15,1502100020,311611,311611,direct_2022
New Zealand,524534.0,1502100020,15,1502100020,311611,311611,direct_2022
Australia,176059694.0,1502100040,15,1502100040,311613,311613,direct_2022
New Zealand,43268616.0,1502100040,15,1502100040,311613,311613,direct_2022
New Zealand,107581.0,1502900000,15,1502900000,311611,311611,direct_2022
Australia,19674.0,1503000000,15,1503000000,311613,311613,direct_2022
Australia,96437.0,1504104000,15,1504104000,114111,114111,direct_2022
Australia,236264.0,1504206040,15,1504206040,114111,114111,direct_2022
New Zealand,489949.0,1504206040,15,1504206040,114111,114111,direct_2022
Australia,11653.0,1505001000,15,1505001000,313110,313110,direct_2022
New Zealand,113336.0,1505001000,15,1505001000,313110,313110,direct_2022
Australia,160098.0,1505009000,15,1505009000,325199,325199,direct_2022
New Zealand,455775.0,1505009000,15,1505009000,325199,325199,direct_2022
Australia,354258.0,1506000000,15,1506000000,311613,311613,direct_2022
New Zealand,38822346.0,1506000000,15,1506000000,311613,311613,direct_2022
Australia,421159.0,1509202090,15,1509202090,311224,311224,direct_2022
New Zealand,5158.0,1509202090,15,1509202090,311224,311224,direct_2022
Australia,3827028.0,1509209090,15,1509209090,311224,311224,direct_2022
New Zealand,2697.0,1509902000,15,1509902000,311224,311224,direct_2022
Australia,651143.0,1509904000,15,1509904000,311224,311224,direct_2022
Australia,4394.0,1513110000,15,1513110000,311224,311224,direct_2022
Fiji,25986.0,1513190000,15,1513190000,311224,311224,direct_2022
Australia,1119482.0,1514110000,15,1514110000,311224,311224,direct_2022
Australia,16408314.0,1514190000,15,1514190000,311224,311224,direct_2022
Australia,37620.0,1514999020,15,1514999020,311224,311224,direct_2022
Fiji,55870.0,1514999020,15,1514999020,311224,311224,direct_2022
Australia,138281.0,1515902100,15,1515902100,311224,311224,direct_2022
Australia,9378.0,1515908110,15,1515908110,311224,311224,direct_2022
Australia,142755.0,1515908190,15,1515908190,311224,311224,direct_2022
French Polynesia,13484.0,1515908190,15,1515908190,311224,311224,direct_2022
New Zealand,573608.0,1515908190,15,1515908190,311224,311224,direct_2022
Australia,36437.0,1517902080,15,1517902080,311225,311225,direct_2022
Australia,49723.0,1517909090,15,1517909090,311225,311225,direct_2022
New Zealand,289250.0,1517909090,15,1517909090,311225,311225,direct_2022
Australia,104894.0,1518002000,15,1518002000,311224,311224,direct_2022
Australia,82429844.0,1518004000,15,1518004000,311613,311613,direct_2022
New Zealand,48682937.0,1518004000,15,1518004000,311613,311613,direct_2022
New Zealand,147552.0,1521100040,15,1521100040,325998,325998,direct_2022
Australia,280109.0,1521904000,15,1521904000,325612,325612,direct_2022
New Zealand,1075261.0,1521904000,15,1521904000,325612,325612,direct_2022
New Zealand,199245.0,1602204000,16,1602204000,311611,311611,direct_2022
Australia,8317467.0,1602500720,16,1602500720,311611,311611,direct_2022
New Zealand,9507626.0,1602500720,16,1602500720,311611,311611,direct_2022
Australia,3483677.0,1602500740,16,1602500740,311611,311611,direct_2022
New Zealand,528829.0,1602500740,16,1602500740,311611,311611,direct_2022
Australia,4257389.0,1602502120,16,1602502120,311611,311611,direct_2022
Australia,202393.0,1602502140,16,1602502140,311611,311611,direct_2022
New Zealand,22525209.0,1602506000,16,1602506000,311611,311611,direct_2022
Australia,881100.0,1602509020,16,1602509020,311611,311611,direct_2022
Australia,1885732.0,1602909160,16,1602909160,311611,311611,direct_2022
New Zealand,21730.0,1602909160,16,1602909160,311611,311611,direct_2022
New Zealand,1083431.0,1603009010,16,1603009010,311611,311611,direct_2022
Australia,1671360.0,1603009090,16,1603009090,311710,311710,direct_2022
New Zealand,10350621.0,1603009090,16,1603009090,311710,311710,direct_2022
Fiji,33914.0,1604141099,16,1604141099,311710,311710,direct_2022
Fiji,49896444.0,1604144000,16,1604144000,311710,311710,direct_2022
Fiji,69195.0,1604150000,16,1604150000,311710,311710,direct_2022
Fiji,15469.0,1604191000,16,1604191000,311710,311710,direct_2022
Fiji,10178.0,1604192200,16,1604192200,311710,311710,direct_2022
Fiji,35224.0,1604193200,16,1604193200,311710,311710,direct_2022
New Zealand,615862.0,1604194100,16,1604194100,114111,114111,direct_2022
Fiji,46419.0,1604198200,16,1604198200,311710,311710,direct_2022
Australia,7674.0,1604324000,16,1604324000,311710,311710,direct_2022
New Zealand,29336.0,1605510500,16,1605510500,311710,311710,direct_2022
New Zealand,4720.0,1605530500,16,1605530500,311710,311710,direct_2022
New Zealand,2203076.0,1605536000,16,1605536000,311710,311710,direct_2022
New Zealand,91278.0,1605546030,16,1605546030,311710,311710,direct_2022
Australia,75205.0,1605550500,16,1605550500,311710,311710,direct_2022
Australia,1180591.0,1605576000,16,1605576000,311710,311710,direct_2022
New Zealand,36893.0,1605576000,16,1605576000,311710,311710,direct_2022
Australia,6100.0,1605610000,16,1605610000,311710,311710,direct_2022
Australia,81204714.0,1701141040,17,1701141040,31131X,31131X,direct_2022
Fiji,10973443.0,1701141040,17,1701141040,31131X,31131X,direct_2022
New Zealand,2052847.0,1702110000,17,1702110000,311514,311514,direct_2022
New Zealand,921718.0,1702190000,17,1702190000,311514,311514,direct_2022
Australia,5832.0,1702404000,17,1702404000,311221,311221,direct_2022
Australia,2190.0,1702604050,17,1702604050,311221,311221,consolidated_naics
Australia,3399.0,1704901000,17,1704901000,311340,311340,direct_2022
Australia,139931.0,1704902500,17,1704902500,311340,311340,direct_2022
New Zealand,150142.0,1704902500,17,1704902500,311340,311340,direct_2022
Australia,34405.0,1704903520,17,1704903520,311340,311340,direct_2022
Australia,15378558.0,1704903550,17,1704903550,311340,311340,direct_2022
Fiji,75686.0,1704903550,17,1704903550,311340,311340,direct_2022
New Zealand,8882119.0,1704903550,17,1704903550,311340,311340,direct_2022
Australia,134216.0,1704903590,17,1704903590,311340,311340,direct_2022
New Zealand,310509.0,1704903590,17,1704903590,311340,311340,direct_2022
Australia,31360.0,1704909000,17,1704909000,311340,311340,direct_2022
Australia,14284.0,1806101500,18,1806101500,31135X,31135X,direct_2022
Australia,147767.0,1806103800,18,1806103800,31135X,31135X,direct_2022
Australia,40856.0,1806202010,18,1806202010,31135X,31135X,direct_2022
Australia,249768.0,1806310049,18,1806310049,31135X,31135X,direct_2022
New Zealand,392931.0,1806310049,18,1806310049,31135X,31135X,direct_2022
Australia,2356674.0,1806310080,18,1806310080,31135X,31135X,direct_2022
Australia,28115.0,1806323000,18,1806323000,31135X,31135X,direct_2022
New Zealand,14522.0,1806323000,18,1806323000,31135X,31135X,direct_2022
Australia,74568.0,1806329000,18,1806329000,31135X,31135X,direct_2022
New Zealand,706966.0,1806329000,18,1806329000,31135X,31135X,direct_2022
Australia,6527.0,1806909011,18,1806909011,31135X,31135X,direct_2022
New Zealand,78792.0,1806909011,18,1806909011,31135X,31135X,direct_2022
Australia,536997.0,1806909019,18,1806909019,31135X,31135X,direct_2022
New Zealand,85538.0,1806909019,18,1806909019,31135X,31135X,direct_2022
Australia,336140.0,1806909090,18,1806909090,31135X,31135X,direct_2022
Australia,17271441.0,1901101600,19,1901101600,311514,311514,direct_2022
New Zealand,1318530.0,1901101600,19,1901101600,311514,311514,direct_2022
Australia,1232515.0,1901105600,19,1901105600,311514,311514,direct_2022
New Zealand,2826.0,1901105600,19,1901105600,311514,311514,direct_2022
New Zealand,3710.0,1901206500,19,1901206500,311824,311824,direct_2022
Australia,7815.0,1901208000,19,1901208000,311824,311824,direct_2022
Australia,298246.0,1901901000,19,1901901000,311942,311942,direct_2022
New Zealand,99842.0,1901901000,19,1901901000,311942,311942,direct_2022
Australia,2061.0,1901902000,19,1901902000,311942,311942,direct_2022
New Zealand,2742.0,1901902500,19,1901902500,311999,311999,direct_2022
Australia,408365.0,1901906100,19,1901906100,311514,311514,direct_2022
Australia,13128.0,1901906400,19,1901906400,311514,311514,direct_2022
Australia,148749.0,1901909195,19,1901909195,311514,311514,direct_2022
Fiji,55979.0,1901909195,19,1901909195,311514,311514,direct_2022
Australia,1278901.0,1902112090,19,1902112090,311824,311824,direct_2022
Australia,1961917.0,1902192090,19,1902192090,311824,311824,direct_2022
Fiji,18408.0,1902192090,19,1902192090,311824,311824,direct_2022
Australia,49367.0,1902194000,19,1902194000,311999,311999,direct_2022
New Zealand,6264.0,1902194000,19,1902194000,311999,311999,direct_2022
New Zealand,22648.0,1902300020,19,1902300020,311422,311422,direct_2022
Fiji,164565.0,1902300060,19,1902300060,311991,311991,direct_2022
Australia,17484.0,1902400000,19,1902400000,311824,311824,direct_2022
Australia,7570.0,1904100040,19,1904100040,311230,311230,direct_2022
Fiji,7378.0,1904100040,19,1904100040,311230,311230,direct_2022
Australia,52206.0,1904100080,19,1904100080,311230,311230,direct_2022
New Zealand,14156.0,1904100080,19,1904100080,311230,311230,direct_2022
Australia,202962.0,1904201000,19,1904201000,311230,311230,direct_2022
Australia,54039.0,1904209000,19,1904209000,311230,311230,direct_2022
New Zealand,2220.0,1904900140,19,1904900140,311230,311230,direct_2022
Australia,19365.0,1905310029,19,1905310029,31181X,31181X,direct_2022
Australia,5534245.0,1905310049,19,1905310049,31181X,31181X,direct_2022
Fiji,425458.0,1905310049,19,1905310049,31181X,31181X,direct_2022
New Zealand,404235.0,1905310049,19,1905310049,31181X,31181X,direct_2022
Australia,125593.0,1905320041,19,1905320041,31181X,31181X,direct_2022
Australia,6991.0,1905320049,19,1905320049,31181X,31181X,direct_2022
Australia,19726.0,1905901049,19,1905901049,31181X,31181X,direct_2022
Australia,76256.0,1905901050,19,1905901050,31181X,31181X,direct_2022
New Zealand,132868.0,1905901050,19,1905901050,31181X,31181X,direct_2022
Australia,3713076.0,1905901090,19,1905901090,31181X,31181X,direct_2022
Fiji,54029.0,1905901090,19,1905901090,31181X,31181X,direct_2022
New Zealand,199368.0,1905901090,19,1905901090,31181X,31181X,direct_2022
Australia,2717114.0,1905909030,19,1905909030,311919,311919,direct_2022
Fiji,1050900.0,1905909030,19,1905909030,311919,311919,direct_2022
Australia,421361.0,1905909090,19,1905909090,31181X,31181X,direct_2022
Fiji,436782.0,1905909090,19,1905909090,31181X,31181X,direct_2022
New Zealand,3365.0,1905909090,19,1905909090,31181X,31181X,direct_2022
Fiji,14007.0,2001904500,20,2001904500,311421,311421,direct_2022
Fiji,281508.0,2001906000,20,2001906000,311421,311421,direct_2022
Australia,3428354.0,2003100127,20,2003100127,311421,311421,direct_2022
Australia,332312.0,2003901000,20,2003901000,311421,311421,direct_2022
Australia,16992.0,2003908010,20,2003908010,311421,311421,direct_2022
Australia,2743921.0,2003908090,20,2003908090,311421,311421,direct_2022
Australia,10753708.0,2004908585,20,2004908585,311411,311411,direct_2022
Fiji,55150.0,2004908585,20,2004908585,311411,311411,direct_2022
Australia,6652399.0,2004908595,20,2004908595,311411,311411,direct_2022
Australia,13195.0,2005200020,20,2005200020,311919,311919,direct_2022
Fiji,2182.0,2005200020,20,2005200020,311919,311919,direct_2022
New Zealand,14713.0,2005200020,20,2005200020,311919,311919,direct_2022
Australia,137182.0,2005200070,20,2005200070,311421,311421,direct_2022
Australia,164424.0,2005400000,20,2005400000,311421,311421,direct_2022
Australia,7383.0,2005514040,20,2005514040,311421,311421,direct_2022
New Zealand,11544.0,2005514040,20,2005514040,311421,311421,direct_2022
Australia,64800.0,2005590000,20,2005590000,311421,311421,direct_2022
New Zealand,18550.0,2005709300,20,2005709300,311421,311421,direct_2022
Australia,93580.0,2005998500,20,2005998500,311421,311421,direct_2022
Australia,1995826.0,2005999700,20,2005999700,311421,311421,direct_2022
Fiji,30991.0,2005999700,20,2005999700,311421,311421,direct_2022
Australia,190820.0,2006003000,20,2006003000,311340,311340,direct_2022
Fiji,1799635.0,2006003000,20,2006003000,311340,311340,direct_2022
Australia,7506.0,2007919000,20,2007919000,311421,311421,direct_2022
Australia,35706.0,2007990500,20,2007990500,311421,311421,direct_2022
Australia,17203.0,2007991000,20,2007991000,311421,311421,direct_2022
Australia,149674.0,2007992000,20,2007992000,311421,311421,direct_2022
New Zealand,763381.0,2007994800,20,2007994800,311421,311421,direct_2022
Australia,69968.0,2007995020,20,2007995020,311421,311421,direct_2022
New Zealand,74031.0,2007996520,20,2007996520,311421,311421,direct_2022
Australia,76000.0,2007996535,20,2007996535,311421,311421,new_hs_code_2024
New Zealand,177804.0,2007996535,20,2007996535,311421,311421,new_hs_code_2024
Australia,18766.0,2007997500,20,2007997500,311421,311421,direct_2022
New Zealand,340913.0,2008110500,20,2008110500,311911,311911,direct_2022
Australia,2453.0,2008116100,20,2008116100,311911,311911,direct_2022
New Zealand,168191.0,2008191040,20,2008191040,311911,311911,direct_2022
Australia,318497.0,2008194000,20,2008194000,311911,311911,direct_2022
New Zealand,397201.0,2008194000,20,2008194000,311911,311911,direct_2022
Australia,6207.0,2008198500,20,2008198500,311911,311911,direct_2022
Australia,9801162.0,2008199010,20,2008199010,311911,311911,direct_2022
New Zealand,192752.0,2008199090,20,2008199090,311911,311911,direct_2022
Australia,114195.0,2008306600,20,2008306600,311421,311421,direct_2022
New Zealand,3136132.0,2008971040,20,2008971040,311421,311421,direct_2022
New Zealand,4133.0,2008979094,20,2008979094,311421,311421,direct_2022
New Zealand,51206.0,2008990500,20,2008990500,311421,311421,direct_2022
Australia,436626.0,2008992900,20,2008992900,311421,311421,direct_2022
Australia,90257.0,2008996000,20,2008996000,311421,311421,direct_2022
Fiji,3763.0,2008996500,20,2008996500,311421,311421,direct_2022
Fiji,14096.0,2008998000,20,2008998000,311421,311421,direct_2022
French Polynesia,864796.0,2008998000,20,2008998000,311421,311421,direct_2022
New Zealand,6545.0,2008999110,20,2008999110,311421,311421,direct_2022
Australia,421117.0,2008999190,20,2008999190,311421,311421,direct_2022
Fiji,81772.0,2008999190,20,2008999190,311421,311421,direct_2022
Australia,231856.0,2009122500,20,2009122500,311421,311421,direct_2022
Micronesia,18298.0,2009312020,20,2009312020,311421,311421,direct_2022
Australia,76193.0,2009412000,20,2009412000,311421,311421,direct_2022
Australia,105689.0,2009610020,20,2009610020,311421,311421,direct_2022
Australia,1149567.0,2009690060,20,2009690060,311421,311421,direct_2022
Australia,85206.0,2009710000,20,2009710000,311421,311421,direct_2022
New Zealand,9123093.0,2009790020,20,2009790020,311421,311421,direct_2022
Australia,157710.0,2009810000,20,2009810000,311421,311421,direct_2022
Australia,11024.0,2009892000,20,2009892000,311421,311421,direct_2022
Australia,49978.0,2009897070,20,2009897070,311421,311421,direct_2022
Australia,73268.0,2009897091,20,2009897091,311421,311421,direct_2022
French Polynesia,55931.0,2009897091,20,2009897091,311421,311421,direct_2022
New Zealand,2143870.0,2009897091,20,2009897091,311421,311421,direct_2022
Fiji,3845.0,2009898039,20,2009898039,311421,311421,direct_2022
New Zealand,562027.0,2009898039,20,2009898039,311421,311421,direct_2022
Fiji,2099.0,2009904000,20,2009904000,311421,311421,direct_2022
New Zealand,20668.0,2101112126,21,2101112126,311920,311920,direct_2022
Australia,34500.0,2101112941,21,2101112941,311920,311920,direct_2022
Australia,47363.0,2101112949,21,2101112949,311920,311920,direct_2022
New Zealand,25257.0,2101124400,21,2101124400,311920,311920,direct_2022
New Zealand,14711.0,2101125400,21,2101125400,311920,311920,direct_2022
Australia,30170.0,2101125800,21,2101125800,311920,311920,direct_2022
New Zealand,117280.0,2101125800,21,2101125800,311920,311920,direct_2022
Australia,118290.0,2101129000,21,2101129000,311920,311920,direct_2022
New Caledonia,32243.0,2101129000,21,2101129000,311920,311920,direct_2022
New Zealand,53543.0,2101129000,21,2101129000,311920,311920,direct_2022
Australia,17028.0,2101205400,21,2101205400,311920,311920,direct_2022
New Zealand,33319.0,2101205400,21,2101205400,311920,311920,direct_2022
Australia,30356.0,2101205800,21,2101205800,311920,311920,direct_2022
New Zealand,450916.0,2101205800,21,2101205800,311920,311920,direct_2022
Australia,154259.0,2101209000,21,2101209000,311920,311920,direct_2022
New Zealand,167804.0,2101209000,21,2101209000,311920,311920,direct_2022
Australia,104448.0,2102100000,21,2102100000,311999,311999,direct_2022
Fiji,2598.0,2102100000,21,2102100000,311999,311999,direct_2022
Australia,69457.0,2102206000,21,2102206000,311999,311999,direct_2022
New Zealand,9833.0,2102206000,21,2102206000,311999,311999,direct_2022
Fiji,7265.0,2102300000,21,2102300000,311999,311999,direct_2022
New Zealand,5351.0,2103204020,21,2103204020,311421,311421,direct_2022
New Zealand,6614.0,2103204040,21,2103204040,311421,311421,direct_2022
Australia,40291.0,2103904000,21,2103904000,311999,311999,direct_2022
Australia,9172048.0,2103908000,21,2103908000,311942,311942,direct_2022
Fiji,5388.0,2103908000,21,2103908000,311942,311942,direct_2022
New Zealand,9010.0,2103908000,21,2103908000,311942,311942,direct_2022
Australia,2983381.0,2103909091,21,2103909091,311941,311941,direct_2022
Fiji,7965.0,2103909091,21,2103909091,311941,311941,direct_2022
New Zealand,74185.0,2103909091,21,2103909091,311941,311941,direct_2022
Australia,706013.0,2104100020,21,2104100020,311999,311999,direct_2022
Fiji,4800.0,2104100020,21,2104100020,311999,311999,direct_2022
New Zealand,350185.0,2104100040,21,2104100040,311710,311710,direct_2022
Australia,20486.0,2104100060,21,2104100060,311422,311422,direct_2022
New Zealand,936171.0,2104100060,21,2104100060,311422,311422,direct_2022
Fiji,20917.0,2105001000,21,2105001000,311520,311520,direct_2022
Australia,301433.0,2106100000,21,2106100000,325199,311224,direct_2022
Fiji,5940.0,2106100000,21,2106100000,325199,311224,direct_2022
New Zealand,635481.0,2106100000,21,2106100000,325199,311224,direct_2022
Australia,1120413.0,2106900900,21,2106900900,311514,311514,direct_2022
New Zealand,2313.0,2106900900,21,2106900900,311514,311514,direct_2022
Australia,33228.0,2106901200,21,2106901200,312140,312140,direct_2022
New Zealand,77368.0,2106903800,21,2106903800,311225,311225,direct_2022
Australia,725025.0,2106905890,21,2106905890,311999,311999,direct_2022
New Zealand,14235558.0,2106906400,21,2106906400,311999,311999,direct_2022
New Zealand,12422.0,2106907200,21,2106907200,311999,311999,direct_2022
Fiji,155736.0,2106908200,21,2106908200,311999,311999,direct_2022
New Zealand,5599.0,2106908700,21,2106908700,311999,311999,direct_2022
Australia,32079.0,2106909400,21,2106909400,311999,311999,direct_2022
Australia,157369.0,2106909700,21,2106909700,311999,311999,direct_2022
New Zealand,39286.0,2106909700,21,2106909700,311999,311999,direct_2022
Australia,101760.0,2106909972,21,2106909972,311930,311930,direct_2022
New Zealand,88872.0,2106909972,21,2106909972,311930,311930,direct_2022
Australia,77964.0,2106909973,21,2106909973,311930,311930,direct_2022
Fiji,20995.0,2106909973,21,2106909973,311930,311930,direct_2022
New Zealand,28398.0,2106909973,21,2106909973,311930,311930,direct_2022
Australia,9504.0,2106909985,21,2106909985,311340,311340,direct_2022
Australia,331570.0,2106909987,21,2106909987,311920,311920,direct_2022
Australia,11794.0,2106909988,21,2106909988,311999,311999,direct_2022
New Zealand,134158.0,2106909988,21,2106909988,311999,311999,direct_2022
Australia,4608.0,2106909997,21,2106909997,311999,311999,direct_2022
New Zealand,845870.0,2106909997,21,2106909997,311999,311999,direct_2022
Australia,36723535.0,2106909998,21,2106909998,311999,311999,direct_2022
Fiji,30096.0,2106909998,21,2106909998,311999,311999,direct_2022
New Zealand,22690255.0,2106909998,21,2106909998,311999,311999,direct_2022
Australia,3843.0,2201100000,22,2201100000,312112,312112,direct_2022
Fiji,42949.0,2201100000,22,2201100000,312112,312112,direct_2022
New Zealand,1169581.0,2201100000,22,2201100000,312112,312112,direct_2022
Australia,8347.0,2201900000,22,2201900000,312113,312113,direct_2022
Fiji,142001284.0,2201900000,22,2201900000,312113,312113,direct_2022
New Zealand,5425607.0,2201900000,22,2201900000,312113,312113,direct_2022
Australia,1217193.0,2202100020,22,2202100020,312111,312111,direct_2022
Fiji,7864.0,2202100020,22,2202100020,312111,312111,direct_2022
Australia,3110239.0,2202100045,22,2202100045,312111,312111,direct_2022
Australia,16921099.0,2202100055,22,2202100055,312111,312111,direct_2022
Fiji,14220.0,2202100055,22,2202100055,312111,312111,direct_2022
New Zealand,39014.0,2202100055,22,2202100055,312111,312111,direct_2022
Australia,143307.0,2202100065,22,2202100065,312111,312111,direct_2022
Australia,1430012.0,2202100075,22,2202100075,312111,312111,direct_2022
New Zealand,138562.0,2202100075,22,2202100075,312111,312111,direct_2022
Australia,21438.0,2202910010,22,2202910010,312120,312120,direct_2022
Australia,280802.0,2202999120,22,2202999120,312111,312111,direct_2022
New Zealand,9923585.0,2202999120,22,2202999120,312111,312111,direct_2022
Australia,58460.0,2203000030,22,2203000030,312120,312120,direct_2022
French Polynesia,12556.0,2203000030,22,2203000030,312120,312120,direct_2022
New Zealand,742857.0,2203000030,22,2203000030,312120,312120,direct_2022
French Polynesia,6237.0,2203000060,22,2203000060,312120,312120,direct_2022
Australia,7168.0,2204100065,22,2204100065,312130,312130,direct_2022
Australia,1587036.0,2204100075,22,2204100075,312130,312130,direct_2022
New Zealand,163228.0,2204100075,22,2204100075,312130,312130,direct_2022
Australia,22572.0,2204212000,22,2204212000,312130,312130,direct_2022
New Zealand,7700.0,2204212000,22,2204212000,312130,312130,direct_2022
Australia,590385.0,2204215005,22,2204215005,312130,312130,direct_2022
New Zealand,887040.0,2204215005,22,2204215005,312130,312130,direct_2022
Australia,554308.0,2204215015,22,2204215015,312130,312130,direct_2022
New Zealand,118272.0,2204215015,22,2204215015,312130,312130,direct_2022
Australia,14880.0,2204215025,22,2204215025,312130,312130,direct_2022
Australia,111564.0,2204215035,22,2204215035,312130,312130,direct_2022
New Zealand,103059.0,2204215035,22,2204215035,312130,312130,direct_2022
Australia,75900755.0,2204215040,22,2204215040,312130,312130,direct_2022
New Zealand,13622617.0,2204215040,22,2204215040,312130,312130,direct_2022
Australia,82500.0,2204215050,22,2204215050,312130,312130,direct_2022
New Zealand,21898231.0,2204215050,22,2204215050,312130,312130,direct_2022
Australia,104988892.0,2204215055,22,2204215055,312130,312130,direct_2022
New Zealand,377290976.0,2204215055,22,2204215055,312130,312130,direct_2022
Australia,1258685.0,2204215060,22,2204215060,312130,312130,direct_2022
New Zealand,3060476.0,2204215060,22,2204215060,312130,312130,direct_2022
Australia,22000.0,2204218030,22,2204218030,312130,312130,direct_2022
New Zealand,64096.0,2204218030,22,2204218030,312130,312130,direct_2022
Australia,20040158.0,2204218060,22,2204218060,312130,312130,direct_2022
New Zealand,376457.0,2204218060,22,2204218060,312130,312130,direct_2022
Australia,15894.0,2204222005,22,2204222005,312130,312130,direct_2022
Australia,117985.0,2204222030,22,2204222030,312130,312130,direct_2022
New Zealand,95025.0,2204226000,22,2204226000,312130,312130,direct_2022
Australia,35539571.0,2204296100,22,2204296100,312130,312130,direct_2022
New Zealand,100749813.0,2204296100,22,2204296100,312130,312130,direct_2022
Australia,2474002.0,2204298100,22,2204298100,312130,312130,direct_2022
Australia,9465.0,2205103000,22,2205103000,312130,312130,direct_2022
Australia,430931.0,2205106000,22,2205106000,312130,312130,direct_2022
Australia,61880.0,2206006000,22,2206006000,312130,312130,direct_2022
Australia,26323.0,2206009015,22,2206009015,312130,312130,consolidated_naics
Australia,109070.0,2206009025,22,2206009025,312130,312130,consolidated_naics
New Zealand,240451.0,2206009025,22,2206009025,312130,312130,consolidated_naics
Australia,5272.0,2206009030,22,2206009030,312130,312130,direct_2022
Australia,567332.0,2206009040,22,2206009040,312130,312130,direct_2022
New Zealand,17419.0,2206009040,22,2206009040,312130,312130,direct_2022
Australia,5909404.0,2207103000,22,2207103000,312140,312140,direct_2022
Australia,127410.0,2208303030,22,2208303030,312140,312140,direct_2022
Australia,8357.0,2208306020,22,2208306020,312140,312140,direct_2022
Australia,333915.0,2208306065,22,2208306065,312140,312140,direct_2022
Australia,126400.0,2208306085,22,2208306085,312140,312140,direct_2022
Australia,5278.0,2208404000,22,2208404000,312140,312140,direct_2022
Fiji,31947.0,2208404000,22,2208404000,312140,312140,direct_2022
Australia,325437.0,2208500030,22,2208500030,312140,312140,direct_2022
New Zealand,350466.0,2208500030,22,2208500030,312140,312140,direct_2022
Australia,9488.0,2208500060,22,2208500060,312140,312140,direct_2022
New Zealand,314709.0,2208500060,22,2208500060,312140,312140,direct_2022
Australia,98280.0,2208602000,22,2208602000,312140,312140,direct_2022
New Zealand,2287542.0,2208602000,22,2208602000,312140,312140,direct_2022
Australia,28201.0,2208605000,22,2208605000,312140,312140,direct_2022
Australia,95127.0,2208700030,22,2208700030,312140,312140,direct_2022
New Zealand,47004.0,2208700030,22,2208700030,312140,312140,direct_2022
Australia,7500.0,2208700060,22,2208700060,312140,312140,direct_2022
Australia,2800.0,2208903000,22,2208903000,312130,312130,direct_2022
Australia,58377.0,2208908010,22,2208908010,312140,312140,direct_2022
New Zealand,4869584.0,2208908020,22,2208908020,312140,312140,direct_2022
Australia,24064.0,2209000000,22,2209000000,311941,311941,direct_2022
New Zealand,60429.0,2209000000,22,2209000000,311941,311941,direct_2022
Australia,28943510.0,2301100000,23,2301100000,311613,311613,direct_2022
New Zealand,6322328.0,2301100000,23,2301100000,311613,311613,direct_2022
New Zealand,755429.0,2301200090,23,2301200090,114111,114111,direct_2022
Australia,758065.0,2308009890,23,2308009890,311119,311119,direct_2022
Australia,306036.0,2309100010,23,2309100010,311111,311111,direct_2022
New Zealand,10913144.0,2309100010,23,2309100010,311111,311111,direct_2022
Australia,626170.0,2309100090,23,2309100090,311111,311111,direct_2022
New Zealand,64424637.0,2309100090,23,2309100090,311111,311111,direct_2022
Australia,4295.0,2309901015,23,2309901015,311119,311119,direct_2022
New Zealand,40289.0,2309901015,23,2309901015,311119,311119,direct_2022
Australia,401882.0,2309901050,23,2309901050,311119,311119,direct_2022
Marshall Islands,4550.0,2309901050,23,2309901050,311119,311119,direct_2022
New Zealand,5997.0,2309901050,23,2309901050,311119,311119,direct_2022
Australia,89556.0,2309902410,23,2309902410,311119,311119,direct_2022
Australia,23789.0,2309909500,23,2309909500,311119,311119,direct_2022
New Zealand,319582.0,2309909500,23,2309909500,311119,311119,direct_2022
Australia,6469050.0,2501000000,25,2501000000,212390,212393,direct_2022
New Zealand,25963.0,2501000000,25,2501000000,212390,212393,direct_2022
Australia,1453905.0,2505101000,25,2505101000,212322,212322,direct_2022
New Zealand,21068.0,2505101000,25,2505101000,212322,212322,direct_2022
Australia,58804.0,2505105000,25,2505105000,212322,212322,direct_2022
Australia,9063.0,2506100050,25,2506100050,212311,212311,direct_2022
New Zealand,516501.0,2507000000,25,2507000000,212323,212324,direct_2022
Australia,30697.0,2512000000,25,2512000000,212390,212399,direct_2022
Australia,15453759.0,2513201000,25,2513201000,212390,212399,direct_2022
Australia,945338.0,2513209000,25,2513209000,327910,327910,direct_2022
Australia,2835.0,2516120060,25,2516120060,212311,212311,direct_2022
New Zealand,1125270.0,2517100015,25,2517100015,212321,212321,direct_2022
New Zealand,1324116.0,2517490000,25,2517490000,212319,212319,direct_2022
Australia,141070.0,2525200000,25,2525200000,327992,327992,direct_2022
Australia,4654.0,2526200000,25,2526200000,327992,327992,direct_2022
Australia,223018.0,2530100000,25,2530100000,212390,212399,direct_2022
Australia,10201393.0,2530908050,25,2530908050,212390,212399,direct_2022
Marshall Islands,22743.0,2530908050,25,2530908050,212390,212399,direct_2022
Australia,1231786.0,2601110090,26,2601110090,212210,212210,direct_2022
Australia,2270.0,2601200000,26,2601200000,331110,331110,direct_2022
Australia,12987383.0,2606000060,26,2606000060,212290,212299,direct_2022
Australia,2077.0,2606000090,26,2606000090,212290,212299,direct_2022
Australia,2189605.0,2611006000,26,2611006000,212290,212299,direct_2022
Australia,431694110.0,2612100000,26,2612100000,212290,212291,direct_2022
Australia,12736477.0,2614006020,26,2614006020,212290,212299,direct_2022
Australia,66716623.0,2614006040,26,2614006040,212290,212299,direct_2022
Australia,19972734.0,2615100000,26,2615100000,212290,212299,direct_2022
Australia,32269560.0,2615906060,26,2615906060,212290,212299,direct_2022
New Zealand,111966.0,2617900060,26,2617900060,212290,212299,direct_2022
Australia,305494.0,2620193000,26,2620193000,331410,331410,direct_2022
Australia,2148.0,2620998500,26,2620998500,910000,910000,direct_2022
New Caledonia,447196.0,2621900000,26,2621900000,910000,910000,direct_2022
New Zealand,115363.0,2703000000,27,2703000000,212390,212399,direct_2022
Australia,13343577.0,2710122500,27,2710122500,324110,324110,direct_2022
Australia,15443.0,2710190605,27,2710190605,324110,324110,direct_2022
Australia,8346.0,2710193010,27,2710193010,324110,324110,direct_2022
Australia,7326.0,2710193080,27,2710193080,324110,324110,direct_2022
Australia,5331.0,2710193500,27,2710193500,324110,324110,direct_2022
Australia,4350.0,2710199000,27,2710199000,324110,324110,direct_2022
Australia,21166.0,2710999000,27,2710999000,324110,324110,direct_2022
Australia,5465.0,2803000050,28,2803000050,325180,325180,direct_2022
New Zealand,2828.0,2803000050,28,2803000050,325180,325180,direct_2022
Australia,4928.0,2804300000,28,2804300000,325120,325120,direct_2022
Australia,43314450.0,2804691000,28,2804691000,331410,331410,direct_2022
Australia,980873.0,2804695000,28,2804695000,331410,331410,direct_2022
Australia,2514.0,2805300090,28,2805300090,325180,325180,direct_2022
New Zealand,2192.0,2811210000,28,2811210000,325120,325120,direct_2022
Australia,2183.0,2811221000,28,2811221000,325180,325180,direct_2022
Australia,122126.0,2811225000,28,2811225000,325180,325180,direct_2022
Australia,5848.0,2815300000,28,2815300000,325180,325180,direct_2022
Australia,2488525.0,2817000000,28,2817000000,325180,325180,direct_2022
Australia,40356.0,2818102010,28,2818102010,327910,327910,direct_2022
Australia,45301.0,2818102090,28,2818102090,327910,327910,direct_2022
Australia,30587446.0,2818200000,28,2818200000,331313,331313,direct_2022
Australia,200000.0,2818300000,28,2818300000,325180,325180,direct_2022
Australia,163187.0,2824100000,28,2824100000,325130,325130,direct_2022
New Zealand,4896.0,2824100000,28,2824100000,325130,325130,direct_2022
Australia,87742.0,2825400000,28,2825400000,325180,325180,direct_2022
Australia,9807364.0,2825501000,28,2825501000,325180,325180,direct_2022
Australia,2390638.0,2825600000,28,2825600000,325180,325180,direct_2022
Australia,7890.0,2826300000,28,2826300000,325180,325180,direct_2022
New Zealand,55318.0,2827392500,28,2827392500,325180,325180,direct_2022
Australia,12000.0,2827396500,28,2827396500,325180,325180,direct_2022
New Zealand,25167.0,2832200000,28,2832200000,325180,325180,direct_2022
Australia,31317.0,2832305000,28,2832305000,325180,325180,direct_2022
Australia,4638850.0,2833240000,28,2833240000,325180,325180,direct_2022
Australia,11603.0,2834295100,28,2834295100,325180,325180,direct_2022
Australia,232024.0,2835240000,28,2835240000,325180,325180,direct_2022
Australia,44401.0,2835260000,28,2835260000,325180,325180,direct_2022
New Zealand,4685.0,2835260000,28,2835260000,325180,325180,direct_2022
Australia,2251.0,2836300000,28,2836300000,325180,325180,direct_2022
Australia,4511.0,2836500000,28,2836500000,325180,325180,direct_2022
Australia,26970242.0,2836995000,28,2836995000,325180,325180,direct_2022
Australia,8385.0,2837110000,28,2837110000,325180,325180,direct_2022
Australia,10400.0,2839190000,28,2839190000,325180,325180,direct_2022
Australia,20000.0,2839905000,28,2839905000,325180,325180,direct_2022
Australia,506494.0,2840200000,28,2840200000,325180,325180,direct_2022
Australia,38562.0,2840300010,28,2840300010,325180,325180,direct_2022
Australia,3325.0,2840300050,28,2840300050,325180,325180,direct_2022
Australia,38340.0,2841800050,28,2841800050,325180,325180,direct_2022
Australia,73951.0,2843900000,28,2843900000,325180,325180,direct_2022
Australia,3659696.0,2844430028,28,2844430028,325180,325180,direct_2022
New Zealand,41684.0,2845900100,28,2845900100,325180,325180,direct_2022
Australia,8829.0,2847000000,28,2847000000,325180,325180,direct_2022
Nauru,15900.0,2849202000,28,2849202000,327910,327910,direct_2022
Australia,4100.0,2850005000,28,2850005000,325180,325180,direct_2022
Australia,76464.0,2901295000,29,2901295000,325199,325199,direct_2022
Australia,3961.0,2903120000,29,2903120000,325199,325199,direct_2022
Australia,1258929.0,2905120010,29,2905120010,325199,325199,direct_2022
Australia,25236.0,2905120050,29,2905120050,325199,325199,direct_2022
Australia,32000.0,2905430000,29,2905430000,325199,325199,direct_2022
Australia,8845.0,2905450000,29,2905450000,325199,325199,direct_2022
Australia,18975.0,2906193000,29,2906193000,325199,325199,direct_2022
Australia,6560.0,2906296000,29,2906296000,325199,325199,direct_2022
New Zealand,49300.0,2907290500,29,2907290500,325199,325199,direct_2022
New Zealand,9400.0,2907299000,29,2907299000,325211,325211,direct_2022
Australia,2444.0,2909304000,29,2909304000,325199,325199,direct_2022
Australia,3907.0,2909430000,29,2909430000,325199,325199,direct_2022
Australia,32086.0,2912195000,29,2912195000,325199,325199,direct_2022
Australia,148401.0,2914799000,29,2914799000,325199,325199,direct_2022
Australia,82680.0,2915210000,29,2915210000,325199,325199,direct_2022
New Zealand,372375.0,2915405050,29,2915405050,325199,325199,direct_2022
Australia,9709609.0,2916205000,29,2916205000,325199,325199,direct_2022
New Zealand,8920.0,2916392100,29,2916392100,325199,325199,direct_2022
Micronesia,30935.0,2917350000,29,2917350000,325199,325199,direct_2022
Australia,30240.0,2918140000,29,2918140000,325199,325199,direct_2022
Australia,82098.0,2918151000,29,2918151000,325199,325199,direct_2022
Australia,22897.0,2918170001,29,2918170001,325199,325199,direct_2022
New Zealand,2988940.0,2918199000,29,2918199000,325199,325199,direct_2022
New Zealand,53000.0,2918309000,29,2918309000,325199,325199,direct_2022
Australia,8892.0,2918995000,29,2918995000,325199,325199,direct_2022
Australia,3844.0,2921110000,29,2921110000,325199,325199,direct_2022
Australia,2370.0,2921191100,29,2921191100,325199,325199,direct_2022
New Zealand,2950.0,2921196195,29,2921196195,325199,325199,new_hs_code_2024
Australia,9935.0,2921290020,29,2921290020,325199,325199,direct_2022
Australia,26709.0,2921290055,29,2921290055,325199,325199,direct_2022
New Zealand,2079.0,2921305000,29,2921305000,325199,325199,direct_2022
Australia,2769.0,2921494500,29,2921494500,325194,325194,direct_2022
Australia,3600.0,2922494950,29,2922494950,325199,325199,direct_2022
Australia,5467.0,2922498000,29,2922498000,325199,325199,direct_2022
Australia,5700.0,2923900100,29,2923900100,325199,325199,direct_2022
Australia,29700.0,2924198000,29,2924198000,325199,325199,direct_2022
Australia,5250.0,2924297100,29,2924297100,325199,325199,direct_2022
New Zealand,20116.0,2924299500,29,2924299500,325199,325199,direct_2022
Australia,164687.0,2925194200,29,2925194200,325199,325199,direct_2022
Australia,121446.0,2925299000,29,2925299000,325199,325199,direct_2022
Australia,2100.0,2926904300,29,2926904300,325199,325199,direct_2022
Australia,6636.0,2929905095,29,2929905095,325199,325199,new_hs_code_2024
Nauru,89528.0,2930902900,29,2930902900,325199,325199,direct_2022
Australia,84806.0,2930909251,29,2930909251,325199,325199,new_hs_code_2024
Australia,2067.0,2931903000,29,2931903000,325199,325199,direct_2022
Australia,139905.0,2931909052,29,2931909052,325199,325199,new_hs_code_2024
Australia,2450.0,2932203000,29,2932203000,325199,325199,direct_2022
Australia,30679.0,2932999090,29,2932999090,325199,325199,direct_2022
New Zealand,1356460.0,2932999090,29,2932999090,325199,325199,direct_2022
New Zealand,38216.0,2933193500,29,2933193500,325411,325411,direct_2022
Australia,476880.0,2933293500,29,2933293500,325199,325199,direct_2022
Australia,3321.0,2933299000,29,2933299000,325199,325199,direct_2022
Australia,9635.0,2933394100,29,2933394100,325411,325411,direct_2022
Australia,38764.0,2933396191,29,2933396191,325199,325199,new_hs_code_2024
Australia,9600.0,2933496000,29,2933496000,325199,325199,direct_2022
Australia,11590.0,2933497000,29,2933497000,325199,325199,direct_2022
Australia,11500.0,2933597000,29,2933597000,325199,325199,direct_2022
Australia,41800.0,2933790800,29,2933790800,325199,325199,direct_2022
Australia,10922.0,2933992200,29,2933992200,325320,325199,direct_2022
Australia,5675.0,2933994600,29,2933994600,325411,325412,direct_2022
Australia,42747.0,2933997900,29,2933997900,325199,325199,direct_2022
Australia,2015.0,2933998290,29,2933998290,325199,325199,direct_2022
Australia,98557.0,2933999000,29,2933999000,325411,325411,direct_2022
Australia,59332.0,2933999701,29,2933999701,325199,325199,direct_2022
New Zealand,2478.0,2934993900,29,2934993900,325199,325199,direct_2022
Australia,2062.0,2934994400,29,2934994400,325199,325199,direct_2022
Australia,303737.0,2934999001,29,2934999001,325199,325199,direct_2022
New Zealand,403679.0,2934999001,29,2934999001,325199,325199,direct_2022
Australia,73135.0,2936210000,29,2936210000,325411,325411,direct_2022
Australia,41424.0,2936270000,29,2936270000,325411,325411,direct_2022
Australia,22204.0,2936280000,29,2936280000,325411,325411,direct_2022
Australia,4499.0,2936291620,29,2936291620,325411,325411,direct_2022
Australia,129370.0,2936295050,29,2936295050,325411,325411,direct_2022
Australia,1238874.0,2936900110,29,2936900110,325411,325411,direct_2022
Australia,191816.0,2936900150,29,2936900150,325411,325411,direct_2022
Fiji,6943.0,2936900150,29,2936900150,325411,325411,direct_2022
New Zealand,15031.0,2936900150,29,2936900150,325411,325411,direct_2022
Australia,407565.0,2937190000,29,2937190000,325411,325412,direct_2022
New Zealand,100000.0,2937190000,29,2937190000,325411,325412,direct_2022
Australia,632583.0,2937299050,29,2937299050,325411,325412,direct_2022
New Zealand,9100.0,2937299050,29,2937299050,325411,325412,direct_2022
Australia,34922.0,2938900000,29,2938900000,325411,325411,direct_2022
New Zealand,318613.0,2938900000,29,2938900000,325411,325411,direct_2022
Australia,32377441.0,2939110000,29,2939110000,325411,325412,direct_2022
New Zealand,2325.0,2939110000,29,2939110000,325411,325412,direct_2022
Australia,1996200.0,2939195000,29,2939195000,325411,325411,direct_2022
Australia,681173.0,2939790000,29,2939790000,325411,325411,direct_2022
New Zealand,5150.0,2939790000,29,2939790000,325411,325411,direct_2022
New Zealand,656250.0,2939800050,29,2939800050,325199,325199,new_hs_code_2024
Australia,2133.0,2940006000,29,2940006000,325199,325199,direct_2022
New Zealand,94440.0,2940006000,29,2940006000,325199,325199,direct_2022
Australia,2581.0,2941901050,29,2941901050,325411,325411,direct_2022
Australia,3180.0,2942003500,29,2942003500,325199,325199,direct_2022
Australia,279203.0,2942005000,29,2942005000,325199,325199,direct_2022
Australia,3203.0,3001200000,30,3001200000,325411,325411,direct_2022
Australia,146712.0,3001900110,30,3001900110,325411,325411,direct_2022
New Zealand,2940920.0,3001900110,30,3001900110,325411,325411,direct_2022
Australia,106867.0,3001900150,30,3001900150,325411,325411,direct_2022
New Zealand,25667881.0,3001900150,30,3001900150,325411,325411,direct_2022
Australia,1912200.0,3001900190,30,3001900190,325411,325411,direct_2022
New Zealand,4649948.0,3001900190,30,3001900190,325411,325411,direct_2022
Australia,307110.0,3002120010,30,3002120010,325414,325414,direct_2022
Australia,26867.0,3002120020,30,3002120020,325414,325414,direct_2022
Australia,15695045.0,3002120040,30,3002120040,325414,325413,direct_2022
New Zealand,8503682.0,3002120040,30,3002120040,325414,325413,direct_2022
Australia,1164939700.0,3002120090,30,3002120090,325414,325414,direct_2022
New Zealand,12682170.0,3002120090,30,3002120090,325414,325414,direct_2022
Australia,480448.0,3002130010,30,3002130010,325414,325414,direct_2022
Australia,313637.0,3002140010,30,3002140010,325414,325414,direct_2022
Australia,3991710.0,3002140090,30,3002140090,325414,325414,direct_2022
Australia,619248.0,3002150011,30,3002150011,325413,325413,direct_2022
New Zealand,1313682.0,3002150011,30,3002150011,325413,325413,direct_2022
Australia,113186.0,3002150091,30,3002150091,325414,325414,direct_2022
Australia,49803277.0,3002410000,30,3002410000,325414,325414,direct_2022
New Caledonia,19260.0,3002410000,30,3002410000,325414,325414,direct_2022
New Zealand,9652682.0,3002420000,30,3002420000,325414,325414,direct_2022
Australia,1436126.0,3002490050,30,3002490050,325414,325414,new_hs_code_2024
New Zealand,51371.0,3002490050,30,3002490050,325414,325414,new_hs_code_2024
Australia,1655142.0,3002510000,30,3002510000,325414,325414,direct_2022
Australia,48000.0,3002590000,30,3002590000,325414,325414,direct_2022
New Zealand,2800.0,3002590000,30,3002590000,325414,325414,direct_2022
Australia,882605.0,3002901000,30,3002901000,325414,325414,direct_2022
Australia,3328.0,3002905210,30,3002905210,325414,325414,direct_2022
New Zealand,3565.0,3002905210,30,3002905210,325414,325414,direct_2022
Australia,6132146.0,3002905250,30,3002905250,325414,325414,direct_2022
New Zealand,1441775.0,3002905250,30,3002905250,325414,325414,direct_2022
Australia,3890.0,3003200000,30,3003200000,325411,325412,direct_2022
New Zealand,120000.0,3003900190,30,3003900190,325411,325412,direct_2022
Australia,5000.0,3004105075,30,3004105075,325412,325412,new_hs_code_2024
Australia,1287326.0,3004200010,30,3004200010,325412,325412,direct_2022
Australia,731843.0,3004200020,30,3004200020,325412,325412,direct_2022
Australia,2523596.0,3004200065,30,3004200065,325412,325412,new_hs_code_2024
Australia,15055585.0,3004200075,30,3004200075,325412,325412,new_hs_code_2024
Australia,1140239.0,3004320000,30,3004320000,325412,325412,direct_2022
Australia,14921903.0,3004390010,30,3004390010,325412,325412,direct_2022
New Zealand,4283003.0,3004390010,30,3004390010,325412,325412,direct_2022
Australia,7554.0,3004390050,30,3004390050,325412,325412,direct_2022
Australia,1087948.0,3004490005,30,3004490005,325412,325412,direct_2022
New Zealand,704356.0,3004490020,30,3004490020,325412,325412,direct_2022
Australia,988853.0,3004490060,30,3004490060,325412,325412,direct_2022
Australia,594127.0,3004490070,30,3004490070,325412,325412,direct_2022
Australia,44478.0,3004505030,30,3004505030,325412,325412,direct_2022
Australia,1044414.0,3004505040,30,3004505040,325412,325412,direct_2022
Australia,1084423.0,3004909201,30,3004909201,325412,325412,new_hs_code_2024
New Zealand,3572429.0,3004909201,30,3004909201,325412,325412,new_hs_code_2024
Australia,8866.0,3004909206,30,3004909206,325412,325412,new_hs_code_2024
New Zealand,329792.0,3004909206,30,3004909206,325412,325412,new_hs_code_2024
Australia,13634.0,3004909214,30,3004909214,325412,325412,direct_2022
Australia,7760665.0,3004909215,30,3004909215,325412,325412,direct_2022
New Zealand,1054221.0,3004909215,30,3004909215,325412,325412,direct_2022
Australia,3879674.0,3004909216,30,3004909216,325412,325412,new_hs_code_2024
Australia,4358554.0,3004909218,30,3004909218,325412,325412,new_hs_code_2024
Australia,2015387.0,3004909221,30,3004909221,325412,325412,new_hs_code_2024
Australia,1592002.0,3004909234,30,3004909234,325412,325412,new_hs_code_2024
Australia,118483.0,3004909236,30,3004909236,325412,325412,new_hs_code_2024
Australia,3795721.0,3004909239,30,3004909239,325412,325412,new_hs_code_2024
Australia,24456114.0,3004909240,30,3004909240,325412,325412,direct_2022
New Zealand,847169.0,3004909240,30,3004909240,325412,325412,direct_2022
Australia,8464.0,3004909242,30,3004909242,325412,325412,new_hs_code_2024
New Zealand,2096164.0,3004909244,30,3004909244,325412,325412,new_hs_code_2024
Australia,129293.0,3004909266,30,3004909266,325412,325412,new_hs_code_2024
Australia,1881090.0,3004909268,30,3004909268,325412,325412,new_hs_code_2024
Australia,14961.0,3004909284,30,3004909284,325412,325412,new_hs_code_2024
Australia,7140969.0,3004909291,30,3004909291,325412,325412,direct_2022
New Zealand,4812102.0,3004909291,30,3004909291,325412,325412,direct_2022
Micronesia,2463.0,3005101000,30,3005101000,339113,339113,direct_2022
Australia,29456.0,3005105000,30,3005105000,339113,339113,direct_2022
Micronesia,4037.0,3005105000,30,3005105000,339113,339113,direct_2022
New Zealand,202291.0,3005105000,30,3005105000,339113,339113,direct_2022
Australia,21852134.0,3005905090,30,3005905090,339113,339113,direct_2022
New Zealand,3796343.0,3005905090,30,3005905090,339113,339113,direct_2022
Australia,498310.0,3006100100,30,3006100100,339113,339113,direct_2022
Australia,777282.0,3006305000,30,3006305000,325413,325413,direct_2022
Australia,4069441.0,3006400000,30,3006400000,339114,339114,direct_2022
Australia,2118.0,3006500000,30,3006500000,339113,339113,direct_2022
New Zealand,2718.0,3006500000,30,3006500000,339113,339113,direct_2022
Micronesia,97051.0,3006700000,30,3006700000,325998,325199,direct_2022
Australia,4432.0,3006931000,30,3006931000,325412,325412,direct_2022
Micronesia,4174.0,3006931000,30,3006931000,325412,325412,direct_2022
Australia,78377.0,3006938000,30,3006938000,325412,325412,direct_2022
Australia,1587710.0,3101000000,31,3101000000,325311,325311,direct_2022
Australia,285000.0,3102100010,31,3102100010,325311,325311,direct_2022
Australia,36564.0,3102600000,31,3102600000,325311,325311,direct_2022
Australia,2640773.0,3102900100,31,3102900100,325311,325311,direct_2022
Australia,85704.0,3103900100,31,3103900100,325312,325312,direct_2022
Australia,150235.0,3104200050,31,3104200050,325312,325312,direct_2022
Australia,115625.0,3104900100,31,3104900100,325312,325312,direct_2022
Australia,1108193.0,3105100000,31,3105100000,325312,325312,direct_2022
Australia,155450.0,3105200000,31,3105200000,325312,325312,direct_2022
Australia,30097608.0,3105300000,31,3105300000,325312,325312,direct_2022
Australia,19759029.0,3105400010,31,3105400010,325312,325312,direct_2022
Australia,18985.0,3105400050,31,3105400050,325312,325312,direct_2022
Australia,117821.0,3105510000,31,3105510000,325312,325312,direct_2022
Australia,87800.0,3105590000,31,3105590000,325312,325312,direct_2022
Australia,693923.0,3105600000,31,3105600000,325312,325312,direct_2022
Australia,362427.0,3105900050,31,3105900050,325312,325312,direct_2022
Australia,16656.0,3201901000,32,3201901000,325194,325194,direct_2022
Australia,430782.0,3203001000,32,3203001000,325194,325194,direct_2022
New Zealand,30018312.0,3203001000,32,3203001000,325194,325194,direct_2022
Australia,104776.0,3203008000,32,3203008000,325194,325194,direct_2022
Australia,5775.0,3204142500,32,3204142500,325130,325130,direct_2022
Australia,4835.0,3204170485,32,3204170485,325130,325130,direct_2022
Australia,60192.0,3204179086,32,3204179086,325130,325130,direct_2022
Australia,29241.0,3204192090,32,3204192090,325130,325130,direct_2022
Australia,46963.0,3204900000,32,3204900000,325130,325130,direct_2022
Australia,54820.0,3205001500,32,3205001500,325130,325130,direct_2022
Australia,4733.0,3205005050,32,3205005050,325130,325130,direct_2022
Australia,25039388.0,3206110000,32,3206110000,325180,325130,direct_2022
Australia,2971.0,3206190000,32,3206190000,325180,325130,direct_2022
New Zealand,10840.0,3206190000,32,3206190000,325180,325130,direct_2022
New Zealand,14618.0,3206491000,32,3206491000,325130,325130,direct_2022
Australia,4309.0,3206492000,32,3206492000,325130,325130,direct_2022
Australia,2347.0,3206496050,32,3206496050,325130,325130,direct_2022
Australia,9189.0,3207405000,32,3207405000,325510,325510,direct_2022
Australia,1926081.0,3208100000,32,3208100000,325510,325510,direct_2022
Australia,11395.0,3208200000,32,3208200000,325510,325510,direct_2022
New Zealand,490868.0,3208200000,32,3208200000,325510,325510,direct_2022
Australia,6555410.0,3208900000,32,3208900000,325510,325510,direct_2022
Nauru,9041.0,3208900000,32,3208900000,325510,325510,direct_2022
New Zealand,215399.0,3208900000,32,3208900000,325510,325510,direct_2022
Australia,621846.0,3209100000,32,3209100000,325510,325510,direct_2022
New Zealand,97045.0,3209100000,32,3209100000,325510,325510,direct_2022
Australia,670687.0,3209900000,32,3209900000,325510,325510,direct_2022
New Zealand,145586.0,3209900000,32,3209900000,325510,325510,direct_2022
Australia,88742.0,3210000000,32,3210000000,325510,325510,direct_2022
New Zealand,1160008.0,3210000000,32,3210000000,325510,325510,direct_2022
Australia,276262.0,3212100000,32,3212100000,332999,332999,direct_2022
Australia,151219.0,3212900050,32,3212900050,325510,325510,direct_2022
Australia,50866.0,3213100000,32,3213100000,339940,339940,direct_2022
New Zealand,49260.0,3213100000,32,3213100000,339940,339940,direct_2022
Australia,43545.0,3213900000,32,3213900000,339940,339940,direct_2022
Australia,11417.0,3214100010,32,3214100010,325520,325520,direct_2022
Australia,56880.0,3214100020,32,3214100020,325520,325520,direct_2022
Australia,104142.0,3214100090,32,3214100090,325520,325520,direct_2022
Australia,292082.0,3214905000,32,3214905000,325510,325520,direct_2022
New Zealand,3645.0,3214905000,32,3214905000,325510,325520,direct_2022
Australia,261761.0,3215119060,32,3215119060,325910,325910,direct_2022
Australia,397590.0,3215199060,32,3215199060,325910,325910,direct_2022
New Zealand,9403.0,3215199060,32,3215199060,325910,325910,direct_2022
Australia,76160.0,3215901000,32,3215901000,325998,325998,direct_2022
Australia,119119.0,3215905000,32,3215905000,325998,325998,direct_2022
Australia,45601.0,3301120000,33,3301120000,325199,325998,direct_2022
Australia,54957.0,3301130000,33,3301130000,325199,325998,direct_2022
Australia,17206.0,3301240000,33,3301240000,325199,325998,direct_2022
Australia,6829.0,3301250020,33,3301250020,325199,325998,direct_2022
Australia,2100.0,3301250050,33,3301250050,325199,325998,direct_2022
Australia,133000.0,3301291000,33,3301291000,325199,325998,direct_2022
New Caledonia,6335.0,3301291000,33,3301291000,325199,325998,direct_2022
Australia,3655.0,3301295118,33,3301295118,325199,325998,direct_2022
Australia,5475.0,3301295129,33,3301295129,325199,325998,direct_2022
Australia,2383.0,3301295137,33,3301295137,325199,325998,direct_2022
Australia,3793136.0,3301295139,33,3301295139,325199,325998,direct_2022
New Caledonia,119607.0,3301295139,33,3301295139,325199,325998,direct_2022
Australia,6288807.0,3301295150,33,3301295150,325199,325998,direct_2022
New Caledonia,53593.0,3301295150,33,3301295150,325199,325998,direct_2022
New Zealand,1326361.0,3301295150,33,3301295150,325199,325998,direct_2022
Australia,950310.0,3301300000,33,3301300000,325199,325211,direct_2022
Australia,128003.0,3301901050,33,3301901050,325199,325998,direct_2022
Australia,394852.0,3301905000,33,3301905000,325199,325998,direct_2022
New Caledonia,65875.0,3301905000,33,3301905000,325199,325998,direct_2022
New Zealand,2646.0,3301905000,33,3301905000,325199,325998,direct_2022
Australia,23817.0,3302101000,33,3302101000,325998,325199,direct_2022
New Zealand,75941.0,3302101000,33,3302101000,325998,325199,direct_2022
Australia,5932.0,3302109000,33,3302109000,325998,325199,direct_2022
New Zealand,2786.0,3302109000,33,3302109000,325998,325199,direct_2022
Australia,8835.0,3302901010,33,3302901010,325998,325620,direct_2022
New Zealand,4338.0,3302901010,33,3302901010,325998,325620,direct_2022
Australia,41776.0,3302901050,33,3302901050,325998,325199,direct_2022
French Polynesia,30742.0,3302901050,33,3302901050,325998,325199,direct_2022
New Zealand,59752.0,3302901050,33,3302901050,325998,325199,direct_2022
Australia,24405.0,3302902050,33,3302902050,325998,325199,direct_2022
New Zealand,4718.0,3302902050,33,3302902050,325998,325199,direct_2022
Australia,169067.0,3303001000,33,3303001000,325620,325620,direct_2022
Australia,332607.0,3303002000,33,3303002000,325620,325620,direct_2022
Fiji,2734.0,3303002000,33,3303002000,325620,325620,direct_2022
New Caledonia,6321.0,3303002000,33,3303002000,325620,325620,direct_2022
Australia,1648137.0,3303003000,33,3303003000,325620,325620,direct_2022
Australia,926955.0,3304100000,33,3304100000,325620,325620,direct_2022
Fiji,2012.0,3304100000,33,3304100000,325620,325620,direct_2022
New Zealand,810859.0,3304100000,33,3304100000,325620,325620,direct_2022
Australia,1875632.0,3304200000,33,3304200000,325620,325620,direct_2022
Australia,142304.0,3304300000,33,3304300000,325620,325620,direct_2022
New Zealand,30584.0,3304300000,33,3304300000,325620,325620,direct_2022
Australia,2003.0,3304910010,33,3304910010,325620,325620,direct_2022
Australia,394623.0,3304910050,33,3304910050,325620,325620,direct_2022
New Zealand,44174.0,3304910050,33,3304910050,325620,325620,direct_2022
Australia,78497.0,3304991000,33,3304991000,325620,325620,direct_2022
Australia,32142657.0,3304995000,33,3304995000,325620,325620,direct_2022
Fiji,1254580.0,3304995000,33,3304995000,325620,325620,direct_2022
French Polynesia,189841.0,3304995000,33,3304995000,325620,325620,direct_2022
Marshall Islands,13439.0,3304995000,33,3304995000,325620,325620,direct_2022
New Zealand,12373222.0,3304995000,33,3304995000,325620,325620,direct_2022
Australia,5772582.0,3305100000,33,3305100000,325620,325620,direct_2022
Fiji,8051.0,3305100000,33,3305100000,325620,325620,direct_2022
New Zealand,5223988.0,3305100000,33,3305100000,325620,325620,direct_2022
Australia,34010.0,3305200000,33,3305200000,325620,325620,direct_2022
Australia,138999.0,3305300000,33,3305300000,325620,325620,direct_2022
Australia,12377253.0,3305900000,33,3305900000,325620,325620,direct_2022
Fiji,137715.0,3305900000,33,3305900000,325620,325620,direct_2022
New Zealand,507712.0,3305900000,33,3305900000,325620,325620,direct_2022
Australia,608676.0,3306100000,33,3306100000,325620,325611,direct_2022
New Zealand,356318.0,3306100000,33,3306100000,325620,325611,direct_2022
Australia,5214.0,3306200000,33,3306200000,325620,325620,direct_2022
Australia,187784.0,3306900000,33,3306900000,325620,325620,direct_2022
New Zealand,6172.0,3306900000,33,3306900000,325620,325620,direct_2022
Australia,246698.0,3307101000,33,3307101000,325620,325620,direct_2022
New Zealand,4983.0,3307101000,33,3307101000,325620,325620,direct_2022
Australia,428665.0,3307200000,33,3307200000,325620,325620,direct_2022
New Zealand,187716.0,3307200000,33,3307200000,325620,325620,direct_2022
Australia,343182.0,3307301000,33,3307301000,325620,325620,direct_2022
New Zealand,142584.0,3307301000,33,3307301000,325620,325620,direct_2022
Australia,34081.0,3307305000,33,3307305000,325620,325620,direct_2022
Fiji,40762.0,3307305000,33,3307305000,325620,325620,direct_2022
New Zealand,847739.0,3307305000,33,3307305000,325620,325620,direct_2022
Australia,2456.0,3307410000,33,3307410000,325998,325998,direct_2022
Fiji,4400.0,3307410000,33,3307410000,325998,325998,direct_2022
Australia,2761712.0,3307490000,33,3307490000,325612,325611,direct_2022
Australia,2403863.0,3307900000,33,3307900000,325620,325620,direct_2022
New Zealand,292272.0,3307900000,33,3307900000,325620,325620,direct_2022
Australia,649975.0,3401111000,34,3401111000,325611,325611,direct_2022
Australia,4795632.0,3401115000,34,3401115000,325611,325611,direct_2022
Fiji,49522.0,3401115000,34,3401115000,325611,325611,direct_2022
Marshall Islands,5202.0,3401115000,34,3401115000,325611,325611,direct_2022
New Zealand,1563719.0,3401115000,34,3401115000,325611,325611,direct_2022
Australia,200610.0,3401190000,34,3401190000,325611,325611,direct_2022
New Zealand,171172.0,3401190000,34,3401190000,325611,325611,direct_2022
Australia,4071301.0,3401200000,34,3401200000,325611,325611,direct_2022
Fiji,26977.0,3401200000,34,3401200000,325611,325611,direct_2022
French Polynesia,17455.0,3401200000,34,3401200000,325611,325611,direct_2022
New Zealand,658707.0,3401200000,34,3401200000,325611,325611,direct_2022
Australia,311512.0,3401301000,34,3401301000,325611,325613,direct_2022
Fiji,8166.0,3401301000,34,3401301000,325611,325613,direct_2022
New Zealand,36637.0,3401301000,34,3401301000,325611,325613,direct_2022
Australia,4072665.0,3401305000,34,3401305000,325611,325613,direct_2022
Fiji,19990.0,3401305000,34,3401305000,325611,325613,direct_2022
New Zealand,197993.0,3401305000,34,3401305000,325611,325613,direct_2022
Australia,11159.0,3402319000,34,3402319000,325613,325613,direct_2022
Australia,5083.0,3402391000,34,3402391000,325613,325613,direct_2022
Australia,10497.0,3402399050,34,3402399050,325613,325613,direct_2022
Australia,483197.0,3402429000,34,3402429000,325613,325613,direct_2022
New Zealand,22704.0,3402491000,34,3402491000,325613,325613,direct_2022
Australia,909585.0,3402499000,34,3402499000,325613,325613,direct_2022
Australia,16500.0,3402501100,34,3402501100,325613,325613,direct_2022
Australia,662614.0,3402505100,34,3402505100,325611,325613,direct_2022
New Zealand,21727.0,3402505100,34,3402505100,325611,325613,direct_2022
Australia,120917.0,3402901000,34,3402901000,325611,325611,direct_2022
Australia,3480.0,3402903000,34,3402903000,325613,325613,direct_2022
Australia,26936.0,3402905010,34,3402905010,325611,325611,direct_2022
New Zealand,3501.0,3402905010,34,3402905010,325611,325611,direct_2022
Australia,452049.0,3402905030,34,3402905030,325611,325611,direct_2022
Australia,344086.0,3402905050,34,3402905050,325613,325613,direct_2022
New Zealand,5255.0,3402905050,34,3402905050,325613,325613,direct_2022
New Zealand,3200.0,3403191000,34,3403191000,324191,325613,direct_2022
Australia,2576.0,3403195000,34,3403195000,324191,325613,direct_2022
New Zealand,5251.0,3403195000,34,3403195000,324191,325613,direct_2022
Australia,15254.0,3403911000,34,3403911000,325613,325613,direct_2022
Australia,3602.0,3403915000,34,3403915000,325613,325613,direct_2022
Australia,114251.0,3403990000,34,3403990000,325998,325613,direct_2022
Australia,161568.0,3404905150,34,3404905150,325612,325612,direct_2022
Australia,33514.0,3405100000,34,3405100000,325612,325612,direct_2022
Australia,29971.0,3405300000,34,3405300000,325612,325612,direct_2022
Australia,102138.0,3405900000,34,3405900000,325612,325612,direct_2022
Australia,2821787.0,3406000000,34,3406000000,339999,339999,direct_2022
Marshall Islands,10245.0,3406000000,34,3406000000,339999,339999,direct_2022
New Zealand,3057.0,3406000000,34,3406000000,339999,339999,direct_2022
Australia,6051.0,3407002000,34,3407002000,339940,339940,direct_2022
Australia,2397.0,3407004000,34,3407004000,339114,339114,direct_2022
Australia,334490.0,3501101000,35,3501101000,311514,311514,direct_2022
New Zealand,1232403.0,3501101000,35,3501101000,311514,311514,direct_2022
New Zealand,156297063.0,3501105000,35,3501105000,311514,311514,direct_2022
New Zealand,161368.0,3501902000,35,3501902000,325520,325520,direct_2022
New Zealand,61186032.0,3501906000,35,3501906000,311514,325199,direct_2022
Australia,268400.0,3502200000,35,3502200000,311514,311514,direct_2022
New Zealand,62852420.0,3502200000,35,3502200000,311514,311514,direct_2022
Australia,418521.0,3502900000,35,3502900000,325199,325199,direct_2022
New Zealand,4853207.0,3502900000,35,3502900000,325199,325199,direct_2022
Australia,32103221.0,3504001000,35,3504001000,325199,311224,direct_2022
New Zealand,4433610.0,3504001000,35,3504001000,325199,311224,direct_2022
Australia,786168.0,3504005000,35,3504005000,325199,325199,direct_2022
New Zealand,14174282.0,3504005000,35,3504005000,325199,325199,direct_2022
Australia,55500289.0,3505100092,35,3505100092,311221,311221,direct_2022
Australia,92040.0,3506105000,35,3506105000,325520,325520,direct_2022
New Zealand,5598.0,3506105000,35,3506105000,325520,325520,direct_2022
New Zealand,9800.0,3506911000,35,3506911000,325520,325520,direct_2022
Australia,44771.0,3506915000,35,3506915000,325520,325520,direct_2022
Nauru,5403.0,3506915000,35,3506915000,325520,325520,direct_2022
Australia,57149.0,3506990000,35,3506990000,325520,325520,direct_2022
New Zealand,58900.0,3507100000,35,3507100000,325199,325199,direct_2022
Australia,296196.0,3507907000,35,3507907000,325199,325199,direct_2022
New Zealand,151349.0,3507907000,35,3507907000,325199,325199,direct_2022
Australia,7509805.0,3601000000,36,3601000000,325920,325920,direct_2022
Australia,7599.0,3602000030,36,3602000030,325920,325920,direct_2022
Australia,2855.0,3604900000,36,3604900000,325998,325998,direct_2022
Australia,326217.0,3701300000,37,3701300000,325992,325992,direct_2022
Australia,3992.0,3701910030,37,3701910030,325992,325992,direct_2022
Australia,60144.0,3701996060,37,3701996060,325992,325992,direct_2022
Australia,9433.0,3705000000,37,3705000000,325992,990000,direct_2022
Australia,5245.0,3801101000,38,3801101000,327999,327999,direct_2022
Australia,3687.0,3801105000,38,3801105000,327999,327999,direct_2022
Australia,6689026.0,3802100010,38,3802100010,325998,325998,direct_2022
Australia,1300053.0,3802100020,38,3802100020,325998,325998,direct_2022
Australia,224473.0,3802100050,38,3802100050,325998,325998,direct_2022
New Zealand,2408.0,3802100050,38,3802100050,325998,325998,direct_2022
Australia,22576.0,3806100050,38,3806100050,325194,325194,direct_2022
New Zealand,1079699.0,3806100050,38,3806100050,325194,325194,direct_2022
Australia,9722.0,3808912501,38,3808912501,325320,325320,direct_2022
New Zealand,226800.0,3808912501,38,3808912501,325320,325320,direct_2022
Australia,8233.0,3808915001,38,3808915001,325320,325320,direct_2022
New Zealand,6783.0,3808915001,38,3808915001,325320,325320,direct_2022
Australia,6903.0,3808925080,38,3808925080,325320,325320,direct_2022
New Zealand,196020.0,3808925080,38,3808925080,325320,325320,direct_2022
Australia,35365.0,3808945095,38,3808945095,325612,325612,direct_2022
Australia,2321.0,3808990800,38,3808990800,325320,325320,direct_2022
Australia,5720.0,3809910000,38,3809910000,325613,325613,direct_2022
Australia,2573.0,3810902000,38,3810902000,325998,325998,direct_2022
Australia,310025.0,3810905000,38,3810905000,325998,325998,direct_2022
Australia,13616.0,3811210000,38,3811210000,324199,325998,direct_2022
Australia,4037.0,3812105000,38,3812105000,325998,325998,direct_2022
Australia,85689.0,3813005000,38,3813005000,325998,325998,direct_2022
Australia,45853.0,3814001000,38,3814001000,325510,325510,direct_2022
Australia,21984.0,3814005090,38,3814005090,325510,325510,direct_2022
New Zealand,13517.0,3814005090,38,3814005090,325510,325510,direct_2022
Australia,4476.0,3815120000,38,3815120000,325180,325180,direct_2022
New Zealand,4577.0,3815120000,38,3815120000,325180,325180,direct_2022
Australia,1484126.0,3815190000,38,3815190000,325180,325180,direct_2022
Australia,35199.0,3815903000,38,3815903000,325180,325180,direct_2022
Australia,567740.0,3815905000,38,3815905000,325180,325180,direct_2022
Australia,40386.0,3816002050,38,3816002050,327120,327120,direct_2022
Australia,10391.0,3818000090,38,3818000090,325998,334413,direct_2022
Australia,11549.0,3821000010,38,3821000010,325413,325413,direct_2022
Australia,220985.0,3821000090,38,3821000090,325413,325413,direct_2022
New Zealand,2500.0,3821000090,38,3821000090,325413,325413,direct_2022
Australia,65940.0,3822110000,38,3822110000,325413,325413,direct_2022
Australia,4840.0,3822120000,38,3822120000,325413,325413,direct_2022
Australia,40098.0,3822130000,38,3822130000,325413,325413,direct_2022
New Zealand,4277.0,3822130000,38,3822130000,325413,325413,direct_2022
Australia,459282.0,3822190010,38,3822190010,325413,325413,direct_2022
New Zealand,7133.0,3822190010,38,3822190010,325413,325413,direct_2022
Australia,115721.0,3822190030,38,3822190030,325413,325413,direct_2022
New Zealand,5192.0,3822190030,38,3822190030,325413,325413,direct_2022
Australia,35521653.0,3822190080,38,3822190080,325413,325413,direct_2022
New Zealand,537114.0,3822190080,38,3822190080,325413,325413,direct_2022
Australia,4045027.0,3822900000,38,3822900000,990000,325413,direct_2022
New Zealand,497300.0,3822900000,38,3822900000,990000,325413,direct_2022
Australia,2151.0,3823706000,38,3823706000,325199,325199,direct_2022
Australia,10387.0,3824401000,38,3824401000,325998,325998,direct_2022
Australia,9834.0,3824991900,38,3824991900,327999,327999,direct_2022
New Zealand,63438.0,3824991900,38,3824991900,327999,327999,direct_2022
New Caledonia,2135.0,3824993900,38,3824993900,325998,325998,direct_2022
New Zealand,1556976.0,3824993900,38,3824993900,325998,325998,direct_2022
Australia,606579.0,3824994190,38,3824994190,325199,325199,direct_2022
Australia,12108.0,3824994900,38,3824994900,325199,325199,direct_2022
Australia,36465.0,3824995500,38,3824995500,325199,325199,direct_2022
Australia,4579044.0,3824999397,38,3824999397,325998,325199,direct_2022
New Zealand,112951.0,3824999397,38,3824999397,325998,325199,direct_2022
Australia,5000.0,3901101000,39,3901101000,325211,325211,direct_2022
New Zealand,9541.0,3901101000,39,3901101000,325211,325211,direct_2022
Australia,5532.0,3901105030,39,3901105030,325211,325211,direct_2022
Australia,153274.0,3901201000,39,3901201000,325211,325211,direct_2022
Australia,4421872.0,3901205000,39,3901205000,325211,325211,direct_2022
New Zealand,762990.0,3901901000,39,3901901000,325212,325212,direct_2022
Australia,16035.0,3901905501,39,3901905501,325211,325211,direct_2022
Australia,5948.0,3901909000,39,3901909000,325211,325211,direct_2022
Australia,615317.0,3902100000,39,3902100000,325211,325211,direct_2022
New Zealand,28998.0,3902100000,39,3902100000,325211,325211,direct_2022
Australia,78185.0,3902300000,39,3902300000,325211,325211,direct_2022
Australia,880.0,3902900010,39,3902900010,325211,325211,direct_2022
Australia,20740.0,3902900050,39,3902900050,325211,325211,direct_2022
Australia,558.0,3903110000,39,3903110000,325211,325211,direct_2022
Micronesia,40380.0,3903110000,39,3903110000,325211,325211,direct_2022
New Zealand,2259.0,3903190000,39,3903190000,325211,325211,direct_2022
New Zealand,12480.0,3904210000,39,3904210000,325211,325211,direct_2022
New Zealand,146108.0,3904500000,39,3904500000,325211,325211,direct_2022
Australia,13990.0,3904610090,39,3904610090,325211,325211,direct_2022
Australia,55000.0,3904695000,39,3904695000,325211,325211,direct_2022
Australia,760.0,3905120000,39,3905120000,325211,325211,direct_2022
Australia,2000.0,3905210000,39,3905210000,325211,325211,direct_2022
Australia,96910.0,3906901000,39,3906901000,325212,325212,direct_2022
Australia,1476688.0,3906902000,39,3906902000,325211,325211,direct_2022
Australia,274908.0,3906905000,39,3906905000,325211,325211,direct_2022
New Zealand,525.0,3906905000,39,3906905000,325211,325211,direct_2022
Australia,599.0,3907100000,39,3907100000,325211,325211,direct_2022
New Zealand,2670.0,3907100000,39,3907100000,325211,325211,direct_2022
Australia,32522.0,3907290000,39,3907290000,325211,325211,direct_2022
Australia,113475.0,3907300000,39,3907300000,325211,325211,direct_2022
New Zealand,17987.0,3907300000,39,3907300000,325211,325211,direct_2022
Australia,34102.0,3907500000,39,3907500000,325211,325211,direct_2022
Australia,39259.0,3907610050,39,3907610050,325211,325211,direct_2022
Australia,594386.0,3907914000,39,3907914000,325211,325211,direct_2022
Australia,7216.0,3907915000,39,3907915000,325211,325211,direct_2022
Australia,255.0,3907995050,39,3907995050,325211,325211,direct_2022
Australia,72586.0,3908100000,39,3908100000,325211,325211,direct_2022
New Zealand,3185.0,3908100000,39,3908100000,325211,325211,direct_2022
Australia,195981.0,3908907000,39,3908907000,325211,325211,direct_2022
Australia,13519.0,3909390000,39,3909390000,325211,325211,direct_2022
Australia,63967.0,3909501000,39,3909501000,325212,325212,direct_2022
New Zealand,91100.0,3909501000,39,3909501000,325212,325212,direct_2022
Australia,12500.0,3909502000,39,3909502000,325211,325211,direct_2022
Australia,58026.0,3909505000,39,3909505000,325211,325211,direct_2022
New Zealand,1760.0,3909505000,39,3909505000,325211,325211,direct_2022
Australia,116324.0,3910000000,39,3910000000,325212,325212,direct_2022
New Zealand,587366.0,3910000000,39,3910000000,325212,325212,direct_2022
Australia,10020.0,3911901000,39,3911901000,325212,325212,direct_2022
Australia,34575.0,3911909150,39,3911909150,325211,325211,direct_2022
Australia,745281.0,3912200000,39,3912200000,325211,325211,direct_2022
Australia,3100.0,3913901000,39,3913901000,325199,325212,direct_2022
Australia,168839.0,3913902015,39,3913902015,325212,325212,direct_2022
Australia,2144018.0,3913902090,39,3913902090,325212,325212,direct_2022
French Polynesia,1183026.0,3913902090,39,3913902090,325212,325212,direct_2022
New Zealand,349650.0,3914002000,39,3914002000,325211,325211,direct_2022
Australia,1946857.0,3914006000,39,3914006000,325211,325211,direct_2022
New Zealand,2648251.0,3914006000,39,3914006000,325211,325211,direct_2022
New Zealand,117216.0,3915100000,39,3915100000,325211,910000,direct_2022
Australia,402037.0,3915900010,39,3915900010,325211,910000,direct_2022
Australia,1320.0,3915900090,39,3915900090,325211,910000,direct_2022
Australia,115749.0,3916100000,39,3916100000,326121,326121,direct_2022
Australia,174996.0,3916200010,39,3916200010,326199,326199,direct_2022
Australia,187376.0,3916200020,39,3916200020,326121,326121,direct_2022
Australia,466070.0,3916200091,39,3916200091,326121,326121,direct_2022
New Zealand,4170.0,3916200091,39,3916200091,326121,326121,direct_2022
New Zealand,119262.0,3916901000,39,3916901000,326121,326121,direct_2022
New Zealand,124243.0,3916903000,39,3916903000,326121,326121,direct_2022
Australia,16195.0,3916905000,39,3916905000,326121,326121,direct_2022
New Zealand,54144.0,3916905000,39,3916905000,326121,326121,direct_2022
Australia,459927.0,3917106000,39,3917106000,311612,311612,direct_2022
Australia,1079.0,3917109000,39,3917109000,311612,326121,direct_2022
New Zealand,5316.0,3917109000,39,3917109000,311612,326121,direct_2022
Australia,24360.0,3917210000,39,3917210000,326122,326122,direct_2022
New Zealand,950327.0,3917210000,39,3917210000,326122,326122,direct_2022
Australia,347005.0,3917220000,39,3917220000,326122,326122,direct_2022
Australia,61692.0,3917230000,39,3917230000,326122,326122,direct_2022
New Zealand,313.0,3917230000,39,3917230000,326122,326122,direct_2022
Australia,100277.0,3917290050,39,3917290050,326122,326122,direct_2022
Australia,80452.0,3917290090,39,3917290090,326122,326122,direct_2022
New Zealand,1332.0,3917290090,39,3917290090,326122,326122,direct_2022
Australia,319873.0,3917310000,39,3917310000,326220,326220,direct_2022
New Zealand,1825300.0,3917310000,39,3917310000,326220,326220,direct_2022
Australia,228344.0,3917320010,39,3917320010,326220,326220,direct_2022
Australia,31632.0,3917320020,39,3917320020,326220,326220,direct_2022
New Zealand,169922.0,3917320020,39,3917320020,326220,326220,direct_2022
Australia,569377.0,3917320050,39,3917320050,326220,326220,direct_2022
New Zealand,205587.0,3917320050,39,3917320050,326220,326220,direct_2022
Australia,8035105.0,3917330000,39,3917330000,326220,326220,direct_2022
Micronesia,7160.0,3917330000,39,3917330000,326220,326220,direct_2022
New Zealand,28426.0,3917330000,39,3917330000,326220,326220,direct_2022
Australia,145582.0,3917390010,39,3917390010,326220,326220,direct_2022
New Zealand,58218.0,3917390010,39,3917390010,326220,326220,direct_2022
Australia,153359.0,3917390020,39,3917390020,326220,326220,direct_2022
Australia,3877030.0,3917390050,39,3917390050,326220,326220,direct_2022
New Zealand,10633.0,3917390050,39,3917390050,326220,326220,direct_2022
New Zealand,1966.0,3917400010,39,3917400010,326122,326122,direct_2022
New Zealand,1377.0,3917400050,39,3917400050,326122,326122,consolidated_naics
Australia,2015.0,3917400060,39,3917400060,326122,326122,consolidated_naics
Australia,2115134.0,3917400080,39,3917400080,326122,326122,consolidated_naics
New Zealand,15005.0,3917400080,39,3917400080,326122,326122,consolidated_naics
Australia,7571464.0,3917400095,39,3917400095,326122,326122,consolidated_naics
New Zealand,704391.0,3917400095,39,3917400095,326122,326122,consolidated_naics
Australia,189412.0,3918101020,39,3918101020,326199,326199,direct_2022
Australia,1026252.0,3918101040,39,3918101040,326199,326199,direct_2022
New Zealand,70015.0,3918101040,39,3918101040,326199,326199,direct_2022
Australia,155589.0,3918102000,39,3918102000,326199,326199,direct_2022
New Zealand,549678.0,3918102000,39,3918102000,326199,326199,direct_2022
Australia,1331.0,3918103250,39,3918103250,322220,322220,direct_2022
Australia,6940.0,3918901000,39,3918901000,326199,326199,direct_2022
Australia,1997.0,3918902000,39,3918902000,322220,322220,direct_2022
Australia,18827.0,3919101050,39,3919101050,322220,322220,direct_2022
New Zealand,911.0,3919101050,39,3919101050,322220,322220,direct_2022
Australia,884.0,3919102020,39,3919102020,322220,322220,direct_2022
Australia,3920.0,3919102030,39,3919102030,322220,322220,direct_2022
Micronesia,386.0,3919102030,39,3919102030,322220,322220,direct_2022
New Zealand,266.0,3919102040,39,3919102040,322220,322220,direct_2022
Australia,188645.0,3919102055,39,3919102055,322220,322220,direct_2022
Fiji,2424.0,3919102055,39,3919102055,322220,322220,direct_2022
New Zealand,10730.0,3919102055,39,3919102055,322220,322220,direct_2022
New Zealand,2220.0,3919901000,39,3919901000,322220,322220,direct_2022
Australia,317644.0,3919905010,39,3919905010,322220,322220,direct_2022
Australia,457819.0,3919905060,39,3919905060,322220,322220,direct_2022
Micronesia,5275.0,3919905060,39,3919905060,322220,322220,direct_2022
New Zealand,98732.0,3919905060,39,3919905060,322220,322220,direct_2022
Australia,2246741.0,3920100000,39,3920100000,326113,326113,direct_2022
New Zealand,1992350.0,3920100000,39,3920100000,326113,326113,direct_2022
Australia,605.0,3920200015,39,3920200015,326113,326113,direct_2022
Australia,5181800.0,3920200055,39,3920200055,326113,326113,direct_2022
New Zealand,6715.0,3920200055,39,3920200055,326113,326113,direct_2022
Australia,1041487.0,3920300000,39,3920300000,326113,326113,direct_2022
New Zealand,825.0,3920435000,39,3920435000,326113,326113,direct_2022
Australia,28857.0,3920490000,39,3920490000,326113,326113,direct_2022
New Zealand,2934.0,3920490000,39,3920490000,326113,326113,direct_2022
Australia,24575.0,3920511000,39,3920511000,326113,326113,direct_2022
Australia,1371712.0,3920515050,39,3920515050,326113,326113,direct_2022
Australia,3360.0,3920515090,39,3920515090,326113,326113,direct_2022
New Zealand,16176.0,3920594000,39,3920594000,326113,326113,direct_2022
New Zealand,7969.0,3920598000,39,3920598000,326113,326113,direct_2022
Australia,114685.0,3920610000,39,3920610000,326113,326113,direct_2022
New Zealand,230190.0,3920610000,39,3920610000,326113,326113,direct_2022
Australia,1568.0,3920620090,39,3920620090,326113,326113,direct_2022
New Zealand,944.0,3920620090,39,3920620090,326113,326113,direct_2022
Australia,1439253.0,3920690000,39,3920690000,326113,326113,direct_2022
Australia,412.0,3920991000,39,3920991000,326113,326113,direct_2022
Australia,472546.0,3920992000,39,3920992000,326113,326113,direct_2022
New Zealand,23939.0,3920992000,39,3920992000,326113,326113,direct_2022
Australia,25758.0,3920995000,39,3920995000,326113,326113,direct_2022
Australia,1404.0,3921110000,39,3921110000,326140,326113,direct_2022
New Zealand,4546.0,3921110000,39,3921110000,326140,326113,direct_2022
Australia,291.0,3921131500,39,3921131500,326150,326113,direct_2022
Australia,33684.0,3921135000,39,3921135000,326150,326113,direct_2022
New Zealand,644.0,3921135000,39,3921135000,326150,326113,direct_2022
Australia,101566.0,3921190000,39,3921190000,326113,326113,direct_2022
New Zealand,512.0,3921190000,39,3921190000,326113,326113,direct_2022
Australia,888.0,3921901100,39,3921901100,326113,326113,direct_2022
Australia,143978.0,3921901950,39,3921901950,326113,326113,direct_2022
Australia,12500.0,3921902550,39,3921902550,326113,326113,direct_2022
Australia,1663.0,3921902900,39,3921902900,326113,326113,direct_2022
New Zealand,5064.0,3921902900,39,3921902900,326113,326113,direct_2022
Australia,14719.0,3921904090,39,3921904090,326113,326113,direct_2022
New Zealand,797568.0,3921904090,39,3921904090,326113,326113,direct_2022
Australia,584916.0,3921905010,39,3921905010,326113,326113,direct_2022
New Zealand,886.0,3921905010,39,3921905010,326113,326113,direct_2022
Australia,181786.0,3921905050,39,3921905050,326113,326113,direct_2022
New Zealand,44589.0,3921905050,39,3921905050,326113,326113,direct_2022
Australia,21060.0,3922100000,39,3922100000,326191,326191,direct_2022
Australia,2037.0,3922900000,39,3922900000,326191,326191,direct_2022
Australia,40930.0,3923102000,39,3923102000,326199,326199,direct_2022
New Zealand,9018.0,3923102000,39,3923102000,326199,326199,direct_2022
Australia,502825.0,3923109000,39,3923109000,326199,326199,direct_2022
Micronesia,4530.0,3923109000,39,3923109000,326199,326199,direct_2022
New Zealand,258774.0,3923109000,39,3923109000,326199,326199,direct_2022
Australia,7300.0,3923210030,39,3923210030,326111,326111,direct_2022
Australia,300.0,3923210080,39,3923210080,326111,326111,direct_2022
Australia,254388.0,3923210095,39,3923210095,326111,326111,direct_2022
Fiji,4056.0,3923210095,39,3923210095,326111,326111,direct_2022
New Zealand,870207.0,3923210095,39,3923210095,326111,326111,direct_2022
Niue,16660.0,3923210095,39,3923210095,326111,326111,direct_2022
Australia,361391.0,3923290000,39,3923290000,326111,326111,direct_2022
New Caledonia,7332.0,3923290000,39,3923290000,326111,326111,direct_2022
New Zealand,71879.0,3923290000,39,3923290000,326111,326111,direct_2022
Australia,62506.0,3923300010,39,3923300010,326160,326160,direct_2022
Fiji,1506.0,3923300010,39,3923300010,326160,326160,direct_2022
New Zealand,67200.0,3923300010,39,3923300010,326160,326160,direct_2022
Australia,792427.0,3923300090,39,3923300090,326160,326160,direct_2022
Cocos (Keeling) Islands,1181.0,3923300090,39,3923300090,326160,326160,direct_2022
Micronesia,53512.0,3923300090,39,3923300090,326160,326160,direct_2022
New Zealand,160422.0,3923300090,39,3923300090,326160,326160,direct_2022
Australia,2120.0,3923400050,39,3923400050,326199,326199,direct_2022
New Zealand,80225.0,3923400050,39,3923400050,326199,326199,direct_2022
Australia,2507965.0,3923500000,39,3923500000,326199,326199,direct_2022
Micronesia,6158.0,3923500000,39,3923500000,326199,326199,direct_2022
New Zealand,1269042.0,3923500000,39,3923500000,326199,326199,direct_2022
Australia,12766.0,3923900012,39,3923900012,326199,326199,direct_2022
Australia,157701.0,3923900014,39,3923900014,326199,326199,direct_2022
Australia,1933.0,3923900016,39,3923900016,326199,326199,direct_2022
Australia,246618.0,3923900080,39,3923900080,326199,326199,direct_2022
Cook Islands,800.0,3923900080,39,3923900080,326199,326199,direct_2022
Fiji,600.0,3923900080,39,3923900080,326199,326199,direct_2022
New Zealand,357611.0,3923900080,39,3923900080,326199,326199,direct_2022
Australia,1460.0,3924101000,39,3924101000,326199,326199,direct_2022
Australia,289890.0,3924102000,39,3924102000,326199,326199,direct_2022
French Polynesia,916.0,3924102000,39,3924102000,326199,326199,direct_2022
Micronesia,3843.0,3924102000,39,3924102000,326199,326199,direct_2022
New Zealand,331491.0,3924102000,39,3924102000,326199,326199,direct_2022
Australia,38920.0,3924103000,39,3924103000,326199,326199,direct_2022
Micronesia,14603.0,3924103000,39,3924103000,326199,326199,direct_2022
Australia,1531268.0,3924104000,39,3924104000,326199,326199,direct_2022
Fiji,5385.0,3924104000,39,3924104000,326199,326199,direct_2022
French Polynesia,7707.0,3924104000,39,3924104000,326199,326199,direct_2022
Micronesia,34678.0,3924104000,39,3924104000,326199,326199,direct_2022
New Zealand,12202043.0,3924104000,39,3924104000,326199,326199,direct_2022
Australia,4239.0,3924900500,39,3924900500,326199,326199,direct_2022
New Zealand,340300.0,3924901010,39,3924901010,326199,314120,direct_2022
Australia,43607.0,3924901050,39,3924901050,326199,314120,direct_2022
New Zealand,19771.0,3924901050,39,3924901050,326199,314120,direct_2022
Australia,9657.0,3924902000,39,3924902000,326199,326199,direct_2022
Marshall Islands,209577.0,3924902000,39,3924902000,326199,326199,direct_2022
Australia,388962.0,3924905650,39,3924905650,326199,326199,direct_2022
New Zealand,259867.0,3924905650,39,3924905650,326199,326199,direct_2022
Australia,551418.0,3925100000,39,3925100000,326199,326199,direct_2022
New Zealand,68714.0,3925100000,39,3925100000,326199,326199,direct_2022
Australia,630.0,3925200010,39,3925200010,326199,326199,direct_2022
New Zealand,123368.0,3925200010,39,3925200010,326199,326199,direct_2022
Australia,28827.0,3925200020,39,3925200020,326199,326199,direct_2022
New Zealand,7440.0,3925200020,39,3925200020,326199,326199,direct_2022
Australia,1152.0,3925200091,39,3925200091,326199,326199,direct_2022
New Zealand,23979.0,3925200091,39,3925200091,326199,326199,direct_2022
Australia,8965.0,3925301000,39,3925301000,337920,337920,direct_2022
Australia,361919.0,3925305000,39,3925305000,326199,326199,direct_2022
New Zealand,28810.0,3925305000,39,3925305000,326199,326199,direct_2022
Australia,1244934.0,3925900000,39,3925900000,326199,326199,direct_2022
New Zealand,250809.0,3925900000,39,3925900000,326199,326199,direct_2022
Australia,128342.0,3926100000,39,3926100000,339940,326199,direct_2022
New Zealand,56250.0,3926100000,39,3926100000,339940,326199,direct_2022
New Caledonia,38490.0,3926201020,39,3926201020,326199,326199,direct_2022
Australia,300.0,3926201050,39,3926201050,326199,326199,direct_2022
New Zealand,269.0,3926201050,39,3926201050,326199,326199,direct_2022
Australia,2869.0,3926203000,39,3926203000,339920,339920,direct_2022
Australia,11268.0,3926209050,39,3926209050,315250,315280,direct_2022
New Zealand,5870.0,3926209050,39,3926209050,315250,315280,direct_2022
Australia,3474.0,3926301000,39,3926301000,326199,326199,direct_2022
New Zealand,7366.0,3926301000,39,3926301000,326199,326199,direct_2022
Australia,6256696.0,3926305000,39,3926305000,326199,326199,direct_2022
New Zealand,34087.0,3926305000,39,3926305000,326199,326199,direct_2022
Australia,6087.0,3926400010,39,3926400010,326199,326199,direct_2022
Australia,165834.0,3926400090,39,3926400090,326199,326199,direct_2022
New Zealand,52970.0,3926400090,39,3926400090,326199,326199,direct_2022
Australia,23687.0,3926901000,39,3926901000,326199,326199,direct_2022
New Zealand,46874.0,3926901000,39,3926901000,326199,326199,direct_2022
Australia,28303.0,3926902100,39,3926902100,326199,326199,direct_2022
Micronesia,443.0,3926902100,39,3926902100,326199,326199,direct_2022
Australia,96994.0,3926902500,39,3926902500,326199,326199,direct_2022
French Polynesia,5540.0,3926902500,39,3926902500,326199,326199,direct_2022
New Zealand,197718.0,3926902500,39,3926902500,326199,326199,direct_2022
Australia,734218.0,3926903000,39,3926903000,326199,326199,direct_2022
New Zealand,794546.0,3926903000,39,3926903000,326199,326199,direct_2022
Australia,5943.0,3926903300,39,3926903300,316990,316992,direct_2022
New Zealand,7615.0,3926903300,39,3926903300,316990,316992,direct_2022
Australia,87776.0,3926903500,39,3926903500,339999,339999,direct_2022
New Zealand,124560.0,3926903500,39,3926903500,339999,339999,direct_2022
Australia,2193.0,3926904000,39,3926904000,339910,339910,direct_2022
Australia,96181.0,3926904510,39,3926904510,339991,339991,direct_2022
New Zealand,893.0,3926904510,39,3926904510,339991,339991,direct_2022
Australia,498226.0,3926904590,39,3926904590,339991,339991,direct_2022
French Polynesia,275.0,3926904590,39,3926904590,339991,339991,direct_2022
Nauru,1312.0,3926904590,39,3926904590,339991,339991,direct_2022
New Zealand,307708.0,3926904590,39,3926904590,339991,339991,direct_2022
Australia,1486.0,3926905000,39,3926905000,326199,326199,direct_2022
Australia,5789.0,3926905900,39,3926905900,326220,326220,direct_2022
Australia,20556.0,3926906010,39,3926906010,326220,326220,direct_2022
New Zealand,3304.0,3926906010,39,3926906010,326220,326220,direct_2022
Australia,85866.0,3926906090,39,3926906090,326220,326220,direct_2022
New Zealand,169006.0,3926906090,39,3926906090,326220,326220,direct_2022
Australia,9670.0,3926906550,39,3926906550,326199,326199,direct_2022
New Zealand,51870.0,3926906550,39,3926906550,326199,326199,direct_2022
New Zealand,705.0,3926907000,39,3926907000,326199,326199,direct_2022
Australia,9872.0,3926907500,39,3926907500,326199,326199,direct_2022
New Zealand,90822.0,3926907500,39,3926907500,326199,326199,direct_2022
Australia,7020.0,3926907700,39,3926907700,326199,326199,direct_2022
Fiji,300.0,3926907700,39,3926907700,326199,326199,direct_2022
Australia,47508.0,3926908500,39,3926908500,326199,326199,direct_2022
New Zealand,192383.0,3926908500,39,3926908500,326199,326199,direct_2022
Australia,2596.0,3926908700,39,3926908700,339940,323111,direct_2022
Australia,5790.0,3926909400,39,3926909400,326199,326199,direct_2022
Australia,344.0,3926909600,39,3926909600,326220,326220,direct_2022
Australia,1000.0,3926909905,39,3926909905,326199,326199,direct_2022
Australia,6146401.0,3926909910,39,3926909910,326199,326199,direct_2022
New Zealand,203054.0,3926909910,39,3926909910,326199,326199,direct_2022
Australia,240241.0,3926909930,39,3926909930,326199,326199,direct_2022
Australia,150958.0,3926909940,39,3926909940,326199,326199,direct_2022
Australia,16320.0,3926909950,39,3926909950,339113,326199,direct_2022
Australia,8419573.0,3926909985,39,3926909985,326199,326199,direct_2022
French Polynesia,17543.0,3926909985,39,3926909985,326199,326199,direct_2022
Micronesia,277.0,3926909985,39,3926909985,326199,326199,direct_2022
New Zealand,2308736.0,3926909985,39,3926909985,326199,326199,direct_2022
Australia,66927.0,3926909987,39,3926909987,326122,326122,new_hs_code_2024
New Zealand,8409.0,3926909987,39,3926909987,326122,326122,new_hs_code_2024
Australia,8108514.0,3926909989,39,3926909989,326199,326199,new_hs_code_2024
French Polynesia,1152.0,3926909989,39,3926909989,326199,326199,new_hs_code_2024
Micronesia,15804.0,3926909989,39,3926909989,326199,326199,new_hs_code_2024
Nauru,1268.0,3926909989,39,3926909989,326199,326199,new_hs_code_2024
New Zealand,1948110.0,3926909989,39,3926909989,326199,326199,new_hs_code_2024
Australia,4210.0,4001100000,40,4001100000,113210,113210,direct_2022
New Zealand,1755.0,4002190019,40,4002190019,325212,325212,direct_2022
New Zealand,4494.0,4002700000,40,4002700000,325212,325212,direct_2022
Australia,1076545.0,4003000000,40,4003000000,326299,326299,direct_2022
Australia,8880.0,4004000000,40,4004000000,910000,910000,direct_2022
New Zealand,2580.0,4004000000,40,4004000000,910000,910000,direct_2022
Australia,190963.0,4005100000,40,4005100000,326299,326299,direct_2022
Australia,184664.0,4005910000,40,4005910000,326299,326299,direct_2022
Australia,262.0,4006901000,40,4006901000,326291,326299,direct_2022
New Zealand,24673.0,4006901000,40,4006901000,326291,326299,direct_2022
Australia,39334.0,4006905000,40,4006905000,326291,326299,direct_2022
New Zealand,199480.0,4006905000,40,4006905000,326291,326299,direct_2022
Nauru,411.0,4008111000,40,4008111000,326299,326299,direct_2022
Australia,6350.0,4008115000,40,4008115000,326299,326299,direct_2022
Nauru,336.0,4008115000,40,4008115000,326299,326299,direct_2022
Australia,1175.0,4008196000,40,4008196000,326299,326299,direct_2022
Nauru,334.0,4008196000,40,4008196000,326299,326299,direct_2022
Australia,14812.0,4008198000,40,4008198000,326299,326299,direct_2022
Australia,172710.0,4008210000,40,4008210000,326299,326299,direct_2022
New Zealand,370.0,4008210000,40,4008210000,326299,326299,direct_2022
Australia,158255.0,4008292000,40,4008292000,326299,326299,direct_2022
Australia,1445333.0,4008294000,40,4008294000,326299,326299,direct_2022
Australia,157408.0,4009110000,40,4009110000,326220,326220,direct_2022
New Zealand,81418.0,4009110000,40,4009110000,326220,326220,direct_2022
Australia,23611.0,4009120050,40,4009120050,326220,326220,direct_2022
New Zealand,25548.0,4009120050,40,4009120050,326220,326220,direct_2022
Australia,5249.0,4009210000,40,4009210000,326220,326220,direct_2022
New Zealand,2355.0,4009210000,40,4009210000,326220,326220,direct_2022
Australia,118280.0,4009220050,40,4009220050,326220,326220,direct_2022
French Polynesia,845.0,4009220050,40,4009220050,326220,326220,direct_2022
Nauru,550.0,4009220050,40,4009220050,326220,326220,direct_2022
New Zealand,11163.0,4009220050,40,4009220050,326220,326220,direct_2022
Australia,37294.0,4009310000,40,4009310000,326220,326220,direct_2022
New Zealand,302.0,4009310000,40,4009310000,326220,326220,direct_2022
Australia,31530.0,4009320050,40,4009320050,326220,326220,direct_2022
New Zealand,35816.0,4009320050,40,4009320050,326220,326220,direct_2022
Australia,15861.0,4009410000,40,4009410000,326220,326220,direct_2022
New Zealand,2026.0,4009410000,40,4009410000,326220,326220,direct_2022
Australia,94198.0,4009420050,40,4009420050,326220,326220,direct_2022
New Zealand,689.0,4009420050,40,4009420050,326220,326220,direct_2022
Australia,2749868.0,4010110000,40,4010110000,326220,326220,direct_2022
New Zealand,2210.0,4010110000,40,4010110000,326220,326220,direct_2022
New Zealand,4748.0,4010125000,40,4010125000,326220,326220,direct_2022
Australia,6446.0,4010125500,40,4010125500,326220,326220,direct_2022
Australia,40350.0,4010129000,40,4010129000,326220,326220,direct_2022
New Zealand,39137.0,4010129000,40,4010129000,326220,326220,direct_2022
New Zealand,303.0,4010195500,40,4010195500,326220,326220,direct_2022
Australia,8921.0,4010199100,40,4010199100,326220,326220,direct_2022
New Zealand,17264.0,4010199100,40,4010199100,326220,326220,direct_2022
Australia,969.0,4010313000,40,4010313000,326220,326220,direct_2022
Nauru,580.0,4010316000,40,4010316000,326220,326220,direct_2022
New Zealand,31713.0,4010316000,40,4010316000,326220,326220,direct_2022
Australia,5861.0,4010343000,40,4010343000,326220,326220,direct_2022
New Zealand,372.0,4010355000,40,4010355000,326220,326220,direct_2022
New Zealand,1107.0,4010359000,40,4010359000,326220,326220,direct_2022
New Zealand,272.0,4010392000,40,4010392000,326220,326220,direct_2022
New Zealand,5450.0,4010394100,40,4010394100,326220,326220,direct_2022
Australia,3142.0,4010395000,40,4010395000,326220,326220,direct_2022
Australia,41623.0,4010399000,40,4010399000,326220,326220,direct_2022
New Zealand,8987.0,4010399000,40,4010399000,326220,326220,direct_2022
Australia,2185.0,4011101070,40,4011101070,326211,326211,direct_2022
Australia,6168.0,4011105000,40,4011105000,326211,326211,direct_2022
Australia,259.0,4011201025,40,4011201025,326211,326211,direct_2022
Australia,128270.0,4011300010,40,4011300010,326211,326211,direct_2022
Australia,162474.0,4011300050,40,4011300050,326211,326211,direct_2022
Australia,2769.0,4011500000,40,4011500000,326211,326211,direct_2022
New Zealand,3904.0,4011700050,40,4011700050,326211,326211,direct_2022
Australia,328751.0,4011802020,40,4011802020,326211,326211,direct_2022
Cocos (Keeling) Islands,252.0,4011908010,40,4011908010,326211,326211,direct_2022
New Caledonia,481.0,4011908010,40,4011908010,326211,326211,direct_2022
Australia,316.0,4012118000,40,4012118000,326212,326212,direct_2022
Australia,29421.0,4012130050,40,4012130050,326212,326212,direct_2022
Australia,122495.0,4012201010,40,4012201010,930000,930000,direct_2022
Australia,2420.0,4012201050,40,4012201050,930000,930000,direct_2022
Australia,51301.0,4012208000,40,4012208000,930000,930000,direct_2022
Australia,727471.0,4012901000,40,4012901000,326211,326211,direct_2022
Australia,505832.0,4012909000,40,4012909000,326211,326211,direct_2022
Australia,3717.0,4013200000,40,4013200000,326211,326211,direct_2022
Australia,5146.0,4013905050,40,4013905050,326211,326211,direct_2022
New Zealand,27148.0,4013905050,40,4013905050,326211,326211,direct_2022
New Zealand,239780.0,4014901000,40,4014901000,326299,326299,direct_2022
New Zealand,7532.0,4014905000,40,4014905000,326299,326299,direct_2022
Norfolk Island,5440.0,4015121010,40,4015121010,339113,339113,direct_2022
Australia,15671.0,4015191110,40,4015191110,339113,339113,direct_2022
New Zealand,9039.0,4015191110,40,4015191110,339113,339113,direct_2022
Australia,36435.0,4015191150,40,4015191150,339113,339113,direct_2022
New Zealand,2719.0,4015191150,40,4015191150,339113,339113,direct_2022
New Zealand,678.0,4015195100,40,4015195100,339113,339113,direct_2022
Australia,4010.0,4015900010,40,4015900010,315250,315280,direct_2022
Australia,39691.0,4015900050,40,4015900050,315250,315280,direct_2022
Australia,21026.0,4016100000,40,4016100000,326299,326299,direct_2022
New Zealand,7534.0,4016100000,40,4016100000,326299,326299,direct_2022
Australia,95753.0,4016910000,40,4016910000,326299,326299,direct_2022
New Zealand,109716.0,4016910000,40,4016910000,326299,326299,direct_2022
Australia,1265.0,4016931010,40,4016931010,339991,339991,direct_2022
New Zealand,6668.0,4016931010,40,4016931010,339991,339991,direct_2022
Australia,153028.0,4016931020,40,4016931020,339991,339991,direct_2022
Australia,49767.0,4016931050,40,4016931050,339991,339991,direct_2022
New Caledonia,491.0,4016931050,40,4016931050,339991,339991,direct_2022
New Zealand,2278.0,4016931050,40,4016931050,339991,339991,direct_2022
Niue,2108.0,4016931050,40,4016931050,339991,339991,direct_2022
Australia,99515.0,4016935010,40,4016935010,339991,339991,direct_2022
New Zealand,281126.0,4016935010,40,4016935010,339991,339991,direct_2022
Niue,511.0,4016935010,40,4016935010,339991,339991,direct_2022
Australia,41809.0,4016935020,40,4016935020,339991,339991,direct_2022
New Zealand,15637.0,4016935020,40,4016935020,339991,339991,direct_2022
Australia,4365151.0,4016935050,40,4016935050,339991,339991,direct_2022
Nauru,3938.0,4016935050,40,4016935050,339991,339991,direct_2022
New Caledonia,378.0,4016935050,40,4016935050,339991,339991,direct_2022
New Zealand,552771.0,4016935050,40,4016935050,339991,339991,direct_2022
Niue,2662.0,4016935050,40,4016935050,339991,339991,direct_2022
Australia,11796.0,4016940000,40,4016940000,326299,326299,direct_2022
New Zealand,18289.0,4016940000,40,4016940000,326299,326299,direct_2022
Australia,1239.0,4016950000,40,4016950000,326299,326299,direct_2022
Nauru,14075.0,4016990300,40,4016990300,326299,326299,direct_2022
Australia,8757.0,4016990500,40,4016990500,326299,326299,direct_2022
New Zealand,8324.0,4016991000,40,4016991000,326299,326299,direct_2022
Australia,12089.0,4016991500,40,4016991500,326299,326299,direct_2022
Australia,23608.0,4016993000,40,4016993000,326299,326299,direct_2022
Australia,32140.0,4016993550,40,4016993550,326299,326299,direct_2022
New Zealand,312.0,4016993550,40,4016993550,326299,326299,direct_2022
Australia,489.0,4016995500,40,4016995500,326299,326299,direct_2022
New Zealand,755.0,4016995500,40,4016995500,326299,326299,direct_2022
Australia,12922.0,4016996010,40,4016996010,326291,326291,direct_2022
Marshall Islands,3476.0,4016996010,40,4016996010,326291,326291,direct_2022
Australia,1925873.0,4016996050,40,4016996050,326299,326299,direct_2022
Nauru,83862.0,4016996050,40,4016996050,326299,326299,direct_2022
New Caledonia,56480.0,4016996050,40,4016996050,326299,326299,direct_2022
New Zealand,6413434.0,4016996050,40,4016996050,326299,326299,direct_2022
Australia,18493.0,4017000000,40,4017000000,326299,326299,direct_2022
New Zealand,294.0,4017000000,40,4017000000,326299,326299,direct_2022
Australia,3386.0,4101901010,41,4101901010,311611,311611,direct_2022
New Zealand,1220.0,4101901010,41,4101901010,311611,311611,direct_2022
Australia,103675.0,4101901030,41,4101901030,311611,311611,direct_2022
New Zealand,1880.0,4101901030,41,4101901030,311611,311611,direct_2022
Australia,7399.0,4103902000,41,4103902000,316110,316110,direct_2022
New Zealand,5215.0,4104412000,41,4104412000,316110,316110,direct_2022
New Zealand,5639.0,4104495000,41,4104495000,316110,316110,direct_2022
Australia,85458.0,4106920000,41,4106920000,316110,316110,direct_2022
New Zealand,460664.0,4107115000,41,4107115000,316110,316110,direct_2022
Australia,550.0,4107125000,41,4107125000,316110,316110,direct_2022
New Zealand,154763.0,4107125000,41,4107125000,316110,316110,direct_2022
Australia,3418.0,4107127090,41,4107127090,316110,316110,direct_2022
Australia,1619.0,4107193000,41,4107193000,316110,316110,direct_2022
New Zealand,821356.0,4107195000,41,4107195000,316110,316110,direct_2022
Australia,3903.0,4107197090,41,4107197090,316110,316110,direct_2022
Australia,23398.0,4107918000,41,4107918000,316110,316110,direct_2022
New Zealand,171676.0,4107925000,41,4107925000,316110,316110,direct_2022
New Zealand,2689.0,4107995000,41,4107995000,316110,316110,direct_2022
Australia,4968.0,4107998000,41,4107998000,316110,316110,direct_2022
New Zealand,522.0,4112003060,41,4112003060,316110,316110,direct_2022
Australia,176857.0,4113306000,41,4113306000,316110,316110,direct_2022
Australia,61859.0,4113903000,41,4113903000,316110,316110,direct_2022
Australia,56911.0,4113906000,41,4113906000,316110,316110,direct_2022
Australia,3629.0,4115100000,41,4115100000,316110,316110,direct_2022
Australia,22976.0,4201003000,42,4201003000,316990,316998,direct_2022
Australia,356236.0,4201006000,42,4201006000,316990,316998,direct_2022
New Zealand,9233.0,4201006000,42,4201006000,316990,316998,direct_2022
New Zealand,1942.0,4202110030,42,4202110030,316990,316998,direct_2022
Australia,31128.0,4202110090,42,4202110090,316990,316998,direct_2022
Australia,5419.0,4202122120,42,4202122120,316990,316998,direct_2022
New Zealand,480.0,4202122120,42,4202122120,316990,316998,direct_2022
Australia,9605.0,4202122150,42,4202122150,316990,316998,direct_2022
Australia,48991.0,4202122925,42,4202122925,316990,316998,direct_2022
Australia,548.0,4202124000,42,4202124000,316990,316998,direct_2022
Australia,3110.0,4202126000,42,4202126000,316990,316998,direct_2022
New Zealand,734.0,4202126000,42,4202126000,316990,316998,direct_2022
Australia,120704.0,4202128130,42,4202128130,316990,316998,direct_2022
Australia,973.0,4202128960,42,4202128960,316990,316998,direct_2022
Australia,6335.0,4202128980,42,4202128980,316990,316998,direct_2022
Australia,14408.0,4202190000,42,4202190000,316990,316998,direct_2022
New Zealand,2221.0,4202216000,42,4202216000,316990,316992,direct_2022
Australia,113627.0,4202219000,42,4202219000,316990,316992,direct_2022
French Polynesia,395.0,4202219000,42,4202219000,316990,316992,direct_2022
Micronesia,1042.0,4202219000,42,4202219000,316990,316992,direct_2022
New Caledonia,3954.0,4202219000,42,4202219000,316990,316992,direct_2022
New Zealand,9817.0,4202219000,42,4202219000,316990,316992,direct_2022
Australia,3825.0,4202221500,42,4202221500,316990,316992,direct_2022
Cocos (Keeling) Islands,5480.0,4202221500,42,4202221500,316990,316992,direct_2022
Australia,1924.0,4202224030,42,4202224030,316990,316992,direct_2022
Australia,1007.0,4202224040,42,4202224040,316990,316992,direct_2022
New Zealand,3828.0,4202224040,42,4202224040,316990,316992,direct_2022
Australia,1887.0,4202224500,42,4202224500,316990,316992,direct_2022
New Zealand,1042.0,4202224500,42,4202224500,316990,316992,direct_2022
Australia,13750.0,4202226000,42,4202226000,316990,316992,direct_2022
Fiji,3096.0,4202226000,42,4202226000,316990,316992,direct_2022
Australia,30931.0,4202228100,42,4202228100,316990,316992,direct_2022
Micronesia,404.0,4202228100,42,4202228100,316990,316992,direct_2022
Nauru,427.0,4202228100,42,4202228100,316990,316992,direct_2022
Australia,895.0,4202228930,42,4202228930,316990,316992,direct_2022
Nauru,271.0,4202228930,42,4202228930,316990,316992,direct_2022
Australia,21442.0,4202228980,42,4202228980,316990,316992,direct_2022
New Caledonia,1245.0,4202228980,42,4202228980,316990,316992,direct_2022
New Zealand,756.0,4202228980,42,4202228980,316990,316992,direct_2022
Marshall Islands,5300.0,4202299000,42,4202299000,316990,316992,direct_2022
Micronesia,1871.0,4202299000,42,4202299000,316990,316992,direct_2022
New Caledonia,1463.0,4202299000,42,4202299000,316990,316992,direct_2022
Australia,17940.0,4202316000,42,4202316000,316990,316998,direct_2022
Australia,132652.0,4202321000,42,4202321000,316990,316998,direct_2022
Australia,314.0,4202322000,42,4202322000,316990,316998,direct_2022
Australia,511.0,4202328000,42,4202328000,316990,316998,direct_2022
Australia,4599.0,4202329300,42,4202329300,316990,316998,direct_2022
Australia,4500.0,4202329900,42,4202329900,316990,316998,direct_2022
Australia,344.0,4202399000,42,4202399000,316990,316998,direct_2022
Australia,4855.0,4202919030,42,4202919030,316990,316998,direct_2022
New Zealand,22057.0,4202919030,42,4202919030,316990,316998,direct_2022
Australia,25564.0,4202919090,42,4202919090,316990,316998,direct_2022
French Polynesia,636.0,4202919090,42,4202919090,316990,316998,direct_2022
New Zealand,298.0,4202919090,42,4202919090,316990,316998,direct_2022
Australia,360.0,4202920400,42,4202920400,314910,314910,direct_2022
Australia,303.0,4202920807,42,4202920807,314910,314910,direct_2022
New Zealand,2093.0,4202920807,42,4202920807,314910,314910,direct_2022
Australia,3663.0,4202921000,42,4202921000,326199,326199,direct_2022
Fiji,45450.0,4202921000,42,4202921000,326199,326199,direct_2022
Australia,17466.0,4202921500,42,4202921500,316990,316998,direct_2022
Micronesia,1561.0,4202921500,42,4202921500,316990,316998,direct_2022
Australia,7198.0,4202922000,42,4202922000,316990,316998,direct_2022
Fiji,1738.0,4202922000,42,4202922000,316990,316998,direct_2022
New Zealand,955.0,4202922000,42,4202922000,316990,316998,direct_2022
Australia,2348.0,4202923120,42,4202923120,316990,316998,direct_2022
New Zealand,7033.0,4202923120,42,4202923120,316990,316998,direct_2022
Australia,107547.0,4202923131,42,4202923131,316990,316998,direct_2022
New Zealand,329.0,4202923131,42,4202923131,316990,316998,direct_2022
Australia,300.0,4202923900,42,4202923900,316990,316998,direct_2022
New Zealand,7439.0,4202923900,42,4202923900,316990,316998,direct_2022
Australia,8450.0,4202924500,42,4202924500,316990,316998,direct_2022
Fiji,2640.0,4202924500,42,4202924500,316990,316998,direct_2022
New Zealand,6446.0,4202924500,42,4202924500,316990,316998,direct_2022
Australia,2907.0,4202926091,42,4202926091,314910,314910,direct_2022
Australia,4307.0,4202929100,42,4202929100,314910,314910,direct_2022
Australia,5066.0,4202929336,42,4202929336,314910,314910,direct_2022
Australia,61470.0,4202929700,42,4202929700,316990,316998,direct_2022
New Caledonia,1354.0,4202929700,42,4202929700,316990,316998,direct_2022
New Zealand,924.0,4202929700,42,4202929700,316990,316998,direct_2022
Australia,3108.0,4202992000,42,4202992000,316990,316998,direct_2022
Australia,1597.0,4202995000,42,4202995000,316990,316998,direct_2022
New Zealand,2000.0,4202995000,42,4202995000,316990,316998,direct_2022
Australia,22174.0,4202999000,42,4202999000,316990,316998,direct_2022
French Polynesia,1500.0,4202999000,42,4202999000,316990,316998,direct_2022
New Zealand,8749.0,4202999000,42,4202999000,316990,316998,direct_2022
Australia,2008.0,4203102000,42,4203102000,315250,315280,direct_2022
Australia,14673.0,4203104030,42,4203104030,315250,315280,direct_2022
New Zealand,4039.0,4203104030,42,4203104030,315250,315280,direct_2022
Australia,1901.0,4203104060,42,4203104060,315250,315280,direct_2022
New Zealand,3258.0,4203104060,42,4203104060,315250,315280,direct_2022
Australia,12451.0,4203104085,42,4203104085,315250,315280,direct_2022
Micronesia,1113.0,4203104085,42,4203104085,315250,315280,direct_2022
Australia,38887.0,4203104095,42,4203104095,315250,315280,direct_2022
Micronesia,3577.0,4203104095,42,4203104095,315250,315280,direct_2022
New Zealand,3519.0,4203104095,42,4203104095,315250,315280,direct_2022
Australia,5460.0,4203218060,42,4203218060,339920,339920,direct_2022
Australia,280.0,4203292000,42,4203292000,315990,315990,direct_2022
Australia,29801.0,4203300000,42,4203300000,315990,315990,direct_2022
New Zealand,1103.0,4203300000,42,4203300000,315990,315990,direct_2022
Australia,13271.0,4203406000,42,4203406000,315990,315990,direct_2022
Australia,376.0,4205004000,42,4205004000,316990,316998,direct_2022
Australia,867.0,4205006000,42,4205006000,316990,316998,direct_2022
Australia,185997.0,4205008000,42,4205008000,316990,316998,direct_2022
New Zealand,921.0,4205008000,42,4205008000,316990,316998,direct_2022
New Zealand,1526296.0,4206009000,42,4206009000,339920,339992,direct_2022
New Zealand,295.0,4302194570,43,4302194570,316110,316110,direct_2022
New Zealand,570.0,4302195500,43,4302195500,316110,316110,direct_2022
Australia,980.0,4302196000,43,4302196000,316110,316110,direct_2022
New Zealand,10662.0,4302196000,43,4302196000,316110,316110,direct_2022
New Zealand,326302.0,4302197500,43,4302197500,316110,316110,direct_2022
Australia,1361.0,4302300000,43,4302300000,316110,316110,direct_2022
New Zealand,38144.0,4302300000,43,4302300000,316110,316110,direct_2022
Australia,4754.0,4303100060,43,4303100060,315250,315280,direct_2022
Nauru,1448.0,4303100060,43,4303100060,315250,315280,direct_2022
New Zealand,17161.0,4303100060,43,4303100060,315250,315280,direct_2022
New Zealand,96442.0,4303900000,43,4303900000,315250,315280,direct_2022
Fiji,3750.0,4401120000,44,4401120000,321999,113310,direct_2022
New Zealand,25012.0,4401210000,44,4401210000,321113,321113,direct_2022
Australia,289690.0,4401220000,44,4401220000,321113,321113,direct_2022
Australia,2229.0,4401394290,44,4401394290,321999,321999,direct_2022
New Zealand,1993731.0,4403210165,44,4403210165,113310,113310,direct_2022
Fiji,47404.0,4403490200,44,4403490200,113310,113310,direct_2022
Australia,68148.0,4403980095,44,4403980095,113310,113310,direct_2022
New Zealand,6203179.0,4407110001,44,4407110001,321113,321113,direct_2022
New Zealand,11682962.0,4407110002,44,4407110002,321114,321114,direct_2022
New Zealand,56898.0,4407110042,44,4407110042,321113,321113,direct_2022
New Zealand,47120.0,4407110043,44,4407110043,321113,321113,direct_2022
New Zealand,45325.0,4407110047,44,4407110047,321113,321113,direct_2022
New Zealand,44177850.0,4407110052,44,4407110052,321113,321113,direct_2022
New Zealand,115443798.0,4407110053,44,4407110053,321113,321113,direct_2022
Australia,115213.0,4407120020,44,4407120020,321113,321113,direct_2022
Australia,59475.0,4407130000,44,4407130000,321113,321113,direct_2022
New Zealand,90649.0,4407130000,44,4407130000,321113,321113,direct_2022
Australia,2504.0,4407190001,44,4407190001,321113,321113,direct_2022
Australia,6535.0,4407190092,44,4407190092,321113,321113,direct_2022
Fiji,6287389.0,4407210000,44,4407210000,321113,321113,direct_2022
Australia,70602.0,4407290296,44,4407290296,321113,321113,direct_2022
Fiji,43772.0,4407290296,44,4407290296,321113,321113,direct_2022
Australia,3600.0,4407910063,44,4407910063,321113,321113,direct_2022
Australia,3196.0,4407950000,44,4407950000,321113,321113,direct_2022
Australia,376844.0,4407990295,44,4407990295,321113,321113,direct_2022
New Zealand,134033.0,4407990295,44,4407990295,321113,321113,direct_2022
Australia,3060.0,4408390291,44,4408390291,321211,321211,direct_2022
Fiji,35331.0,4408390291,44,4408390291,321211,321211,direct_2022
Australia,4712.0,4408900151,44,4408900151,321211,321211,direct_2022
Australia,6529.0,4408900197,44,4408900197,321211,321211,direct_2022
New Zealand,4756814.0,4409101020,44,4409101020,321113,321113,direct_2022
New Zealand,1879835.0,4409101040,44,4409101040,321113,321113,direct_2022
New Zealand,5259693.0,4409101060,44,4409101060,321113,321113,direct_2022
Australia,201938.0,4409102000,44,4409102000,321918,321918,direct_2022
New Zealand,96896.0,4409104010,44,4409104010,321918,321918,direct_2022
New Zealand,64213.0,4409104090,44,4409104090,321918,321918,direct_2022
New Zealand,93496.0,4409109040,44,4409109040,321999,321999,direct_2022
Fiji,342183.0,4409222500,44,4409222500,321918,321918,direct_2022
Fiji,130032.0,4409229090,44,4409229090,321999,321999,direct_2022
Australia,47223.0,4409290655,44,4409290655,321918,321918,direct_2022
Australia,62106.0,4409290665,44,4409290665,321918,321999,direct_2022
Australia,265418.0,4409294100,44,4409294100,321918,321918,direct_2022
New Zealand,3218.0,4409294100,44,4409294100,321918,321918,direct_2022
Australia,12009.0,4410110060,44,4410110060,321219,321219,direct_2022
New Zealand,26574855.0,4411121000,44,4411121000,321219,321219,direct_2022
New Zealand,2891.0,4411129090,44,4411129090,321219,321219,direct_2022
New Zealand,871327.0,4411131000,44,4411131000,321219,321219,direct_2022
Australia,33687.0,4411133000,44,4411133000,321219,321219,direct_2022
Australia,8025.0,4411139090,44,4411139090,321219,321219,direct_2022
Australia,1144248.0,4411141000,44,4411141000,321219,321219,direct_2022
New Zealand,2839224.0,4411141000,44,4411141000,321219,321219,direct_2022
Australia,1572497.0,4411142000,44,4411142000,321219,321219,direct_2022
New Zealand,50889.0,4411142000,44,4411142000,321219,321219,direct_2022
New Zealand,14178.0,4411149090,44,4411149090,321219,321219,direct_2022
Australia,57981.0,4411932000,44,4411932000,321219,321219,direct_2022
Australia,184342.0,4411933000,44,4411933000,321219,321219,direct_2022
Australia,28343.0,4411939090,44,4411939090,321219,321219,direct_2022
Australia,11816.0,4412109000,44,4412109000,321211,321212,direct_2022
New Zealand,967592.0,4412999700,44,4412999700,321212,321212,direct_2022
Australia,334703.0,4415103000,44,4415103000,321920,321920,direct_2022
New Zealand,10922.0,4415103000,44,4415103000,321920,321920,direct_2022
Australia,271334.0,4415109000,44,4415109000,321920,321920,direct_2022
New Zealand,2347.0,4415109000,44,4415109000,321920,321920,direct_2022
Australia,16721.0,4415208000,44,4415208000,321920,321920,direct_2022
Australia,1644182.0,4416003010,44,4416003010,321920,321920,direct_2022
Australia,93340.0,4416006010,44,4416006010,321920,321920,direct_2022
Australia,84204.0,4416006030,44,4416006030,321920,321920,direct_2022
Australia,417988.0,4416009020,44,4416009020,321920,321920,direct_2022
Australia,12646.0,4418190000,44,4418190000,321911,321911,direct_2022
Fiji,2867.0,4418218060,44,4418218060,321911,321911,direct_2022
New Zealand,213818.0,4418298060,44,4418298060,321911,321911,direct_2022
Australia,23231.0,4418790100,44,4418790100,321918,321918,direct_2022
Australia,87410.0,4418810000,44,4418810000,321215,321213,direct_2022
New Zealand,3793.0,4418820000,44,4418820000,321215,321213,direct_2022
Australia,15005.0,4418890000,44,4418890000,321215,321213,direct_2022
Australia,3021.0,4418919140,44,4418919140,321215,321213,direct_2022
Australia,40143.0,4418919195,44,4418919195,321215,321213,direct_2022
Australia,34169.0,4418991000,44,4418991000,321113,321113,direct_2022
Australia,22130.0,4418999195,44,4418999195,321215,321213,direct_2022
New Zealand,115566.0,4418999195,44,4418999195,321215,321213,direct_2022
Australia,3259.0,4419120000,44,4419120000,321999,321999,direct_2022
Australia,5332.0,4419199000,44,4419199000,321999,321999,direct_2022
New Zealand,22739.0,4419199000,44,4419199000,321999,321999,direct_2022
Fiji,3545.0,4419209000,44,4419209000,321999,321999,direct_2022
Australia,2687.0,4419901100,44,4419901100,321999,321999,direct_2022
New Zealand,3400.0,4419901100,44,4419901100,321999,321999,direct_2022
Australia,2760.0,4419909100,44,4419909100,321999,321999,direct_2022
Australia,9401.0,4420190000,44,4420190000,321999,321999,direct_2022
Fiji,13024.0,4420190000,44,4420190000,321999,321999,direct_2022
Micronesia,4350.0,4420190000,44,4420190000,321999,321999,direct_2022
New Zealand,4780.0,4420190000,44,4420190000,321999,321999,direct_2022
Australia,7518.0,4420906500,44,4420906500,321920,321920,direct_2022
New Zealand,49274.0,4420906500,44,4420906500,321920,321920,direct_2022
Australia,35718.0,4420908000,44,4420908000,321999,321999,direct_2022
New Zealand,20991.0,4420908000,44,4420908000,321999,321999,direct_2022
New Zealand,3182.0,4421919400,44,4421919400,321215,321213,direct_2022
Australia,2530.0,4421919880,44,4421919880,321999,321999,direct_2022
New Zealand,5128.0,4421919880,44,4421919880,321999,321999,direct_2022
New Zealand,89071.0,4421999400,44,4421999400,321215,321213,direct_2022
Australia,774584.0,4421999880,44,4421999880,321999,321999,direct_2022
New Zealand,202792.0,4421999880,44,4421999880,321999,321999,direct_2022
Australia,21556.0,4503906000,45,4503906000,321999,321999,direct_2022
Australia,465352.0,4504103000,45,4504103000,321999,321999,direct_2022
Marshall Islands,2100.0,4601298000,46,4601298000,321999,321999,direct_2022
Marshall Islands,4000.0,4601999000,46,4601999000,339999,321999,direct_2022
Australia,26986.0,4602121400,46,4602121400,321999,321999,direct_2022
Australia,2660.0,4602191600,46,4602191600,321999,321999,direct_2022
Marshall Islands,12700.0,4602191700,46,4602191700,321999,321999,direct_2022
Australia,9633.0,4602192940,46,4602192940,316990,316998,direct_2022
Marshall Islands,15300.0,4602198000,46,4602198000,321999,321999,direct_2022
Micronesia,5517.0,4602198000,46,4602198000,321999,321999,direct_2022
Micronesia,3003.0,4707900000,47,4707900000,910000,910000,direct_2022
Australia,56885.0,4802100000,48,4802100000,322120,322230,direct_2022
Australia,6760.0,4802693000,48,4802693000,322120,322122,direct_2022
Australia,16820.0,4803004000,48,4803004000,322120,322121,direct_2022
Australia,25630043.0,4804110000,48,4804110000,322130,322130,direct_2022
Australia,4380.0,4804290000,48,4804290000,322120,322121,direct_2022
Australia,23241407.0,4805192000,48,4805192000,322130,322121,direct_2022
Australia,18760943.0,4805249000,48,4805249000,322130,322130,direct_2022
Australia,3100.0,4808100000,48,4808100000,322211,322211,direct_2022
New Zealand,1080972.0,4808100000,48,4808100000,322211,322211,direct_2022
Australia,28328.0,4809908000,48,4809908000,339940,339940,direct_2022
New Zealand,66515.0,4810132010,48,4810132010,322130,322130,direct_2022
New Zealand,35196.0,4810145000,48,4810145000,322299,322299,direct_2022
New Zealand,2135.0,4810396500,48,4810396500,322130,322130,direct_2022
New Zealand,11986889.0,4810921225,48,4810921225,322130,322130,direct_2022
New Zealand,100803.0,4810921235,48,4810921235,322130,322130,direct_2022
Australia,9189.0,4810921435,48,4810921435,322130,322130,direct_2022
New Zealand,50260.0,4810926525,48,4810926525,322130,322130,direct_2022
New Zealand,2766.0,4810926535,48,4810926535,322130,322130,direct_2022
Australia,48796.0,4811596000,48,4811596000,322220,322220,direct_2022
New Zealand,2501.0,4811908050,48,4811908050,322220,322220,direct_2022
Australia,2524.0,4811909030,48,4811909030,322120,322121,direct_2022
Australia,5316.0,4811909080,48,4811909080,322220,322220,direct_2022
Australia,100819.0,4813200000,48,4813200000,322299,322121,direct_2022
Australia,5120.0,4813900000,48,4813900000,322299,322121,direct_2022
Australia,41018.0,4814200000,48,4814200000,322220,322220,direct_2022
Australia,72214.0,4814900200,48,4814900200,322220,322220,direct_2022
French Polynesia,2191.0,4814900200,48,4814900200,322220,322220,direct_2022
New Zealand,14347.0,4814900200,48,4814900200,322220,322220,direct_2022
Australia,6764.0,4817100000,48,4817100000,322230,322230,direct_2022
Australia,12265.0,4817300000,48,4817300000,322230,322230,direct_2022
Cocos (Keeling) Islands,58445.0,4818100000,48,4818100000,322291,322291,direct_2022
Australia,25830.0,4818200020,48,4818200020,322291,322291,direct_2022
Australia,6906.0,4818300000,48,4818300000,322291,322291,direct_2022
New Zealand,9419.0,4819100020,48,4819100020,322211,322211,direct_2022
Australia,312758.0,4819100040,48,4819100040,322211,322211,direct_2022
New Zealand,100019.0,4819100040,48,4819100040,322211,322211,direct_2022
Australia,44776.0,4819200040,48,4819200040,322212,322212,direct_2022
Fiji,3050.0,4819200040,48,4819200040,322212,322212,direct_2022
New Zealand,42822.0,4819200040,48,4819200040,322212,322212,direct_2022
Australia,1143508.0,4819300020,48,4819300020,322220,322220,direct_2022
Australia,72924.0,4819300040,48,4819300040,322220,322220,direct_2022
Australia,33514.0,4819400040,48,4819400040,322220,322220,direct_2022
Australia,18050.0,4819503000,48,4819503000,322299,322299,direct_2022
Australia,3661.0,4819504040,48,4819504040,322219,322212,direct_2022
Fiji,10097.0,4819504040,48,4819504040,322219,322212,direct_2022
Australia,31675.0,4819504060,48,4819504060,322211,322299,direct_2022
New Zealand,4950.0,4819504060,48,4819504060,322211,322299,direct_2022
Australia,61638.0,4820102010,48,4820102010,323111,323111,direct_2022
Australia,10118.0,4820102060,48,4820102060,323111,323111,direct_2022
Australia,17839.0,4820104000,48,4820104000,323111,323111,direct_2022
Australia,6127.0,4820200000,48,4820200000,322230,322230,direct_2022
Australia,4352.0,4820400000,48,4820400000,323111,323111,direct_2022
Micronesia,5340.0,4820500000,48,4820500000,323111,323111,direct_2022
Australia,355525.0,4821102000,48,4821102000,323111,323111,direct_2022
Australia,279189.0,4821104000,48,4821104000,323111,323111,direct_2022
New Zealand,103193.0,4821104000,48,4821104000,323111,323111,direct_2022
Australia,1340785.0,4821902000,48,4821902000,322220,322220,direct_2022
New Zealand,11498.0,4821902000,48,4821902000,322220,322220,direct_2022
Australia,110786.0,4821904000,48,4821904000,322299,322299,direct_2022
Fiji,4580.0,4821904000,48,4821904000,322299,322299,direct_2022
New Zealand,5512.0,4821904000,48,4821904000,322299,322299,direct_2022
Australia,90989.0,4823209000,48,4823209000,322299,322299,direct_2022
New Zealand,49117.0,4823209000,48,4823209000,322299,322299,direct_2022
Australia,11123.0,4823690020,48,4823690020,322219,322219,direct_2022
Australia,69089.0,4823690040,48,4823690040,322219,322219,direct_2022
Australia,4920.0,4823700040,48,4823700040,322299,322299,direct_2022
Australia,3768.0,4823901000,48,4823901000,322299,322299,direct_2022
New Zealand,6549.0,4823906700,48,4823906700,322299,322299,direct_2022
Australia,43000.0,4823908680,48,4823908680,322299,322299,direct_2022
Australia,11040.0,4901100020,49,4901100020,323120,323120,direct_2022
Australia,148825.0,4901100040,49,4901100040,323111,323111,direct_2022
Fiji,4621.0,4901100040,49,4901100040,323111,323111,direct_2022
New Zealand,150544.0,4901100040,49,4901100040,323111,323111,direct_2022
Australia,16920.0,4901910020,49,4901910020,323117,323117,direct_2022
Australia,822388.0,4901990010,49,4901990010,323117,323117,direct_2022
New Zealand,27581.0,4901990010,49,4901990010,323117,323117,direct_2022
Australia,12467.0,4901990020,49,4901990020,323111,323120,direct_2022
Australia,332231.0,4901990040,49,4901990040,323117,323117,direct_2022
New Zealand,16146.0,4901990040,49,4901990040,323117,323117,direct_2022
Australia,1158130.0,4901990050,49,4901990050,323117,323117,direct_2022
New Zealand,133724.0,4901990050,49,4901990050,323117,323117,direct_2022
Australia,3476.0,4901990060,49,4901990060,323117,323117,direct_2022
New Zealand,2994.0,4901990060,49,4901990060,323117,323117,direct_2022
Australia,322826.0,4901990065,49,4901990065,323117,323117,direct_2022
New Zealand,18316.0,4901990065,49,4901990065,323117,323117,direct_2022
Australia,1864674.0,4901990070,49,4901990070,323117,323117,direct_2022
New Zealand,57905.0,4901990070,49,4901990070,323117,323117,direct_2022
Australia,76729.0,4901990075,49,4901990075,323117,323117,direct_2022
New Zealand,6996.0,4901990075,49,4901990075,323117,323117,direct_2022
Australia,76475.0,4901990091,49,4901990091,323117,323117,direct_2022
Australia,1074917.0,4901990092,49,4901990092,323117,323117,direct_2022
New Zealand,19931.0,4901990092,49,4901990092,323117,323117,direct_2022
Australia,744604.0,4901990093,49,4901990093,323117,323117,direct_2022
French Polynesia,4127.0,4901990093,49,4901990093,323117,323117,direct_2022
New Zealand,114415.0,4901990093,49,4901990093,323117,323117,direct_2022
Australia,188923.0,4903000000,49,4903000000,323117,323117,direct_2022
Cocos (Keeling) Islands,4920.0,4903000000,49,4903000000,323117,323117,direct_2022
New Zealand,4000.0,4905906000,49,4905906000,323111,323111,direct_2022
Australia,145709.0,4907000000,49,4907000000,323111,323111,direct_2022
Cook Islands,8808.0,4907000000,49,4907000000,323111,323111,direct_2022
Fiji,7750.0,4907000000,49,4907000000,323111,323111,direct_2022
New Zealand,5349.0,4907000000,49,4907000000,323111,323111,direct_2022
New Zealand,24124.0,4908100000,49,4908100000,323111,323111,direct_2022
Australia,70963.0,4908900000,49,4908900000,323111,323111,direct_2022
New Zealand,45903.0,4908900000,49,4908900000,323111,323111,direct_2022
New Zealand,142518.0,4909002000,49,4909002000,323111,323111,direct_2022
Australia,18798.0,4909004000,49,4909004000,322230,323111,direct_2022
New Zealand,18843.0,4909004000,49,4909004000,322230,323111,direct_2022
New Zealand,2668.0,4910002000,49,4910002000,323111,323111,direct_2022
New Zealand,5903.0,4910004000,49,4910004000,323111,323111,direct_2022
Australia,9301.0,4910006000,49,4910006000,323111,323111,direct_2022
Australia,7427.0,4911100020,49,4911100020,323111,323111,direct_2022
Australia,4308.0,4911100040,49,4911100040,323111,323111,direct_2022
New Zealand,17088.0,4911100040,49,4911100040,323111,323111,direct_2022
Australia,192059.0,4911100080,49,4911100080,323111,323111,direct_2022
Christmas Island,10461.0,4911100080,49,4911100080,323111,323111,direct_2022
New Zealand,48892.0,4911100080,49,4911100080,323111,323111,direct_2022
Australia,116185.0,4911911000,49,4911911000,930000,930000,direct_2022
New Zealand,26212.0,4911911000,49,4911911000,930000,930000,direct_2022
Australia,2090.0,4911911500,49,4911911500,323111,323111,direct_2022
Australia,6656.0,4911912020,49,4911912020,323111,323111,direct_2022
Australia,12717.0,4911912040,49,4911912040,323111,323111,direct_2022
Australia,6628.0,4911913000,49,4911913000,323111,323111,direct_2022
Australia,2755.0,4911914020,49,4911914020,323111,323111,direct_2022
Australia,278952.0,4911914040,49,4911914040,323111,323111,direct_2022
New Zealand,136355.0,4911914040,49,4911914040,323111,323111,direct_2022
Australia,3328.0,4911992000,49,4911992000,323111,323111,direct_2022
New Zealand,2828.0,4911992000,49,4911992000,323111,323111,direct_2022
Australia,41547.0,4911996000,49,4911996000,323111,323111,direct_2022
New Zealand,2967.0,4911996000,49,4911996000,323111,323111,direct_2022
Australia,2633614.0,4911998000,49,4911998000,323111,323111,direct_2022
New Zealand,59916.0,4911998000,49,4911998000,323111,323111,direct_2022
Fiji,1000.0,5007906090,50,5007906090,313210,313210,direct_2022
New Zealand,18873.0,5101115000,51,5101115000,112410,112410,direct_2022
Australia,49043.0,5101116030,51,5101116030,112410,112410,direct_2022
New Zealand,1583600.0,5101211000,51,5101211000,313110,313110,direct_2022
New Zealand,1558714.0,5101211500,51,5101211500,313110,313110,direct_2022
New Zealand,971104.0,5101213000,51,5101213000,313110,313110,direct_2022
New Zealand,245299.0,5101213500,51,5101213500,313110,313110,direct_2022
Australia,861677.0,5101214060,51,5101214060,313110,313110,direct_2022
New Zealand,1165857.0,5101214060,51,5101214060,313110,313110,direct_2022
New Zealand,873644.0,5101216500,51,5101216500,313110,313110,direct_2022
Australia,305714.0,5101304000,51,5101304000,313110,313110,direct_2022
Australia,121574.0,5101307000,51,5101307000,313110,313110,direct_2022
Australia,1190.0,5102199000,51,5102199000,112420,112420,direct_2022
New Zealand,100388.0,5105100000,51,5105100000,313110,313110,direct_2022
Australia,40852.0,5105210000,51,5105210000,313110,313110,direct_2022
New Zealand,10049.0,5105210000,51,5105210000,313110,313110,direct_2022
New Zealand,171327.0,5105290000,51,5105290000,313110,313110,direct_2022
New Zealand,903928.0,5106100090,51,5106100090,313110,313110,direct_2022
New Zealand,25414.0,5106200000,51,5106200000,313110,313110,direct_2022
New Zealand,359276.0,5107106000,51,5107106000,313110,313110,direct_2022
Australia,4745.0,5109109000,51,5109109000,313110,313110,direct_2022
New Zealand,4568.0,5109109000,51,5109109000,313110,313110,direct_2022
Australia,5705.0,5109909000,51,5109909000,313110,313110,direct_2022
New Zealand,5014.0,5111117060,51,5111117060,313210,313210,direct_2022
Australia,3301.0,5111191000,51,5111191000,313210,313210,direct_2022
New Zealand,4661.0,5111191000,51,5111191000,313210,313210,direct_2022
New Zealand,995.0,5111909000,51,5111909000,313210,313210,direct_2022
Australia,8074.0,5112192000,51,5112192000,313210,313210,direct_2022
New Zealand,4370.0,5112192000,51,5112192000,313210,313210,direct_2022
New Zealand,4328.0,5112199560,51,5112199560,313210,313210,direct_2022
New Zealand,4334.0,5112201000,51,5112201000,313210,313210,direct_2022
Australia,13768.0,5112301000,51,5112301000,313210,313210,direct_2022
New Zealand,114490.0,5112301000,51,5112301000,313210,313210,direct_2022
Australia,2130.0,5112303000,51,5112303000,313210,313210,direct_2022
New Zealand,12415.0,5112303000,51,5112303000,313210,313210,direct_2022
New Zealand,9557.0,5112909090,51,5112909090,313210,313210,direct_2022
New Zealand,6747.0,5113000000,51,5113000000,313210,313210,direct_2022
Australia,2639.0,5201002800,52,5201002800,111920,111920,direct_2022
New Zealand,1868.0,5201008000,52,5201008000,111920,111920,direct_2022
New Zealand,1617.0,5206120000,52,5206120000,313110,313110,direct_2022
New Zealand,5134.0,5207100000,52,5207100000,313110,313110,direct_2022
Australia,262.0,5208112040,52,5208112040,313210,313210,direct_2022
Australia,2475.0,5208198090,52,5208198090,313210,313210,direct_2022
Australia,103731.0,5208523045,52,5208523045,313210,313210,direct_2022
Australia,5168.0,5208525090,52,5208525090,313210,313210,direct_2022
Australia,860.0,5209420080,52,5209420080,313210,313210,direct_2022
Australia,8319.0,5209590090,52,5209590090,313210,313210,direct_2022
Australia,451.0,5211310020,52,5211310020,313210,313210,direct_2022
Australia,696.0,5211420080,52,5211420080,313210,313210,direct_2022
Australia,2174.0,5212256090,52,5212256090,313210,313210,direct_2022
Australia,63959.0,5305000000,53,5305000000,314999,314999,direct_2022
Marshall Islands,2400.0,5305000000,53,5305000000,314999,314999,direct_2022
Australia,9142.0,5308909000,53,5308909000,313110,313110,direct_2022
Australia,2400.0,5309110090,53,5309110090,313210,313210,direct_2022
Australia,29325.0,5309190010,53,5309190010,313210,313210,direct_2022
New Zealand,1936.0,5309190010,53,5309190010,313210,313210,direct_2022
Australia,6496.0,5309190090,53,5309190090,313210,313210,direct_2022
New Zealand,13640.0,5309190090,53,5309190090,313210,313210,direct_2022
Australia,5815.0,5309294090,53,5309294090,313210,313210,direct_2022
New Zealand,1820.0,5309294090,53,5309294090,313210,313210,direct_2022
Australia,1200.0,5310900000,53,5310900000,313210,313210,direct_2022
Australia,13026.0,5403106000,54,5403106000,325220,325220,direct_2022
Australia,3092508.0,5404900000,54,5404900000,325220,325220,direct_2022
Australia,352.0,5407100090,54,5407100090,313210,313210,direct_2022
New Zealand,9563.0,5407200000,54,5407200000,313210,313210,direct_2022
Australia,5500.0,5407410030,54,5407410030,313210,313210,direct_2022
Australia,2194.0,5407410060,54,5407410060,313210,313210,direct_2022
Australia,156151.0,5407510060,54,5407510060,313210,313210,direct_2022
Australia,900.0,5407520500,54,5407520500,313210,313210,direct_2022
Australia,965.0,5407522040,54,5407522040,313210,313210,direct_2022
Australia,3505.0,5407522060,54,5407522060,313210,313210,direct_2022
New Zealand,2326.0,5407522060,54,5407522060,313210,313210,direct_2022
Australia,771900.0,5407532060,54,5407532060,313210,313210,direct_2022
New Zealand,818.0,5407540040,54,5407540040,313210,313210,direct_2022
New Zealand,818.0,5407540060,54,5407540060,313210,313210,direct_2022
New Zealand,812.0,5407619955,54,5407619955,313210,313210,direct_2022
New Zealand,6264.0,5407694060,54,5407694060,313210,313210,direct_2022
Australia,446.0,5407710015,54,5407710015,313210,313210,direct_2022
New Zealand,5288.0,5407720015,54,5407720015,313210,313210,direct_2022
Australia,12635.0,5407732060,54,5407732060,313210,313210,direct_2022
New Zealand,3797.0,5407732060,54,5407732060,313210,313210,direct_2022
Australia,3347.0,5407922090,54,5407922090,313210,313210,direct_2022
New Zealand,2679.0,5407922090,54,5407922090,313210,313210,direct_2022
New Zealand,4866.0,5407932090,54,5407932090,313210,313210,direct_2022
Australia,2193.0,5408229060,54,5408229060,313210,313210,direct_2022
Australia,20251.0,5408249050,54,5408249050,313210,313210,direct_2022
Australia,46178.0,5408312010,54,5408312010,313210,313210,direct_2022
Australia,2381.0,5512190090,55,5512190090,313210,313210,direct_2022
New Zealand,1768.0,5512210090,55,5512210090,313210,313210,direct_2022
Australia,2975.0,5512290005,55,5512290005,313210,313210,direct_2022
New Zealand,9873.0,5512910090,55,5512910090,313210,313210,direct_2022
New Zealand,745.0,5512990090,55,5512990090,313210,313210,direct_2022
Australia,25135.0,5514290090,55,5514290090,313210,313210,direct_2022
New Zealand,1366.0,5515120090,55,5515120090,313210,313210,direct_2022
Australia,1600.0,5515190090,55,5515190090,313210,313210,direct_2022
New Zealand,5225.0,5515910090,55,5515910090,313210,313210,direct_2022
Australia,8926.0,5516210020,55,5516210020,313210,313210,direct_2022
New Zealand,722.0,5516230090,55,5516230090,313210,313210,direct_2022
Australia,450.0,5602109010,56,5602109010,313230,313230,direct_2022
Australia,20880.0,5602109090,56,5602109090,313230,313230,direct_2022
Australia,705.0,5602210000,56,5602210000,313230,313230,direct_2022
French Polynesia,333.0,5602210000,56,5602210000,313230,313230,direct_2022
Australia,1198.0,5602906000,56,5602906000,313230,313230,direct_2022
Australia,1086.0,5602909000,56,5602909000,313230,313230,direct_2022
Australia,12007875.0,5603120070,56,5603120070,313230,313230,direct_2022
Australia,935.0,5603120095,56,5603120095,313230,313230,direct_2022
New Zealand,12744.0,5603120095,56,5603120095,313230,313230,direct_2022
Australia,16254.0,5603130095,56,5603130095,313230,313230,direct_2022
Australia,1749279.0,5603143000,56,5603143000,313230,313230,direct_2022
Australia,55080.0,5603149010,56,5603149010,313230,313230,direct_2022
Australia,461663.0,5603149090,56,5603149090,313230,313230,direct_2022
New Zealand,1759.0,5603149090,56,5603149090,313230,313230,direct_2022
Australia,2879.0,5603930090,56,5603930090,313230,313230,direct_2022
Fiji,608.0,5603930090,56,5603930090,313230,313230,direct_2022
Australia,92239.0,5603941090,56,5603941090,313230,313230,direct_2022
New Zealand,2901.0,5603941090,56,5603941090,313230,313230,direct_2022
New Zealand,4977.0,5603949010,56,5603949010,313230,313230,direct_2022
Australia,9800.0,5603949030,56,5603949030,313230,313230,direct_2022
New Zealand,2536396.0,5603949030,56,5603949030,313230,313230,direct_2022
New Zealand,87083.0,5603949050,56,5603949050,313230,313230,direct_2022
Australia,3051182.0,5603949090,56,5603949090,313230,313230,direct_2022
New Zealand,91734.0,5604100000,56,5604100000,313220,313220,direct_2022
Australia,5579.0,5604902000,56,5604902000,314994,314994,direct_2022
Australia,5021.0,5604909000,56,5604909000,313220,313220,direct_2022
New Zealand,10269.0,5607411000,56,5607411000,314994,314994,direct_2022
Australia,11085.0,5607491000,56,5607491000,314994,314994,direct_2022
Australia,5901.0,5607492500,56,5607492500,314994,314994,direct_2022
Australia,16132.0,5607493000,56,5607493000,314994,314994,direct_2022
New Zealand,14294.0,5607493000,56,5607493000,314994,314994,direct_2022
Australia,14783.0,5607503500,56,5607503500,314994,314994,direct_2022
Australia,16710.0,5607504000,56,5607504000,314994,314994,direct_2022
New Zealand,29464.0,5607504000,56,5607504000,314994,314994,direct_2022
Fiji,6214.0,5607901000,56,5607901000,314994,314994,direct_2022
New Zealand,972.0,5607901000,56,5607901000,314994,314994,direct_2022
Australia,3365.0,5607909000,56,5607909000,314994,314994,direct_2022
New Zealand,6019.0,5607909000,56,5607909000,314994,314994,direct_2022
Australia,4606.0,5608903000,56,5608903000,314994,314994,direct_2022
Australia,7089.0,5609003000,56,5609003000,314994,314994,direct_2022
Marshall Islands,20000.0,5609003000,56,5609003000,314994,314994,direct_2022
Australia,163755.0,5609004000,56,5609004000,314994,314994,direct_2022
Australia,5687.0,5701104000,57,5701104000,314110,314110,direct_2022
New Zealand,36081.0,5701104000,57,5701104000,314110,314110,direct_2022
Australia,12795.0,5701109000,57,5701109000,314110,314110,direct_2022
New Zealand,3154.0,5701109000,57,5701109000,314110,314110,direct_2022
New Zealand,1484.0,5701902090,57,5701902090,314110,314110,direct_2022
Australia,1200.0,5702109090,57,5702109090,314110,314110,direct_2022
Australia,2945.0,5702202000,57,5702202000,314110,314110,direct_2022
Australia,29430.0,5702412000,57,5702412000,314110,314110,direct_2022
Australia,23933.0,5702913000,57,5702913000,314110,314110,direct_2022
Australia,2594.0,5702992000,57,5702992000,314110,314110,direct_2022
Australia,3442.0,5703102000,57,5703102000,314110,314110,direct_2022
New Zealand,1186.0,5703102000,57,5703102000,314110,314110,direct_2022
Australia,466.0,5703108000,57,5703108000,314110,314110,direct_2022
New Zealand,7042460.0,5703108000,57,5703108000,314110,314110,direct_2022
Australia,33470.0,5703210010,57,5703210010,314110,314110,direct_2022
New Zealand,3922.0,5703210090,57,5703210090,314110,314110,direct_2022
Australia,2624.0,5703292010,57,5703292010,314110,314110,direct_2022
New Zealand,1171.0,5703292010,57,5703292010,314110,314110,direct_2022
Australia,18721.0,5703292090,57,5703292090,314110,314110,direct_2022
New Zealand,687725.0,5703292090,57,5703292090,314110,314110,direct_2022
Australia,4207.0,5703310030,57,5703310030,314110,314110,direct_2022
Australia,69805.0,5703310060,57,5703310060,314110,314110,direct_2022
Australia,110010.0,5703310085,57,5703310085,314110,314110,direct_2022
Australia,6540.0,5703392030,57,5703392030,314110,314110,direct_2022
Australia,4367.0,5703900000,57,5703900000,314110,314110,direct_2022
Australia,502.0,5705002015,57,5705002015,314110,314110,direct_2022
Australia,301.0,5705002030,57,5705002030,314110,314110,direct_2022
Australia,2183.0,5705002090,57,5705002090,314110,314110,direct_2022
New Zealand,1316.0,5705002090,57,5705002090,314110,314110,direct_2022
New Zealand,1496.0,5801100000,58,5801100000,313210,313210,direct_2022
New Zealand,9673.0,5801275020,58,5801275020,313210,313210,direct_2022
New Zealand,2676.0,5801360010,58,5801360010,313210,313210,direct_2022
New Zealand,7550.0,5801360020,58,5801360020,313210,313210,direct_2022
New Zealand,2900.0,5801375020,58,5801375020,313210,313210,direct_2022
Australia,388.0,5802109000,58,5802109000,313210,313210,direct_2022
Australia,1104.0,5802200090,58,5802200090,313210,313210,direct_2022
Australia,14558.0,5805001000,58,5805001000,314999,990000,direct_2022
Australia,4133.0,5805004090,58,5805004090,314999,990000,direct_2022
New Zealand,557.0,5806102400,58,5806102400,313220,313220,direct_2022
Australia,13429.0,5806200090,58,5806200090,313220,313220,direct_2022
Australia,295.0,5806310000,58,5806310000,313220,313220,direct_2022
Australia,47946.0,5806322000,58,5806322000,313220,313220,direct_2022
New Zealand,2750.0,5806322000,58,5806322000,313220,313220,direct_2022
Australia,1705.0,5807100510,58,5807100510,313220,313220,direct_2022
New Zealand,1075.0,5807900520,58,5807900520,314999,314999,direct_2022
New Zealand,977.0,5807901500,58,5807901500,314999,314999,direct_2022
Australia,892.0,5807902090,58,5807902090,314999,314999,direct_2022
New Zealand,381.0,5807902090,58,5807902090,314999,314999,direct_2022
Australia,3174.0,5808109000,58,5808109000,315990,315990,direct_2022
Australia,7288.0,5810910020,58,5810910020,314999,314999,direct_2022
Australia,318.0,5810921000,58,5810921000,314999,314999,direct_2022
Australia,1195.0,5810929080,58,5810929080,314999,314999,direct_2022
Australia,1607.0,5811004000,58,5811004000,314999,314999,direct_2022
Australia,44211.0,5901101000,59,5901101000,313320,313320,direct_2022
Australia,9078.0,5901102000,59,5901102000,313320,313320,direct_2022
Australia,6884.0,5901904000,59,5901904000,313320,313320,direct_2022
Kiribati,21160.0,5901904000,59,5901904000,313320,313320,direct_2022
Australia,14800.0,5902100000,59,5902100000,314994,314994,direct_2022
New Zealand,15420.0,5903101800,59,5903101800,313320,313320,direct_2022
New Zealand,127608.0,5903102090,59,5903102090,313320,313320,direct_2022
New Zealand,22914.0,5903102500,59,5903102500,313320,313320,direct_2022
Australia,4591.0,5903103000,59,5903103000,313320,313320,direct_2022
New Zealand,47545.0,5903103000,59,5903103000,313320,313320,direct_2022
New Zealand,101000.0,5903901500,59,5903901500,313320,313320,direct_2022
Australia,256457.0,5903902000,59,5903902000,313320,313320,direct_2022
Australia,2206770.0,5903902500,59,5903902500,313320,313320,direct_2022
New Zealand,87695.0,5903902500,59,5903902500,313320,313320,direct_2022
Niue,15192.0,5903902500,59,5903902500,313320,313320,direct_2022
Australia,8083.0,5903903090,59,5903903090,313320,313320,direct_2022
New Zealand,3523.0,5903903090,59,5903903090,313320,313320,direct_2022
New Zealand,197481.0,5905009000,59,5905009000,322220,322220,direct_2022
Australia,13363.0,5906100000,59,5906100000,313320,313320,direct_2022
New Zealand,4422.0,5906100000,59,5906100000,313320,313320,direct_2022
Australia,1125.0,5906911000,59,5906911000,313320,313320,direct_2022
New Zealand,6083959.0,5907006000,59,5907006000,313320,313320,direct_2022
New Zealand,307135.0,5907008090,59,5907008090,313320,313320,direct_2022
New Zealand,862.0,5909002000,59,5909002000,313220,313220,direct_2022
New Zealand,4712.0,5910001030,59,5910001030,313220,313220,direct_2022
Australia,7233.0,5910001090,59,5910001090,313220,313220,direct_2022
New Zealand,3332.0,5910001090,59,5910001090,313220,313220,direct_2022
Australia,55034.0,5910009000,59,5910009000,313220,313220,direct_2022
New Zealand,5647.0,5910009000,59,5910009000,313220,313220,direct_2022
Australia,29355.0,5911320010,59,5911320010,313210,313210,direct_2022
Australia,197219.0,5911900080,59,5911900080,313220,313220,direct_2022
New Zealand,491751.0,5911900080,59,5911900080,313220,313220,direct_2022
Niue,698.0,5911900080,59,5911900080,313220,313220,direct_2022
Australia,7348.0,6001106000,60,6001106000,313240,313240,direct_2022
Australia,54399.0,6001220000,60,6001220000,313240,313240,direct_2022
New Zealand,9165.0,6002908080,60,6002908080,313240,313240,direct_2022
Australia,2234102.0,6003401000,60,6003401000,313240,313240,direct_2022
Australia,18542.0,6004100010,60,6004100010,313240,313240,direct_2022
Australia,490.0,6004100085,60,6004100085,313240,313240,direct_2022
Australia,4605.0,6004909000,60,6004909000,313240,313240,direct_2022
Australia,11856.0,6005370080,60,6005370080,313240,313240,direct_2022
Australia,4311.0,6005380080,60,6005380080,313240,313240,direct_2022
Australia,121016.0,6006100000,60,6006100000,313240,313240,direct_2022
New Zealand,2667.0,6006100000,60,6006100000,313240,313240,direct_2022
Australia,611.0,6006219020,60,6006219020,313240,313240,direct_2022
Australia,4407.0,6006239020,60,6006239020,313240,313240,direct_2022
Australia,10890.0,6006420085,60,6006420085,313240,313240,direct_2022
Australia,33693.0,6006909000,60,6006909000,313240,313240,direct_2022
New Zealand,6089.0,6006909000,60,6006909000,313240,313240,direct_2022
Australia,83625.0,6101200010,61,6101200010,315250,315220,direct_2022
New Zealand,1080.0,6101200010,61,6101200010,315250,315220,direct_2022
Australia,17688.0,6101200020,61,6101200020,315250,315220,direct_2022
Australia,604.0,6101302010,61,6101302010,315250,315220,direct_2022
Australia,420.0,6102100000,61,6102100000,315250,315240,direct_2022
New Zealand,2029.0,6102100000,61,6102100000,315250,315240,direct_2022
Australia,7037.0,6102200010,61,6102200010,315250,315240,direct_2022
Australia,16778.0,6102302010,61,6102302010,315250,315240,direct_2022
New Zealand,564.0,6102302010,61,6102302010,315250,315240,direct_2022
Australia,1457.0,6102302020,61,6102302020,315250,315240,direct_2022
Nauru,2400.0,6102302020,61,6102302020,315250,315240,direct_2022
Australia,833.0,6102909010,61,6102909010,315250,315240,direct_2022
Australia,631.0,6102909030,61,6102909030,315250,315240,direct_2022
Australia,1390.0,6103101000,61,6103101000,315250,315220,direct_2022
Australia,684.0,6103310000,61,6103310000,315250,315220,direct_2022
Australia,905.0,6103320000,61,6103320000,315250,315220,direct_2022
Australia,3181.0,6103421020,61,6103421020,315250,315220,direct_2022
New Zealand,360.0,6103421020,61,6103421020,315250,315220,direct_2022
Australia,1590.0,6103422025,61,6103422025,315250,315220,direct_2022
New Zealand,1565.0,6103431020,61,6103431020,315250,315220,direct_2022
Australia,93496.0,6103431520,61,6103431520,315250,315220,direct_2022
New Zealand,551.0,6103431540,61,6103431540,315250,315220,direct_2022
Australia,64104.0,6103431550,61,6103431550,315250,315220,direct_2022
New Zealand,1878.0,6103431550,61,6103431550,315250,315220,direct_2022
Australia,960.0,6103431570,61,6103431570,315250,315220,direct_2022
Australia,369.0,6103432020,61,6103432020,315250,315220,direct_2022
New Zealand,282.0,6103432020,61,6103432020,315250,315220,direct_2022
Australia,460.0,6103432025,61,6103432025,315250,315220,direct_2022
Australia,295.0,6103498024,61,6103498024,315250,315220,direct_2022
Australia,414.0,6103498026,61,6103498026,315250,315220,direct_2022
Australia,1597.0,6104132000,61,6104132000,315250,315240,direct_2022
Australia,3747.0,6104332000,61,6104332000,315250,315240,direct_2022
Australia,4082.0,6104391000,61,6104391000,315250,315240,direct_2022
New Zealand,416.0,6104410010,61,6104410010,315250,315240,direct_2022
Australia,44463.0,6104420010,61,6104420010,315250,315240,direct_2022
Kiribati,410.0,6104420010,61,6104420010,315250,315240,direct_2022
New Zealand,1916.0,6104420010,61,6104420010,315250,315240,direct_2022
Australia,1930.0,6104420020,61,6104420020,315250,315240,direct_2022
Australia,775.0,6104431010,61,6104431010,315250,315240,direct_2022
Australia,2515648.0,6104432010,61,6104432010,315250,315240,direct_2022
Cook Islands,14019.0,6104432010,61,6104432010,315250,315240,direct_2022
New Zealand,1190.0,6104432010,61,6104432010,315250,315240,direct_2022
Australia,8967.0,6104432020,61,6104432020,315250,315240,direct_2022
Australia,83809.0,6104442010,61,6104442010,315250,315240,direct_2022
Fiji,5331.0,6104442010,61,6104442010,315250,315240,direct_2022
Marshall Islands,1041.0,6104442010,61,6104442010,315250,315240,direct_2022
New Zealand,2913.0,6104442010,61,6104442010,315250,315240,direct_2022
Australia,7062.0,6104491000,61,6104491000,315250,315240,direct_2022
Australia,1537.0,6104499010,61,6104499010,315250,315240,direct_2022
Australia,698.0,6104499030,61,6104499030,315250,315240,direct_2022
Australia,18828.0,6104499060,61,6104499060,315250,315240,direct_2022
Australia,2557.0,6104520010,61,6104520010,315250,315240,direct_2022
Australia,799.0,6104531000,61,6104531000,315250,315240,direct_2022
Australia,30390.0,6104532010,61,6104532010,315250,315240,direct_2022
New Zealand,1151.0,6104532010,61,6104532010,315250,315240,direct_2022
Australia,3347.0,6104591030,61,6104591030,315250,315240,direct_2022
Fiji,482.0,6104591030,61,6104591030,315250,315240,direct_2022
Australia,3086.0,6104594000,61,6104594000,315250,315240,direct_2022
New Zealand,542.0,6104610010,61,6104610010,315250,315240,direct_2022
Australia,3550.0,6104622011,61,6104622011,315250,315240,direct_2022
New Zealand,2280.0,6104622011,61,6104622011,315250,315240,direct_2022
Australia,2593.0,6104622030,61,6104622030,315250,315240,direct_2022
Australia,599.0,6104631010,61,6104631010,315250,315240,direct_2022
Australia,343.0,6104631510,61,6104631510,315250,315240,direct_2022
Australia,9045.0,6104632006,61,6104632006,315250,315240,direct_2022
New Zealand,490.0,6104632006,61,6104632006,315250,315240,direct_2022
Australia,10669.0,6104632011,61,6104632011,315250,315240,direct_2022
Cook Islands,583.0,6104632011,61,6104632011,315250,315240,direct_2022
Australia,650.0,6104632016,61,6104632016,315250,315240,direct_2022
Australia,29814.0,6104632030,61,6104632030,315250,315240,direct_2022
Australia,467.0,6104632060,61,6104632060,315250,315240,direct_2022
Australia,11984.0,6104692030,61,6104692030,315250,315240,direct_2022
Australia,254.0,6104694020,61,6104694020,315250,315240,direct_2022
Australia,10555.0,6104698038,61,6104698038,315250,315240,direct_2022
Australia,59422.0,6105100010,61,6105100010,315250,315220,direct_2022
Fiji,624.0,6105100010,61,6105100010,315250,315220,direct_2022
Nauru,17827.0,6105100010,61,6105100010,315250,315220,direct_2022
New Zealand,4190.0,6105100010,61,6105100010,315250,315220,direct_2022
Australia,558.0,6105100030,61,6105100030,315250,315220,direct_2022
Australia,80657.0,6105202010,61,6105202010,315250,315220,direct_2022
Australia,10130.0,6105901000,61,6105901000,315250,315220,direct_2022
New Caledonia,467.0,6105901000,61,6105901000,315250,315220,direct_2022
Australia,4558.0,6105908060,61,6105908060,315250,315220,direct_2022
Nauru,6939.0,6105908060,61,6105908060,315250,315220,direct_2022
Australia,31630.0,6106100010,61,6106100010,315250,315240,direct_2022
New Zealand,380.0,6106100010,61,6106100010,315250,315240,direct_2022
Australia,813.0,6106100030,61,6106100030,315250,315240,direct_2022
Australia,17088.0,6106202010,61,6106202010,315250,315240,direct_2022
Cook Islands,680.0,6106202010,61,6106202010,315250,315240,direct_2022
New Zealand,5210.0,6106202010,61,6106202010,315250,315240,direct_2022
Australia,1607.0,6106901010,61,6106901010,315250,315240,direct_2022
Australia,6908.0,6106901500,61,6106901500,315250,315240,direct_2022
Australia,1766.0,6106903040,61,6106903040,315250,315240,direct_2022
New Zealand,859.0,6107110010,61,6107110010,315250,315220,direct_2022
Australia,16620.0,6107199000,61,6107199000,315250,315220,direct_2022
Australia,257.0,6107910040,61,6107910040,315250,315220,direct_2022
Australia,2644.0,6108199030,61,6108199030,315250,315240,direct_2022
Australia,945.0,6108210010,61,6108210010,315250,315240,direct_2022
New Zealand,10746.0,6108210010,61,6108210010,315250,315240,direct_2022
Australia,1300.0,6108229020,61,6108229020,315250,315240,direct_2022
Australia,1493.0,6108310010,61,6108310010,315250,315240,direct_2022
Australia,15341.0,6108992000,61,6108992000,315250,315240,direct_2022
Australia,15673.0,6109100004,61,6109100004,315250,315220,direct_2022
Australia,540.0,6109100011,61,6109100011,315250,315220,direct_2022
Australia,138789.0,6109100012,61,6109100012,315250,315220,direct_2022
French Polynesia,273.0,6109100012,61,6109100012,315250,315220,direct_2022
New Zealand,9374.0,6109100012,61,6109100012,315250,315220,direct_2022
Australia,1066.0,6109100027,61,6109100027,315250,315220,direct_2022
Micronesia,840.0,6109100027,61,6109100027,315250,315220,direct_2022
New Zealand,3745.0,6109100027,61,6109100027,315250,315220,direct_2022
Australia,1265.0,6109100037,61,6109100037,315250,315240,direct_2022
Australia,74519.0,6109100040,61,6109100040,315250,315240,direct_2022
Nauru,4159.0,6109100040,61,6109100040,315250,315240,direct_2022
New Zealand,6550.0,6109100040,61,6109100040,315250,315240,direct_2022
Australia,905.0,6109100045,61,6109100045,315250,315240,direct_2022
Australia,15641.0,6109100060,61,6109100060,315250,315240,direct_2022
Australia,6283.0,6109100070,61,6109100070,315250,315240,direct_2022
New Zealand,3031.0,6109100070,61,6109100070,315250,315240,direct_2022
Australia,4567.0,6109901007,61,6109901007,315250,315220,direct_2022
French Polynesia,2086.0,6109901007,61,6109901007,315250,315220,direct_2022
Australia,1000.0,6109901009,61,6109901009,315250,315220,direct_2022
Australia,2750.0,6109901025,61,6109901025,315250,315220,direct_2022
Australia,320.0,6109901049,61,6109901049,315250,315220,direct_2022
New Zealand,5122.0,6109901049,61,6109901049,315250,315220,direct_2022
Australia,15360.0,6109901050,61,6109901050,315250,315240,direct_2022
New Zealand,635.0,6109901050,61,6109901050,315250,315240,direct_2022
Australia,2841.0,6109901065,61,6109901065,315250,315240,direct_2022
Australia,44813.0,6109901090,61,6109901090,315250,315240,direct_2022
Australia,29301.0,6109901510,61,6109901510,315250,315220,direct_2022
New Zealand,260.0,6109901510,61,6109901510,315250,315220,direct_2022
Australia,22287.0,6109901530,61,6109901530,315250,315240,direct_2022
New Zealand,4510.0,6109901540,61,6109901540,315250,315240,direct_2022
Australia,587.0,6109904020,61,6109904020,315250,315240,direct_2022
Australia,873.0,6109908010,61,6109908010,315250,315220,direct_2022
Australia,5327.0,6109908030,61,6109908030,315250,315240,direct_2022
Australia,2523.0,6110110015,61,6110110015,315250,315220,direct_2022
New Zealand,27781.0,6110110015,61,6110110015,315250,315220,direct_2022
Australia,16339.0,6110110030,61,6110110030,315250,315240,direct_2022
New Zealand,9814.0,6110110030,61,6110110030,315250,315240,direct_2022
Australia,3296.0,6110110040,61,6110110040,315250,315240,direct_2022
New Zealand,9288.0,6110110050,61,6110110050,315250,315220,direct_2022
Australia,1724.0,6110110070,61,6110110070,315250,315220,direct_2022
Micronesia,2290.0,6110110070,61,6110110070,315250,315220,direct_2022
New Zealand,1586.0,6110110070,61,6110110070,315250,315220,direct_2022
Australia,3667.0,6110110080,61,6110110080,315250,315240,direct_2022
New Zealand,2723.0,6110110080,61,6110110080,315250,315240,direct_2022
Australia,5467.0,6110121020,61,6110121020,315250,315240,direct_2022
New Zealand,1987.0,6110121020,61,6110121020,315250,315240,direct_2022
Australia,687.0,6110121040,61,6110121040,315250,315240,direct_2022
Australia,865.0,6110122080,61,6110122080,315250,315240,direct_2022
Australia,569.0,6110190030,61,6110190030,315250,315240,direct_2022
Australia,1526.0,6110190080,61,6110190080,315250,315240,direct_2022
Australia,4498.0,6110201010,61,6110201010,315250,315220,direct_2022
Fiji,339.0,6110201010,61,6110201010,315250,315220,direct_2022
Australia,5595.0,6110201020,61,6110201020,315250,315240,direct_2022
New Zealand,539.0,6110201033,61,6110201033,315250,315240,direct_2022
Australia,679.0,6110202010,61,6110202010,315250,315220,direct_2022
Australia,273.0,6110202020,61,6110202020,315250,315240,direct_2022
French Polynesia,251.0,6110202020,61,6110202020,315250,315240,direct_2022
Australia,28499.0,6110202041,61,6110202041,315250,315220,direct_2022
Nauru,492.0,6110202041,61,6110202041,315250,315220,direct_2022
New Zealand,1240.0,6110202041,61,6110202041,315250,315220,direct_2022
Australia,2524.0,6110202046,61,6110202046,315250,315240,direct_2022
New Zealand,565.0,6110202046,61,6110202046,315250,315240,direct_2022
Australia,3637.0,6110202067,61,6110202067,315250,315220,direct_2022
Australia,13548.0,6110202069,61,6110202069,315250,315220,direct_2022
Australia,15675.0,6110202079,61,6110202079,315250,315240,direct_2022
New Zealand,3091.0,6110202079,61,6110202079,315250,315240,direct_2022
Australia,411.0,6110301020,61,6110301020,315250,315240,direct_2022
Australia,1104.0,6110301520,61,6110301520,315250,315240,direct_2022
Australia,885.0,6110301550,61,6110301550,315250,315220,direct_2022
Australia,1265.0,6110301560,61,6110301560,315250,315240,direct_2022
Australia,413.0,6110303020,61,6110303020,315250,315240,direct_2022
Australia,68909.0,6110303030,61,6110303030,315250,315220,direct_2022
Australia,373.0,6110303035,61,6110303035,315250,315240,direct_2022
Australia,10270.0,6110303041,61,6110303041,315250,315220,direct_2022
Australia,155992.0,6110303053,61,6110303053,315250,315220,direct_2022
Australia,5282.0,6110303057,61,6110303057,315250,315240,direct_2022
Australia,38332.0,6110303059,61,6110303059,315250,315240,direct_2022
Micronesia,665.0,6110303059,61,6110303059,315250,315240,direct_2022
New Zealand,10735.0,6110303059,61,6110303059,315250,315240,direct_2022
Australia,743.0,6110901020,61,6110901020,315250,315240,direct_2022
Australia,1425.0,6110901050,61,6110901050,315250,315220,direct_2022
Australia,4050.0,6110909041,61,6110909041,315250,315240,direct_2022
Australia,626.0,6110909066,61,6110909066,315250,315240,direct_2022
Australia,1102.0,6110909090,61,6110909090,315250,315240,direct_2022
French Polynesia,615.0,6110909090,61,6110909090,315250,315240,direct_2022
New Zealand,999.0,6110909090,61,6110909090,315250,315240,direct_2022
Australia,2333.0,6111202000,61,6111202000,315250,315240,direct_2022
Australia,343.0,6111205000,61,6111205000,315250,315240,direct_2022
New Zealand,1079.0,6111206010,61,6111206010,315250,315240,direct_2022
Australia,990.0,6111206020,61,6111206020,315250,315240,direct_2022
Australia,3550.0,6111206070,61,6111206070,315250,315240,direct_2022
Australia,1183.0,6111305070,61,6111305070,315250,315240,direct_2022
Micronesia,328.0,6111900510,61,6111900510,315250,315240,direct_2022
Australia,2810.0,6111900530,61,6111900530,315250,315240,direct_2022
Australia,2228.0,6111909000,61,6111909000,315250,315240,direct_2022
Australia,944.0,6112110010,61,6112110010,315250,315220,direct_2022
Australia,2160.0,6112110060,61,6112110060,315250,315240,direct_2022
Australia,825.0,6112120020,61,6112120020,315250,315240,direct_2022
Australia,44480.0,6112310010,61,6112310010,315250,315220,direct_2022
Australia,3156.0,6112310020,61,6112310020,315250,315220,direct_2022
Australia,1234393.0,6112410010,61,6112410010,315250,315240,direct_2022
New Zealand,3356.0,6112410010,61,6112410010,315250,315240,direct_2022
Australia,506583.0,6112410030,61,6112410030,315250,315240,direct_2022
Australia,23792.0,6112410040,61,6112410040,315250,315240,direct_2022
Australia,8170.0,6113001005,61,6113001005,315250,315220,direct_2022
New Zealand,3303.0,6113001005,61,6113001005,315250,315220,direct_2022
New Zealand,267.0,6113001010,61,6113001010,315250,315240,direct_2022
Australia,9240.0,6113001012,61,6113001012,315250,315280,direct_2022
New Zealand,5716.0,6113009030,61,6113009030,315250,315240,direct_2022
New Zealand,20181.0,6113009086,61,6113009086,315250,315240,direct_2022
Australia,2114.0,6114200010,61,6114200010,315250,315240,direct_2022
New Zealand,576.0,6114200010,61,6114200010,315250,315240,direct_2022
Australia,333.0,6114200015,61,6114200015,315250,315240,direct_2022
Australia,1102.0,6114200020,61,6114200020,315250,315240,direct_2022
Australia,126985.0,6114301020,61,6114301020,315250,315240,direct_2022
Fiji,482.0,6114301020,61,6114301020,315250,315240,direct_2022
New Zealand,9683.0,6114301020,61,6114301020,315250,315240,direct_2022
Australia,226830.0,6114302010,61,6114302010,315250,315240,direct_2022
New Zealand,2760.0,6114302010,61,6114302010,315250,315240,direct_2022
Australia,58780.0,6114302060,61,6114302060,315250,315240,direct_2022
New Zealand,1460.0,6114302060,61,6114302060,315250,315240,direct_2022
Australia,3236.0,6114303014,61,6114303014,315250,315240,direct_2022
Australia,4150.0,6114303030,61,6114303030,315250,315240,direct_2022
Australia,3112.0,6114303044,61,6114303044,315250,315220,direct_2022
Australia,110442.0,6114303054,61,6114303054,315250,315240,direct_2022
Australia,999.0,6114303060,61,6114303060,315250,315220,direct_2022
Nauru,420.0,6114303060,61,6114303060,315250,315220,direct_2022
Australia,407039.0,6114303070,61,6114303070,315250,315240,direct_2022
Australia,1765.0,6114900540,61,6114900540,315250,315240,direct_2022
New Zealand,605.0,6114900570,61,6114900570,315250,315240,direct_2022
Australia,1251.0,6114901060,61,6114901060,315250,315240,direct_2022
Australia,8183.0,6114909010,61,6114909010,315250,315240,direct_2022
Australia,6536.0,6114909030,61,6114909030,315250,315240,direct_2022
Australia,5283.0,6114909070,61,6114909070,315250,315240,direct_2022
Australia,792.0,6115101540,61,6115101540,339113,339113,direct_2022
Australia,468.0,6115103000,61,6115103000,339113,339113,direct_2022
Australia,484.0,6115104000,61,6115104000,339113,339113,direct_2022
Australia,900.0,6115210010,61,6115210010,315120,315110,direct_2022
Australia,331.0,6115220000,61,6115220000,315120,315110,direct_2022
Australia,1757.0,6115298010,61,6115298010,315120,315110,direct_2022
Australia,13676.0,6115298040,61,6115298040,315120,315110,direct_2022
Australia,18210.0,6115940000,61,6115940000,315120,315110,direct_2022
New Zealand,817963.0,6115940000,61,6115940000,315120,315110,direct_2022
Australia,12656.0,6115959000,61,6115959000,315120,315110,direct_2022
Christmas Island,350.0,6115959000,61,6115959000,315120,315110,direct_2022
New Zealand,630.0,6115959000,61,6115959000,315120,315110,direct_2022
New Zealand,4743.0,6115966010,61,6115966010,315120,315110,direct_2022
Australia,31152.0,6115969020,61,6115969020,315120,315110,direct_2022
Cocos (Keeling) Islands,13045.0,6115969020,61,6115969020,315120,315110,direct_2022
Australia,370.0,6115991920,61,6115991920,315120,315110,direct_2022
Australia,1089.0,6115999000,61,6115999000,315120,315110,direct_2022
New Zealand,10422.0,6115999000,61,6115999000,315120,315110,direct_2022
Australia,10096.0,6116100800,61,6116100800,339920,339920,direct_2022
Australia,2204.0,6116101740,61,6116101740,315990,315990,direct_2022
Australia,863.0,6116107530,61,6116107530,315990,315990,direct_2022
New Zealand,562.0,6116109500,61,6116109500,315990,315990,direct_2022
New Zealand,5499.0,6116910000,61,6116910000,315990,315990,direct_2022
Australia,1252.0,6116930800,61,6116930800,339920,339920,direct_2022
Australia,2453.0,6116939400,61,6116939400,315990,315990,direct_2022
Australia,516.0,6116999510,61,6116999510,315990,315990,direct_2022
Australia,275.0,6117808500,61,6117808500,315120,315190,direct_2022
Marshall Islands,2028.0,6117808500,61,6117808500,315120,315190,direct_2022
Australia,644.0,6117809570,61,6117809570,315990,315990,direct_2022
New Zealand,387.0,6117809570,61,6117809570,315990,315990,direct_2022
Australia,5648.0,6201201110,62,6201201110,315250,315220,direct_2022
Australia,816.0,6201204011,62,6201204011,315250,315220,direct_2022
New Zealand,660.0,6201204011,62,6201204011,315250,315220,direct_2022
New Zealand,9749.0,6201302010,62,6201302010,315250,315220,direct_2022
New Zealand,898.0,6201302050,62,6201302050,315250,315220,direct_2022
New Zealand,4404.0,6201302060,62,6201302060,315250,315220,direct_2022
Australia,1092.0,6201305051,62,6201305051,315250,315220,direct_2022
Australia,5694.0,6201308051,62,6201308051,315250,315220,direct_2022
French Polynesia,510.0,6201308051,62,6201308051,315250,315220,direct_2022
New Zealand,1276.0,6201401000,62,6201401000,315250,315220,direct_2022
Australia,2000.0,6201402030,62,6201402030,315250,315220,direct_2022
New Zealand,1800.0,6201402030,62,6201402030,315250,315220,direct_2022
Nauru,25502.0,6201404500,62,6201404500,315250,315220,direct_2022
Australia,7523.0,6201407511,62,6201407511,315250,315220,direct_2022
Micronesia,3120.0,6201407511,62,6201407511,315250,315220,direct_2022
Nauru,303.0,6201407511,62,6201407511,315250,315220,direct_2022
New Zealand,1021.0,6201407511,62,6201407511,315250,315220,direct_2022
New Zealand,816.0,6201902960,62,6201902960,315250,315220,direct_2022
Australia,2709.0,6201906960,62,6201906960,315250,315220,direct_2022
Australia,4699.0,6202201110,62,6202201110,315250,315240,direct_2022
New Zealand,7495.0,6202201110,62,6202201110,315250,315240,direct_2022
Australia,978.0,6202204011,62,6202204011,315250,315240,direct_2022
Australia,17626.0,6202302050,62,6202302050,315250,315240,direct_2022
New Zealand,550.0,6202302050,62,6202302050,315250,315240,direct_2022
Australia,9890.0,6202305061,62,6202305061,315250,315240,direct_2022
Australia,13739.0,6202308061,62,6202308061,315250,315240,direct_2022
Australia,6849.0,6202402020,62,6202402020,315250,315240,direct_2022
Australia,1691.0,6202403520,62,6202403520,315250,315240,direct_2022
Australia,2893.0,6202405011,62,6202405011,315250,315240,direct_2022
Australia,6650.0,6202405500,62,6202405500,315250,315240,direct_2022
New Zealand,634.0,6202406020,62,6202406020,315250,315240,direct_2022
Australia,5593.0,6202407511,62,6202407511,315250,315240,direct_2022
Australia,2472.0,6202901900,62,6202901900,315250,315240,direct_2022
Australia,1543.0,6202902960,62,6202902960,315250,315240,direct_2022
New Zealand,475.0,6202902960,62,6202902960,315250,315240,direct_2022
New Zealand,1053.0,6202904911,62,6202904911,315250,315240,direct_2022
Australia,16336.0,6202906961,62,6202906961,315250,315240,direct_2022
Australia,10222.0,6203119000,62,6203119000,315250,315220,direct_2022
Australia,3672.0,6203122010,62,6203122010,315250,315220,direct_2022
Australia,1277.0,6203199080,62,6203199080,315250,315220,direct_2022
French Polynesia,7438.0,6203221000,62,6203221000,315250,315280,direct_2022
New Zealand,1050.0,6203221000,62,6203221000,315250,315280,direct_2022
Australia,3126.0,6203315020,62,6203315020,315250,315220,direct_2022
New Zealand,2669.0,6203315020,62,6203315020,315250,315220,direct_2022
Australia,10150.0,6203319020,62,6203319020,315250,315220,direct_2022
Nauru,6053.0,6203319020,62,6203319020,315250,315220,direct_2022
New Caledonia,2250.0,6203319020,62,6203319020,315250,315220,direct_2022
New Zealand,748.0,6203319020,62,6203319020,315250,315220,direct_2022
Australia,423.0,6203322010,62,6203322010,315250,315220,direct_2022
Australia,2585.0,6203322030,62,6203322030,315250,315220,direct_2022
Australia,7285.0,6203322040,62,6203322040,315250,315220,direct_2022
Nauru,2353.0,6203322040,62,6203322040,315250,315220,direct_2022
New Zealand,1403.0,6203322040,62,6203322040,315250,315220,direct_2022
Australia,6135.0,6203331040,62,6203331040,315250,315220,direct_2022
Australia,20830.0,6203332010,62,6203332010,315250,315220,direct_2022
New Zealand,3729.0,6203332010,62,6203332010,315250,315220,direct_2022
Australia,1845.0,6203392010,62,6203392010,315250,315220,direct_2022
Australia,804.0,6203399030,62,6203399030,315250,315220,direct_2022
Australia,5706.0,6203399060,62,6203399060,315250,315220,direct_2022
New Zealand,1200.0,6203399060,62,6203399060,315250,315220,direct_2022
Australia,540.0,6203410110,62,6203410110,315250,315220,direct_2022
Australia,6802.0,6203416010,62,6203416010,315250,315220,direct_2022
New Zealand,1343.0,6203416010,62,6203416010,315250,315220,direct_2022
Micronesia,1980.0,6203420505,62,6203420505,315250,315220,direct_2022
Australia,1623.0,6203420716,62,6203420716,315250,315220,direct_2022
Australia,380.0,6203420746,62,6203420746,315250,315220,direct_2022
Australia,1368.0,6203420751,62,6203420751,315250,315220,direct_2022
Nauru,9030.0,6203424503,62,6203424503,315250,315220,direct_2022
Australia,2165.0,6203424511,62,6203424511,315250,315220,direct_2022
Nauru,277.0,6203424511,62,6203424511,315250,315220,direct_2022
New Zealand,686.0,6203424511,62,6203424511,315250,315220,direct_2022
Australia,3804.0,6203424518,62,6203424518,315250,315250,fallback_2023_needs_review
New Zealand,1844.0,6203424518,62,6203424518,315250,315250,fallback_2023_needs_review
New Zealand,501.0,6203424526,62,6203424526,315250,315220,direct_2022
Australia,389.0,6203424546,62,6203424546,315250,315220,direct_2022
Australia,2503.0,6203424551,62,6203424551,315250,315220,direct_2022
New Caledonia,5523.0,6203424551,62,6203424551,315250,315220,direct_2022
Australia,701.0,6203424561,62,6203424561,315250,315220,direct_2022
Australia,1584.0,6203430910,62,6203430910,315250,315220,direct_2022
Australia,4133.0,6203431310,62,6203431310,315250,315220,direct_2022
New Zealand,747.0,6203431310,62,6203431310,315250,315220,direct_2022
Australia,1531.0,6203437010,62,6203437010,315250,315220,direct_2022
New Zealand,663.0,6203437510,62,6203437510,315250,315220,direct_2022
Australia,33320.0,6203439011,62,6203439011,315250,315250,fallback_2023_needs_review
New Zealand,3140.0,6203439011,62,6203439011,315250,315250,fallback_2023_needs_review
Australia,3570.0,6203439030,62,6203439030,315250,315220,direct_2022
New Zealand,1006.0,6203439030,62,6203439030,315250,315220,direct_2022
Australia,330.0,6203439040,62,6203439040,315250,315220,direct_2022
Australia,1471.0,6203495015,62,6203495015,315250,315220,direct_2022
New Zealand,1680.0,6203495015,62,6203495015,315250,315220,direct_2022
Australia,2138.0,6203495045,62,6203495045,315250,315220,direct_2022
Australia,950.0,6203496020,62,6203496020,315250,315220,direct_2022
Nauru,9508.0,6203499010,62,6203499010,315250,315220,direct_2022
Australia,35602.0,6203499045,62,6203499045,315250,315220,direct_2022
Australia,2386.0,6203499060,62,6203499060,315250,315220,direct_2022
Australia,258.0,6204120010,62,6204120010,315250,315240,direct_2022
Australia,477.0,6204120030,62,6204120030,315250,315240,direct_2022
Australia,1091.0,6204132010,62,6204132010,315250,315240,direct_2022
Australia,6560.0,6204198090,62,6204198090,315250,315240,direct_2022
Australia,5153.0,6204311010,62,6204311010,315250,315240,direct_2022
Australia,28075.0,6204312010,62,6204312010,315250,315240,direct_2022
New Zealand,2302.0,6204312010,62,6204312010,315250,315240,direct_2022
Australia,1884.0,6204321000,62,6204321000,315250,315240,direct_2022
Australia,1970.0,6204322010,62,6204322010,315250,315240,direct_2022
Australia,11582.0,6204322030,62,6204322030,315250,315240,direct_2022
New Zealand,2552.0,6204322030,62,6204322030,315250,315240,direct_2022
Christmas Island,1410.0,6204322040,62,6204322040,315250,315240,direct_2022
Australia,10870.0,6204334010,62,6204334010,315250,315240,direct_2022
Australia,21229.0,6204335010,62,6204335010,315250,315240,direct_2022
New Zealand,625.0,6204335010,62,6204335010,315250,315240,direct_2022
Niue,331.0,6204335010,62,6204335010,315250,315240,direct_2022
Australia,4478.0,6204335020,62,6204335020,315250,315240,direct_2022
Australia,5201.0,6204393010,62,6204393010,315250,315240,direct_2022
Australia,1640.0,6204396000,62,6204396000,315250,315240,direct_2022
Australia,1090.0,6204398050,62,6204398050,315250,315240,direct_2022
Australia,5756.0,6204398060,62,6204398060,315250,315240,direct_2022
New Zealand,5055.0,6204398060,62,6204398060,315250,315240,direct_2022
Australia,2655.0,6204411000,62,6204411000,315250,315240,direct_2022
Australia,101062.0,6204412010,62,6204412010,315250,315240,direct_2022
Australia,13463.0,6204422000,62,6204422000,315250,315240,direct_2022
Australia,14599.0,6204423010,62,6204423010,315250,315240,direct_2022
New Zealand,900.0,6204423010,62,6204423010,315250,315240,direct_2022
Australia,333.0,6204423020,62,6204423020,315250,315240,direct_2022
Australia,43714.0,6204423030,62,6204423030,315250,315240,direct_2022
New Zealand,696.0,6204423030,62,6204423030,315250,315240,direct_2022
Australia,880974.0,6204423050,62,6204423050,315250,315240,direct_2022
Fiji,5600.0,6204423050,62,6204423050,315250,315240,direct_2022
New Zealand,34154.0,6204423050,62,6204423050,315250,315240,direct_2022
Australia,13401.0,6204423060,62,6204423060,315250,315240,direct_2022
Fiji,2349.0,6204423060,62,6204423060,315250,315240,direct_2022
Australia,15558.0,6204431000,62,6204431000,315250,315240,direct_2022
Australia,13637.0,6204432000,62,6204432000,315250,315240,direct_2022
New Zealand,5933.0,6204432000,62,6204432000,315250,315240,direct_2022
Australia,40857.0,6204433010,62,6204433010,315250,315240,direct_2022
Australia,22044.0,6204433020,62,6204433020,315250,315240,direct_2022
Australia,13524.0,6204434010,62,6204434010,315250,315240,direct_2022
New Zealand,28330.0,6204434010,62,6204434010,315250,315240,direct_2022
Australia,7300.0,6204434020,62,6204434020,315250,315240,direct_2022
Australia,3840386.0,6204434030,62,6204434030,315250,315240,direct_2022
French Polynesia,639.0,6204434030,62,6204434030,315250,315240,direct_2022
New Zealand,95948.0,6204434030,62,6204434030,315250,315240,direct_2022
Australia,21351.0,6204434040,62,6204434040,315250,315240,direct_2022
Australia,406174.0,6204444010,62,6204444010,315250,315240,direct_2022
New Zealand,10349.0,6204444010,62,6204444010,315250,315240,direct_2022
Niue,314.0,6204444010,62,6204444010,315250,315240,direct_2022
Australia,10361.0,6204444020,62,6204444020,315250,315240,direct_2022
Australia,226491.0,6204491000,62,6204491000,315250,315240,direct_2022
New Zealand,2313.0,6204491000,62,6204491000,315250,315240,direct_2022
Australia,6831.0,6204495010,62,6204495010,315250,315240,direct_2022
Australia,10095.0,6204495030,62,6204495030,315250,315240,direct_2022
Australia,443958.0,6204495050,62,6204495050,315250,315240,direct_2022
New Zealand,2378.0,6204495050,62,6204495050,315250,315240,direct_2022
Australia,233584.0,6204495060,62,6204495060,315250,315240,direct_2022
New Zealand,1629.0,6204495060,62,6204495060,315250,315240,direct_2022
Australia,16092.0,6204510010,62,6204510010,315250,315240,direct_2022
Australia,2108.0,6204522010,62,6204522010,315250,315240,direct_2022
Australia,3621.0,6204522030,62,6204522030,315250,315240,direct_2022
New Zealand,350.0,6204522030,62,6204522030,315250,315240,direct_2022
Australia,88179.0,6204522070,62,6204522070,315250,315240,direct_2022
New Zealand,2322.0,6204522070,62,6204522070,315250,315240,direct_2022
Australia,1130.0,6204522080,62,6204522080,315250,315240,direct_2022
Australia,12687.0,6204532010,62,6204532010,315250,315240,direct_2022
Australia,130781.0,6204533010,62,6204533010,315250,315240,direct_2022
New Zealand,7686.0,6204533010,62,6204533010,315250,315240,direct_2022
Australia,2000.0,6204533020,62,6204533020,315250,315240,direct_2022
Cocos (Keeling) Islands,5669.0,6204533020,62,6204533020,315250,315240,direct_2022
Australia,19419.0,6204593010,62,6204593010,315250,315240,direct_2022
New Zealand,973.0,6204593010,62,6204593010,315250,315240,direct_2022
Australia,365.0,6204593020,62,6204593020,315250,315240,direct_2022
Australia,875.0,6204594010,62,6204594010,315250,315240,direct_2022
Australia,1615.0,6204594030,62,6204594030,315250,315240,direct_2022
Australia,48485.0,6204594040,62,6204594040,315250,315240,direct_2022
Australia,1731.0,6204594050,62,6204594050,315250,315240,direct_2022
Australia,29777.0,6204594060,62,6204594060,315250,315240,direct_2022
French Polynesia,500.0,6204594060,62,6204594060,315250,315240,direct_2022
Australia,1545.0,6204610510,62,6204610510,315250,315240,direct_2022
Australia,3912.0,6204611510,62,6204611510,315250,315240,direct_2022
Australia,35411.0,6204618010,62,6204618010,315250,315240,direct_2022
Australia,5280.0,6204618030,62,6204618030,315250,315240,direct_2022
Australia,1797.0,6204620510,62,6204620510,315250,315240,direct_2022
Australia,1388.0,6204621511,62,6204621511,315250,315240,direct_2022
Australia,39143.0,6204621521,62,6204621521,315250,315240,direct_2022
Australia,2221.0,6204621531,62,6204621531,315250,315240,direct_2022
New Zealand,525.0,6204621531,62,6204621531,315250,315240,direct_2022
Australia,2100.0,6204621551,62,6204621551,315250,315240,direct_2022
Australia,4067.0,6204621556,62,6204621556,315250,315240,direct_2022
Australia,1163.0,6204621566,62,6204621566,315250,315240,direct_2022
Australia,10296.0,6204626010,62,6204626010,315250,315240,direct_2022
New Zealand,300.0,6204626010,62,6204626010,315250,315240,direct_2022
Australia,1010.0,6204626050,62,6204626050,315250,315240,direct_2022
Australia,14516.0,6204628011,62,6204628011,315250,315240,direct_2022
Micronesia,1629.0,6204628011,62,6204628011,315250,315240,direct_2022
New Zealand,4611.0,6204628011,62,6204628011,315250,315240,direct_2022
Australia,36865.0,6204628018,62,6204628018,315250,315250,fallback_2023_needs_review
New Zealand,2573.0,6204628018,62,6204628018,315250,315250,fallback_2023_needs_review
Australia,8566.0,6204628051,62,6204628051,315250,315240,direct_2022
Australia,19401.0,6204628056,62,6204628056,315250,315240,direct_2022
Australia,347.0,6204628061,62,6204628061,315250,315240,direct_2022
Australia,3706.0,6204628066,62,6204628066,315250,315240,direct_2022
Australia,369.0,6204630200,62,6204630200,315250,315240,direct_2022
New Zealand,452.0,6204630200,62,6204630200,315250,315240,direct_2022
Australia,276.0,6204630310,62,6204630310,315250,315240,direct_2022
Australia,16790.0,6204631110,62,6204631110,315250,315240,direct_2022
Australia,408.0,6204631130,62,6204631130,315250,315240,direct_2022
Australia,400.0,6204631132,62,6204631132,315250,315240,direct_2022
Australia,424.0,6204631140,62,6204631140,315250,315240,direct_2022
Australia,13418.0,6204637010,62,6204637010,315250,315240,direct_2022
Australia,45236.0,6204639011,62,6204639011,315250,315250,fallback_2023_needs_review
New Zealand,1070.0,6204639011,62,6204639011,315250,315250,fallback_2023_needs_review
Australia,1319.0,6204639032,62,6204639032,315250,315240,direct_2022
New Zealand,365.0,6204639032,62,6204639032,315250,315240,direct_2022
Australia,5786.0,6204639040,62,6204639040,315250,315240,direct_2022
Australia,822.0,6204690105,62,6204690105,315250,315240,direct_2022
Australia,904.0,6204690110,62,6204690110,315250,315240,direct_2022
Australia,722.0,6204690150,62,6204690150,315250,315240,direct_2022
New Zealand,570.0,6204690150,62,6204690150,315250,315240,direct_2022
Australia,1442.0,6204690210,62,6204690210,315250,315240,direct_2022
New Zealand,588.0,6204690210,62,6204690210,315250,315240,direct_2022
Australia,2063.0,6204690310,62,6204690310,315250,315240,direct_2022
Australia,793.0,6204690330,62,6204690330,315250,315240,direct_2022
Australia,1550.0,6204690340,62,6204690340,315250,315240,direct_2022
Australia,2093.0,6204690540,62,6204690540,315250,315240,direct_2022
Australia,3031.0,6204690644,62,6204690644,315250,315240,direct_2022
Australia,25981.0,6204692810,62,6204692810,315250,315240,direct_2022
New Zealand,4079.0,6204692810,62,6204692810,315250,315240,direct_2022
Australia,385.0,6204692830,62,6204692830,315250,315240,direct_2022
Australia,1817.0,6204692840,62,6204692840,315250,315240,direct_2022
Australia,1476.0,6204694510,62,6204694510,315250,315240,direct_2022
Australia,5856.0,6204696540,62,6204696540,315250,315240,direct_2022
Australia,2299.0,6204696550,62,6204696550,315250,315240,direct_2022
Australia,1792.0,6204698010,62,6204698010,315250,315240,direct_2022
Australia,6699.0,6204698044,62,6204698044,315250,315240,direct_2022
Australia,6714.0,6204698046,62,6204698046,315250,315240,direct_2022
Australia,3077.0,6204698050,62,6204698050,315250,315240,direct_2022
Australia,713.0,6205202016,62,6205202016,315250,315220,direct_2022
Fiji,1150.0,6205202016,62,6205202016,315250,315220,direct_2022
New Zealand,2067.0,6205202016,62,6205202016,315250,315220,direct_2022
Australia,34857.0,6205202026,62,6205202026,315250,315220,direct_2022
Micronesia,910.0,6205202026,62,6205202026,315250,315220,direct_2022
New Zealand,4254.0,6205202026,62,6205202026,315250,315220,direct_2022
Micronesia,714.0,6205202036,62,6205202036,315250,315220,direct_2022
Australia,458.0,6205202051,62,6205202051,315250,315220,direct_2022
Australia,252.0,6205202061,62,6205202061,315250,315220,direct_2022
Australia,69237.0,6205202067,62,6205202067,315250,315250,fallback_2023_needs_review
Fiji,88793.0,6205202067,62,6205202067,315250,315250,fallback_2023_needs_review
New Zealand,1615.0,6205202067,62,6205202067,315250,315250,fallback_2023_needs_review
Australia,1716.0,6205202076,62,6205202076,315250,315220,direct_2022
Fiji,1490.0,6205202076,62,6205202076,315250,315220,direct_2022
Micronesia,920.0,6205202076,62,6205202076,315250,315220,direct_2022
New Zealand,3415.0,6205301510,62,6205301510,315250,315220,direct_2022
Australia,679.0,6205302030,62,6205302030,315250,315220,direct_2022
Australia,1440.0,6205302071,62,6205302071,315250,315250,fallback_2023_needs_review
Australia,23463.0,6205302073,62,6205302073,315250,315250,fallback_2023_needs_review
Fiji,2491.0,6205302073,62,6205302073,315250,315250,fallback_2023_needs_review
Australia,2403.0,6205900710,62,6205900710,315250,315220,direct_2022
New Zealand,1253.0,6205900710,62,6205900710,315250,315220,direct_2022
Australia,1589.0,6205901000,62,6205901000,315250,315220,direct_2022
New Zealand,775.0,6205904010,62,6205904010,315250,315220,direct_2022
New Zealand,1373.0,6205904030,62,6205904030,315250,315220,direct_2022
Australia,24012.0,6205904040,62,6205904040,315250,315220,direct_2022
Fiji,5875.0,6205904040,62,6205904040,315250,315220,direct_2022
Nauru,23438.0,6205904040,62,6205904040,315250,315220,direct_2022
Australia,1695.0,6206100010,62,6206100010,315250,315240,direct_2022
New Zealand,805.0,6206100030,62,6206100030,315250,315240,direct_2022
Australia,22048.0,6206100040,62,6206100040,315250,315240,direct_2022
Nauru,13620.0,6206100040,62,6206100040,315250,315240,direct_2022
New Zealand,644.0,6206100040,62,6206100040,315250,315240,direct_2022
Australia,12241.0,6206100050,62,6206100050,315250,315240,direct_2022
Australia,913.0,6206202010,62,6206202010,315250,315240,direct_2022
Australia,4354.0,6206203010,62,6206203010,315250,315240,direct_2022
Australia,327.0,6206302000,62,6206302000,315250,315240,direct_2022
Australia,7286.0,6206303011,62,6206303011,315250,315240,direct_2022
Australia,21805.0,6206303031,62,6206303031,315250,315240,direct_2022
Australia,5897.0,6206303043,62,6206303043,315250,315250,fallback_2023_needs_review
Australia,90398.0,6206303045,62,6206303045,315250,315250,fallback_2023_needs_review
New Zealand,1025.0,6206303045,62,6206303045,315250,315250,fallback_2023_needs_review
Australia,15380.0,6206303061,62,6206303061,315250,315240,direct_2022
New Zealand,7425.0,6206303061,62,6206303061,315250,315240,direct_2022
Australia,4011.0,6206402000,62,6206402000,315250,315240,direct_2022
New Zealand,1062.0,6206402510,62,6206402510,315250,315240,direct_2022
Australia,2978.0,6206403010,62,6206403010,315250,315240,direct_2022
New Zealand,525.0,6206403010,62,6206403010,315250,315240,direct_2022
Australia,1005.0,6206403025,62,6206403025,315250,315240,direct_2022
Australia,670.0,6206403033,62,6206403033,315250,315250,fallback_2023_needs_review
New Zealand,1251.0,6206403033,62,6206403033,315250,315250,fallback_2023_needs_review
Australia,69240.0,6206403035,62,6206403035,315250,315250,fallback_2023_needs_review
Marshall Islands,996.0,6206403035,62,6206403035,315250,315250,fallback_2023_needs_review
New Zealand,9027.0,6206403035,62,6206403035,315250,315250,fallback_2023_needs_review
Australia,16229.0,6206403050,62,6206403050,315250,315240,direct_2022
New Zealand,1807.0,6206403050,62,6206403050,315250,315240,direct_2022
Australia,840.0,6206900010,62,6206900010,315250,315240,direct_2022
Australia,545.0,6206900030,62,6206900030,315250,315240,direct_2022
Australia,54804.0,6206900040,62,6206900040,315250,315240,direct_2022
New Zealand,3503.0,6207110000,62,6207110000,315250,315220,direct_2022
Australia,1102.0,6207291000,62,6207291000,315250,315220,direct_2022
Australia,3754.0,6207299030,62,6207299030,315250,315220,direct_2022
Australia,47951.0,6208110000,62,6208110000,315250,315240,direct_2022
New Zealand,600.0,6208192000,62,6208192000,315250,315240,direct_2022
Australia,19480.0,6208199000,62,6208199000,315250,315240,direct_2022
Australia,35551.0,6208210020,62,6208210020,315250,315240,direct_2022
Australia,1926.0,6208291000,62,6208291000,315250,315240,direct_2022
Australia,3698.0,6208299030,62,6208299030,315250,315240,direct_2022
Australia,661.0,6208911010,62,6208911010,315250,315240,direct_2022
Australia,4988.0,6208913010,62,6208913010,315250,315240,direct_2022
Australia,2725.0,6208920010,62,6208920010,315250,315240,direct_2022
Australia,453.0,6208920030,62,6208920030,315250,315240,direct_2022
New Zealand,4425.0,6208920030,62,6208920030,315250,315240,direct_2022
Australia,306.0,6208920040,62,6208920040,315250,315240,direct_2022
Australia,2159.0,6208998020,62,6208998020,315250,315240,direct_2022
Australia,3277.0,6209201000,62,6209201000,315250,315240,direct_2022
Australia,738.0,6209202000,62,6209202000,315250,315240,direct_2022
Australia,298.0,6209203000,62,6209203000,315250,315240,direct_2022
Australia,2790.0,6209205035,62,6209205035,315250,315240,direct_2022
Australia,576.0,6209205045,62,6209205045,315250,315240,direct_2022
Australia,1369.0,6209205050,62,6209205050,315250,315240,direct_2022
New Zealand,286.0,6209205050,62,6209205050,315250,315240,direct_2022
Australia,3922.0,6209903010,62,6209903010,315250,315240,direct_2022
Australia,537.0,6209909000,62,6209909000,315250,315240,direct_2022
Australia,2267.0,6210405540,62,6210405540,315250,315280,direct_2022
Australia,998.0,6210408017,62,6210408017,315250,315220,direct_2022
New Zealand,5500.0,6210408060,62,6210408060,315250,315280,direct_2022
New Zealand,3102.0,6210500555,62,6210500555,315250,315280,direct_2022
Australia,4707.0,6210503500,62,6210503500,315250,315280,direct_2022
Australia,2627.0,6210508070,62,6210508070,315250,315280,direct_2022
Australia,3068.0,6210508090,62,6210508090,315250,315280,direct_2022
Nauru,6634.0,6211111010,62,6211111010,315250,315220,direct_2022
Australia,21806.0,6211121010,62,6211121010,315250,315240,direct_2022
Australia,5958.0,6211121020,62,6211121020,315250,315240,direct_2022
Australia,2345.0,6211128010,62,6211128010,315250,315240,direct_2022
Australia,4526.0,6211128030,62,6211128030,315250,315240,direct_2022
Australia,484.0,6211325070,62,6211325070,315250,315220,direct_2022
Australia,909.0,6211329081,62,6211329081,315250,315220,direct_2022
New Zealand,1072.0,6211335010,62,6211335010,315250,315220,direct_2022
New Zealand,708.0,6211335017,62,6211335017,315250,315220,direct_2022
New Zealand,3101.0,6211335030,62,6211335030,315250,315220,direct_2022
Australia,620.0,6211335054,62,6211335054,315250,315220,direct_2022
New Zealand,791.0,6211335061,62,6211335061,315250,315220,direct_2022
French Polynesia,882.0,6211339010,62,6211339010,315250,315220,direct_2022
New Zealand,3011.0,6211339010,62,6211339010,315250,315220,direct_2022
New Zealand,1195.0,6211339030,62,6211339030,315250,315220,direct_2022
Australia,3389.0,6211339058,62,6211339058,315250,315220,direct_2022
Australia,2266.0,6211339061,62,6211339061,315250,315220,direct_2022
Fiji,36987.0,6211339061,62,6211339061,315250,315220,direct_2022
New Zealand,492512.0,6211339061,62,6211339061,315250,315220,direct_2022
Australia,1347.0,6211390310,62,6211390310,315250,315220,direct_2022
New Zealand,7279.0,6211391530,62,6211391530,315250,315220,direct_2022
New Zealand,3939.0,6211398050,62,6211398050,315250,315220,direct_2022
French Polynesia,454.0,6211398090,62,6211398090,315250,315220,direct_2022
New Zealand,713.0,6211398090,62,6211398090,315250,315220,direct_2022
Australia,10372.0,6211420510,62,6211420510,315250,315240,direct_2022
Australia,2842.0,6211420556,62,6211420556,315250,315240,direct_2022
Australia,645.0,6211420570,62,6211420570,315250,315240,direct_2022
New Zealand,351.0,6211420581,62,6211420581,315250,315240,direct_2022
Australia,1093.0,6211421007,62,6211421007,315250,315240,direct_2022
Australia,33157.0,6211421010,62,6211421010,315250,315240,direct_2022
Australia,396.0,6211421040,62,6211421040,315250,315240,direct_2022
Australia,18905.0,6211421056,62,6211421056,315250,315240,direct_2022
New Zealand,400.0,6211421056,62,6211421056,315250,315240,direct_2022
Australia,1210.0,6211421070,62,6211421070,315250,315240,direct_2022
Australia,388.0,6211421075,62,6211421075,315250,315240,direct_2022
Australia,5216.0,6211421088,62,6211421088,315250,315250,fallback_2023_needs_review
French Polynesia,1587.0,6211421088,62,6211421088,315250,315250,fallback_2023_needs_review
Australia,6077.0,6211421092,62,6211421092,315250,315250,fallback_2023_needs_review
French Polynesia,3636.0,6211421092,62,6211421092,315250,315250,fallback_2023_needs_review
New Zealand,1048.0,6211421092,62,6211421092,315250,315250,fallback_2023_needs_review
Australia,3428.0,6211430510,62,6211430510,315250,315240,direct_2022
Christmas Island,3557.0,6211430510,62,6211430510,315250,315240,direct_2022
New Zealand,393.0,6211430520,62,6211430520,315250,315240,direct_2022
Australia,2224.0,6211430550,62,6211430550,315250,315240,direct_2022
Australia,1947.0,6211430560,62,6211430560,315250,315240,direct_2022
Australia,2409.0,6211430591,62,6211430591,315250,315240,direct_2022
New Zealand,134702.0,6211430591,62,6211430591,315250,315240,direct_2022
Australia,62954.0,6211431010,62,6211431010,315250,315240,direct_2022
Australia,2909.0,6211431030,62,6211431030,315250,315240,direct_2022
Australia,4624.0,6211431050,62,6211431050,315250,315240,direct_2022
Australia,60731.0,6211431062,62,6211431062,315250,315250,fallback_2023_needs_review
New Zealand,1455.0,6211431062,62,6211431062,315250,315250,fallback_2023_needs_review
Australia,765.0,6211431066,62,6211431066,315250,315240,direct_2022
Australia,3762.0,6211431074,62,6211431074,315250,315240,direct_2022
Australia,7681.0,6211431076,62,6211431076,315250,315240,direct_2022
New Zealand,2386.0,6211431076,62,6211431076,315250,315240,direct_2022
Australia,3467.0,6211431078,62,6211431078,315250,315240,direct_2022
New Zealand,3937.0,6211431088,62,6211431088,315250,315250,fallback_2023_needs_review
Australia,18902.0,6211431092,62,6211431092,315250,315250,fallback_2023_needs_review
French Polynesia,3374.0,6211431092,62,6211431092,315250,315250,fallback_2023_needs_review
Australia,302.0,6211490330,62,6211490330,315250,315240,direct_2022
Australia,1566.0,6211490350,62,6211490350,315250,315240,direct_2022
Australia,393.0,6211490390,62,6211490390,315250,315240,direct_2022
Australia,853.0,6211491530,62,6211491530,315250,315240,direct_2022
Australia,848.0,6211495050,62,6211495050,315250,315240,direct_2022
Australia,1464.0,6211495090,62,6211495090,315250,315240,direct_2022
Australia,320.0,6211498010,62,6211498010,315250,315240,direct_2022
Australia,16682.0,6211498050,62,6211498050,315250,315240,direct_2022
Australia,1700.0,6211498070,62,6211498070,315250,315240,direct_2022
Australia,300.0,6211498080,62,6211498080,315250,315240,direct_2022
Australia,479.0,6211498090,62,6211498090,315250,315240,direct_2022
French Polynesia,1028.0,6211498090,62,6211498090,315250,315240,direct_2022
New Zealand,756.0,6212109020,62,6212109020,315250,315240,direct_2022
Australia,6586.0,6212109040,62,6212109040,315250,315240,direct_2022
New Zealand,1565.0,6212109040,62,6212109040,315250,315240,direct_2022
Australia,2285.0,6212200020,62,6212200020,315250,315240,direct_2022
Australia,567.0,6212300020,62,6212300020,315250,315240,direct_2022
Australia,4979.0,6214101000,62,6214101000,315990,315990,direct_2022
Nauru,569.0,6214101000,62,6214101000,315990,315990,direct_2022
Australia,2923.0,6214102000,62,6214102000,315990,315990,direct_2022
Australia,9832.0,6214200000,62,6214200000,315990,315990,direct_2022
New Zealand,6428.0,6214200000,62,6214200000,315990,315990,direct_2022
Australia,34707.0,6214300000,62,6214300000,315990,315990,direct_2022
Cook Islands,457.0,6214300000,62,6214300000,315990,315990,direct_2022
Australia,1033.0,6214900010,62,6214900010,315990,315990,direct_2022
New Zealand,8100.0,6214900010,62,6214900010,315990,315990,direct_2022
Australia,1200.0,6214900090,62,6214900090,315990,315990,direct_2022
New Zealand,3500.0,6214900090,62,6214900090,315990,315990,direct_2022
Australia,385.0,6215100025,62,6215100025,315990,315990,direct_2022
Australia,714.0,6215100090,62,6215100090,315990,315990,direct_2022
New Zealand,276.0,6215200000,62,6215200000,315990,315990,direct_2022
Marshall Islands,600.0,6215900020,62,6215900020,315990,315990,direct_2022
Australia,791.0,6216000500,62,6216000500,339920,339920,direct_2022
Australia,1054.0,6216004600,62,6216004600,339920,339920,direct_2022
Australia,496.0,6216005820,62,6216005820,315990,315990,direct_2022
Australia,486.0,6216009000,62,6216009000,315990,315990,direct_2022
Australia,1455.0,6217101010,62,6217101010,315990,315990,direct_2022
Australia,612.0,6217101090,62,6217101090,315990,315990,direct_2022
Australia,606.0,6217108500,62,6217108500,315990,315990,direct_2022
Australia,1760.0,6217109530,62,6217109530,315990,315990,direct_2022
Australia,37953.0,6217109550,62,6217109550,315990,315990,direct_2022
Australia,682.0,6217909010,62,6217909010,315990,315990,direct_2022
Australia,4110.0,6217909085,62,6217909085,315990,315990,direct_2022
New Zealand,5500.0,6217909085,62,6217909085,315990,315990,direct_2022
Australia,948.0,6217909095,62,6217909095,315990,315990,direct_2022
Australia,353.0,6301100000,63,6301100000,335210,335210,direct_2022
New Zealand,159354.0,6301200010,63,6301200010,314120,314120,direct_2022
New Zealand,13003.0,6301200020,63,6301200020,314120,314120,direct_2022
Australia,1422.0,6301300020,63,6301300020,314120,314120,direct_2022
New Zealand,532.0,6301300020,63,6301300020,314120,314120,direct_2022
Australia,1221.0,6301400020,63,6301400020,314120,314120,direct_2022
French Polynesia,1187.0,6301400020,63,6301400020,314120,314120,direct_2022
Australia,15441.0,6301900030,63,6301900030,314120,314120,direct_2022
Australia,15908.0,6302100020,63,6302100020,314120,314120,direct_2022
French Polynesia,843.0,6302219050,63,6302219050,314120,314120,direct_2022
Australia,10842.0,6302290020,63,6302290020,314120,314120,direct_2022
New Zealand,578.0,6302315050,63,6302315050,314120,314120,direct_2022
French Polynesia,375.0,6302319010,63,6302319010,314120,314120,direct_2022
New Zealand,6591.0,6302319020,63,6302319020,314120,314120,direct_2022
Australia,281.0,6302319050,63,6302319050,314120,314120,direct_2022
French Polynesia,1623.0,6302322020,63,6302322020,314120,314120,direct_2022
French Polynesia,3780.0,6302322040,63,6302322040,314120,314120,direct_2022
Australia,9435.0,6302322060,63,6302322060,314120,314120,direct_2022
French Polynesia,1963.0,6302322060,63,6302322060,314120,314120,direct_2022
New Zealand,1881.0,6302322060,63,6302322060,314120,314120,direct_2022
Australia,2939.0,6302390020,63,6302390020,314120,314120,direct_2022
Australia,127502.0,6302390030,63,6302390030,314120,314120,direct_2022
New Zealand,1567.0,6302390030,63,6302390030,314120,314120,direct_2022
Australia,646.0,6302401000,63,6302401000,314120,314120,direct_2022
Australia,969.0,6302514000,63,6302514000,314120,314120,direct_2022
French Polynesia,972.0,6302530020,63,6302530020,314120,314120,direct_2022
New Zealand,3643.0,6302530020,63,6302530020,314120,314120,direct_2022
Australia,1560.0,6302591020,63,6302591020,314120,314120,direct_2022
Australia,1924.0,6302593020,63,6302593020,314120,314120,direct_2022
Australia,4988.0,6302600020,63,6302600020,314120,314120,direct_2022
Australia,3657.0,6302600030,63,6302600030,314120,314120,direct_2022
Fiji,942.0,6302600030,63,6302600030,314120,314120,direct_2022
Australia,1681.0,6302910025,63,6302910025,314120,314120,direct_2022
Australia,2170.0,6302910050,63,6302910050,314120,314120,direct_2022
Australia,1167.0,6302910060,63,6302910060,314120,314120,direct_2022
Australia,1034.0,6302931000,63,6302931000,314120,314120,direct_2022
Australia,10619.0,6302932000,63,6302932000,314120,314120,direct_2022
Australia,41424.0,6302991510,63,6302991510,314120,314120,direct_2022
Australia,1591.0,6303120010,63,6303120010,337920,337920,direct_2022
Australia,4747.0,6303192110,63,6303192110,314120,314120,direct_2022
Australia,916.0,6303192120,63,6303192120,314120,314120,direct_2022
Australia,6723.0,6303910010,63,6303910010,314120,314120,direct_2022
Australia,2393.0,6303910020,63,6303910020,337920,337920,direct_2022
Australia,3135079.0,6303922030,63,6303922030,337920,337920,direct_2022
New Zealand,3184712.0,6303922030,63,6303922030,337920,337920,direct_2022
Australia,15303.0,6303990060,63,6303990060,314120,314120,direct_2022
Australia,11888.0,6304113000,63,6304113000,314120,314120,direct_2022
New Zealand,479.0,6304193060,63,6304193060,314120,314120,direct_2022
Australia,2204.0,6304910150,63,6304910150,314120,314120,direct_2022
New Zealand,3113.0,6304910150,63,6304910150,314120,314120,direct_2022
Australia,14936.0,6304920000,63,6304920000,314120,314120,direct_2022
French Polynesia,3300.0,6304920000,63,6304920000,314120,314120,direct_2022
Australia,2788.0,6304930000,63,6304930000,314120,314120,direct_2022
New Zealand,407.0,6304930000,63,6304930000,314120,314120,direct_2022
Australia,19881.0,6304996020,63,6304996020,314120,314120,direct_2022
New Zealand,1505.0,6304996020,63,6304996020,314120,314120,direct_2022
Australia,42266.0,6304996040,63,6304996040,314120,314120,direct_2022
Australia,1586.0,6305100000,63,6305100000,314910,314910,direct_2022
Fiji,1809.0,6305100000,63,6305100000,314910,314910,direct_2022
Australia,1495.0,6305320020,63,6305320020,314910,314910,direct_2022
Australia,800.0,6305330080,63,6305330080,314910,314910,direct_2022
Australia,1473.0,6305390000,63,6305390000,314910,314910,direct_2022
New Zealand,16870.0,6305390000,63,6305390000,314910,314910,direct_2022
Australia,160003.0,6306120000,63,6306120000,314910,314910,direct_2022
Marshall Islands,2000.0,6306120000,63,6306120000,314910,314910,direct_2022
New Zealand,29303.0,6306120000,63,6306120000,314910,314910,direct_2022
Australia,260.0,6306191100,63,6306191100,314910,314910,direct_2022
Australia,59694.0,6306192120,63,6306192120,314910,314910,direct_2022
New Zealand,4270.0,6306192120,63,6306192120,314910,314910,direct_2022
Australia,98978.0,6306221000,63,6306221000,314910,314910,direct_2022
New Zealand,1134.0,6306229010,63,6306229010,314910,314910,direct_2022
Australia,5010.0,6306229030,63,6306229030,314910,314910,direct_2022
New Zealand,2398.0,6306229030,63,6306229030,314910,314910,direct_2022
Australia,20715.0,6306292100,63,6306292100,314910,314910,direct_2022
New Zealand,6836.0,6306292100,63,6306292100,314910,314910,direct_2022
Australia,270846.0,6306300010,63,6306300010,314910,314910,direct_2022
Marshall Islands,40000.0,6306300010,63,6306300010,314910,314910,direct_2022
New Zealand,3424988.0,6306300010,63,6306300010,314910,314910,direct_2022
Australia,137512.0,6306300020,63,6306300020,314910,314910,direct_2022
New Zealand,991057.0,6306300020,63,6306300020,314910,314910,direct_2022
Australia,25907.0,6306905000,63,6306905000,339920,314910,direct_2022
New Zealand,208922.0,6306905000,63,6306905000,339920,314910,direct_2022
Australia,3784.0,6307101090,63,6307101090,339994,314120,direct_2022
Australia,64925.0,6307200000,63,6307200000,339113,339113,direct_2022
Fiji,1140.0,6307200000,63,6307200000,339113,339113,direct_2022
Marshall Islands,2000.0,6307200000,63,6307200000,339113,339113,direct_2022
New Zealand,4332.0,6307200000,63,6307200000,339113,339113,direct_2022
Australia,1297.0,6307903020,63,6307903020,313220,313220,direct_2022
New Zealand,8790.0,6307903020,63,6307903020,313220,313220,direct_2022
Australia,219300.0,6307904010,63,6307904010,313220,313220,direct_2022
Australia,1179.0,6307904020,63,6307904020,313220,313220,direct_2022
Australia,772.0,6307906090,63,6307906090,339113,339113,direct_2022
Micronesia,67630.0,6307906800,63,6307906800,339113,339113,direct_2022
Micronesia,2630.0,6307907200,63,6307907200,339113,339113,direct_2022
New Zealand,628.0,6307907200,63,6307907200,339113,339113,direct_2022
Australia,1227.0,6307907500,63,6307907500,314999,314999,direct_2022
Australia,79782.0,6307908500,63,6307908500,314999,314999,direct_2022
Australia,18679.0,6307908945,63,6307908945,314120,314120,direct_2022
Australia,5586.0,6307908995,63,6307908995,314120,314120,direct_2022
New Zealand,14194.0,6307908995,63,6307908995,314120,314120,direct_2022
Australia,1210.0,6307909835,63,6307909835,314999,314999,direct_2022
Australia,3535.0,6307909844,63,6307909844,339113,339113,consolidated_naics
Australia,1129.0,6307909875,63,6307909875,314999,314999,direct_2022
Australia,3700.0,6307909884,63,6307909884,314120,314120,direct_2022
Australia,1911605.0,6307909891,63,6307909891,314999,314999,direct_2022
Fiji,211906.0,6307909891,63,6307909891,314999,314999,direct_2022
French Polynesia,2066.0,6307909891,63,6307909891,314999,314999,direct_2022
Micronesia,6942.0,6307909891,63,6307909891,314999,314999,direct_2022
New Zealand,532528.0,6307909891,63,6307909891,314999,314999,direct_2022
New Zealand,4509.0,6308000010,63,6308000010,339930,339930,direct_2022
Australia,3417.0,6309000010,63,6309000010,930000,930000,direct_2022
New Zealand,94753.0,6309000010,63,6309000010,930000,930000,direct_2022
Australia,29363.0,6309000020,63,6309000020,930000,930000,direct_2022
New Zealand,1600.0,6309000020,63,6309000020,930000,930000,direct_2022
Australia,650.0,6310102020,63,6310102020,910000,910000,direct_2022
Australia,37313.0,6401100000,64,6401100000,316210,316210,direct_2022
Australia,3585.0,6401926000,64,6401926000,316210,316210,direct_2022
New Zealand,19531.0,6402199031,64,6402199031,316210,316210,direct_2022
Australia,253.0,6402199061,64,6402199061,316210,316210,direct_2022
Australia,260.0,6402200000,64,6402200000,316210,316210,direct_2022
Australia,1020.0,6402913000,64,6402913000,316210,316210,direct_2022
Australia,266.0,6402914290,64,6402914290,316210,316210,direct_2022
Australia,1218.0,6402919005,64,6402919005,316210,316210,direct_2022
Australia,4527.0,6402992100,64,6402992100,316210,316210,direct_2022
Christmas Island,282.0,6402993115,64,6402993115,316210,316210,direct_2022
Australia,1794.0,6402993145,64,6402993145,316210,316210,direct_2022
Australia,3322.0,6402993165,64,6402993165,316210,316210,direct_2022
New Zealand,1898.0,6402993165,64,6402993165,316210,316210,direct_2022
Australia,1440.0,6402993177,64,6402993177,316210,316210,direct_2022
Christmas Island,1005.0,6402999005,64,6402999005,316210,316210,direct_2022
Australia,519.0,6402999065,64,6402999065,316210,316210,direct_2022
Australia,280.0,6402999095,64,6402999095,316210,316210,direct_2022
Australia,1532.0,6403194090,64,6403194090,316210,316210,direct_2022
Nauru,2331.0,6403195061,64,6403195061,316210,316210,direct_2022
Australia,2451.0,6403200000,64,6403200000,316210,316210,direct_2022
Australia,3292406.0,6403406000,64,6403406000,316210,316210,direct_2022
New Zealand,16331.0,6403406000,64,6403406000,316210,316210,direct_2022
Australia,539.0,6403513060,64,6403513060,316210,316210,direct_2022
Australia,814.0,6403516030,64,6403516030,316210,316210,direct_2022
Australia,223230.0,6403519030,64,6403519030,316210,316210,direct_2022
Australia,3550.0,6403519041,64,6403519041,316210,316210,direct_2022
Australia,539.0,6403596060,64,6403596060,316210,316210,direct_2022
Australia,68165.0,6403599045,64,6403599045,316210,316210,direct_2022
New Caledonia,2804.0,6403599045,64,6403599045,316210,316210,direct_2022
New Zealand,855.0,6403599045,64,6403599045,316210,316210,direct_2022
Australia,462.0,6403599061,64,6403599061,316210,316210,direct_2022
New Zealand,2602.0,6403599061,64,6403599061,316210,316210,direct_2022
Australia,1584.0,6403911100,64,6403911100,316210,316210,direct_2022
Australia,270.0,6403913010,64,6403913010,316210,316210,direct_2022
Australia,619.0,6403913040,64,6403913040,316210,316210,direct_2022
Australia,2334.0,6403913091,64,6403913091,316210,316210,direct_2022
Australia,5475.0,6403916040,64,6403916040,316210,316210,direct_2022
Australia,9649.0,6403916075,64,6403916075,316210,316210,direct_2022
Australia,4500472.0,6403919045,64,6403919045,316210,316210,direct_2022
Australia,1434.0,6403919051,64,6403919051,316210,316210,direct_2022
Australia,467.0,6403992090,64,6403992090,316210,316210,direct_2022
Australia,142800.0,6403996025,64,6403996025,316210,316210,direct_2022
Australia,8441.0,6403996040,64,6403996040,316210,316210,direct_2022
New Zealand,1428.0,6403996040,64,6403996040,316210,316210,direct_2022
Cocos (Keeling) Islands,275.0,6403996075,64,6403996075,316210,316210,direct_2022
New Zealand,1713.0,6403996075,64,6403996075,316210,316210,direct_2022
Australia,2876.0,6403999031,64,6403999031,316210,316210,direct_2022
New Zealand,1020.0,6403999031,64,6403999031,316210,316210,direct_2022
Australia,24529.0,6403999065,64,6403999065,316210,316210,direct_2022
Micronesia,1695.0,6403999065,64,6403999065,316210,316210,direct_2022
Australia,14817.0,6403999071,64,6403999071,316210,316210,direct_2022
Micronesia,922.0,6403999071,64,6403999071,316210,316210,direct_2022
Australia,6600.0,6404119020,64,6404119020,316210,316210,direct_2022
Australia,2673.0,6404119050,64,6404119050,316210,316210,direct_2022
Australia,3184.0,6404119080,64,6404119080,316210,316210,direct_2022
Micronesia,1414.0,6404119080,64,6404119080,316210,316210,direct_2022
Australia,378.0,6404191560,64,6404191560,316210,316210,direct_2022
Australia,299.0,6404191581,64,6404191581,316210,316210,direct_2022
Nauru,305.0,6404192090,64,6404192090,316210,316210,direct_2022
Australia,613.0,6404193060,64,6404193060,316210,316210,direct_2022
New Zealand,513.0,6404193960,64,6404193960,316210,316210,direct_2022
Nauru,603.0,6404199030,64,6404199030,316210,316210,direct_2022
Australia,8038.0,6404199060,64,6404199060,316210,316210,direct_2022
Australia,299.0,6404199090,64,6404199090,316210,316210,direct_2022
Australia,840.0,6404206040,64,6404206040,316210,316210,direct_2022
Australia,889.0,6404206080,64,6404206080,316210,316210,direct_2022
New Zealand,1410.0,6404206080,64,6404206080,316210,316210,direct_2022
Australia,767.0,6405100060,64,6405100060,316210,316210,direct_2022
Australia,4406.0,6405203080,64,6405203080,316210,316210,direct_2022
Australia,6737.0,6406104000,64,6406104000,314999,314999,direct_2022
Australia,24644.0,6406200000,64,6406200000,326299,326299,direct_2022
Australia,7152.0,6406901580,64,6406901580,314999,314999,direct_2022
New Zealand,1695.0,6406901580,64,6406901580,314999,314999,direct_2022
Australia,9130.0,6406903060,64,6406903060,326299,326299,direct_2022
New Zealand,15413.0,6406903060,64,6406903060,326299,326299,direct_2022
Australia,92996.0,6406909000,64,6406909000,314999,314999,direct_2022
Australia,8270.0,6502009060,65,6502009060,315990,315990,direct_2022
Australia,23244.0,6504003000,65,6504003000,315990,315990,direct_2022
Australia,12222.0,6504006000,65,6504006000,315990,315990,direct_2022
French Polynesia,1040.0,6504006000,65,6504006000,315990,315990,direct_2022
Australia,25760.0,6504009045,65,6504009045,315990,315990,direct_2022
Australia,2506.0,6504009060,65,6504009060,315990,315990,direct_2022
Australia,4086.0,6504009075,65,6504009075,315990,315990,direct_2022
Australia,279.0,6505000100,65,6505000100,339999,339999,direct_2022
Australia,1359.0,6505000410,65,6505000410,315990,315990,direct_2022
Australia,486574.0,6505000450,65,6505000450,315990,315990,direct_2022
Australia,6384.0,6505000800,65,6505000800,315990,315990,direct_2022
New Zealand,2398.0,6505000800,65,6505000800,315990,315990,direct_2022
Australia,1728.0,6505001515,65,6505001515,315990,315990,direct_2022
Australia,3342.0,6505001525,65,6505001525,315120,315190,direct_2022
Australia,4101.0,6505001560,65,6505001560,315120,315190,direct_2022
Australia,1432.0,6505002030,65,6505002030,315990,315990,direct_2022
Australia,31135.0,6505002060,65,6505002060,315990,315990,direct_2022
Australia,10999.0,6505002590,65,6505002590,315990,315990,direct_2022
New Zealand,1309.0,6505002590,65,6505002590,315990,315990,direct_2022
New Zealand,6680.0,6505003090,65,6505003090,315120,315190,direct_2022
Australia,46322.0,6505006030,65,6505006030,315990,315990,direct_2022
Australia,23779.0,6505006090,65,6505006090,315120,315190,direct_2022
Australia,493.0,6505008050,65,6505008050,315990,315990,direct_2022
Australia,8110.0,6505008090,65,6505008090,315990,315990,direct_2022
Micronesia,453.0,6505008090,65,6505008090,315990,315990,direct_2022
Australia,57967.0,6505009089,65,6505009089,315120,315190,direct_2022
New Zealand,288.0,6505009089,65,6505009089,315120,315190,direct_2022
Australia,865.0,6506103030,65,6506103030,339113,339113,direct_2022
New Zealand,1387.0,6506103030,65,6506103030,339113,339113,direct_2022
Australia,9105.0,6506103075,65,6506103075,339113,339113,direct_2022
New Zealand,481619.0,6506103075,65,6506103075,339113,339113,direct_2022
Australia,842.0,6506106030,65,6506106030,339113,339113,direct_2022
New Zealand,4713.0,6506106030,65,6506106030,339113,339113,direct_2022
Australia,5836.0,6506106045,65,6506106045,339920,339920,direct_2022
New Zealand,92285.0,6506106045,65,6506106045,339920,339920,direct_2022
Australia,52748.0,6506106075,65,6506106075,339113,339113,direct_2022
New Zealand,42849.0,6506106075,65,6506106075,339113,339113,direct_2022
Marshall Islands,16000.0,6506910030,65,6506910030,315990,315990,direct_2022
Marshall Islands,2218.0,6506910060,65,6506910060,315990,315990,direct_2022
New Zealand,417290.0,6506910060,65,6506910060,315990,315990,direct_2022
Australia,125929.0,6506996000,65,6506996000,315990,315990,direct_2022
New Zealand,7896.0,6506996000,65,6506996000,315990,315990,direct_2022
Australia,109844.0,6507000000,65,6507000000,315990,315990,direct_2022
New Zealand,4988.0,6507000000,65,6507000000,315990,315990,direct_2022
Australia,41189.0,6601100000,66,6601100000,339999,339999,direct_2022
New Zealand,64059.0,6601100000,66,6601100000,339999,339999,direct_2022
Australia,6693.0,6601910000,66,6601910000,339999,339999,direct_2022
New Zealand,5576.0,6601910000,66,6601910000,339999,339999,direct_2022
Australia,13479.0,6601990000,66,6601990000,339999,339999,direct_2022
New Zealand,817.0,6601990000,66,6601990000,339999,339999,direct_2022
New Zealand,36388.0,6602000000,66,6602000000,339113,316998,direct_2022
New Zealand,465.0,6603203000,66,6603203000,339999,332999,direct_2022
New Zealand,12193.0,6603209000,66,6603209000,339999,332999,direct_2022
New Zealand,1553.0,6603908100,66,6603908100,316990,339999,direct_2022
Cocos (Keeling) Islands,3539.0,6702102000,67,6702102000,339999,339999,direct_2022
Fiji,461.0,6702102000,67,6702102000,339999,339999,direct_2022
Australia,152302.0,6702104000,67,6702104000,339999,339999,direct_2022
Cocos (Keeling) Islands,729.0,6702903500,67,6702903500,339999,339999,direct_2022
Australia,1500.0,6702906500,67,6702906500,339999,339999,direct_2022
Fiji,254.0,6702906500,67,6702906500,339999,339999,direct_2022
Australia,7930.0,6704190000,67,6704190000,339999,339999,direct_2022
Australia,99543.0,6704200000,67,6704200000,339999,339999,direct_2022
New Zealand,321190.0,6704200000,67,6704200000,339999,339999,direct_2022
Australia,24791.0,6704900000,67,6704900000,339999,339999,direct_2022
New Zealand,136030.0,6802100000,68,6802100000,327991,327120,direct_2022
Australia,131461.0,6802230000,68,6802230000,327991,327991,direct_2022
New Caledonia,3640.0,6802910500,68,6802910500,327991,327991,direct_2022
French Polynesia,43989.0,6802930025,68,6802930025,327991,327991,direct_2022
Australia,62205.0,6802990090,68,6802990090,327991,327991,consolidated_naics
Australia,383786.0,6804100000,68,6804100000,327910,327910,direct_2022
Australia,16561.0,6804210020,68,6804210020,327910,327910,direct_2022
Australia,6636.0,6804210030,68,6804210030,327910,327910,direct_2022
Australia,6120292.0,6804210090,68,6804210090,327910,327910,direct_2022
Australia,22080.0,6804221000,68,6804221000,327910,327910,direct_2022
Australia,3327.0,6804300000,68,6804300000,327910,327910,direct_2022
Australia,10810.0,6805200000,68,6805200000,327910,327910,direct_2022
Australia,14009.0,6805301000,68,6805301000,327910,327910,direct_2022
Niue,2736222.0,6805301000,68,6805301000,327910,327910,direct_2022
Australia,12172.0,6805305000,68,6805305000,327910,327910,direct_2022
New Zealand,961727.0,6805305000,68,6805305000,327910,327910,direct_2022
New Zealand,2524.0,6806100010,68,6806100010,327993,327993,direct_2022
Australia,2889.0,6806100040,68,6806100040,327993,327993,direct_2022
Australia,167330.0,6806900010,68,6806900010,327993,327993,direct_2022
Australia,17325.0,6806900090,68,6806900090,327993,327993,direct_2022
Australia,9283.0,6807100000,68,6807100000,324122,324122,direct_2022
Australia,27596.0,6808000000,68,6808000000,321219,327390,direct_2022
Australia,3825.0,6809900000,68,6809900000,327420,327999,direct_2022
Micronesia,7467.0,6810191400,68,6810191400,327991,327390,direct_2022
Australia,176300.0,6810910000,68,6810910000,327991,327390,direct_2022
Australia,97873.0,6810990020,68,6810990020,327991,327991,consolidated_naics
Australia,15352.0,6810990080,68,6810990080,327991,327390,direct_2022
New Zealand,37960.0,6810990080,68,6810990080,327991,327390,direct_2022
Australia,2509.0,6811820000,68,6811820000,321219,327999,direct_2022
Australia,3798.0,6813200015,68,6813200015,336340,336340,direct_2022
New Zealand,10059.0,6813810010,68,6813810010,336412,336413,direct_2022
Nauru,65387.0,6813810050,68,6813810050,336340,336340,direct_2022
Australia,32878.0,6815110000,68,6815110000,335991,335991,direct_2022
New Zealand,2055595.0,6815110000,68,6815110000,335991,335991,direct_2022
Australia,283939.0,6815130000,68,6815130000,335991,335991,direct_2022
Marshall Islands,45000.0,6815130000,68,6815130000,335991,335991,direct_2022
New Zealand,952582.0,6815130000,68,6815130000,335991,335991,direct_2022
Australia,1689603.0,6815190000,68,6815190000,335991,335991,direct_2022
New Zealand,108120.0,6815190000,68,6815190000,335991,335991,direct_2022
New Zealand,5768.0,6815910011,68,6815910011,327120,327120,direct_2022
Australia,5897.0,6815910071,68,6815910071,327120,327120,direct_2022
Australia,60000.0,6815992000,68,6815992000,327999,327999,direct_2022
Australia,169465.0,6815994170,68,6815994170,327999,327999,direct_2022
New Zealand,2621.0,6815994170,68,6815994170,327999,327999,direct_2022
Australia,12202.0,6901000000,69,6901000000,327120,327120,direct_2022
Australia,3294.0,6902205020,69,6902205020,327120,327120,direct_2022
Australia,12318.0,6903100000,69,6903100000,327120,327120,direct_2022
Nauru,2378.0,6903100000,69,6903100000,327120,327120,direct_2022
Australia,6068.0,6903200000,69,6903200000,327120,327120,direct_2022
New Zealand,2502.0,6903200000,69,6903200000,327120,327120,direct_2022
Australia,15655.0,6903900050,69,6903900050,327120,327120,direct_2022
New Zealand,447992.0,6903900050,69,6903900050,327120,327120,direct_2022
Australia,2662.0,6904900000,69,6904900000,327120,327120,direct_2022
Australia,65890.0,6907211051,69,6907211051,327120,327120,direct_2022
Australia,6517.0,6907214000,69,6907214000,327120,327120,direct_2022
Australia,34000.0,6907219011,69,6907219011,327120,327120,direct_2022
Australia,4226.0,6907239011,69,6907239011,327120,327120,direct_2022
Australia,17015.0,6907239051,69,6907239051,327120,327120,direct_2022
Australia,4416.0,6907309051,69,6907309051,327120,327120,direct_2022
Australia,453191.0,6909112000,69,6909112000,327110,327110,direct_2022
Cook Islands,2655.0,6909112000,69,6909112000,327110,327110,direct_2022
Australia,4575.0,6909191000,69,6909191000,327110,327110,direct_2022
Australia,6705.0,6909195010,69,6909195010,327110,327110,direct_2022
Australia,4797168.0,6909195095,69,6909195095,327110,327110,direct_2022
Australia,40086.0,6909900000,69,6909900000,327110,327110,direct_2022
Micronesia,11808.0,6910100010,69,6910100010,327110,327110,direct_2022
Australia,139140.0,6910100015,69,6910100015,327110,327110,direct_2022
Australia,5266.0,6910100030,69,6910100030,327110,327110,direct_2022
Micronesia,14901.0,6910100030,69,6910100030,327110,327110,direct_2022
Australia,2036.0,6910900000,69,6910900000,327110,327110,direct_2022
Australia,193078.0,6911101000,69,6911101000,327110,327110,direct_2022
Australia,4131.0,6911105200,69,6911105200,327110,327110,direct_2022
Australia,336269.0,6911105800,69,6911105800,327110,327110,direct_2022
New Zealand,2852.0,6911108090,69,6911108090,327110,327110,direct_2022
Australia,4127.0,6911900050,69,6911900050,327110,327110,direct_2022
Australia,2596.0,6912001000,69,6912001000,327110,327110,direct_2022
Australia,4616.0,6912002000,69,6912002000,327110,327110,direct_2022
New Zealand,3073.0,6912002000,69,6912002000,327110,327110,direct_2022
Australia,24589.0,6912004890,69,6912004890,327110,327110,direct_2022
Australia,51127.0,6912005000,69,6912005000,327110,327110,direct_2022
New Zealand,3101.0,6912005000,69,6912005000,327110,327110,direct_2022
Australia,3386.0,6913101000,69,6913101000,327110,327110,direct_2022
Australia,59724.0,6913105000,69,6913105000,327110,327110,direct_2022
New Zealand,21520.0,6913105000,69,6913105000,327110,327110,direct_2022
Australia,7634.0,6913901000,69,6913901000,327110,327110,direct_2022
Australia,8991.0,6913902000,69,6913902000,327110,327110,direct_2022
Australia,35907.0,6913905000,69,6913905000,327110,327110,direct_2022
New Zealand,4562.0,6913905000,69,6913905000,327110,327110,direct_2022
Australia,3788.0,6914108000,69,6914108000,327110,327110,direct_2022
Australia,58257.0,6914908000,69,6914908000,327110,327110,direct_2022
New Zealand,6704.0,6914908000,69,6914908000,327110,327110,direct_2022
New Zealand,2760.0,7002390010,70,7002390010,327212,327212,direct_2022
New Zealand,3680.0,7002390090,70,7002390090,327212,327212,direct_2022
Australia,4193.0,7006002000,70,7006002000,327212,327212,direct_2022
Australia,4865.0,7006004010,70,7006004010,327215,327215,direct_2022
Australia,2853.0,7007110090,70,7007110090,327215,327215,direct_2022
New Zealand,41608.0,7007110090,70,7007110090,327215,327215,direct_2022
New Zealand,1144859.0,7007190000,70,7007190000,327215,327215,direct_2022
Australia,110835.0,7007211190,70,7007211190,327211,327211,direct_2022
Australia,21233.0,7007215100,70,7007215100,327215,327211,direct_2022
Australia,3612.0,7007290000,70,7007290000,327211,327211,direct_2022
New Zealand,341009.0,7007290000,70,7007290000,327211,327211,direct_2022
Australia,16846.0,7008000000,70,7008000000,327215,327215,direct_2022
Australia,26442283.0,7009100000,70,7009100000,327215,327215,direct_2022
Marshall Islands,18004.0,7009915091,70,7009915091,327215,327215,direct_2022
Australia,13225.0,7009921090,70,7009921090,327215,327215,direct_2022
New Zealand,5105.0,7009921090,70,7009921090,327215,327215,direct_2022
Australia,22302.0,7009925095,70,7009925095,327215,327215,direct_2022
New Zealand,4637.0,7010902040,70,7010902040,327213,327213,direct_2022
Australia,289109.0,7010905019,70,7010905019,327213,327213,direct_2022
New Zealand,5841.0,7010905049,70,7010905049,327213,327213,direct_2022
Australia,9716.0,7011204500,70,7011204500,327212,327212,direct_2022
Australia,5467.0,7013105000,70,7013105000,327212,327212,direct_2022
New Zealand,4697.0,7013105000,70,7013105000,327212,327212,direct_2022
New Zealand,5100.0,7013286090,70,7013286090,327212,327212,direct_2022
Australia,4877.0,7013335000,70,7013335000,327212,327212,direct_2022
Australia,112141.0,7013370500,70,7013370500,327212,327212,direct_2022
Australia,3046.0,7013376010,70,7013376010,327212,327212,direct_2022
New Zealand,84513.0,7013424000,70,7013424000,327212,327212,direct_2022
Australia,6141.0,7013991000,70,7013991000,327212,327212,direct_2022
New Zealand,4957.0,7013991000,70,7013991000,327212,327212,direct_2022
Australia,16304.0,7013999090,70,7013999090,327212,327212,direct_2022
New Zealand,3063.0,7013999090,70,7013999090,327212,327212,direct_2022
Australia,3579.0,7016100000,70,7016100000,327215,327215,direct_2022
Australia,12100.0,7016905000,70,7016905000,327215,327215,direct_2022
Australia,10423.0,7017106000,70,7017106000,327212,327212,direct_2022
Australia,452566.0,7017200000,70,7017200000,327212,327212,direct_2022
Australia,5881.0,7017905000,70,7017905000,327212,327212,direct_2022
Australia,11796.0,7018105000,70,7018105000,339910,339910,direct_2022
Australia,99272.0,7018901000,70,7018901000,339930,339930,direct_2022
Australia,2250.0,7018905000,70,7018905000,327215,327215,direct_2022
Australia,11918.0,7019659090,70,7019659090,313220,313220,direct_2022
Australia,7772.0,7019669060,70,7019669060,313210,313210,direct_2022
Australia,2664.0,7019694096,70,7019694096,313210,313210,direct_2022
Australia,73911.0,7019710000,70,7019710000,313230,327212,direct_2022
Australia,3681.0,7019801010,70,7019801010,327993,327993,direct_2022
Australia,71067.0,7019801020,70,7019801020,327993,327993,direct_2022
Australia,65836.0,7019801090,70,7019801090,327993,327993,direct_2022
Australia,6521.0,7019809000,70,7019809000,327993,327993,direct_2022
Australia,1461659.0,7019901100,70,7019901100,313210,327993,direct_2022
New Zealand,103697.0,7019901100,70,7019901100,313210,327993,direct_2022
Australia,85135.0,7019905140,70,7019905140,313230,327215,direct_2022
New Zealand,24001.0,7019905140,70,7019905140,313230,327215,direct_2022
Australia,78727.0,7019905150,70,7019905150,327212,327993,direct_2022
New Zealand,986162.0,7019905150,70,7019905150,327212,327993,direct_2022
Australia,44577.0,7020006000,70,7020006000,327212,327212,direct_2022
New Zealand,10615.0,7020006000,70,7020006000,327212,327212,direct_2022
Australia,150000.0,7101103000,71,7101103000,339910,339910,direct_2022
Fiji,60000.0,7101103000,71,7101103000,339910,339910,direct_2022
Australia,595623.0,7101106000,71,7101106000,339910,339910,direct_2022
Fiji,14000.0,7101106000,71,7101106000,339910,339910,direct_2022
French Polynesia,227242.0,7101106000,71,7101106000,339910,339910,direct_2022
Australia,826440.0,7101210000,71,7101210000,339910,114119,direct_2022
French Polynesia,1603899.0,7101210000,71,7101210000,339910,114119,direct_2022
Australia,2885675.0,7101223000,71,7101223000,339910,339910,direct_2022
French Polynesia,3507106.0,7101223000,71,7101223000,339910,339910,direct_2022
Australia,2292401.0,7101226000,71,7101226000,339910,339910,direct_2022
Fiji,5396.0,7101226000,71,7101226000,339910,339910,direct_2022
French Polynesia,2743468.0,7101226000,71,7101226000,339910,339910,direct_2022
New Zealand,26500.0,7101226000,71,7101226000,339910,339910,direct_2022
Australia,19350.0,7102211020,71,7102211020,212390,339910,direct_2022
Australia,36330.0,7102214000,71,7102214000,212390,339910,direct_2022
Australia,7392.0,7102310000,71,7102310000,339910,339910,direct_2022
Australia,2292069.0,7102390010,71,7102390010,339910,339910,direct_2022
Australia,55895719.0,7102390050,71,7102390050,339910,339910,direct_2022
New Zealand,28973.0,7102390050,71,7102390050,339910,339910,direct_2022
Australia,2124697.0,7103102000,71,7103102000,339910,339910,direct_2022
New Zealand,96536.0,7103102000,71,7103102000,339910,339910,direct_2022
Australia,43961.0,7103104000,71,7103104000,339910,339910,direct_2022
Australia,9631.0,7103910010,71,7103910010,339910,339910,direct_2022
Australia,1246564.0,7103910020,71,7103910020,339910,339910,direct_2022
New Zealand,4933.0,7103910020,71,7103910020,339910,339910,direct_2022
Australia,87958.0,7103910030,71,7103910030,339910,339910,direct_2022
Australia,26666481.0,7103991000,71,7103991000,339910,339910,direct_2022
New Zealand,288376.0,7103991000,71,7103991000,339910,339910,direct_2022
Australia,235221.0,7103995000,71,7103995000,339910,339910,direct_2022
French Polynesia,2611.0,7103995000,71,7103995000,339910,339910,direct_2022
New Zealand,3312.0,7103995000,71,7103995000,339910,339910,direct_2022
Australia,5000.0,7104290000,71,7104290000,339910,339910,direct_2022
Australia,72963.0,7104911000,71,7104911000,339910,339910,direct_2022
New Zealand,8400.0,7104911000,71,7104911000,339910,339910,direct_2022
Australia,6554.0,7104915000,71,7104915000,327999,339910,direct_2022
New Zealand,24647.0,7104915000,71,7104915000,327999,339910,direct_2022
Australia,4144.0,7104991000,71,7104991000,339910,339910,direct_2022
New Zealand,16486.0,7104991000,71,7104991000,339910,339910,direct_2022
Australia,10480.0,7104995000,71,7104995000,327999,339910,direct_2022
Australia,148219.0,7106911010,71,7106911010,331410,331410,direct_2022
New Zealand,34754.0,7106911010,71,7106911010,331410,331410,direct_2022
Australia,3870.0,7106915000,71,7106915000,331410,331410,direct_2022
Australia,487762.0,7106921000,71,7106921000,331491,331491,direct_2022
Australia,17852.0,7106925000,71,7106925000,331491,331491,direct_2022
Australia,466222335.0,7108121013,71,7108121013,331410,331410,direct_2022
New Zealand,33506230.0,7108121013,71,7108121013,331410,331410,direct_2022
Australia,1265144.0,7108121017,71,7108121017,331410,331410,direct_2022
Australia,29128.0,7108121020,71,7108121020,331410,331410,direct_2022
Australia,94054.0,7108125010,71,7108125010,331410,331410,direct_2022
Australia,1964348.0,7108125050,71,7108125050,331410,331410,direct_2022
Australia,19479008.0,7108135500,71,7108135500,331491,331491,direct_2022
New Zealand,150280.0,7108135500,71,7108135500,331491,331491,direct_2022
Australia,580359584.0,7108137000,71,7108137000,331491,331491,direct_2022
Australia,502920.0,7110190000,71,7110190000,331491,331491,direct_2022
French Polynesia,644256.0,7112910100,71,7112910100,910000,910000,direct_2022
Australia,1303536.0,7112920100,71,7112920100,910000,910000,direct_2022
New Zealand,5941770.0,7112920100,71,7112920100,910000,910000,direct_2022
Australia,695380.0,7112990100,71,7112990100,910000,910000,direct_2022
Niue,2140.0,7112990100,71,7112990100,910000,910000,direct_2022
Australia,29567.0,7113111000,71,7113111000,339910,339910,direct_2022
New Zealand,12000.0,7113111000,71,7113111000,339910,339910,direct_2022
Australia,228988.0,7113112000,71,7113112000,339910,339910,direct_2022
Australia,639803.0,7113115000,71,7113115000,339910,339910,direct_2022
French Polynesia,13714.0,7113115000,71,7113115000,339910,339910,direct_2022
New Zealand,7897.0,7113115000,71,7113115000,339910,339910,direct_2022
Australia,67190.0,7113191000,71,7113191000,339910,339910,direct_2022
Australia,2650.0,7113192100,71,7113192100,339910,339910,direct_2022
Australia,9824.0,7113192500,71,7113192500,339910,339910,direct_2022
Australia,6491785.0,7113192900,71,7113192900,339910,339910,direct_2022
New Zealand,124981.0,7113192900,71,7113192900,339910,339910,direct_2022
Australia,68935.0,7113193000,71,7113193000,339910,339910,direct_2022
Australia,30533.0,7113195021,71,7113195021,339910,339910,direct_2022
Australia,823218.0,7113195025,71,7113195025,339910,339910,direct_2022
New Zealand,109848.0,7113195025,71,7113195025,339910,339910,direct_2022
Australia,24448.0,7113195030,71,7113195030,339910,339910,direct_2022
Australia,51404.0,7113195045,71,7113195045,339910,339910,direct_2022
New Zealand,3444.0,7113195045,71,7113195045,339910,339910,direct_2022
Australia,12693228.0,7113195090,71,7113195090,339910,339910,direct_2022
French Polynesia,30326.0,7113195090,71,7113195090,339910,339910,direct_2022
Nauru,5533.0,7113195090,71,7113195090,339910,339910,direct_2022
New Zealand,622789.0,7113195090,71,7113195090,339910,339910,direct_2022
Australia,7064.0,7113202900,71,7113202900,339910,339910,direct_2022
New Zealand,2567.0,7113202900,71,7113202900,339910,339910,direct_2022
Australia,37661.0,7113205000,71,7113205000,339910,339910,direct_2022
Nauru,13027.0,7113205000,71,7113205000,339910,339910,direct_2022
Australia,3810.0,7114114500,71,7114114500,339910,339910,direct_2022
Australia,3385.0,7114115000,71,7114115000,339910,339910,direct_2022
Australia,22392.0,7114117000,71,7114117000,339910,339910,direct_2022
New Zealand,24078.0,7114117000,71,7114117000,339910,339910,direct_2022
Australia,22490.0,7114190000,71,7114190000,339910,339910,direct_2022
New Zealand,14402.0,7114190000,71,7114190000,339910,339910,direct_2022
Australia,2032.0,7114200060,71,7114200060,339910,339910,direct_2022
Australia,1265025221.0,7115900530,71,7115900530,331491,331491,direct_2022
New Zealand,737912.0,7115900530,71,7115900530,331491,331491,direct_2022
Australia,3614552.0,7115900560,71,7115900560,331491,331491,direct_2022
Australia,612769.0,7115900590,71,7115900590,331491,331491,direct_2022
Australia,8984.0,7115903000,71,7115903000,331491,331491,direct_2022
New Zealand,22134.0,7115904000,71,7115904000,331491,331491,direct_2022
Australia,162211.0,7115906000,71,7115906000,331491,331491,direct_2022
New Zealand,6500.0,7115906000,71,7115906000,331491,331491,direct_2022
Australia,20551.0,7116101000,71,7116101000,339910,339910,direct_2022
French Polynesia,2050.0,7116101000,71,7116101000,339910,339910,direct_2022
Australia,1448691.0,7116102500,71,7116102500,339910,339910,direct_2022
Fiji,8455.0,7116102500,71,7116102500,339910,339910,direct_2022
French Polynesia,112757.0,7116102500,71,7116102500,339910,339910,direct_2022
New Zealand,3608.0,7116102500,71,7116102500,339910,339910,direct_2022
Australia,6876.0,7116200500,71,7116200500,339910,339910,direct_2022
Cocos (Keeling) Islands,4596.0,7116200500,71,7116200500,339910,339910,direct_2022
French Polynesia,3185.0,7116200500,71,7116200500,339910,339910,direct_2022
New Zealand,8703.0,7116200500,71,7116200500,339910,339910,direct_2022
Australia,327963.0,7116201500,71,7116201500,339910,339910,direct_2022
New Zealand,1170489.0,7116201500,71,7116201500,339910,339910,direct_2022
Australia,5300.0,7116203500,71,7116203500,339910,339910,direct_2022
Australia,68450.0,7116205000,71,7116205000,339910,339910,direct_2022
New Zealand,41307.0,7116205000,71,7116205000,339910,339910,direct_2022
Australia,6957.0,7117190500,71,7117190500,339910,339910,direct_2022
Australia,9486.0,7117191500,71,7117191500,339910,339910,direct_2022
Australia,211982.0,7117199000,71,7117199000,339910,339910,direct_2022
New Zealand,73495.0,7117199000,71,7117199000,339910,339910,direct_2022
Australia,15035.0,7117903000,71,7117903000,339910,339910,direct_2022
New Zealand,5826.0,7117906000,71,7117906000,339910,339910,direct_2022
Australia,71209.0,7117907500,71,7117907500,339910,339910,direct_2022
Australia,138112.0,7117909000,71,7117909000,339910,339910,direct_2022
Fiji,3528.0,7117909000,71,7117909000,339910,339910,direct_2022
French Polynesia,4560.0,7117909000,71,7117909000,339910,339910,direct_2022
Marshall Islands,16950.0,7117909000,71,7117909000,339910,339910,direct_2022
Australia,252941059.0,7118100000,71,7118100000,339910,339910,direct_2022
Cook Islands,10010.0,7118100000,71,7118100000,339910,339910,direct_2022
Fiji,64454.0,7118100000,71,7118100000,339910,339910,direct_2022
New Zealand,165723.0,7118100000,71,7118100000,339910,339910,direct_2022
Niue,44175.0,7118100000,71,7118100000,339910,339910,direct_2022
Australia,17549.0,7118900011,71,7118900011,339910,339910,direct_2022
Australia,480634883.0,7118900019,71,7118900019,339910,339910,direct_2022
Fiji,10430.0,7118900019,71,7118900019,339910,339910,direct_2022
New Zealand,425998.0,7118900019,71,7118900019,339910,339910,direct_2022
Niue,41498.0,7118900019,71,7118900019,339910,339910,direct_2022
Australia,752045.0,7118900020,71,7118900020,339910,339910,direct_2022
Australia,12968437.0,7118900055,71,7118900055,339910,339910,direct_2022
Cook Islands,8247.0,7118900055,71,7118900055,339910,339910,direct_2022
Fiji,418617.0,7118900055,71,7118900055,339910,339910,direct_2022
French Polynesia,16030.0,7118900055,71,7118900055,339910,339910,direct_2022
New Zealand,474591.0,7118900055,71,7118900055,339910,339910,direct_2022
Niue,718045.0,7118900055,71,7118900055,339910,339910,direct_2022
Australia,1814076.0,7201503000,72,7201503000,331110,331110,direct_2022
Australia,58544971.0,7202115000,72,7202115000,331110,331110,direct_2022
Australia,76471514.0,7202300000,72,7202300000,331110,331110,direct_2022
New Caledonia,29810898.0,7202600000,72,7202600000,331110,331110,direct_2022
Australia,146833.0,7204210000,72,7204210000,910000,910000,direct_2022
Australia,2951.0,7204290000,72,7204290000,910000,910000,direct_2022
Australia,7500.0,7204300000,72,7204300000,910000,910000,direct_2022
Australia,57597.0,7204490080,72,7204490080,910000,910000,direct_2022
Australia,56628.0,7205210000,72,7205210000,331221,331221,direct_2022
Australia,4938.0,7206900000,72,7206900000,331110,331110,direct_2022
New Zealand,1232084.0,7208103000,72,7208103000,331110,331110,direct_2022
New Zealand,1866198.0,7208106000,72,7208106000,331110,331110,direct_2022
New Zealand,973869.0,7208360060,72,7208360060,331110,331110,direct_2022
New Zealand,2799177.0,7208370060,72,7208370060,331110,331110,direct_2022
New Zealand,2059230.0,7208380030,72,7208380030,331110,331110,direct_2022
Australia,1059537.0,7208390030,72,7208390030,331110,331110,direct_2022
New Zealand,1227854.0,7208390030,72,7208390030,331110,331110,direct_2022
Australia,7582688.0,7208510045,72,7208510045,331110,331110,direct_2022
Australia,18751103.0,7208510060,72,7208510060,331110,331110,direct_2022
Australia,8468136.0,7208520000,72,7208520000,331110,331110,direct_2022
New Zealand,55398.0,7208520000,72,7208520000,331110,331110,direct_2022
Australia,21655.0,7209150000,72,7209150000,331110,331110,direct_2022
Australia,30331527.0,7209160070,72,7209160070,331110,331110,direct_2022
Australia,560545.0,7209160091,72,7209160091,331110,331110,direct_2022
Australia,3196941.0,7209170070,72,7209170070,331110,331110,direct_2022
Australia,31926648.0,7209170091,72,7209170091,331110,331110,direct_2022
Australia,5731286.0,7209182585,72,7209182585,331110,331110,direct_2022
Australia,223492.0,7209186020,72,7209186020,331110,331110,direct_2022
Australia,31382408.0,7209186090,72,7209186090,331110,331110,direct_2022
Australia,6191.0,7209260000,72,7209260000,331110,331110,direct_2022
Australia,868184.0,7210300030,72,7210300030,331110,331110,direct_2022
Australia,13165420.0,7210490091,72,7210490091,331110,331110,direct_2022
Australia,755816.0,7210490095,72,7210490095,331110,331110,direct_2022
Australia,595533.0,7210500090,72,7210500090,331110,331110,direct_2022
Australia,13000779.0,7210610000,72,7210610000,331110,331110,direct_2022
New Zealand,2515100.0,7210610000,72,7210610000,331110,331110,direct_2022
Australia,62189307.0,7210706060,72,7210706060,331110,331110,direct_2022
New Zealand,2253281.0,7210706060,72,7210706060,331110,331110,direct_2022
Australia,2535778.0,7210901000,72,7210901000,331110,331110,direct_2022
Australia,204700.0,7212301090,72,7212301090,331110,331110,direct_2022
Australia,579827.0,7214200000,72,7214200000,331110,331110,direct_2022
Australia,62238.0,7216610000,72,7216610000,331110,331110,direct_2022
Australia,109973.0,7217203000,72,7217203000,331222,331222,direct_2022
Australia,5023251.0,7218100000,72,7218100000,331110,331110,direct_2022
Australia,1325088.0,7218910030,72,7218910030,331110,331110,direct_2022
Australia,65430.0,7218910060,72,7218910060,331110,331110,direct_2022
Australia,21005.0,7219240060,72,7219240060,331110,331110,direct_2022
Australia,2275.0,7219340050,72,7219340050,331110,331110,direct_2022
Australia,212579.0,7219900080,72,7219900080,331110,331110,direct_2022
Australia,3295.0,7220110000,72,7220110000,331110,331110,direct_2022
Australia,6880.0,7220125000,72,7220125000,331110,331110,direct_2022
Australia,5954.0,7222300001,72,7222300001,331110,331110,direct_2022
Australia,2770.0,7223009000,72,7223009000,331222,331222,direct_2022
Australia,73822.0,7225403050,72,7225403050,331110,331110,direct_2022
Australia,26313.0,7225405160,72,7225405160,331110,331110,direct_2022
New Zealand,14848.0,7226911560,72,7226911560,331110,331110,direct_2022
Australia,2449.0,7228205000,72,7228205000,331110,331110,direct_2022
New Zealand,5156.0,7301201000,73,7301201000,331110,331110,direct_2022
Australia,7541.0,7301205000,73,7301205000,331110,331110,direct_2022
Australia,26768.0,7302105060,73,7302105060,331110,331110,direct_2022
Australia,10908110.0,7302909000,73,7302909000,332999,332999,direct_2022
Australia,3341.0,7304416045,73,7304416045,331210,331110,direct_2022
Australia,61810.0,7304903000,73,7304903000,331110,331110,direct_2022
Australia,75408.0,7304907000,73,7304907000,331110,331110,direct_2022
New Zealand,3864.0,7306110050,73,7306110050,331210,331110,direct_2022
Australia,3194.0,7306305020,73,7306305020,331110,331110,direct_2022
Australia,15214.0,7306401015,73,7306401015,331210,331110,direct_2022
Australia,7836.0,7306401090,73,7306401090,331210,331110,direct_2022
New Zealand,20449.0,7306405080,73,7306405080,331210,331110,direct_2022
New Zealand,24523.0,7306405090,73,7306405090,331210,331110,direct_2022
Australia,12257.0,7306501000,73,7306501000,331210,331110,direct_2022
Australia,33226.0,7306505070,73,7306505070,331210,331110,direct_2022
Australia,13618.0,7307110060,73,7307110060,331511,331511,direct_2022
Australia,6760.0,7307193085,73,7307193085,331511,331511,direct_2022
Australia,29540.0,7307199060,73,7307199060,331511,331511,direct_2022
Australia,146031.0,7307199080,73,7307199080,331511,331511,direct_2022
New Zealand,524949.0,7307199080,73,7307199080,331511,331511,direct_2022
Australia,16934.0,7307215000,73,7307215000,332996,332919,direct_2022
New Zealand,56161.0,7307215000,73,7307215000,332996,332919,direct_2022
Australia,51013.0,7307221000,73,7307221000,332996,332919,direct_2022
New Zealand,3835.0,7307221000,73,7307221000,332996,332919,direct_2022
Australia,5062.0,7307225000,73,7307225000,332996,332919,direct_2022
New Zealand,60892.0,7307225000,73,7307225000,332996,332919,direct_2022
Australia,27525.0,7307230090,73,7307230090,332996,332919,direct_2022
Australia,90203.0,7307290030,73,7307290030,332996,332919,direct_2022
Australia,383288.0,7307290090,73,7307290090,332996,332919,direct_2022
New Zealand,727183.0,7307290090,73,7307290090,332996,332919,direct_2022
Australia,25974.0,7307915010,73,7307915010,332996,332919,direct_2022
Australia,2675.0,7307915070,73,7307915070,332996,332919,direct_2022
Australia,24397.0,7307923010,73,7307923010,332996,332919,direct_2022
New Zealand,3534.0,7307923010,73,7307923010,332996,332919,direct_2022
New Zealand,5146.0,7307923030,73,7307923030,332996,332919,direct_2022
Australia,84499.0,7307933040,73,7307933040,332996,332919,direct_2022
Australia,50862.0,7307991000,73,7307991000,332996,332919,direct_2022
Australia,49420.0,7307995045,73,7307995045,332996,332919,direct_2022
New Zealand,20207.0,7307995045,73,7307995045,332996,332919,direct_2022
Australia,19750.0,7307995060,73,7307995060,332996,332919,direct_2022
New Zealand,318494.0,7308100000,73,7308100000,332312,332312,direct_2022
Australia,17745.0,7308200090,73,7308200090,332312,332312,direct_2022
New Zealand,42694.0,7308301000,73,7308301000,332321,332321,direct_2022
Australia,250602.0,7308305050,73,7308305050,332321,332321,direct_2022
New Zealand,28415.0,7308305050,73,7308305050,332321,332321,direct_2022
Australia,106634.0,7308400000,73,7308400000,332323,332323,direct_2022
New Zealand,86352.0,7308400000,73,7308400000,332323,332323,direct_2022
New Zealand,57510.0,7308903000,73,7308903000,332312,332312,direct_2022
Australia,137116.0,7308906000,73,7308906000,332312,332312,direct_2022
New Zealand,5083346.0,7308906000,73,7308906000,332312,332312,direct_2022
Australia,228379.0,7308907000,73,7308907000,332323,332323,direct_2022
New Zealand,3483.0,7308907000,73,7308907000,332323,332323,direct_2022
Australia,1036085.0,7308909530,73,7308909530,332322,332322,direct_2022
New Zealand,711862.0,7308909530,73,7308909530,332322,332322,direct_2022
Australia,62644.0,7308909560,73,7308909560,332323,332323,direct_2022
New Zealand,147989.0,7308909560,73,7308909560,332323,332323,direct_2022
Australia,2773502.0,7308909590,73,7308909590,332312,332312,direct_2022
Christmas Island,158630.0,7308909590,73,7308909590,332312,332312,direct_2022
New Zealand,3127735.0,7308909590,73,7308909590,332312,332312,direct_2022
Australia,6736878.0,7309000030,73,7309000030,332420,332420,direct_2022
New Zealand,45357.0,7309000030,73,7309000030,332420,332420,direct_2022
Australia,257685.0,7309000090,73,7309000090,332420,332420,direct_2022
New Zealand,146126.0,7309000090,73,7309000090,332420,332420,direct_2022
Australia,3945.0,7310100005,73,7310100005,332439,332439,direct_2022
Australia,2110.0,7310100015,73,7310100015,332439,332439,direct_2022
Australia,366716.0,7310100090,73,7310100090,332439,332439,direct_2022
New Zealand,15443.0,7310100090,73,7310100090,332439,332439,direct_2022
Australia,37476.0,7310290030,73,7310290030,332420,332439,direct_2022
New Zealand,14415.0,7310290055,73,7310290055,332420,332439,direct_2022
Micronesia,33566.0,7310290065,73,7310290065,332420,332439,direct_2022
New Zealand,3570.0,7310290065,73,7310290065,332420,332439,direct_2022
Australia,127791.0,7311000090,73,7311000090,332420,332420,direct_2022
New Zealand,7283.0,7311000090,73,7311000090,332420,332420,direct_2022
Australia,6275.0,7312100500,73,7312100500,332618,332618,direct_2022
New Zealand,22582.0,7312101050,73,7312101050,332618,332618,direct_2022
New Zealand,2662.0,7312101070,73,7312101070,332618,332618,direct_2022
Australia,96450.0,7312102000,73,7312102000,332618,332618,direct_2022
New Zealand,202671.0,7312102000,73,7312102000,332618,332618,direct_2022
Australia,3000.0,7312103012,73,7312103012,332618,332618,direct_2022
Australia,437297.0,7312105000,73,7312105000,332618,332618,direct_2022
Australia,94500.0,7312106060,73,7312106060,332618,332618,direct_2022
Australia,9159.0,7312107000,73,7312107000,332618,332618,direct_2022
Australia,10231.0,7312109030,73,7312109030,332618,332618,direct_2022
Australia,31728.0,7312109090,73,7312109090,332618,332618,direct_2022
Australia,255827.0,7312900000,73,7312900000,332618,332618,direct_2022
Marshall Islands,8487.0,7313000000,73,7313000000,332618,332618,direct_2022
New Zealand,6960.0,7314149000,73,7314149000,332618,332618,direct_2022
Australia,23879.0,7314311000,73,7314311000,332618,332618,direct_2022
Marshall Islands,8642.0,7314311000,73,7314311000,332618,332618,direct_2022
Australia,288834.0,7314410030,73,7314410030,332618,332618,direct_2022
Marshall Islands,5440.0,7314410030,73,7314410030,332618,332618,direct_2022
New Zealand,2208.0,7314410030,73,7314410030,332618,332618,direct_2022
Australia,791911.0,7314410080,73,7314410080,332618,332618,direct_2022
New Zealand,2827264.0,7314410080,73,7314410080,332618,332618,direct_2022
Australia,8392.0,7314493000,73,7314493000,332618,332618,direct_2022
Australia,2515.0,7314496000,73,7314496000,332618,332618,direct_2022
Australia,28154.0,7315110005,73,7315110005,332618,332618,direct_2022
Australia,16794.0,7315110045,73,7315110045,332618,332618,direct_2022
French Polynesia,2139.0,7315110045,73,7315110045,332618,332618,direct_2022
New Zealand,26029.0,7315110045,73,7315110045,332618,332618,direct_2022
Australia,5806.0,7315110060,73,7315110060,332618,332618,direct_2022
New Zealand,11924.0,7315120080,73,7315120080,332618,332618,direct_2022
Australia,3492.0,7315190000,73,7315190000,332618,332618,direct_2022
Australia,22466.0,7315810000,73,7315810000,332618,332618,direct_2022
Australia,15795.0,7315821000,73,7315821000,332618,332618,direct_2022
Australia,92743.0,7315825000,73,7315825000,332618,332618,direct_2022
Australia,39988.0,7315895000,73,7315895000,332618,332618,direct_2022
Australia,2238.0,7315900000,73,7315900000,332618,332618,direct_2022
Australia,80988.0,7316000000,73,7316000000,332999,332999,direct_2022
New Zealand,410580.0,7316000000,73,7316000000,332999,332999,direct_2022
Australia,15995.0,7317003000,73,7317003000,331222,331222,direct_2022
Australia,6321.0,7317006560,73,7317006560,331222,331222,direct_2022
Australia,4135.0,7318120000,73,7318120000,332722,332722,direct_2022
Australia,11999.0,7318141030,73,7318141030,332722,332722,direct_2022
Australia,22231.0,7318141060,73,7318141060,332722,332722,direct_2022
New Zealand,7710.0,7318141060,73,7318141060,332722,332722,direct_2022
Australia,10874.0,7318145020,73,7318145020,332722,332722,direct_2022
Australia,16226.0,7318145080,73,7318145080,332722,332722,direct_2022
New Zealand,28156.0,7318145080,73,7318145080,332722,332722,direct_2022
Australia,392582.0,7318152010,73,7318152010,332722,332722,direct_2022
New Zealand,16170.0,7318152010,73,7318152010,332722,332722,direct_2022
New Zealand,8160.0,7318152020,73,7318152020,332722,332722,direct_2022
Australia,12475.0,7318152046,73,7318152046,332722,332722,direct_2022
Australia,11528.0,7318152051,73,7318152051,332722,332722,direct_2022
Australia,1087593.0,7318152055,73,7318152055,332722,332722,direct_2022
Australia,2844630.0,7318152065,73,7318152065,332722,332722,direct_2022
Australia,105795.0,7318152095,73,7318152095,332722,332722,direct_2022
New Zealand,8553.0,7318152095,73,7318152095,332722,332722,direct_2022
Australia,747522.0,7318154000,73,7318154000,332722,332722,direct_2022
New Zealand,8314.0,7318154000,73,7318154000,332722,332722,direct_2022
New Zealand,2375.0,7318155030,73,7318155030,332722,332722,direct_2022
Australia,5881.0,7318155051,73,7318155051,332722,332722,direct_2022
Australia,26481.0,7318155090,73,7318155090,332722,332722,direct_2022
New Zealand,10951.0,7318155090,73,7318155090,332722,332722,direct_2022
Australia,75308.0,7318156040,73,7318156040,332722,332722,direct_2022
Australia,3193.0,7318156070,73,7318156070,332722,332722,direct_2022
Australia,238851.0,7318156080,73,7318156080,332722,332722,direct_2022
New Zealand,4066.0,7318158020,73,7318158020,332722,332722,direct_2022
Australia,3954.0,7318158030,73,7318158030,332722,332722,direct_2022
Australia,271339.0,7318158045,73,7318158045,332722,332722,direct_2022
New Zealand,2514.0,7318158045,73,7318158045,332722,332722,direct_2022
Australia,13885.0,7318158055,73,7318158055,332722,332722,direct_2022
Australia,96342.0,7318158066,73,7318158066,332722,332722,direct_2022
Australia,74736.0,7318158069,73,7318158069,332722,332722,direct_2022
Australia,8745.0,7318158082,73,7318158082,332722,332722,direct_2022
Australia,114859.0,7318158085,73,7318158085,332722,332722,direct_2022
New Zealand,13799.0,7318158085,73,7318158085,332722,332722,direct_2022
Australia,27403.0,7318160060,73,7318160060,332722,332722,direct_2022
Australia,960322.0,7318160085,73,7318160085,332722,332722,direct_2022
New Zealand,6678.0,7318160085,73,7318160085,332722,332722,direct_2022
Australia,67324.0,7318190000,73,7318190000,332722,332722,direct_2022
New Zealand,5969.0,7318190000,73,7318190000,332722,332722,direct_2022
Australia,108785.0,7318210090,73,7318210090,332722,332722,direct_2022
New Zealand,18656.0,7318210090,73,7318210090,332722,332722,direct_2022
Australia,150889.0,7318220000,73,7318220000,332722,332722,direct_2022
New Zealand,8704.0,7318220000,73,7318220000,332722,332722,direct_2022
Australia,30624.0,7318230000,73,7318230000,332722,332722,direct_2022
Australia,27822.0,7318240000,73,7318240000,332722,332722,direct_2022
New Zealand,49103.0,7318240000,73,7318240000,332722,332722,direct_2022
Australia,2210863.0,7318290000,73,7318290000,332722,332722,direct_2022
Nauru,3120.0,7318290000,73,7318290000,332722,332722,direct_2022
New Zealand,29194.0,7318290000,73,7318290000,332722,332722,direct_2022
Australia,19050.0,7319909000,73,7319909000,339993,339993,direct_2022
Australia,11608.0,7320103000,73,7320103000,332613,332613,direct_2022
New Caledonia,48175.0,7320106015,73,7320106015,332613,332613,direct_2022
Australia,7745.0,7320109060,73,7320109060,332613,332613,direct_2022
Australia,10796668.0,7320201000,73,7320201000,332613,332613,direct_2022
New Zealand,2749.0,7320205020,73,7320205020,332613,332613,direct_2022
Australia,39750.0,7320205060,73,7320205060,332613,332613,direct_2022
New Zealand,7203.0,7320205060,73,7320205060,332613,332613,direct_2022
Australia,82915.0,7320905020,73,7320905020,332613,332613,direct_2022
Australia,68556.0,7320905060,73,7320905060,332613,332613,direct_2022
New Zealand,28186.0,7320905060,73,7320905060,332613,332613,direct_2022
Australia,6293.0,7321111030,73,7321111030,335220,335220,direct_2022
Australia,3825.0,7321111060,73,7321111060,335220,335220,direct_2022
Australia,2594517.0,7321113050,73,7321113050,335220,335220,direct_2022
Australia,8045580.0,7321116000,73,7321116000,335220,335220,direct_2022
New Zealand,61010.0,7321116000,73,7321116000,335220,335220,direct_2022
New Zealand,9472.0,7321190060,73,7321190060,335220,335220,direct_2022
Australia,116415.0,7321190080,73,7321190080,335220,335220,direct_2022
New Zealand,4985.0,7321815000,73,7321815000,335220,333414,direct_2022
Australia,7000.0,7321825000,73,7321825000,335220,333414,direct_2022
New Zealand,12705.0,7321890010,73,7321890010,335220,333414,direct_2022
Australia,19965.0,7321890050,73,7321890050,335220,333414,direct_2022
New Zealand,105314.0,7321890050,73,7321890050,335220,333414,direct_2022
Australia,2239.0,7321904000,73,7321904000,335220,335220,direct_2022
Australia,3595.0,7321905000,73,7321905000,335220,335220,direct_2022
New Zealand,106100.0,7321906060,73,7321906060,335220,335220,direct_2022
Australia,25914.0,7321906090,73,7321906090,335220,333414,direct_2022
New Zealand,15894.0,7321906090,73,7321906090,335220,333414,direct_2022
Australia,5317.0,7322190000,73,7322190000,333414,333414,direct_2022
Australia,19645.0,7322900045,73,7322900045,333415,333415,direct_2022
New Zealand,6826.0,7322900045,73,7322900045,333415,333415,direct_2022
Australia,7747.0,7323920040,73,7323920040,332215,331511,direct_2022
Australia,144603.0,7323930045,73,7323930045,332215,332215,direct_2022
Australia,3116.0,7323930060,73,7323930060,332215,332215,direct_2022
New Caledonia,15944.0,7323930060,73,7323930060,332215,332215,direct_2022
Australia,71880.0,7323930080,73,7323930080,332439,332999,direct_2022
New Zealand,2230.0,7323930080,73,7323930080,332439,332999,direct_2022
Australia,7187.0,7323940040,73,7323940040,332215,332215,direct_2022
Australia,3566.0,7323940080,73,7323940080,332999,332999,direct_2022
Australia,14464.0,7323999030,73,7323999030,332215,332215,direct_2022
Australia,6771.0,7323999080,73,7323999080,332999,332999,direct_2022
Australia,13032.0,7324100010,73,7324100010,332999,332999,direct_2022
New Zealand,7511.0,7324290000,73,7324290000,332999,332999,direct_2022
Australia,93839.0,7324900000,73,7324900000,332999,332999,direct_2022
New Zealand,201439.0,7324900000,73,7324900000,332999,332999,direct_2022
Australia,149534.0,7325100020,73,7325100020,331511,331511,direct_2022
New Zealand,121136.0,7325100030,73,7325100030,331511,331511,direct_2022
Australia,2922.0,7325991000,73,7325991000,331512,331511,direct_2022
New Zealand,77200.0,7325991000,73,7325991000,331512,331511,direct_2022
Norfolk Island,2267.0,7325991000,73,7325991000,331512,331511,direct_2022
Australia,31097.0,7325995000,73,7325995000,331512,331513,direct_2022
New Zealand,177770.0,7325995000,73,7325995000,331512,331513,direct_2022
Australia,6354.0,7326110000,73,7326110000,327910,332999,direct_2022
Australia,13065.0,7326190010,73,7326190010,332111,332999,direct_2022
New Zealand,3600.0,7326190010,73,7326190010,332111,332999,direct_2022
Australia,27434.0,7326190080,73,7326190080,332111,332999,direct_2022
New Zealand,605457.0,7326190080,73,7326190080,332111,332999,direct_2022
Australia,3863.0,7326200020,73,7326200020,332618,332618,direct_2022
Australia,175016.0,7326200090,73,7326200090,332618,332618,direct_2022
New Zealand,52259.0,7326200090,73,7326200090,332618,332618,direct_2022
New Zealand,63748.0,7326901000,73,7326901000,332999,332999,direct_2022
Australia,488859.0,7326906000,73,7326906000,339910,339910,direct_2022
New Zealand,3696.0,7326906000,73,7326906000,339910,339910,direct_2022
New Zealand,3296.0,7326908630,73,7326908630,332999,332999,direct_2022
Australia,54943.0,7326908635,73,7326908635,331222,331222,direct_2022
New Zealand,569380.0,7326908635,73,7326908635,331222,331222,direct_2022
Australia,10871150.0,7326908688,73,7326908688,332999,332999,direct_2022
Cook Islands,3002.0,7326908688,73,7326908688,332999,332999,direct_2022
Marshall Islands,32000.0,7326908688,73,7326908688,332999,332999,direct_2022
Nauru,60266.0,7326908688,73,7326908688,332999,332999,direct_2022
New Caledonia,2270.0,7326908688,73,7326908688,332999,332999,direct_2022
New Zealand,3354539.0,7326908688,73,7326908688,332999,332999,direct_2022
Australia,2940.0,7402000000,74,7402000000,331410,331410,direct_2022
Australia,4732361.0,7403110000,74,7403110000,331410,331410,direct_2022
Australia,3895.0,7403190000,74,7403190000,331410,331410,direct_2022
Australia,63898.0,7403210000,74,7403210000,331410,331410,direct_2022
New Zealand,4046258.0,7403290180,74,7403290180,331410,331410,direct_2022
New Zealand,9809.0,7407213000,74,7407213000,331420,331420,direct_2022
New Zealand,3291.0,7407215000,74,7407215000,331420,331420,direct_2022
New Zealand,39705.0,7407219000,74,7407219000,331420,331420,direct_2022
Australia,93566.0,7408113000,74,7408113000,331420,331420,direct_2022
Australia,25713.0,7408116000,74,7408116000,331420,331420,direct_2022
Australia,11980.0,7408221000,74,7408221000,331420,331420,direct_2022
Australia,2025.0,7409399060,74,7409399060,331420,331420,direct_2022
New Zealand,187568.0,7409909060,74,7409909060,331420,331420,direct_2022
Australia,2476.0,7410213040,74,7410213040,331420,332999,direct_2022
Cocos (Keeling) Islands,19083.0,7410213040,74,7410213040,331420,332999,direct_2022
New Zealand,69282.0,7411215000,74,7411215000,331420,331420,direct_2022
New Zealand,17797.0,7411220000,74,7411220000,331420,331420,direct_2022
Australia,341639.0,7412100000,74,7412100000,332996,332919,direct_2022
Australia,136500.0,7412200025,74,7412200025,332996,332919,direct_2022
Australia,5326644.0,7412200035,74,7412200035,332996,332919,direct_2022
New Zealand,7246.0,7412200035,74,7412200035,332996,332919,direct_2022
Australia,22304447.0,7412200045,74,7412200045,332996,332919,direct_2022
New Zealand,73549.0,7412200085,74,7412200085,332996,332919,direct_2022
Australia,27319.0,7412200090,74,7412200090,332996,332919,direct_2022
New Zealand,2231.0,7415100000,74,7415100000,332618,332618,direct_2022
New Zealand,434323.0,7415210000,74,7415210000,332722,332722,direct_2022
Australia,96606.0,7415338010,74,7415338010,332722,332722,direct_2022
New Zealand,18202.0,7415338010,74,7415338010,332722,332722,direct_2022
Australia,13910.0,7415338050,74,7415338050,332722,332722,direct_2022
Australia,12712.0,7415390000,74,7415390000,332722,332722,direct_2022
Australia,3660.0,7418100025,74,7418100025,332215,332999,direct_2022
New Zealand,166990.0,7418201000,74,7418201000,332999,332999,direct_2022
Australia,15882.0,7418205000,74,7418205000,332999,332999,direct_2022
New Zealand,56004.0,7419200010,74,7419200010,332913,332913,direct_2022
Australia,2359.0,7419200050,74,7419200050,332112,332999,direct_2022
New Zealand,36307.0,7419200050,74,7419200050,332112,332999,direct_2022
Australia,7260.0,7419803000,74,7419803000,339910,339910,direct_2022
Australia,222133.0,7419805010,74,7419805010,332913,332913,direct_2022
New Zealand,432114.0,7419805010,74,7419805010,332913,332913,direct_2022
Australia,895419.0,7419805050,74,7419805050,332999,332999,direct_2022
New Caledonia,6188.0,7419805050,74,7419805050,332999,332999,direct_2022
New Zealand,3374563.0,7419805050,74,7419805050,332999,332999,direct_2022
Australia,2615.0,7501200000,75,7501200000,331410,331410,direct_2022
Australia,131427714.0,7502100000,75,7502100000,331410,331410,direct_2022
Australia,1219592.0,7503000000,75,7503000000,910000,910000,direct_2022
Australia,2057787.0,7504000010,75,7504000010,331410,331492,direct_2022
Australia,50928355.0,7505123000,75,7505123000,331491,331491,direct_2022
Australia,381567.0,7505125000,75,7505125000,331491,331491,direct_2022
New Zealand,24174.0,7506100500,75,7506100500,331491,332999,direct_2022
Australia,2576.0,7506203000,75,7506203000,331491,331491,direct_2022
Micronesia,10000.0,7507200000,75,7507200000,332919,332919,direct_2022
Australia,168292.0,7508905000,75,7508905000,332999,332999,direct_2022
Marshall Islands,8370.0,7508905000,75,7508905000,332999,332999,direct_2022
Australia,54131868.0,7601106030,76,7601106030,331313,331313,direct_2022
New Zealand,14684058.0,7601106030,76,7601106030,331313,331313,direct_2022
Australia,105876143.0,7601106090,76,7601106090,331313,331313,direct_2022
New Zealand,58247.0,7601106090,76,7601106090,331313,331313,direct_2022
Australia,32064590.0,7601209045,76,7601209045,331313,331314,direct_2022
Australia,754099.0,7601209080,76,7601209080,331313,331313,direct_2022
Australia,27484529.0,7601209085,76,7601209085,331313,331313,direct_2022
Australia,1231676.0,7601209095,76,7601209095,331313,331313,direct_2022
Australia,35586270.0,7603100000,76,7603100000,331314,331314,direct_2022
Australia,18521.0,7603200000,76,7603200000,331314,331314,direct_2022
New Zealand,2687.0,7604101000,76,7604101000,331318,331318,direct_2022
Australia,1806918.0,7604210090,76,7604210090,331318,331318,direct_2022
New Zealand,5783.0,7604291010,76,7604291010,331318,331318,direct_2022
Australia,1231284.0,7604291090,76,7604291090,331318,331318,direct_2022
New Zealand,10894.0,7604291090,76,7604291090,331318,331318,direct_2022
Australia,13450.0,7604295090,76,7604295090,331318,331318,direct_2022
New Zealand,16293.0,7604295090,76,7604295090,331318,331318,direct_2022
Australia,10174.0,7606113030,76,7606113030,331315,331315,direct_2022
New Zealand,3675.0,7606113030,76,7606113030,331315,331315,direct_2022
Australia,2588.0,7606116000,76,7606116000,331315,331315,direct_2022
New Zealand,2488.0,7606116000,76,7606116000,331315,331315,direct_2022
Australia,48009.0,7606123035,76,7606123035,331315,331315,direct_2022
Australia,22892.0,7606126000,76,7606126000,331315,331315,direct_2022
Australia,23336.0,7607201000,76,7607201000,322220,332999,direct_2022
Australia,128659.0,7607205000,76,7607205000,322220,332999,direct_2022
Australia,30235.0,7608100090,76,7608100090,331318,331318,direct_2022
Australia,6336.0,7608200030,76,7608200030,331318,331318,direct_2022
Australia,25370.0,7608200090,76,7608200090,331318,331318,direct_2022
New Zealand,3918.0,7608200090,76,7608200090,331318,331318,direct_2022
Australia,199669.0,7609000000,76,7609000000,332996,332919,direct_2022
New Zealand,4277.0,7609000000,76,7609000000,332996,332919,direct_2022
Australia,27025.0,7610100010,76,7610100010,332321,332321,direct_2022
New Zealand,49916.0,7610100010,76,7610100010,332321,332321,direct_2022
New Zealand,13826.0,7610100020,76,7610100020,332321,332321,direct_2022
Australia,189122.0,7610100030,76,7610100030,332321,332321,direct_2022
New Zealand,21859.0,7610100030,76,7610100030,332321,332321,direct_2022
New Zealand,3472.0,7610900020,76,7610900020,332322,332322,direct_2022
Australia,665483.0,7610900040,76,7610900040,332323,332323,direct_2022
Australia,2547427.0,7610900080,76,7610900080,332312,332312,direct_2022
New Zealand,362227.0,7610900080,76,7610900080,332312,332312,direct_2022
Australia,28876.0,7611000030,76,7611000030,332420,332420,direct_2022
Australia,6020.0,7611000090,76,7611000090,332420,332420,direct_2022
Australia,13930.0,7612901090,76,7612901090,332431,332431,direct_2022
Australia,3240.0,7614902030,76,7614902030,331318,331318,direct_2022
Australia,288200.0,7615107180,76,7615107180,332215,332215,direct_2022
Australia,29208.0,7615109100,76,7615109100,332215,332215,direct_2022
New Zealand,3204.0,7615109100,76,7615109100,332215,332215,direct_2022
New Zealand,3408.0,7616103000,76,7616103000,332722,332722,direct_2022
Australia,75998.0,7616107030,76,7616107030,332722,332722,direct_2022
New Zealand,14390.0,7616107090,76,7616107090,332722,332722,direct_2022
Australia,13245.0,7616109030,76,7616109030,332722,332722,direct_2022
Australia,13008.0,7616109090,76,7616109090,332722,332722,direct_2022
Australia,173598.0,7616910000,76,7616910000,332618,332618,direct_2022
Australia,39226.0,7616991000,76,7616991000,332999,332999,direct_2022
New Zealand,6320.0,7616991000,76,7616991000,332999,332999,direct_2022
Australia,14284.0,7616995120,76,7616995120,332999,332999,direct_2022
New Zealand,26640.0,7616995130,76,7616995130,332999,332999,direct_2022
Australia,14895.0,7616995150,76,7616995150,332999,332999,direct_2022
New Zealand,3014.0,7616995150,76,7616995150,332999,332999,direct_2022
Australia,682812.0,7616995160,76,7616995160,331523,331523,direct_2022
Marshall Islands,53128.0,7616995160,76,7616995160,331523,331523,direct_2022
New Zealand,10932.0,7616995160,76,7616995160,331523,331523,direct_2022
Australia,2615685.0,7616995190,76,7616995190,332999,332999,direct_2022
New Zealand,369624.0,7616995190,76,7616995190,332999,332999,direct_2022
Australia,135994964.0,7801100000,78,7801100000,331410,331410,direct_2022
Australia,11000.0,7806000300,78,7806000300,331491,331491,direct_2022
Australia,24986251.0,7901110000,79,7901110000,331410,331410,direct_2022
Australia,9234.0,7903903000,79,7903903000,331492,331492,direct_2022
Australia,4348.0,7907002000,79,7907002000,331491,331491,direct_2022
Australia,21816.0,7907006000,79,7907006000,332999,332999,direct_2022
Christmas Island,12870.0,8002000000,80,8002000000,910000,910000,direct_2022
New Zealand,2475.0,8007004000,80,8007004000,331491,331491,direct_2022
Australia,247772.0,8101991000,81,8101991000,331491,331491,direct_2022
Australia,13062.0,8102953000,81,8102953000,331491,331491,direct_2022
Australia,996270.0,8102970000,81,8102970000,910000,910000,direct_2022
Australia,7516.0,8104300000,81,8104300000,331492,331492,direct_2022
Australia,40000.0,8105203000,81,8105203000,331410,331410,direct_2022
Australia,2382622.0,8105206000,81,8105206000,331410,331410,direct_2022
Australia,688565.0,8105209000,81,8105209000,331491,331491,direct_2022
Australia,50232.0,8105300000,81,8105300000,910000,331491,direct_2022
Australia,183673.0,8108200095,81,8108200095,331410,331410,direct_2022
Australia,85182.0,8108903060,81,8108903060,331491,331491,direct_2022
New Zealand,26298.0,8108903060,81,8108903060,331491,331491,direct_2022
Australia,15684.0,8108906045,81,8108906045,331491,331491,direct_2022
Australia,27655.0,8108906075,81,8108906075,331491,331491,direct_2022
Australia,5259.0,8109990000,81,8109990000,331491,331491,direct_2022
Australia,35660.0,8110900000,81,8110900000,331410,331410,direct_2022
Australia,449008.0,8112699000,81,8112699000,331491,331491,direct_2022
Australia,6497.0,8112999100,81,8112999100,331491,331491,direct_2022
Australia,18096.0,8113000000,81,8113000000,331410,332999,direct_2022
New Zealand,50888.0,8201300010,82,8201300010,332216,332216,direct_2022
New Zealand,4857.0,8201300080,82,8201300080,332216,332216,direct_2022
New Zealand,2174.0,8201403000,82,8201403000,332216,332216,direct_2022
New Zealand,20648.0,8201406010,82,8201406010,332216,332216,direct_2022
Australia,3133.0,8201903000,82,8201903000,332216,332216,direct_2022
Australia,43437.0,8201906000,82,8201906000,332216,332216,direct_2022
New Zealand,382064.0,8201906000,82,8201906000,332216,332216,direct_2022
Australia,15074.0,8202100000,82,8202100000,332216,332216,direct_2022
New Zealand,21427.0,8202100000,82,8202100000,332216,332216,direct_2022
Australia,3128.0,8202200030,82,8202200030,332216,332216,direct_2022
Australia,91134.0,8202200060,82,8202200060,332216,332216,direct_2022
New Zealand,6197.0,8202200060,82,8202200060,332216,332216,direct_2022
Australia,108636.0,8202310000,82,8202310000,332216,332216,direct_2022
New Zealand,4497.0,8202310000,82,8202310000,332216,332216,direct_2022
Australia,80453.0,8202390010,82,8202390010,332216,332216,direct_2022
Australia,2730.0,8202390040,82,8202390040,332216,332216,direct_2022
Australia,3640.0,8202390070,82,8202390070,332216,332216,direct_2022
New Zealand,10835.0,8202390070,82,8202390070,332216,332216,direct_2022
Australia,15118.0,8202406060,82,8202406060,332216,332216,direct_2022
Australia,10719.0,8202990000,82,8202990000,332216,332216,direct_2022
New Zealand,25068.0,8202990000,82,8202990000,332216,332216,direct_2022
Australia,24680.0,8203109000,82,8203109000,332216,332216,direct_2022
Australia,8878.0,8203202000,82,8203202000,332215,332215,direct_2022
New Zealand,255023.0,8203202000,82,8203202000,332215,332215,direct_2022
Australia,2153.0,8203206030,82,8203206030,332216,332216,direct_2022
New Zealand,8726.0,8203206030,82,8203206030,332216,332216,direct_2022
Australia,529571.0,8203206060,82,8203206060,332216,332216,direct_2022
French Polynesia,5432.0,8203206060,82,8203206060,332216,332216,direct_2022
New Zealand,70832.0,8203206060,82,8203206060,332216,332216,direct_2022
Australia,8143.0,8203208000,82,8203208000,332216,332216,direct_2022
New Zealand,2575.0,8203208000,82,8203208000,332216,332216,direct_2022
Australia,5031.0,8203406000,82,8203406000,332216,332216,direct_2022
Australia,209805.0,8204110060,82,8204110060,332216,332216,direct_2022
New Zealand,14790.0,8204110060,82,8204110060,332216,332216,direct_2022
Australia,29729.0,8204120000,82,8204120000,332216,332216,direct_2022
Australia,55575.0,8204200000,82,8204200000,332216,332216,direct_2022
Marshall Islands,3000.0,8205100000,82,8205100000,332216,332216,direct_2022
Australia,11537.0,8205203000,82,8205203000,332216,332216,direct_2022
Australia,125606.0,8205206000,82,8205206000,332216,332216,direct_2022
New Zealand,6600.0,8205206000,82,8205206000,332216,332216,direct_2022
Australia,2922.0,8205306000,82,8205306000,332216,332216,direct_2022
Australia,32193.0,8205400000,82,8205400000,332216,332216,direct_2022
New Zealand,3463.0,8205513030,82,8205513030,332215,332215,direct_2022
Australia,5140.0,8205513060,82,8205513060,332216,332216,direct_2022
Australia,6864.0,8205517500,82,8205517500,332216,332216,direct_2022
Australia,190046.0,8205592000,82,8205592000,333991,333991,direct_2022
New Zealand,4434.0,8205592000,82,8205592000,333991,333991,direct_2022
Australia,3500.0,8205593010,82,8205593010,332216,332216,direct_2022
New Zealand,13684.0,8205593010,82,8205593010,332216,332216,direct_2022
Australia,7446.0,8205593080,82,8205593080,332216,332216,direct_2022
New Zealand,63370.0,8205593080,82,8205593080,332216,332216,direct_2022
Australia,2310.0,8205594500,82,8205594500,332216,332216,direct_2022
New Zealand,10066.0,8205595505,82,8205595505,332215,332215,direct_2022
Australia,568183.0,8205595510,82,8205595510,332216,332216,direct_2022
Australia,399924.0,8205595560,82,8205595560,332216,332216,direct_2022
Marshall Islands,6570.0,8205595560,82,8205595560,332216,332216,direct_2022
New Zealand,55678.0,8205595560,82,8205595560,332216,332216,direct_2022
Australia,136758.0,8205596000,82,8205596000,332216,332216,direct_2022
Australia,8174.0,8205597000,82,8205597000,332216,332216,direct_2022
New Zealand,51078.0,8205597000,82,8205597000,332216,332216,direct_2022
Australia,359820.0,8205598000,82,8205598000,332216,332216,direct_2022
New Zealand,151189.0,8205598000,82,8205598000,332216,332216,direct_2022
Australia,15981.0,8205700030,82,8205700030,332216,332216,direct_2022
Australia,32492.0,8205700060,82,8205700060,332216,332216,direct_2022
Australia,242179.0,8205700090,82,8205700090,332216,332216,direct_2022
New Zealand,21186.0,8205700090,82,8205700090,332216,332216,direct_2022
Australia,5673.0,8205901000,82,8205901000,332216,332111,direct_2022
New Zealand,8263.0,8205901000,82,8205901000,332216,332111,direct_2022
Australia,57972.0,8206000000,82,8206000000,332216,332216,direct_2022
Australia,77695.0,8207130000,82,8207130000,333131,333131,direct_2022
Nauru,304015.0,8207130000,82,8207130000,333131,333131,direct_2022
Australia,82517.0,8207193030,82,8207193030,333131,333131,direct_2022
Australia,9846.0,8207193060,82,8207193060,333131,333131,direct_2022
Australia,4279.0,8207193090,82,8207193090,333131,333131,direct_2022
Australia,14100.0,8207196030,82,8207196030,333131,333131,direct_2022
Australia,22103.0,8207196070,82,8207196070,333131,333131,direct_2022
Australia,400456.0,8207196090,82,8207196090,333131,333131,direct_2022
Australia,8531.0,8207200040,82,8207200040,333514,333514,direct_2022
Australia,25258.0,8207303020,82,8207303020,333515,333517,direct_2022
New Zealand,192413.0,8207303020,82,8207303020,333515,333517,direct_2022
New Zealand,22729.0,8207303050,82,8207303050,333515,333517,direct_2022
Australia,246236.0,8207306062,82,8207306062,333514,333514,direct_2022
New Zealand,34750.0,8207306062,82,8207306062,333514,333514,direct_2022
Australia,94125.0,8207306092,82,8207306092,333514,332216,direct_2022
New Zealand,3240.0,8207306092,82,8207306092,333514,332216,direct_2022
Australia,30212.0,8207306095,82,8207306095,333514,333514,direct_2022
New Zealand,36509.0,8207306095,82,8207306095,333514,333514,direct_2022
Australia,10688.0,8207403000,82,8207403000,333515,333515,direct_2022
Australia,653726.0,8207406000,82,8207406000,333515,333515,direct_2022
Australia,2880.0,8207502055,82,8207502055,333515,333517,direct_2022
Niue,46107.0,8207502070,82,8207502070,333515,332216,direct_2022
Australia,5503.0,8207502080,82,8207502080,333515,333517,direct_2022
Australia,14200.0,8207504030,82,8207504030,333515,333515,direct_2022
Australia,45148.0,8207508000,82,8207508000,333515,333991,direct_2022
New Zealand,32740.0,8207508000,82,8207508000,333515,333991,direct_2022
Australia,30745.0,8207600061,82,8207600061,333515,333515,direct_2022
Australia,141067.0,8207703030,82,8207703030,333515,333515,direct_2022
Australia,4050.0,8207703040,82,8207703040,332216,332216,direct_2022
Australia,171100.0,8207706060,82,8207706060,333515,333515,direct_2022
New Zealand,2888.0,8207803000,82,8207803000,333515,333515,direct_2022
New Zealand,68714.0,8207806000,82,8207806000,333515,333515,direct_2022
New Zealand,2573.0,8207903075,82,8207903075,332216,332216,direct_2022
New Zealand,11200.0,8207904500,82,8207904500,333515,333515,direct_2022
Australia,207918.0,8207906000,82,8207906000,332216,332216,direct_2022
New Zealand,21060.0,8207906000,82,8207906000,332216,332216,direct_2022
Australia,3221.0,8207907545,82,8207907545,332216,332216,direct_2022
Australia,691039.0,8207907585,82,8207907585,332216,332216,direct_2022
New Zealand,10625.0,8207907585,82,8207907585,332216,332216,direct_2022
Australia,32353.0,8208100060,82,8208100060,333515,333515,direct_2022
Australia,71829.0,8208200060,82,8208200060,332216,332216,direct_2022
Australia,1024434.0,8208200090,82,8208200090,332216,332216,direct_2022
Nauru,2213.0,8208300060,82,8208300060,335220,332216,direct_2022
Australia,303836.0,8208403000,82,8208403000,332216,332216,direct_2022
New Zealand,101739.0,8208403000,82,8208403000,332216,332216,direct_2022
Australia,3009529.0,8208406000,82,8208406000,332216,332216,direct_2022
New Zealand,64356.0,8208406000,82,8208406000,332216,332216,direct_2022
Australia,930954.0,8208906000,82,8208906000,332216,332216,direct_2022
New Zealand,32731.0,8208906000,82,8208906000,332216,332216,direct_2022
Australia,2910.0,8209000030,82,8209000030,333515,333515,direct_2022
Australia,17554.0,8209000060,82,8209000060,333515,333515,direct_2022
Australia,24638.0,8210000000,82,8210000000,335210,335210,direct_2022
New Zealand,8825.0,8210000000,82,8210000000,335210,335210,direct_2022
Australia,3775.0,8211914000,82,8211914000,332215,332215,direct_2022
Nauru,23739.0,8211918060,82,8211918060,332215,332215,direct_2022
New Zealand,2793.0,8211922000,82,8211922000,332215,332215,direct_2022
New Zealand,2015.0,8211924050,82,8211924050,332215,332215,direct_2022
Australia,3074.0,8211929030,82,8211929030,332215,332215,direct_2022
Australia,4305.0,8211929060,82,8211929060,332215,332215,direct_2022
New Zealand,2569.0,8211930031,82,8211930031,332215,332215,direct_2022
Australia,4205.0,8211930035,82,8211930035,332215,332215,direct_2022
Australia,2102.0,8211930060,82,8211930060,332215,332215,direct_2022
New Zealand,7310.0,8211930060,82,8211930060,332215,332215,direct_2022
Australia,5688.0,8211945000,82,8211945000,332215,332215,direct_2022
New Zealand,7037.0,8211945000,82,8211945000,332215,332215,direct_2022
Australia,3614.0,8211959000,82,8211959000,332215,332215,direct_2022
New Zealand,2009.0,8211959000,82,8211959000,332215,332215,direct_2022
Fiji,130680.0,8212100000,82,8212100000,332215,332215,direct_2022
Australia,178579.0,8212200010,82,8212200010,332215,332215,direct_2022
Australia,22317.0,8213009000,82,8213009000,332215,332215,direct_2022
New Zealand,3391.0,8213009000,82,8213009000,332215,332215,direct_2022
Australia,10864.0,8214203000,82,8214203000,332215,332215,direct_2022
Cocos (Keeling) Islands,25760.0,8214203000,82,8214203000,332215,332215,direct_2022
Australia,27116.0,8214209000,82,8214209000,332215,332215,direct_2022
Australia,10749.0,8214909000,82,8214909000,332215,332215,direct_2022
Australia,37500.0,8215916000,82,8215916000,332215,332215,direct_2022
Nauru,5568.0,8215991500,82,8215991500,332215,332215,direct_2022
Nauru,24428.0,8215992600,82,8215992600,332215,332215,direct_2022
Nauru,2688.0,8215993500,82,8215993500,332215,332215,direct_2022
Australia,3070.0,8215994500,82,8215994500,332215,332215,direct_2022
Fiji,2045.0,8215995000,82,8215995000,332215,332215,direct_2022
Australia,38040.0,8301105000,83,8301105000,332510,332510,direct_2022
New Zealand,33180.0,8301106020,83,8301106020,332510,332510,direct_2022
Australia,3400.0,8301106080,83,8301106080,332510,332510,direct_2022
Australia,5225.0,8301108000,83,8301108000,332510,332510,direct_2022
New Zealand,12230.0,8301200060,83,8301200060,332510,332510,direct_2022
Australia,72352.0,8301300060,83,8301300060,332510,332510,direct_2022
Australia,7660.0,8301300090,83,8301300090,332510,332510,direct_2022
Australia,1031103.0,8301406030,83,8301406030,332510,332510,direct_2022
Marshall Islands,146160.0,8301406030,83,8301406030,332510,332510,direct_2022
New Zealand,749511.0,8301406030,83,8301406030,332510,332510,direct_2022
Australia,4024556.0,8301406060,83,8301406060,332510,332510,direct_2022
New Zealand,129885.0,8301406060,83,8301406060,332510,332510,direct_2022
Australia,9553.0,8301500000,83,8301500000,332510,332510,direct_2022
Australia,100783.0,8301600000,83,8301600000,332510,332510,direct_2022
French Polynesia,9671.0,8301600000,83,8301600000,332510,332510,direct_2022
New Zealand,80622.0,8301600000,83,8301600000,332510,332510,direct_2022
Australia,5511.0,8301700000,83,8301700000,332510,332510,direct_2022
Australia,10762.0,8302103000,83,8302103000,332510,332510,direct_2022
New Zealand,2096.0,8302103000,83,8302103000,332510,332510,direct_2022
Australia,117521.0,8302106030,83,8302106030,332510,332510,direct_2022
Australia,18385.0,8302106060,83,8302106060,332510,332510,direct_2022
French Polynesia,10310.0,8302106060,83,8302106060,332510,332510,direct_2022
Australia,2768906.0,8302106090,83,8302106090,332510,332510,direct_2022
New Zealand,318130.0,8302106090,83,8302106090,332510,332510,direct_2022
New Zealand,143820.0,8302109030,83,8302109030,332510,332510,direct_2022
Australia,65503.0,8302109090,83,8302109090,332510,332510,direct_2022
New Zealand,23956.0,8302109090,83,8302109090,332510,332510,direct_2022
Australia,282518.0,8302200000,83,8302200000,332510,332510,direct_2022
Australia,123621.0,8302303010,83,8302303010,333995,333995,direct_2022
New Zealand,5705.0,8302303010,83,8302303010,333995,333995,direct_2022
Australia,4177920.0,8302303060,83,8302303060,332510,332510,direct_2022
Christmas Island,13774.0,8302303060,83,8302303060,332510,332510,direct_2022
New Zealand,24216.0,8302303060,83,8302303060,332510,332510,direct_2022
Australia,596771.0,8302306000,83,8302306000,332510,332510,direct_2022
New Zealand,28416.0,8302306000,83,8302306000,332510,332510,direct_2022
Australia,5700.0,8302413000,83,8302413000,332510,332510,direct_2022
New Zealand,5562.0,8302413000,83,8302413000,332510,332510,direct_2022
Australia,32256.0,8302416015,83,8302416015,332510,332510,direct_2022
New Zealand,160588.0,8302416015,83,8302416015,332510,332510,direct_2022
Australia,691832.0,8302416045,83,8302416045,332510,332510,direct_2022
New Zealand,203070.0,8302416045,83,8302416045,332510,332510,direct_2022
Australia,419917.0,8302416080,83,8302416080,332510,332510,direct_2022
New Zealand,1688084.0,8302416080,83,8302416080,332510,332510,direct_2022
New Zealand,76088.0,8302419015,83,8302419015,332510,332510,direct_2022
Australia,6500.0,8302419045,83,8302419045,332510,332510,direct_2022
New Zealand,13555.0,8302419045,83,8302419045,332510,332510,direct_2022
New Zealand,7495.0,8302419050,83,8302419050,337920,337920,direct_2022
Australia,5028028.0,8302419080,83,8302419080,332510,332510,direct_2022
New Zealand,317821.0,8302419080,83,8302419080,332510,332510,direct_2022
Australia,23297.0,8302423010,83,8302423010,333995,333995,direct_2022
Australia,176763.0,8302423065,83,8302423065,332510,332510,direct_2022
Christmas Island,7469.0,8302423065,83,8302423065,332510,332510,direct_2022
New Zealand,7262.0,8302423065,83,8302423065,332510,332510,direct_2022
Australia,35778.0,8302426000,83,8302426000,332510,332510,direct_2022
New Zealand,67914.0,8302426000,83,8302426000,332510,332510,direct_2022
Australia,3094.0,8302492000,83,8302492000,332510,332510,direct_2022
Australia,20672.0,8302496045,83,8302496045,332510,332510,direct_2022
Australia,4029199.0,8302496055,83,8302496055,332510,332510,direct_2022
New Zealand,325895.0,8302496055,83,8302496055,332510,332510,direct_2022
Australia,3557667.0,8302496085,83,8302496085,332510,332510,direct_2022
New Zealand,349425.0,8302496085,83,8302496085,332510,332510,direct_2022
Australia,1002190.0,8302498050,83,8302498050,332510,332510,direct_2022
Australia,440422.0,8302498090,83,8302498090,332510,332510,direct_2022
New Zealand,31648.0,8302498090,83,8302498090,332510,332510,direct_2022
Australia,3660929.0,8302500000,83,8302500000,337215,337127,direct_2022
Christmas Island,4160.0,8302500000,83,8302500000,337215,337127,direct_2022
New Zealand,194750.0,8302500000,83,8302500000,337215,337127,direct_2022
New Zealand,141632.0,8302603000,83,8302603000,332510,335999,direct_2022
Australia,7348.0,8302609000,83,8302609000,332510,335999,direct_2022
New Zealand,213831.0,8302609000,83,8302609000,332510,335999,direct_2022
Australia,420323.0,8303000000,83,8303000000,332999,332999,direct_2022
New Zealand,4755.0,8303000000,83,8303000000,332999,332999,direct_2022
Australia,14153.0,8304000000,83,8304000000,332999,332999,direct_2022
Australia,2527.0,8305200000,83,8305200000,332618,331222,direct_2022
Australia,20434.0,8306100000,83,8306100000,332999,332999,direct_2022
New Zealand,5733.0,8306210000,83,8306210000,339930,339910,direct_2022
Australia,87916.0,8306290000,83,8306290000,339930,339910,direct_2022
Cocos (Keeling) Islands,3925.0,8306290000,83,8306290000,339930,339910,direct_2022
New Zealand,123594.0,8306290000,83,8306290000,339930,339910,direct_2022
Australia,3028.0,8306300000,83,8306300000,339999,339999,direct_2022
New Zealand,171358.0,8306300000,83,8306300000,339999,339999,direct_2022
Australia,11280.0,8307103000,83,8307103000,332999,332999,direct_2022
New Zealand,12386.0,8307103000,83,8307103000,332999,332999,direct_2022
Australia,67055.0,8307106000,83,8307106000,332999,332999,direct_2022
New Zealand,28035.0,8307106000,83,8307106000,332999,332999,direct_2022
Australia,14365.0,8307906000,83,8307906000,332999,332999,direct_2022
Australia,440820.0,8308906000,83,8308906000,339993,339993,direct_2022
Australia,35438.0,8308909000,83,8308909000,339993,339993,direct_2022
Nauru,2143.0,8308909000,83,8308909000,339993,339993,direct_2022
Australia,362639.0,8309900000,83,8309900000,332119,332119,direct_2022
Micronesia,8830.0,8309900000,83,8309900000,332119,332119,direct_2022
New Zealand,120371.0,8309900000,83,8309900000,332119,332119,direct_2022
Australia,79073.0,8309900010,83,8309900010,332119,332119,new_hs_code_2024
Australia,85834.0,8309900090,83,8309900090,332119,332119,new_hs_code_2024
Australia,89049.0,8310000000,83,8310000000,339950,339950,direct_2022
New Zealand,29769.0,8310000000,83,8310000000,339950,339950,direct_2022
Australia,187887.0,8311100000,83,8311100000,333992,333992,direct_2022
Australia,32542.0,8311200000,83,8311200000,333992,333992,direct_2022
Australia,10841.0,8311306000,83,8311306000,333992,331491,direct_2022
Australia,18888.0,8311900000,83,8311900000,333992,333992,direct_2022
Australia,20313.0,8401200000,84,8401200000,333998,333999,direct_2022
Australia,8066.0,8402190000,84,8402190000,332410,332410,direct_2022
Australia,119222.0,8403100000,84,8403100000,333414,333414,direct_2022
Australia,6384.0,8405900000,84,8405900000,333998,335312,direct_2022
New Zealand,500000.0,8406109000,84,8406109000,333611,333611,direct_2022
Australia,32077.0,8406904580,84,8406904580,333611,333611,direct_2022
Australia,9000.0,8406907500,84,8406907500,333611,333611,direct_2022
New Zealand,8532.0,8406907500,84,8406907500,333611,333611,direct_2022
Australia,17633.0,8407100020,84,8407100020,336412,336412,direct_2022
Australia,7689687.0,8407100090,84,8407100090,336412,336412,direct_2022
New Zealand,13616.0,8407210040,84,8407210040,333618,333618,direct_2022
New Zealand,482735.0,8407210080,84,8407210080,333618,333618,direct_2022
Australia,69884.0,8407321000,84,8407321000,333618,333618,direct_2022
Australia,5600.0,8407329080,84,8407329080,336310,333618,direct_2022
New Zealand,105550.0,8407329080,84,8407329080,336310,333618,direct_2022
New Zealand,7824.0,8407339080,84,8407339080,333618,333618,direct_2022
Australia,20925.0,8407340590,84,8407340590,333618,333618,direct_2022
New Zealand,21742.0,8407341400,84,8407341400,336310,336310,direct_2022
New Zealand,14780.0,8407341800,84,8407341800,336310,336310,direct_2022
New Zealand,43622.0,8407342500,84,8407342500,333618,333618,direct_2022
Australia,3500.0,8407344400,84,8407344400,336310,336310,direct_2022
Australia,33280.0,8407344800,84,8407344800,336310,336310,direct_2022
Australia,92141.0,8407345500,84,8407345500,333618,333618,direct_2022
Australia,58000.0,8407901080,84,8407901080,333618,333618,direct_2022
Australia,14651.0,8407909010,84,8407909010,333618,333618,direct_2022
Australia,27233.0,8407909080,84,8407909080,333618,333618,direct_2022
New Zealand,25062.0,8407909080,84,8407909080,333618,333618,direct_2022
Australia,4500.0,8408100050,84,8408100050,333618,333618,direct_2022
Australia,11040.0,8408201080,84,8408201080,333618,333618,direct_2022
New Zealand,2044.0,8408201080,84,8408201080,333618,333618,direct_2022
Australia,4339845.0,8408202000,84,8408202000,333618,333618,direct_2022
New Caledonia,62969.0,8408202000,84,8408202000,333618,333618,direct_2022
Australia,539297.0,8408209000,84,8408209000,333618,333618,direct_2022
New Caledonia,7953.0,8408209000,84,8408209000,333618,333618,direct_2022
New Zealand,4798.0,8408209000,84,8408209000,333618,333618,direct_2022
Australia,37660.0,8408901040,84,8408901040,333618,333618,direct_2022
Australia,2725.0,8408901080,84,8408901080,333618,333618,direct_2022
Australia,11711.0,8408909010,84,8408909010,333618,333618,direct_2022
Australia,293121.0,8408909020,84,8408909020,333618,333618,direct_2022
New Zealand,5322.0,8408909020,84,8408909020,333618,333618,direct_2022
Australia,297543.0,8408909030,84,8408909030,333618,333618,direct_2022
New Caledonia,4672.0,8408909030,84,8408909030,333618,333618,direct_2022
Australia,895944.0,8408909040,84,8408909040,333618,333618,direct_2022
New Zealand,4456.0,8408909040,84,8408909040,333618,333618,direct_2022
Australia,1459089.0,8408909050,84,8408909050,333618,333618,direct_2022
New Caledonia,5392.0,8408909050,84,8408909050,333618,333618,direct_2022
Australia,36367.0,8409100040,84,8409100040,336412,336412,direct_2022
New Zealand,4857.0,8409100040,84,8409100040,336412,336412,direct_2022
Australia,426990.0,8409100080,84,8409100080,336412,336412,direct_2022
New Zealand,54000.0,8409100080,84,8409100080,336412,336412,direct_2022
Australia,521779.0,8409911040,84,8409911040,336310,336310,direct_2022
New Zealand,88405.0,8409911040,84,8409911040,336310,336310,direct_2022
Australia,20581.0,8409911060,84,8409911060,333618,333618,direct_2022
Australia,56364.0,8409911080,84,8409911080,333618,333618,direct_2022
New Zealand,15551.0,8409911080,84,8409911080,333618,333618,direct_2022
Australia,44296.0,8409913000,84,8409913000,336310,336310,direct_2022
New Zealand,28778.0,8409913000,84,8409913000,336310,336310,direct_2022
Australia,58783.0,8409915010,84,8409915010,336310,336310,direct_2022
Australia,4941117.0,8409915085,84,8409915085,336310,336310,direct_2022
Fiji,5051.0,8409915085,84,8409915085,336310,336310,direct_2022
New Zealand,821005.0,8409915085,84,8409915085,336310,336310,direct_2022
Australia,101367.0,8409919290,84,8409919290,333618,333618,direct_2022
New Zealand,85220.0,8409919290,84,8409919290,333618,333618,direct_2022
Australia,16209.0,8409919910,84,8409919910,333618,333618,direct_2022
Australia,1241259.0,8409919990,84,8409919990,333618,333618,direct_2022
Nauru,11040.0,8409919990,84,8409919990,333618,333618,direct_2022
New Zealand,59753.0,8409919990,84,8409919990,333618,333618,direct_2022
New Zealand,20804.0,8409991040,84,8409991040,333618,333618,direct_2022
New Zealand,30617.0,8409991060,84,8409991060,333618,333618,direct_2022
Australia,4420.0,8409991080,84,8409991080,333618,333618,direct_2022
New Zealand,10626.0,8409991080,84,8409991080,333618,333618,direct_2022
Australia,2231070.0,8409999190,84,8409999190,333618,333618,direct_2022
New Caledonia,2373.0,8409999190,84,8409999190,333618,333618,direct_2022
New Zealand,4141.0,8409999190,84,8409999190,333618,333618,direct_2022
Australia,192563.0,8409999290,84,8409999290,333618,333618,direct_2022
New Zealand,27168.0,8409999290,84,8409999290,333618,333618,direct_2022
Australia,218446.0,8409999910,84,8409999910,333618,333618,direct_2022
Australia,3364490.0,8409999990,84,8409999990,333618,333618,direct_2022
French Polynesia,10413.0,8409999990,84,8409999990,333618,333618,direct_2022
New Zealand,2752054.0,8409999990,84,8409999990,333618,333618,direct_2022
Australia,480000.0,8411114000,84,8411114000,336412,336412,direct_2022
Australia,25000.0,8411214000,84,8411214000,336412,336412,direct_2022
Australia,158858.0,8411218000,84,8411218000,333611,333611,direct_2022
Australia,1153063.0,8411814000,84,8411814000,336412,336412,direct_2022
Australia,2026052.0,8411828010,84,8411828010,333611,333611,direct_2022
Australia,137760.0,8411911060,84,8411911060,336412,336412,direct_2022
New Zealand,2547.0,8411911060,84,8411911060,336412,336412,direct_2022
Australia,16215.0,8411911090,84,8411911090,336412,336412,direct_2022
Australia,5591.0,8411919040,84,8411919040,333611,333611,direct_2022
New Zealand,5439.0,8411919040,84,8411919040,333611,333611,direct_2022
Australia,2993376.0,8411919085,84,8411919085,336412,336412,direct_2022
Christmas Island,52365.0,8411919085,84,8411919085,336412,336412,direct_2022
French Polynesia,222218.0,8411919085,84,8411919085,336412,336412,direct_2022
New Caledonia,2721.0,8411919085,84,8411919085,336412,336412,direct_2022
New Zealand,465542.0,8411919085,84,8411919085,336412,336412,direct_2022
New Zealand,4445.0,8411991010,84,8411991010,333611,333611,direct_2022
Australia,5114309.0,8411991040,84,8411991040,336412,336412,direct_2022
Australia,54614.0,8411999085,84,8411999085,333611,333611,direct_2022
New Zealand,100803.0,8411999085,84,8411999085,333611,333611,direct_2022
Australia,357482.0,8411999090,84,8411999090,336412,336412,direct_2022
New Zealand,51974.0,8411999090,84,8411999090,336412,336412,direct_2022
New Zealand,12983.0,8412100010,84,8412100010,336415,336415,direct_2022
Australia,38196.0,8412100090,84,8412100090,336412,336412,direct_2022
New Zealand,11992.0,8412100090,84,8412100090,336412,336412,direct_2022
Australia,23691.0,8412210015,84,8412210015,333995,333995,direct_2022
New Zealand,73782.0,8412210015,84,8412210015,333995,333995,direct_2022
Australia,462566.0,8412210030,84,8412210030,333995,333995,direct_2022
New Zealand,314954.0,8412210030,84,8412210030,333995,333995,direct_2022
Australia,24716.0,8412210045,84,8412210045,333995,333995,direct_2022
New Zealand,22152.0,8412210045,84,8412210045,333995,333995,direct_2022
Australia,2449109.0,8412210075,84,8412210075,333995,333995,direct_2022
New Zealand,735166.0,8412210075,84,8412210075,333995,333995,direct_2022
Australia,90619.0,8412294000,84,8412294000,333996,333618,direct_2022
New Zealand,7614065.0,8412294000,84,8412294000,333996,333618,direct_2022
Australia,89115.0,8412298015,84,8412298015,333996,333996,direct_2022
New Zealand,3225.0,8412298015,84,8412298015,333996,333996,direct_2022
Australia,1185360.0,8412298045,84,8412298045,333996,333996,direct_2022
New Caledonia,2138.0,8412298045,84,8412298045,333996,333996,direct_2022
New Zealand,5431.0,8412298045,84,8412298045,333996,333996,direct_2022
Australia,2942.0,8412298060,84,8412298060,333996,333996,direct_2022
Australia,401714.0,8412298075,84,8412298075,333996,333996,direct_2022
New Zealand,2688191.0,8412298075,84,8412298075,333996,333996,direct_2022
Australia,8568.0,8412310040,84,8412310040,333995,333995,direct_2022
New Zealand,18703.0,8412310040,84,8412310040,333995,333995,direct_2022
Australia,14762.0,8412310080,84,8412310080,333995,333995,direct_2022
French Polynesia,4900.0,8412310080,84,8412310080,333995,333995,direct_2022
New Zealand,17791.0,8412310080,84,8412310080,333995,333995,direct_2022
Australia,1540055.0,8412390040,84,8412390040,333996,333996,direct_2022
Australia,609283.0,8412390080,84,8412390080,333996,333996,direct_2022
French Polynesia,5400.0,8412390080,84,8412390080,333996,333996,direct_2022
New Zealand,33701.0,8412390080,84,8412390080,333996,333996,direct_2022
Australia,80809.0,8412809000,84,8412809000,333618,333618,direct_2022
New Zealand,23775.0,8412809000,84,8412809000,333618,333618,direct_2022
Australia,18901.0,8412901000,84,8412901000,333995,333618,direct_2022
New Zealand,3431483.0,8412901000,84,8412901000,333995,333618,direct_2022
Australia,772208.0,8412909005,84,8412909005,333995,333995,direct_2022
New Zealand,5292.0,8412909005,84,8412909005,333995,333995,direct_2022
Australia,1856128.0,8412909015,84,8412909015,333996,333996,direct_2022
New Zealand,27732.0,8412909015,84,8412909015,333996,333996,direct_2022
New Zealand,9043.0,8412909025,84,8412909025,333995,333995,direct_2022
Australia,7107.0,8412909035,84,8412909035,333996,333996,direct_2022
New Zealand,195813.0,8412909050,84,8412909050,336415,336415,direct_2022
Australia,1042564.0,8412909085,84,8412909085,333618,333618,direct_2022
New Zealand,369928.0,8412909085,84,8412909085,333618,333618,direct_2022
Australia,590725.0,8413110000,84,8413110000,333914,333914,direct_2022
New Zealand,5800.0,8413110000,84,8413110000,333914,333914,direct_2022
Australia,64090.0,8413190000,84,8413190000,333914,333914,direct_2022
Australia,175637.0,8413200000,84,8413200000,333914,333914,direct_2022
New Zealand,88790.0,8413200000,84,8413200000,333914,333914,direct_2022
Australia,3112564.0,8413301000,84,8413301000,336310,336310,direct_2022
New Caledonia,11099.0,8413301000,84,8413301000,336310,336310,direct_2022
New Zealand,77232.0,8413301000,84,8413301000,336310,336310,direct_2022
Australia,184895.0,8413309030,84,8413309030,336310,336310,direct_2022
New Zealand,107343.0,8413309030,84,8413309030,336310,336310,direct_2022
Australia,310746.0,8413309060,84,8413309060,336310,336310,direct_2022
Australia,375571.0,8413309090,84,8413309090,336310,336310,direct_2022
New Caledonia,159139.0,8413309090,84,8413309090,336310,336310,direct_2022
New Zealand,30037.0,8413309090,84,8413309090,336310,336310,direct_2022
Australia,17374.0,8413400000,84,8413400000,333120,333120,direct_2022
Australia,10694.0,8413500050,84,8413500050,333914,333914,direct_2022
Australia,38606.0,8413500070,84,8413500070,333996,333996,direct_2022
Australia,2230907.0,8413500080,84,8413500080,333996,333996,direct_2022
New Caledonia,4493.0,8413500080,84,8413500080,333996,333996,direct_2022
New Zealand,44011.0,8413500080,84,8413500080,333996,333996,direct_2022
Australia,581290.0,8413500090,84,8413500090,333914,333914,direct_2022
French Polynesia,20410.0,8413500090,84,8413500090,333914,333914,direct_2022
New Zealand,38084.0,8413500090,84,8413500090,333914,333914,direct_2022
Australia,30973.0,8413600020,84,8413600020,333996,333996,direct_2022
New Zealand,12294.0,8413600020,84,8413600020,333996,333996,direct_2022
Australia,1229166.0,8413600030,84,8413600030,333996,333996,direct_2022
New Caledonia,2767.0,8413600030,84,8413600030,333996,333996,direct_2022
New Zealand,30969.0,8413600030,84,8413600030,333996,333996,direct_2022
Australia,187247.0,8413600040,84,8413600040,333996,333996,direct_2022
New Zealand,5539.0,8413600040,84,8413600040,333996,333996,direct_2022
Australia,6767.0,8413600070,84,8413600070,333914,333914,direct_2022
Australia,892879.0,8413600090,84,8413600090,333914,333914,direct_2022
New Zealand,5990.0,8413600090,84,8413600090,333914,333914,direct_2022
Australia,157952.0,8413701000,84,8413701000,333914,333914,direct_2022
Australia,1728078.0,8413702004,84,8413702004,333914,333914,direct_2022
Australia,16251.0,8413702005,84,8413702005,333914,333914,direct_2022
Christmas Island,2983.0,8413702015,84,8413702015,333914,333914,direct_2022
Australia,33999.0,8413702022,84,8413702022,333914,333914,direct_2022
Australia,123309.0,8413702025,84,8413702025,333914,333914,direct_2022
New Zealand,121104.0,8413702040,84,8413702040,333914,333914,direct_2022
Australia,1887368.0,8413702090,84,8413702090,333914,333914,direct_2022
Australia,100756.0,8413810020,84,8413810020,333914,333914,direct_2022
Australia,257861.0,8413810030,84,8413810030,333914,333914,direct_2022
Australia,554490.0,8413810040,84,8413810040,333914,333914,direct_2022
New Caledonia,2364.0,8413810040,84,8413810040,333914,333914,direct_2022
New Zealand,308590.0,8413810040,84,8413810040,333914,333914,direct_2022
Australia,21129.0,8413911000,84,8413911000,336310,336310,direct_2022
New Zealand,187526.0,8413911000,84,8413911000,336310,336310,direct_2022
New Zealand,52477.0,8413912000,84,8413912000,333914,333914,direct_2022
Australia,904526.0,8413919010,84,8413919010,336310,336310,direct_2022
New Zealand,207325.0,8413919010,84,8413919010,336310,336310,direct_2022
New Zealand,2090.0,8413919055,84,8413919055,333996,333914,direct_2022
Australia,115464.0,8413919060,84,8413919060,333996,333996,direct_2022
New Zealand,151790.0,8413919060,84,8413919060,333996,333996,direct_2022
Australia,744362.0,8413919085,84,8413919085,333914,333914,direct_2022
New Zealand,3477.0,8413919085,84,8413919085,333914,333914,direct_2022
Australia,5994291.0,8413919096,84,8413919096,333914,333914,direct_2022
Marshall Islands,4000.0,8413919096,84,8413919096,333914,333914,direct_2022
New Zealand,619940.0,8413919096,84,8413919096,333914,333914,direct_2022
Australia,494613.0,8414100000,84,8414100000,333912,333912,direct_2022
Christmas Island,18006.0,8414100000,84,8414100000,333912,333912,direct_2022
New Zealand,14726.0,8414100000,84,8414100000,333912,333912,direct_2022
Australia,287318.0,8414200000,84,8414200000,333912,333912,direct_2022
Australia,39567.0,8414304000,84,8414304000,333415,333415,direct_2022
Fiji,9965.0,8414304000,84,8414304000,333415,333415,direct_2022
New Zealand,2601.0,8414304000,84,8414304000,333415,333415,direct_2022
Australia,4923.0,8414308010,84,8414308010,333415,333415,direct_2022
Australia,44650.0,8414308030,84,8414308030,336390,336390,direct_2022
Australia,9229.0,8414308050,84,8414308050,333415,333415,direct_2022
Australia,16500.0,8414308070,84,8414308070,333415,333415,direct_2022
New Zealand,50526.0,8414308080,84,8414308080,333415,333415,direct_2022
Australia,8062.0,8414308090,84,8414308090,333415,333415,direct_2022
Australia,59263.0,8414400000,84,8414400000,333912,333912,direct_2022
New Zealand,27886.0,8414400000,84,8414400000,333912,333912,direct_2022
Cocos (Keeling) Islands,35608.0,8414513000,84,8414513000,335210,335210,direct_2022
Australia,2639.0,8414519090,84,8414519090,335210,335210,direct_2022
Australia,22075.0,8414591000,84,8414591000,339992,339992,direct_2022
Australia,17528.0,8414591500,84,8414591500,333413,333413,direct_2022
Christmas Island,4000.0,8414591500,84,8414591500,333413,333413,direct_2022
New Zealand,2076.0,8414591500,84,8414591500,333413,333413,direct_2022
Australia,233574.0,8414593000,84,8414593000,333618,333618,direct_2022
New Zealand,19104.0,8414596540,84,8414596540,336320,336320,direct_2022
Australia,133325.0,8414596560,84,8414596560,333413,333413,direct_2022
New Zealand,15119.0,8414596560,84,8414596560,333413,333413,direct_2022
Australia,1911043.0,8414596590,84,8414596590,333413,333413,direct_2022
New Caledonia,5021.0,8414596590,84,8414596590,333413,333413,direct_2022
New Zealand,3104.0,8414596590,84,8414596590,333413,333413,direct_2022
Australia,2559742.0,8414596595,84,8414596595,333413,333413,direct_2022
New Zealand,288479.0,8414596595,84,8414596595,333413,333413,direct_2022
New Zealand,68105.0,8414600000,84,8414600000,335210,335210,direct_2022
Australia,3239648.0,8414800500,84,8414800500,333912,333912,direct_2022
New Caledonia,8427.0,8414800500,84,8414800500,333912,333912,direct_2022
New Zealand,103503.0,8414800500,84,8414800500,333912,333912,direct_2022
Australia,4073314.0,8414801605,84,8414801605,333912,333912,direct_2022
Australia,353119.0,8414801615,84,8414801615,333912,333912,direct_2022
Australia,2988.0,8414801625,84,8414801625,333912,333912,direct_2022
Australia,31433.0,8414801680,84,8414801680,333912,333912,direct_2022
Australia,2900904.0,8414801685,84,8414801685,333912,333912,direct_2022
Australia,20216.0,8414801690,84,8414801690,333912,333912,direct_2022
Australia,2662.0,8414802005,84,8414802005,333912,333912,direct_2022
Australia,179393.0,8414809000,84,8414809000,333912,333912,direct_2022
New Zealand,33065.0,8414809000,84,8414809000,333912,333912,direct_2022
Australia,14122.0,8414901040,84,8414901040,335210,335210,direct_2022
Australia,289948.0,8414901080,84,8414901080,333413,333413,direct_2022
New Zealand,26952.0,8414901080,84,8414901080,333413,333413,direct_2022
Australia,4000.0,8414903000,84,8414903000,333415,333415,direct_2022
New Zealand,16784.0,8414903000,84,8414903000,333415,333415,direct_2022
Australia,18787.0,8414904140,84,8414904140,333415,333415,direct_2022
French Polynesia,3475.0,8414904145,84,8414904145,333912,333912,direct_2022
Australia,4734.0,8414904155,84,8414904155,333912,333912,direct_2022
Australia,192211.0,8414904190,84,8414904190,333912,333912,direct_2022
New Zealand,53053.0,8414904190,84,8414904190,333912,333912,direct_2022
Australia,44272.0,8414909140,84,8414909140,333912,333912,direct_2022
New Zealand,2627.0,8414909140,84,8414909140,333912,333912,direct_2022
Australia,256793.0,8414909180,84,8414909180,333912,333912,direct_2022
Nauru,7390.0,8414909180,84,8414909180,333912,333912,direct_2022
New Zealand,9828.0,8414909180,84,8414909180,333912,333912,direct_2022
Australia,2031.0,8415103040,84,8415103040,333415,333415,direct_2022
Australia,202299.0,8415103080,84,8415103080,333415,333415,direct_2022
New Zealand,112120.0,8415103080,84,8415103080,333415,333415,direct_2022
Australia,2430.0,8415109000,84,8415109000,333415,333415,direct_2022
Australia,11702.0,8415200000,84,8415200000,336390,336390,direct_2022
New Zealand,53314.0,8415810120,84,8415810120,333415,333415,direct_2022
Australia,99249.0,8415820105,84,8415820105,333415,333415,direct_2022
Australia,241320.0,8415820110,84,8415820110,333415,333415,direct_2022
New Zealand,62630.0,8415820110,84,8415820110,333415,333415,direct_2022
Australia,6496.0,8415820115,84,8415820115,333415,333415,direct_2022
Australia,170446.0,8415820170,84,8415820170,333415,333415,direct_2022
Australia,151993.0,8415830070,84,8415830070,332410,332410,direct_2022
Australia,16403.0,8415830090,84,8415830090,333415,333415,direct_2022
New Zealand,407970.0,8415830090,84,8415830090,333415,333415,direct_2022
Australia,275990.0,8415904000,84,8415904000,333415,333415,direct_2022
Australia,118314.0,8415908025,84,8415908025,333415,335312,direct_2022
Australia,71747.0,8415908045,84,8415908045,336390,336390,direct_2022
Kiribati,2873.0,8415908045,84,8415908045,336390,336390,direct_2022
Australia,885329.0,8415908085,84,8415908085,333415,333415,direct_2022
Cook Islands,7993.0,8415908085,84,8415908085,333415,333415,direct_2022
New Zealand,1197700.0,8415908085,84,8415908085,333415,333415,direct_2022
Australia,40965.0,8416200040,84,8416200040,333414,333414,direct_2022
New Zealand,3367.0,8416200080,84,8416200080,333414,333414,direct_2022
Australia,19560.0,8416900000,84,8416900000,333414,333414,direct_2022
New Zealand,121626.0,8416900000,84,8416900000,333414,333414,direct_2022
Australia,4129118.0,8417200000,84,8417200000,333241,333241,direct_2022
Australia,11135.0,8417800000,84,8417800000,333994,333994,direct_2022
Australia,1752427.0,8417900000,84,8417900000,333994,333994,direct_2022
Australia,23081.0,8418100010,84,8418100010,335220,335220,direct_2022
Australia,26390.0,8418100090,84,8418100090,335220,335220,direct_2022
Australia,10703.0,8418210010,84,8418210010,335220,335220,direct_2022
New Zealand,38258.0,8418500040,84,8418500040,333415,333415,direct_2022
Australia,103922.0,8418500080,84,8418500080,333415,333415,direct_2022
Australia,251369.0,8418610100,84,8418610100,333415,333415,direct_2022
Australia,17303.0,8418690130,84,8418690130,333415,333415,direct_2022
New Zealand,4560.0,8418690130,84,8418690130,333415,333415,direct_2022
Australia,2500100.0,8418690180,84,8418690180,333415,333415,direct_2022
New Zealand,937617.0,8418690180,84,8418690180,333415,333415,direct_2022
Australia,9200.0,8418994000,84,8418994000,335220,335220,direct_2022
New Zealand,30661.0,8418994000,84,8418994000,335220,335220,direct_2022
Australia,4301.0,8418998050,84,8418998050,335220,335220,direct_2022
New Zealand,3296.0,8418998050,84,8418998050,335220,335220,direct_2022
Australia,36392.0,8418998060,84,8418998060,335220,335220,direct_2022
New Zealand,1296998.0,8418998060,84,8418998060,335220,335220,direct_2022
Australia,219251.0,8419120000,84,8419120000,333310,335220,direct_2022
Australia,2582.0,8419190160,84,8419190160,333310,335220,direct_2022
Australia,13455.0,8419200010,84,8419200010,339113,339113,direct_2022
Australia,15541768.0,8419200020,84,8419200020,339113,339113,direct_2022
Australia,196648.0,8419331000,84,8419331000,333111,333111,direct_2022
New Zealand,1342625.0,8419335000,84,8419335000,333998,333999,direct_2022
Australia,6453.0,8419390270,84,8419390270,333241,333241,direct_2022
Australia,632662.0,8419400040,84,8419400040,333241,333241,direct_2022
Australia,26798.0,8419400080,84,8419400080,333248,333249,direct_2022
Australia,576032.0,8419501000,84,8419501000,332410,332410,direct_2022
New Zealand,15430.0,8419501000,84,8419501000,332410,332410,direct_2022
Australia,2272073.0,8419505000,84,8419505000,332410,332410,direct_2022
New Caledonia,4617.0,8419505000,84,8419505000,332410,332410,direct_2022
New Zealand,79688.0,8419505000,84,8419505000,332410,332410,direct_2022
Australia,2731425.0,8419601000,84,8419601000,333998,333999,direct_2022
Australia,141261.0,8419605000,84,8419605000,333998,333999,direct_2022
Australia,7576.0,8419815040,84,8419815040,333414,333414,direct_2022
Cocos (Keeling) Islands,3200.0,8419815040,84,8419815040,333414,333414,direct_2022
Australia,950479.0,8419815080,84,8419815080,333414,333414,direct_2022
New Zealand,28437435.0,8419815080,84,8419815080,333414,333414,direct_2022
Australia,213011.0,8419819040,84,8419819040,333310,333318,direct_2022
New Zealand,50949.0,8419819040,84,8419819040,333310,333318,direct_2022
Australia,3041854.0,8419819080,84,8419819080,333310,333318,direct_2022
New Zealand,16760885.0,8419819080,84,8419819080,333310,333318,direct_2022
Australia,53523.0,8419891000,84,8419891000,333243,333243,direct_2022
New Zealand,2950.0,8419891000,84,8419891000,333243,333243,direct_2022
Australia,26826.0,8419899540,84,8419899540,333998,333999,direct_2022
Australia,985639.0,8419899585,84,8419899585,333998,333999,direct_2022
New Zealand,3735.0,8419899585,84,8419899585,333998,333999,direct_2022
Australia,49665.0,8419901000,84,8419901000,335220,335220,direct_2022
New Zealand,615295.0,8419902000,84,8419902000,333243,333243,direct_2022
Australia,63054.0,8419903000,84,8419903000,332410,332410,direct_2022
New Zealand,23248.0,8419903000,84,8419903000,332410,332410,direct_2022
Australia,4087132.0,8419905040,84,8419905040,339113,339113,direct_2022
New Zealand,152000.0,8419905040,84,8419905040,339113,339113,direct_2022
Australia,43884.0,8419905080,84,8419905080,333998,333999,direct_2022
New Zealand,6102.0,8419908500,84,8419908500,333991,333991,direct_2022
Australia,13566.0,8419909520,84,8419909520,333310,333318,direct_2022
New Zealand,19325.0,8419909520,84,8419909520,333310,333318,direct_2022
Australia,5953164.0,8419909580,84,8419909580,333248,333249,direct_2022
New Zealand,1020275.0,8419909580,84,8419909580,333248,333249,direct_2022
New Zealand,7148.0,8420109040,84,8420109040,333248,333249,direct_2022
New Zealand,14419.0,8420109080,84,8420109080,333998,333999,direct_2022
Australia,3100.0,8420911000,84,8420911000,333248,333249,direct_2022
Australia,2319.0,8420999000,84,8420999000,333248,333249,direct_2022
New Zealand,7563.0,8420999000,84,8420999000,333248,333249,direct_2022
Australia,9393.0,8421110000,84,8421110000,333241,333111,direct_2022
Australia,4118.0,8421120000,84,8421120000,333310,335220,direct_2022
Australia,778000.0,8421190000,84,8421190000,333998,333999,direct_2022
New Zealand,295276.0,8421190000,84,8421190000,333998,333999,direct_2022
Australia,10678682.0,8421210000,84,8421210000,333310,333999,direct_2022
New Zealand,254903.0,8421210000,84,8421210000,333310,333999,direct_2022
New Zealand,11323.0,8421220000,84,8421220000,333241,333999,direct_2022
Australia,250423.0,8421230000,84,8421230000,336390,336390,direct_2022
New Zealand,43475.0,8421230000,84,8421230000,336390,336390,direct_2022
Australia,13776.0,8421290005,84,8421290005,333998,333415,direct_2022
New Zealand,14514.0,8421290005,84,8421290005,333998,333415,direct_2022
Australia,7907.0,8421290015,84,8421290015,333998,333999,direct_2022
Australia,9072.0,8421290040,84,8421290040,333998,333999,direct_2022
Australia,3575465.0,8421290065,84,8421290065,333998,333999,direct_2022
New Zealand,272158.0,8421290065,84,8421290065,333998,333999,direct_2022
Australia,39710.0,8421310000,84,8421310000,336390,336390,direct_2022
New Zealand,204369.0,8421310000,84,8421310000,336390,336390,direct_2022
Australia,1024193.0,8421320000,84,8421320000,336390,336390,direct_2022
New Zealand,7862230.0,8421320000,84,8421320000,336390,336390,direct_2022
Australia,55842.0,8421390105,84,8421390105,333413,333413,direct_2022
Australia,1350234.0,8421390115,84,8421390115,333413,333413,direct_2022
New Zealand,8778.0,8421390115,84,8421390115,333413,333413,direct_2022
Australia,7157.0,8421390130,84,8421390130,333413,333413,direct_2022
Australia,1624527.0,8421390190,84,8421390190,333998,333999,direct_2022
New Zealand,4841.0,8421390190,84,8421390190,333998,333999,direct_2022
Australia,2831366.0,8421916000,84,8421916000,333998,333999,direct_2022
New Zealand,44818.0,8421916000,84,8421916000,333998,333999,direct_2022
Australia,40999304.0,8421990140,84,8421990140,333998,333999,direct_2022
Cook Islands,4459.0,8421990140,84,8421990140,333998,333999,direct_2022
New Zealand,397354.0,8421990140,84,8421990140,333998,333999,direct_2022
Australia,2841711.0,8421990180,84,8421990180,333998,333999,direct_2022
New Zealand,3878399.0,8421990180,84,8421990180,333998,333999,direct_2022
Australia,5731.0,8422200000,84,8422200000,333993,333993,direct_2022
Australia,733671.0,8422309120,84,8422309120,333993,333993,direct_2022
Australia,10665.0,8422309140,84,8422309140,333993,333993,direct_2022
New Zealand,5208.0,8422309140,84,8422309140,333993,333993,direct_2022
Australia,76005.0,8422309160,84,8422309160,333993,333993,direct_2022
Australia,6121.0,8422309170,84,8422309170,333993,333993,direct_2022
New Zealand,301444.0,8422309170,84,8422309170,333993,333993,direct_2022
Australia,113289.0,8422309180,84,8422309180,333993,333993,direct_2022
New Zealand,2551748.0,8422309180,84,8422309180,333993,333993,direct_2022
Australia,2060000.0,8422309185,84,8422309185,333993,333993,direct_2022
Australia,3376564.0,8422309191,84,8422309191,333993,333993,direct_2022
New Zealand,97115.0,8422309191,84,8422309191,333993,333993,direct_2022
Australia,128490.0,8422401110,84,8422401110,333993,333993,direct_2022
Australia,52342.0,8422409140,84,8422409140,333993,333993,direct_2022
New Zealand,2215.0,8422409150,84,8422409150,333993,333993,direct_2022
New Zealand,239712.0,8422409160,84,8422409160,333993,333993,direct_2022
New Zealand,304607.0,8422409170,84,8422409170,333993,333993,direct_2022
Australia,7157.0,8422409181,84,8422409181,333993,333993,direct_2022
New Zealand,488319.0,8422409181,84,8422409181,333993,333993,direct_2022
Australia,175733.0,8422900400,84,8422900400,335220,335220,direct_2022
New Zealand,2004.0,8422900640,84,8422900640,335220,335220,direct_2022
Australia,3700.0,8422901100,84,8422901100,333993,333993,direct_2022
New Zealand,7377.0,8422901100,84,8422901100,333993,333993,direct_2022
New Zealand,179748.0,8422902100,84,8422902100,333993,333993,direct_2022
Australia,13791.0,8422909120,84,8422909120,333993,333993,direct_2022
New Zealand,193708.0,8422909120,84,8422909120,333993,333993,direct_2022
New Zealand,4731.0,8422909130,84,8422909130,333993,333993,direct_2022
Australia,7780233.0,8422909160,84,8422909160,333993,333993,direct_2022
New Zealand,13111434.0,8422909160,84,8422909160,333993,333993,direct_2022
Australia,4369453.0,8422909195,84,8422909195,333993,333993,direct_2022
French Polynesia,7915.0,8422909195,84,8422909195,333993,333993,direct_2022
Nauru,35622.0,8422909195,84,8422909195,333993,333993,direct_2022
New Zealand,2890776.0,8422909195,84,8422909195,333993,333993,direct_2022
Australia,22912.0,8423100060,84,8423100060,333998,333997,direct_2022
New Zealand,10340.0,8423201000,84,8423201000,333998,333997,direct_2022
Australia,27260.0,8423209000,84,8423209000,333998,333997,direct_2022
New Zealand,2712.0,8423209000,84,8423209000,333998,333997,direct_2022
Australia,3958.0,8423810040,84,8423810040,333998,333997,direct_2022
New Zealand,18564.0,8423810040,84,8423810040,333998,333997,direct_2022
Australia,42600.0,8423810050,84,8423810050,333998,333997,direct_2022
Australia,32735.0,8423820010,84,8423820010,333998,333997,direct_2022
New Zealand,3692579.0,8423820010,84,8423820010,333998,333997,direct_2022
Australia,12497.0,8423820050,84,8423820050,333998,333997,direct_2022
New Zealand,1586207.0,8423820050,84,8423820050,333998,333997,direct_2022
New Zealand,32935.0,8423891000,84,8423891000,333998,333997,direct_2022
Australia,96834.0,8423899000,84,8423899000,333998,333997,direct_2022
New Zealand,169994.0,8423899000,84,8423899000,333998,333997,direct_2022
Australia,31708.0,8423901000,84,8423901000,333998,333997,direct_2022
New Zealand,2241184.0,8423901000,84,8423901000,333998,333997,direct_2022
Australia,273069.0,8423909000,84,8423909000,333998,333997,direct_2022
New Zealand,893009.0,8423909000,84,8423909000,333998,333997,direct_2022
Australia,301144.0,8424100000,84,8424100000,339999,339999,direct_2022
New Zealand,3000.0,8424100000,84,8424100000,339999,339999,direct_2022
Australia,100064.0,8424201000,84,8424201000,333912,333912,direct_2022
Australia,48936.0,8424209000,84,8424209000,333912,333912,direct_2022
Australia,119359.0,8424309000,84,8424309000,333310,333318,direct_2022
New Zealand,42397.0,8424411000,84,8424411000,333111,333111,direct_2022
Australia,522264.0,8424490000,84,8424490000,333111,333111,direct_2022
New Zealand,162401.0,8424490000,84,8424490000,333111,333111,direct_2022
Australia,267491.0,8424820010,84,8424820010,333111,333111,direct_2022
Australia,484164.0,8424820020,84,8424820020,333111,333111,direct_2022
New Zealand,205697.0,8424820020,84,8424820020,333111,333111,direct_2022
Australia,357685.0,8424820090,84,8424820090,333111,333111,direct_2022
New Zealand,8496.0,8424820090,84,8424820090,333111,333111,direct_2022
Australia,45762.0,8424891000,84,8424891000,333912,333912,direct_2022
New Zealand,217601.0,8424891000,84,8424891000,333912,333912,direct_2022
Australia,2248440.0,8424899000,84,8424899000,333912,333912,direct_2022
New Zealand,3253488.0,8424899000,84,8424899000,333912,333912,direct_2022
Australia,92755.0,8424900500,84,8424900500,339999,339999,direct_2022
Australia,42255.0,8424902000,84,8424902000,333310,333318,direct_2022
Australia,336715.0,8424909040,84,8424909040,333310,333318,direct_2022
Australia,1144958.0,8424909080,84,8424909080,333912,333912,direct_2022
New Zealand,682526.0,8424909080,84,8424909080,333912,333912,direct_2022
Australia,182845.0,8425110000,84,8425110000,333923,333923,direct_2022
Australia,46597.0,8425190000,84,8425190000,333923,333923,direct_2022
New Zealand,183413.0,8425190000,84,8425190000,333923,333923,direct_2022
Australia,2239093.0,8425310100,84,8425310100,333923,333923,direct_2022
New Zealand,374000.0,8425310100,84,8425310100,333923,333923,direct_2022
Australia,670933.0,8425390100,84,8425390100,333923,333923,direct_2022
New Zealand,379106.0,8425390100,84,8425390100,333923,333923,direct_2022
Australia,3690.0,8425410000,84,8425410000,333998,333999,direct_2022
Australia,135496.0,8425420000,84,8425420000,333923,333999,direct_2022
New Zealand,802323.0,8425420000,84,8425420000,333923,333999,direct_2022
Australia,3251.0,8425490000,84,8425490000,333923,333999,direct_2022
New Zealand,2837.0,8425490000,84,8425490000,333923,333999,direct_2022
Australia,30117.0,8426110000,84,8426110000,333923,333923,direct_2022
Australia,1017988.0,8426120000,84,8426120000,333924,333924,direct_2022
French Polynesia,29195.0,8426200000,84,8426200000,333120,333120,direct_2022
Australia,79258.0,8426300000,84,8426300000,333120,333120,direct_2022
Australia,894300.0,8426410005,84,8426410005,333924,333120,direct_2022
Australia,74989.0,8426910000,84,8426910000,333924,333120,direct_2022
Australia,149573.0,8426990000,84,8426990000,333120,333120,direct_2022
French Polynesia,19849.0,8426990000,84,8426990000,333120,333120,direct_2022
New Zealand,56416.0,8427108020,84,8427108020,333923,333924,direct_2022
Australia,463090.0,8427108050,84,8427108050,333924,333924,direct_2022
New Zealand,84624.0,8427108070,84,8427108070,333923,333924,direct_2022
Australia,467015.0,8427108095,84,8427108095,333924,333924,direct_2022
Australia,123955.0,8427204000,84,8427204000,333924,333924,direct_2022
New Zealand,538795.0,8427208020,84,8427208020,333923,333923,direct_2022
Australia,116000.0,8427208090,84,8427208090,333924,333924,direct_2022
Australia,333666.0,8428100000,84,8428100000,333921,333921,direct_2022
Australia,263276.0,8428200010,84,8428200010,333922,333922,direct_2022
New Zealand,187758.0,8428200010,84,8428200010,333922,333922,direct_2022
Australia,234310.0,8428320000,84,8428320000,333922,333922,direct_2022
Australia,1594924.0,8428330000,84,8428330000,333922,333922,direct_2022
Christmas Island,29500.0,8428330000,84,8428330000,333922,333922,direct_2022
New Zealand,975397.0,8428330000,84,8428330000,333922,333922,direct_2022
Australia,2304251.0,8428390000,84,8428390000,333922,333922,direct_2022
Christmas Island,156800.0,8428390000,84,8428390000,333922,333922,direct_2022
New Zealand,26882471.0,8428390000,84,8428390000,333922,333922,direct_2022
Australia,1047200.0,8428700000,84,8428700000,333998,333999,direct_2022
New Zealand,552085.0,8428700000,84,8428700000,333998,333999,direct_2022
Australia,5625.0,8428900310,84,8428900310,333120,333120,direct_2022
New Zealand,422882.0,8428900310,84,8428900310,333120,333120,direct_2022
Australia,18434319.0,8428900390,84,8428900390,333120,333120,direct_2022
New Zealand,4995815.0,8428900390,84,8428900390,333120,333120,direct_2022
Australia,3802000.0,8429110090,84,8429110090,930000,930000,direct_2022
Australia,2636000.0,8429200000,84,8429200000,333120,333120,direct_2022
New Zealand,1565807.0,8429200000,84,8429200000,333120,333120,direct_2022
Australia,710000.0,8429300060,84,8429300060,930000,930000,direct_2022
Australia,916071.0,8429511005,84,8429511005,333120,333120,direct_2022
Australia,398000.0,8429511065,84,8429511065,930000,930000,direct_2022
Cocos (Keeling) Islands,32382.0,8429515020,84,8429515020,333120,333120,direct_2022
Australia,870000.0,8429521050,84,8429521050,930000,930000,direct_2022
Australia,8796.0,8429595040,84,8429595040,333120,333120,direct_2022
New Zealand,347781.0,8429595040,84,8429595040,333120,333120,direct_2022
Fiji,44000.0,8429595080,84,8429595080,930000,930000,direct_2022
New Zealand,344193.0,8430100000,84,8430100000,333120,333120,direct_2022
Australia,444719.0,8430310080,84,8430310080,333131,333131,direct_2022
Australia,61639.0,8430390080,84,8430390080,333131,333131,direct_2022
Australia,31036.0,8430410000,84,8430410000,333131,333131,direct_2022
Australia,14746.0,8430494000,84,8430494000,336611,336611,direct_2022
Australia,270937.0,8430498020,84,8430498020,333132,333132,direct_2022
Australia,565353.0,8430498050,84,8430498050,333131,333131,direct_2022
Australia,5164.0,8430505000,84,8430505000,333120,333120,direct_2022
Australia,469405.0,8430610000,84,8430610000,333120,333120,direct_2022
Australia,155031.0,8430690100,84,8430690100,333120,333120,direct_2022
New Zealand,198287.0,8430690100,84,8430690100,333120,333120,direct_2022
Australia,9682.0,8431100010,84,8431100010,333923,333923,direct_2022
New Zealand,83048.0,8431100010,84,8431100010,333923,333923,direct_2022
Australia,202395.0,8431100090,84,8431100090,333120,333120,direct_2022
New Zealand,629387.0,8431100090,84,8431100090,333120,333120,direct_2022
Australia,207710.0,8431200000,84,8431200000,333924,333924,direct_2022
New Zealand,25453.0,8431200000,84,8431200000,333924,333924,direct_2022
Australia,1983213.0,8431310060,84,8431310060,333921,333921,direct_2022
New Zealand,24915.0,8431310060,84,8431310060,333921,333921,direct_2022
Australia,1442204.0,8431390010,84,8431390010,333922,333922,direct_2022
Christmas Island,50463.0,8431390010,84,8431390010,333922,333922,direct_2022
Nauru,4145.0,8431390010,84,8431390010,333922,333922,direct_2022
New Zealand,278090.0,8431390010,84,8431390010,333922,333922,direct_2022
Australia,462121.0,8431390050,84,8431390050,333132,333132,direct_2022
New Zealand,4800.0,8431390050,84,8431390050,333132,333132,direct_2022
New Zealand,8106.0,8431390070,84,8431390070,333120,333120,direct_2022
Australia,2784342.0,8431390080,84,8431390080,333120,333120,direct_2022
New Zealand,526493.0,8431390080,84,8431390080,333120,333120,direct_2022
Australia,1674504.0,8431410020,84,8431410020,333120,333120,direct_2022
New Zealand,2287.0,8431410020,84,8431410020,333120,333120,direct_2022
Australia,49500.0,8431410040,84,8431410040,333120,333120,direct_2022
Australia,1366862.0,8431410060,84,8431410060,333120,333120,direct_2022
Australia,992635.0,8431410080,84,8431410080,333120,333120,direct_2022
New Zealand,744408.0,8431410080,84,8431410080,333120,333120,direct_2022
Australia,7855.0,8431420000,84,8431420000,333120,333120,direct_2022
Australia,80373.0,8431434000,84,8431434000,333132,333132,direct_2022
Australia,5410.0,8431438040,84,8431438040,333132,333132,direct_2022
Australia,1133641.0,8431438060,84,8431438060,333132,333132,direct_2022
New Zealand,14306.0,8431438060,84,8431438060,333132,333132,direct_2022
Australia,3769677.0,8431438090,84,8431438090,333120,333120,direct_2022
Christmas Island,6482.0,8431438090,84,8431438090,333120,333120,direct_2022
New Zealand,314250.0,8431438090,84,8431438090,333120,333120,direct_2022
Australia,38003.0,8431491010,84,8431491010,333120,333120,direct_2022
Cook Islands,8355.0,8431491010,84,8431491010,333120,333120,direct_2022
New Zealand,3632.0,8431491010,84,8431491010,333120,333120,direct_2022
Australia,27172.0,8431491060,84,8431491060,333924,333924,direct_2022
Australia,323786.0,8431491090,84,8431491090,333120,333120,direct_2022
New Zealand,699497.0,8431491090,84,8431491090,333120,333120,direct_2022
Australia,5164.0,8431499005,84,8431499005,333120,333120,direct_2022
New Zealand,217287.0,8431499005,84,8431499005,333120,333120,direct_2022
Australia,30050.0,8431499010,84,8431499010,333120,333120,direct_2022
New Zealand,5969.0,8431499015,84,8431499015,333120,333120,direct_2022
Australia,1339221.0,8431499020,84,8431499020,333120,333120,direct_2022
New Zealand,315579.0,8431499020,84,8431499020,333120,333120,direct_2022
Australia,1662887.0,8431499030,84,8431499030,333131,333131,direct_2022
Australia,1733184.0,8431499044,84,8431499044,333120,333120,direct_2022
New Zealand,466613.0,8431499044,84,8431499044,333120,333120,direct_2022
Australia,29792.0,8431499050,84,8431499050,333120,333120,direct_2022
Australia,59936.0,8431499084,84,8431499084,333120,333120,direct_2022
Australia,46700.0,8431499090,84,8431499090,333120,333120,direct_2022
Australia,4818165.0,8431499095,84,8431499095,333120,333120,direct_2022
French Polynesia,6733.0,8431499095,84,8431499095,333120,333120,direct_2022
New Zealand,7128981.0,8431499095,84,8431499095,333120,333120,direct_2022
Australia,505085.0,8432100040,84,8432100040,333111,333111,direct_2022
New Zealand,7607.0,8432100060,84,8432100060,333111,333111,direct_2022
Australia,468344.0,8432210000,84,8432210000,333111,333111,direct_2022
Australia,75995.0,8432290040,84,8432290040,333111,333111,direct_2022
Australia,45302.0,8432290060,84,8432290060,333112,333111,direct_2022
New Zealand,6449.0,8432290080,84,8432290080,333111,333111,direct_2022
Australia,205005.0,8432290090,84,8432290090,333111,333111,direct_2022
New Zealand,318439.0,8432290090,84,8432290090,333111,333111,direct_2022
Australia,8250.0,8432420000,84,8432420000,333111,333111,direct_2022
New Zealand,324674.0,8432420000,84,8432420000,333111,333111,direct_2022
New Zealand,71134.0,8432800010,84,8432800010,333111,333111,direct_2022
Australia,801462.0,8432800080,84,8432800080,333111,333111,direct_2022
New Zealand,354057.0,8432800080,84,8432800080,333111,333111,direct_2022
Australia,34698.0,8432900010,84,8432900010,333111,333111,direct_2022
Australia,84237.0,8432900020,84,8432900020,333111,333111,direct_2022
Australia,26514.0,8432900040,84,8432900040,333111,333111,direct_2022
Australia,1300997.0,8432900050,84,8432900050,333111,333111,direct_2022
New Zealand,277189.0,8432900050,84,8432900050,333111,333111,direct_2022
Australia,272345.0,8432900060,84,8432900060,333111,333111,direct_2022
New Zealand,368219.0,8432900060,84,8432900060,333111,333111,direct_2022
Australia,1438166.0,8432900081,84,8432900081,333111,333111,direct_2022
New Zealand,7815631.0,8432900081,84,8432900081,333111,333111,direct_2022
Australia,77452.0,8433110040,84,8433110040,333112,333112,direct_2022
Australia,2053.0,8433110060,84,8433110060,333112,333112,direct_2022
Australia,63650.0,8433190040,84,8433190040,333112,333112,direct_2022
Australia,64460.0,8433200020,84,8433200020,333111,333111,direct_2022
New Zealand,1180178.0,8433200040,84,8433200040,333111,333111,direct_2022
Australia,2900.0,8433200060,84,8433200060,333111,333111,direct_2022
New Zealand,4038.0,8433400000,84,8433400000,333111,333111,direct_2022
Australia,149600.0,8433510090,84,8433510090,333111,333111,direct_2022
Australia,270062.0,8433590090,84,8433590090,333111,333111,direct_2022
New Zealand,1937564.0,8433590090,84,8433590090,333111,333111,direct_2022
Australia,3041396.0,8433600090,84,8433600090,333111,333111,direct_2022
New Zealand,9908521.0,8433600090,84,8433600090,333111,333111,direct_2022
New Zealand,2924.0,8433901010,84,8433901010,333112,333112,direct_2022
Australia,103274.0,8433901090,84,8433901090,333112,333112,direct_2022
New Zealand,2390605.0,8433901090,84,8433901090,333112,333112,direct_2022
Australia,249801.0,8433905025,84,8433905025,333111,333111,direct_2022
New Zealand,186378.0,8433905025,84,8433905025,333111,333111,direct_2022
Australia,752839.0,8433905045,84,8433905045,333111,333111,direct_2022
New Zealand,886051.0,8433905045,84,8433905045,333111,333111,direct_2022
Australia,39497.0,8433905060,84,8433905060,333111,333111,direct_2022
Australia,133597.0,8433905080,84,8433905080,333111,333111,direct_2022
Nauru,2545.0,8433905080,84,8433905080,333111,333111,direct_2022
New Zealand,6144938.0,8433905080,84,8433905080,333111,333111,direct_2022
New Zealand,11198.0,8434100000,84,8434100000,333111,333111,direct_2022
New Zealand,8794166.0,8434200000,84,8434200000,333241,333241,direct_2022
Australia,157585.0,8434900000,84,8434900000,333241,333111,direct_2022
New Zealand,7328724.0,8434900000,84,8434900000,333241,333111,direct_2022
Australia,8916.0,8435100000,84,8435100000,333241,333241,direct_2022
Australia,120739.0,8435900000,84,8435900000,333241,333241,direct_2022
Australia,32760.0,8436290000,84,8436290000,333111,333111,direct_2022
New Zealand,1600800.0,8436290000,84,8436290000,333111,333111,direct_2022
New Zealand,7902905.0,8436800020,84,8436800020,333120,333120,direct_2022
Australia,22504.0,8436800040,84,8436800040,333111,333111,direct_2022
New Zealand,394876.0,8436800040,84,8436800040,333111,333111,direct_2022
Australia,155944.0,8436800060,84,8436800060,333111,333111,direct_2022
Australia,478612.0,8436800070,84,8436800070,333111,333111,direct_2022
Australia,135488.0,8436800090,84,8436800090,333111,333111,direct_2022
New Zealand,3167175.0,8436800090,84,8436800090,333111,333111,direct_2022
Australia,55000.0,8436990020,84,8436990020,333120,333120,direct_2022
New Zealand,1484052.0,8436990020,84,8436990020,333120,333120,direct_2022
Australia,1486510.0,8436990030,84,8436990030,333111,333111,direct_2022
Australia,15362.0,8436990035,84,8436990035,333111,333111,direct_2022
New Zealand,34500.0,8436990035,84,8436990035,333111,333111,direct_2022
Australia,8199.0,8436990040,84,8436990040,333111,333111,direct_2022
New Zealand,197290.0,8436990040,84,8436990040,333111,333111,direct_2022
Australia,119702.0,8436990070,84,8436990070,333111,333111,direct_2022
New Zealand,182750.0,8436990070,84,8436990070,333111,333111,direct_2022
Australia,297470.0,8436990090,84,8436990090,333111,333111,direct_2022
New Zealand,761486.0,8436990090,84,8436990090,333111,333111,direct_2022
Australia,9720.0,8437900010,84,8437900010,333241,333241,direct_2022
Australia,35775.0,8437900090,84,8437900090,333241,333241,direct_2022
Australia,89278.0,8438100010,84,8438100010,333241,333241,direct_2022
Australia,2989.0,8438100090,84,8438100090,333241,333241,direct_2022
Australia,768825.0,8438200000,84,8438200000,333241,333241,direct_2022
New Zealand,4021571.0,8438200000,84,8438200000,333241,333241,direct_2022
Australia,129118.0,8438300000,84,8438300000,333241,333241,direct_2022
Australia,2370.0,8438400000,84,8438400000,333241,333241,direct_2022
New Zealand,12900.0,8438400000,84,8438400000,333241,333241,direct_2022
Australia,3153694.0,8438500010,84,8438500010,333993,333993,direct_2022
New Zealand,4395780.0,8438500010,84,8438500010,333993,333993,direct_2022
Australia,2200201.0,8438500090,84,8438500090,333241,333241,direct_2022
New Zealand,263579.0,8438500090,84,8438500090,333241,333241,direct_2022
Australia,430507.0,8438600000,84,8438600000,333241,333241,direct_2022
New Zealand,39175.0,8438600000,84,8438600000,333241,333241,direct_2022
Australia,2664497.0,8438800000,84,8438800000,333241,333241,direct_2022
New Zealand,766288.0,8438800000,84,8438800000,333241,333241,direct_2022
Australia,2062410.0,8438901000,84,8438901000,333241,333241,direct_2022
Australia,32806.0,8438909015,84,8438909015,333241,333241,direct_2022
Australia,698179.0,8438909030,84,8438909030,333241,333241,direct_2022
New Zealand,7608808.0,8438909030,84,8438909030,333241,333241,direct_2022
Australia,636556.0,8438909060,84,8438909060,333241,333241,direct_2022
New Zealand,1592396.0,8438909060,84,8438909060,333241,333241,direct_2022
Australia,3167849.0,8438909090,84,8438909090,333241,333241,direct_2022
Nauru,22652.0,8438909090,84,8438909090,333241,333241,direct_2022
New Zealand,864951.0,8438909090,84,8438909090,333241,333241,direct_2022
New Zealand,2950.0,8439100010,84,8439100010,333243,333243,direct_2022
New Zealand,17400.0,8439200010,84,8439200010,333243,333243,direct_2022
New Zealand,5900.0,8439200090,84,8439200090,930000,930000,direct_2022
New Zealand,65125.0,8439919000,84,8439919000,333243,333243,direct_2022
Australia,16053.0,8439995000,84,8439995000,333243,333243,direct_2022
Australia,2833.0,8440100000,84,8440100000,333248,333244,direct_2022
New Zealand,6633.0,8440900000,84,8440900000,333248,333244,direct_2022
Australia,225712.0,8441100000,84,8441100000,333243,333243,direct_2022
New Zealand,3712.0,8441100000,84,8441100000,333243,333243,direct_2022
Australia,45000.0,8441200000,84,8441200000,333243,333243,direct_2022
Australia,6888.0,8441300000,84,8441300000,333243,333243,direct_2022
New Zealand,97000.0,8441300000,84,8441300000,333243,333243,direct_2022
New Zealand,7439100.0,8441400000,84,8441400000,333243,333243,direct_2022
New Zealand,5900.0,8441800000,84,8441800000,333243,333243,direct_2022
Australia,52083.0,8441900000,84,8441900000,333243,333243,direct_2022
New Zealand,25735.0,8441900000,84,8441900000,333243,333243,direct_2022
New Zealand,2747.0,8442300150,84,8442300150,333248,333244,direct_2022
Australia,3539.0,8442509000,84,8442509000,323120,323120,direct_2022
Australia,172200.0,8443192000,84,8443192000,333248,333249,direct_2022
Australia,4604.0,8443193000,84,8443193000,333248,333244,direct_2022
Australia,8688.0,8443310000,84,8443310000,334118,334118,direct_2022
New Zealand,39324.0,8443310000,84,8443310000,334118,334118,direct_2022
Australia,14446.0,8443321040,84,8443321040,334118,334118,direct_2022
New Zealand,7495.0,8443321040,84,8443321040,334118,334118,direct_2022
Australia,35261.0,8443321050,84,8443321050,334118,334118,direct_2022
New Zealand,260443.0,8443321050,84,8443321050,334118,334118,direct_2022
Australia,66716.0,8443321090,84,8443321090,334118,334118,direct_2022
Australia,138104.0,8443325000,84,8443325000,334118,334118,direct_2022
Australia,59547.0,8443399000,84,8443399000,334118,334118,direct_2022
Australia,183000.0,8443911000,84,8443911000,333248,333244,direct_2022
Australia,197357.0,8443913000,84,8443913000,333248,333244,direct_2022
New Zealand,8171.0,8443913000,84,8443913000,333248,333244,direct_2022
New Zealand,37800.0,8443991000,84,8443991000,333310,333316,direct_2022
Australia,65145.0,8443992050,84,8443992050,325910,325910,direct_2022
Australia,58440.0,8443992510,84,8443992510,325910,325910,direct_2022
Australia,857385.0,8443992550,84,8443992550,325910,325910,direct_2022
New Zealand,7001.0,8443992550,84,8443992550,325910,325910,direct_2022
Australia,18972.0,8443993500,84,8443993500,334210,334210,direct_2022
Australia,3138.0,8443994000,84,8443994000,333310,333316,direct_2022
Australia,5046.0,8443994500,84,8443994500,333310,333316,direct_2022
Australia,7290.0,8443995011,84,8443995011,325910,325910,direct_2022
Australia,2097.0,8443995015,84,8443995015,325910,325910,direct_2022
Australia,138272.0,8443995050,84,8443995050,333248,333244,direct_2022
New Zealand,36377.0,8443995050,84,8443995050,333248,333244,direct_2022
Australia,434383.0,8444000090,84,8444000090,333248,333249,direct_2022
Australia,9125.0,8445110000,84,8445110000,333248,333249,direct_2022
New Zealand,57085.0,8445110000,84,8445110000,333248,333249,direct_2022
New Zealand,330582.0,8445200000,84,8445200000,333248,333249,direct_2022
New Zealand,46229.0,8445400000,84,8445400000,333248,333249,direct_2022
Australia,8890.0,8445900000,84,8445900000,333248,333249,direct_2022
New Zealand,33977.0,8446100090,84,8446100090,333248,333249,direct_2022
New Zealand,347498.0,8446290000,84,8446290000,333248,333249,direct_2022
Australia,8542225.0,8447909000,84,8447909000,333248,333249,direct_2022
Australia,2302417.0,8448320090,84,8448320090,333248,333249,direct_2022
Australia,13457.0,8448330000,84,8448330000,333248,333249,direct_2022
New Zealand,45240.0,8448391000,84,8448391000,333248,333249,direct_2022
New Zealand,24515.0,8448420000,84,8448420000,333248,333249,direct_2022
New Zealand,128886.0,8448492000,84,8448492000,333248,333249,direct_2022
Australia,2849.0,8448591000,84,8448591000,333248,333249,direct_2022
Australia,241760.0,8448595000,84,8448595000,333248,333249,direct_2022
Australia,245956.0,8449001000,84,8449001000,333248,333249,direct_2022
Australia,1549810.0,8449005000,84,8449005000,333248,333249,direct_2022
Australia,130023.0,8450906000,84,8450906000,335220,335220,direct_2022
New Zealand,9969.0,8450906000,84,8450906000,335220,335220,direct_2022
Australia,400880.0,8451500000,84,8451500000,333248,333249,direct_2022
New Zealand,35158.0,8451909010,84,8451909010,335220,335220,direct_2022
Nauru,5986.0,8451909020,84,8451909020,333248,333249,direct_2022
Australia,7270.0,8451909090,84,8451909090,333248,333249,direct_2022
New Caledonia,12975.0,8451909090,84,8451909090,333248,333249,direct_2022
Australia,3720.0,8452219000,84,8452219000,333248,333249,direct_2022
French Polynesia,9272.0,8452902090,84,8452902090,333248,333249,direct_2022
New Zealand,4395.0,8452902090,84,8452902090,333248,333249,direct_2022
Australia,9926.0,8453905000,84,8453905000,333248,333999,direct_2022
New Zealand,47987.0,8454300090,84,8454300090,333248,333249,direct_2022
Australia,5448.0,8454900080,84,8454900080,333248,333249,direct_2022
Australia,1317540.0,8455220000,84,8455220000,333519,333519,direct_2022
New Zealand,11792788.0,8455220000,84,8455220000,333519,333519,direct_2022
Australia,246376.0,8455300065,84,8455300065,333519,331511,direct_2022
New Zealand,838882.0,8455300065,84,8455300065,333519,331511,direct_2022
New Zealand,850000.0,8455300075,84,8455300075,333519,331511,direct_2022
New Zealand,8595.0,8455904000,84,8455904000,333519,333519,direct_2022
Australia,47375.0,8455908000,84,8455908000,333519,333519,direct_2022
New Zealand,34447.0,8455908000,84,8455908000,333519,333519,direct_2022
Australia,66150.0,8456111010,84,8456111010,333517,333517,direct_2022
Australia,986980.0,8456111050,84,8456111050,333517,333517,direct_2022
Australia,1300000.0,8456119000,84,8456119000,333517,333517,direct_2022
Australia,40557.0,8456305000,84,8456305000,333248,333249,direct_2022
Australia,91462.0,8456500000,84,8456500000,333248,333249,direct_2022
New Zealand,12144.0,8456500000,84,8456500000,333248,333249,direct_2022
New Zealand,12360931.0,8456907100,84,8456907100,333248,333249,direct_2022
Australia,24146.0,8458995090,84,8458995090,333517,333517,direct_2022
Australia,59212.0,8459390040,84,8459390040,333517,333517,direct_2022
Australia,1005160.0,8460230080,84,8460230080,333517,333517,direct_2022
Australia,16462.0,8460290150,84,8460290150,333517,333517,direct_2022
Australia,13759612.0,8460310080,84,8460310080,333517,333517,direct_2022
Australia,2590.0,8460390020,84,8460390020,333517,333517,direct_2022
Australia,41906.0,8460390050,84,8460390050,333517,333517,direct_2022
Australia,178027.0,8460404060,84,8460404060,333517,333517,direct_2022
Australia,114656.0,8460908020,84,8460908020,333517,333517,direct_2022
Australia,25371.0,8460908080,84,8460908080,333517,333517,direct_2022
Australia,860323.0,8461204000,84,8461204000,333517,333517,direct_2022
New Zealand,2712172.0,8461504050,84,8461504050,333517,333517,direct_2022
Australia,2655.0,8461508020,84,8461508020,333517,333517,direct_2022
Australia,1497654.0,8461508090,84,8461508090,333517,333517,direct_2022
Australia,149760.0,8461903080,84,8461903080,333517,333517,direct_2022
Australia,3182.0,8462110055,84,8462110055,333517,333517,direct_2022
New Zealand,26242.0,8462110055,84,8462110055,333517,333517,direct_2022
New Zealand,6886.0,8462190030,84,8462190030,333517,333517,direct_2022
Australia,8000.0,8462190055,84,8462190055,333517,333517,direct_2022
New Zealand,24906.0,8462190055,84,8462190055,333517,333517,direct_2022
Australia,166200.0,8462220050,84,8462220050,333517,333517,direct_2022
New Zealand,309000.0,8462220050,84,8462220050,333517,333517,direct_2022
New Zealand,317293.0,8462250010,84,8462250010,930000,333517,direct_2022
Australia,1289760.0,8462250050,84,8462250050,333517,333517,direct_2022
New Zealand,3102981.0,8462250050,84,8462250050,333517,333517,direct_2022
New Zealand,288077.0,8462260020,84,8462260020,333517,333517,direct_2022
New Zealand,2728894.0,8462260050,84,8462260050,333517,333517,direct_2022
Australia,12878.0,8462290020,84,8462290020,333517,333517,direct_2022
New Zealand,3212.0,8462290020,84,8462290020,333517,333517,direct_2022
Australia,7775756.0,8462290050,84,8462290050,333517,333517,direct_2022
New Zealand,1257401.0,8462290050,84,8462290050,333517,333517,direct_2022
Australia,331980.0,8462325050,84,8462325050,333517,333517,direct_2022
New Zealand,3550.0,8462390020,84,8462390020,333517,333517,direct_2022
Australia,6730250.0,8462390050,84,8462390050,333517,333517,direct_2022
Australia,55460.0,8462420080,84,8462420080,333517,333517,direct_2022
New Zealand,250956.0,8462420080,84,8462420080,333517,333517,direct_2022
New Zealand,4484.0,8462490020,84,8462490020,333517,333517,direct_2022
New Zealand,256020.0,8462490050,84,8462490050,333517,333517,direct_2022
Australia,351506.0,8462614060,84,8462614060,333517,333517,direct_2022
New Zealand,3454.0,8462698020,84,8462698020,333517,333517,direct_2022
New Zealand,5600.0,8462908020,84,8462908020,333517,333517,direct_2022
Australia,228491.0,8462908060,84,8462908060,333517,333517,direct_2022
New Zealand,4294.0,8462908060,84,8462908060,333517,333517,direct_2022
Australia,85419.0,8463200080,84,8463200080,333517,333517,direct_2022
Australia,227500.0,8463300080,84,8463300080,333519,333519,direct_2022
New Zealand,1927000.0,8463300080,84,8463300080,333519,333519,direct_2022
Australia,75000.0,8463900040,84,8463900040,930000,930000,direct_2022
Australia,731505.0,8463900060,84,8463900060,333517,333517,direct_2022
Australia,2955075.0,8463900080,84,8463900080,333517,333517,direct_2022
Australia,233774.0,8464100100,84,8464100100,333248,333249,direct_2022
Australia,5235.0,8464200120,84,8464200120,333248,333249,direct_2022
New Zealand,4892.0,8464200120,84,8464200120,333248,333249,direct_2022
Australia,8627.0,8464900120,84,8464900120,333248,333249,direct_2022
New Zealand,1594526.0,8465100045,84,8465100045,333243,333243,direct_2022
Australia,19032.0,8465100050,84,8465100050,333248,333999,direct_2022
Australia,438554.0,8465201000,84,8465201000,333248,333249,direct_2022
New Zealand,42020.0,8465201000,84,8465201000,333248,333249,direct_2022
Australia,3315.0,8465910006,84,8465910006,930000,930000,direct_2022
Australia,725540.0,8465910012,84,8465910012,930000,930000,direct_2022
Australia,562181.0,8465910027,84,8465910027,333243,333243,direct_2022
New Zealand,1588210.0,8465910027,84,8465910027,333243,333243,direct_2022
Australia,431339.0,8465910074,84,8465910074,332216,332216,direct_2022
New Zealand,4000.0,8465910078,84,8465910078,333243,333243,direct_2022
Australia,555619.0,8465910091,84,8465910091,333248,333249,direct_2022
New Zealand,378839.0,8465910091,84,8465910091,333248,333249,direct_2022
Australia,112085.0,8465920091,84,8465920091,333248,333249,direct_2022
New Zealand,788753.0,8465940025,84,8465940025,333243,333243,direct_2022
Australia,198000.0,8465940091,84,8465940091,333248,333249,direct_2022
Australia,4008.0,8465960051,84,8465960051,333248,333249,direct_2022
New Zealand,20000.0,8465960051,84,8465960051,333248,333249,direct_2022
Australia,132049.0,8465990220,84,8465990220,333243,333243,direct_2022
Australia,3200.0,8465990230,84,8465990230,333243,333243,direct_2022
Australia,176102.0,8465990250,84,8465990250,333248,333249,direct_2022
New Zealand,16137.0,8465990250,84,8465990250,333248,333249,direct_2022
Australia,3211.0,8466100110,84,8466100110,333515,333515,direct_2022
Australia,264457.0,8466100175,84,8466100175,333515,333515,direct_2022
Nauru,11589.0,8466100175,84,8466100175,333515,333515,direct_2022
New Zealand,14688.0,8466100175,84,8466100175,333515,333515,direct_2022
Australia,8745.0,8466201090,84,8466201090,333515,333515,direct_2022
Australia,236283.0,8466208020,84,8466208020,333514,333514,direct_2022
Australia,58585.0,8466208035,84,8466208035,333515,333515,direct_2022
Australia,67188.0,8466208040,84,8466208040,333514,333514,direct_2022
Australia,691438.0,8466208065,84,8466208065,333515,333515,direct_2022
Nauru,5772.0,8466208065,84,8466208065,333515,333515,direct_2022
Australia,11772.0,8466301000,84,8466301000,333515,333515,direct_2022
New Zealand,1842793.0,8466306040,84,8466306040,333243,333243,direct_2022
Australia,450983.0,8466306085,84,8466306085,333515,333515,direct_2022
New Zealand,3060.0,8466306085,84,8466306085,333515,333515,direct_2022
Australia,25409.0,8466308000,84,8466308000,333515,333515,direct_2022
Australia,233562.0,8466915000,84,8466915000,333248,333249,direct_2022
Nauru,5198.0,8466915000,84,8466915000,333248,333249,direct_2022
New Zealand,21853.0,8466915000,84,8466915000,333248,333249,direct_2022
Australia,134117.0,8466925010,84,8466925010,333248,333243,direct_2022
New Zealand,39790.0,8466925010,84,8466925010,333248,333243,direct_2022
Australia,3138679.0,8466925090,84,8466925090,333248,333999,direct_2022
New Zealand,72025.0,8466925090,84,8466925090,333248,333999,direct_2022
New Zealand,10832.0,8466931100,84,8466931100,333517,333517,direct_2022
Australia,15489.0,8466931560,84,8466931560,333517,333517,direct_2022
New Zealand,5009.0,8466933000,84,8466933000,333517,333517,direct_2022
Australia,47285.0,8466935340,84,8466935340,333517,333517,direct_2022
Australia,4860086.0,8466935385,84,8466935385,333517,333517,direct_2022
New Zealand,31374.0,8466935385,84,8466935385,333517,333517,direct_2022
New Zealand,2766.0,8466936060,84,8466936060,333517,333517,direct_2022
New Zealand,5824.0,8466939600,84,8466939600,333517,333517,direct_2022
New Zealand,5998.0,8466939840,84,8466939840,333517,333517,direct_2022
Australia,866293.0,8466939885,84,8466939885,333517,333517,direct_2022
New Zealand,1879499.0,8466939885,84,8466939885,333517,333517,direct_2022
Australia,8096.0,8466942000,84,8466942000,333517,333517,direct_2022
Australia,17400.0,8466944000,84,8466944000,333517,333517,direct_2022
New Zealand,251620.0,8466944000,84,8466944000,333517,333517,direct_2022
New Zealand,24353.0,8466946540,84,8466946540,333517,333517,direct_2022
Australia,4708.0,8466946585,84,8466946585,333517,333517,direct_2022
Australia,45561.0,8466948540,84,8466948540,333517,333517,direct_2022
New Zealand,41826.0,8466948540,84,8466948540,333517,333517,direct_2022
Australia,3862350.0,8466948585,84,8466948585,333517,333517,direct_2022
New Zealand,2018543.0,8466948585,84,8466948585,333517,333517,direct_2022
Australia,38189.0,8467115020,84,8467115020,333991,333991,direct_2022
Australia,3175.0,8467115040,84,8467115040,333991,333991,direct_2022
Australia,37892.0,8467115090,84,8467115090,333991,333991,direct_2022
Australia,5683.0,8467191000,84,8467191000,333991,333991,direct_2022
Australia,21675.0,8467195060,84,8467195060,333120,333120,direct_2022
Australia,62284.0,8467195090,84,8467195090,333991,333991,direct_2022
New Zealand,10825.0,8467195090,84,8467195090,333991,333991,direct_2022
Australia,148728.0,8467210070,84,8467210070,333991,333991,direct_2022
New Zealand,2258.0,8467210070,84,8467210070,333991,333991,direct_2022
Australia,1084212.0,8467220090,84,8467220090,333991,333991,direct_2022
Australia,130425.0,8467290010,84,8467290010,333991,333991,direct_2022
French Polynesia,2899.0,8467290010,84,8467290010,333991,333991,direct_2022
Australia,115355.0,8467290070,84,8467290070,333112,333112,direct_2022
Australia,456373.0,8467290090,84,8467290090,333991,333991,direct_2022
New Zealand,4129.0,8467290090,84,8467290090,333991,333991,direct_2022
Australia,4800.0,8467810000,84,8467810000,333991,333991,direct_2022
Australia,3595.0,8467891000,84,8467891000,333991,333991,direct_2022
Australia,126499.0,8467895090,84,8467895090,333991,333991,direct_2022
New Zealand,21985.0,8467895090,84,8467895090,333991,333991,direct_2022
Australia,289937.0,8467910100,84,8467910100,333991,333991,direct_2022
New Zealand,2232.0,8467910100,84,8467910100,333991,333991,direct_2022
Australia,46193.0,8467920090,84,8467920090,333991,333991,direct_2022
New Zealand,6520.0,8467920090,84,8467920090,333991,333991,direct_2022
Australia,1257063.0,8467990190,84,8467990190,333991,333991,direct_2022
New Zealand,20319.0,8467990190,84,8467990190,333991,333991,direct_2022
Australia,3430.0,8468205000,84,8468205000,333992,333992,direct_2022
Australia,64296.0,8468801000,84,8468801000,333992,333992,direct_2022
Australia,47945.0,8468905000,84,8468905000,333992,333992,direct_2022
New Zealand,14386.0,8468905000,84,8468905000,333992,333992,direct_2022
Australia,48975.0,8470100060,84,8470100060,333310,333318,direct_2022
New Zealand,2947.0,8470210000,84,8470210000,333310,333318,direct_2022
Australia,31705.0,8470500020,84,8470500020,334118,334118,direct_2022
New Zealand,2164882.0,8470500020,84,8470500020,334118,334118,direct_2022
Australia,6677.0,8470500060,84,8470500060,333310,333318,direct_2022
New Zealand,36446.0,8470500060,84,8470500060,333310,333318,direct_2022
Australia,9707.0,8470900190,84,8470900190,333310,333318,direct_2022
Australia,1469294.0,8471300100,84,8471300100,334111,334111,direct_2022
French Polynesia,9786.0,8471300100,84,8471300100,334111,334111,direct_2022
New Caledonia,8183.0,8471300100,84,8471300100,334111,334111,direct_2022
New Zealand,464615.0,8471300100,84,8471300100,334111,334111,direct_2022
Australia,2091799.0,8471410150,84,8471410150,334111,334111,direct_2022
French Polynesia,11956.0,8471410150,84,8471410150,334111,334111,direct_2022
New Zealand,4815639.0,8471410150,84,8471410150,334111,334111,direct_2022
Australia,3560638.0,8471490000,84,8471490000,334111,334118,direct_2022
New Zealand,76998.0,8471490000,84,8471490000,334111,334118,direct_2022
Australia,1499509.0,8471500150,84,8471500150,334111,334111,direct_2022
French Polynesia,84490.0,8471500150,84,8471500150,334111,334111,direct_2022
New Caledonia,9536.0,8471500150,84,8471500150,334111,334111,direct_2022
New Zealand,2419348.0,8471500150,84,8471500150,334111,334111,direct_2022
Australia,334995.0,8471601050,84,8471601050,334118,334118,direct_2022
French Polynesia,54738.0,8471601050,84,8471601050,334118,334118,direct_2022
New Zealand,13764.0,8471601050,84,8471601050,334118,334118,direct_2022
Australia,57243.0,8471602000,84,8471602000,334118,334118,direct_2022
New Zealand,58872.0,8471602000,84,8471602000,334118,334118,direct_2022
Australia,2062.0,8471607000,84,8471607000,334118,334118,direct_2022
Australia,376904.0,8471608000,84,8471608000,334118,334118,direct_2022
Micronesia,8250.0,8471608000,84,8471608000,334118,334118,direct_2022
New Zealand,76166.0,8471608000,84,8471608000,334118,334118,direct_2022
Australia,27912.0,8471609030,84,8471609030,334118,334118,direct_2022
New Zealand,39365.0,8471609030,84,8471609030,334118,334118,direct_2022
Australia,647848.0,8471609050,84,8471609050,334118,334118,direct_2022
New Zealand,218417.0,8471609050,84,8471609050,334118,334118,direct_2022
Australia,22920.0,8471702000,84,8471702000,334112,334112,direct_2022
Australia,45728.0,8471704065,84,8471704065,334112,334112,direct_2022
Australia,421347.0,8471706000,84,8471706000,334112,334112,direct_2022
Heard and McDonald Islands,3469.0,8471706000,84,8471706000,334112,334112,direct_2022
Australia,51717.0,8471709000,84,8471709000,334112,334112,direct_2022
Christmas Island,6370.0,8471709000,84,8471709000,334112,334112,direct_2022
New Zealand,11764.0,8471709000,84,8471709000,334112,334112,direct_2022
Australia,1210190.0,8471801000,84,8471801000,334118,334118,direct_2022
New Zealand,959612.0,8471801000,84,8471801000,334118,334118,direct_2022
Australia,254851.0,8471804000,84,8471804000,334118,334118,direct_2022
New Zealand,11500.0,8471804000,84,8471804000,334118,334118,direct_2022
Australia,430548.0,8471809000,84,8471809000,334118,334118,direct_2022
New Zealand,77622.0,8471809000,84,8471809000,334118,334118,direct_2022
Australia,2527022.0,8471900000,84,8471900000,334118,334118,direct_2022
New Zealand,2051188.0,8471900000,84,8471900000,334118,334118,direct_2022
Australia,24084.0,8472901000,84,8472901000,334118,334118,direct_2022
Australia,423886.0,8472909080,84,8472909080,333310,333318,direct_2022
New Zealand,71158.0,8473210000,84,8473210000,333310,333318,direct_2022
Australia,21564.0,8473290000,84,8473290000,333310,333318,direct_2022
New Zealand,6466.0,8473290000,84,8473290000,333310,333318,direct_2022
Australia,44813.0,8473301140,84,8473301140,334418,334418,direct_2022
Australia,522486.0,8473301180,84,8473301180,334418,334418,direct_2022
Christmas Island,31080.0,8473301180,84,8473301180,334418,334418,direct_2022
New Zealand,40928.0,8473301180,84,8473301180,334418,334418,direct_2022
Australia,89242.0,8473302000,84,8473302000,333242,333242,direct_2022
New Zealand,21946.0,8473302000,84,8473302000,333242,333242,direct_2022
Australia,5549637.0,8473305100,84,8473305100,333242,333242,direct_2022
New Zealand,285571.0,8473305100,84,8473305100,333242,333242,direct_2022
Australia,397906.0,8473309100,84,8473309100,333242,333242,direct_2022
New Zealand,55107.0,8473309100,84,8473309100,333242,333242,direct_2022
Australia,66156.0,8473408600,84,8473408600,333310,333318,direct_2022
Australia,3484.0,8473509000,84,8473509000,333242,333242,direct_2022
Nauru,6256.0,8473509000,84,8473509000,333242,333242,direct_2022
New Zealand,6446.0,8473509000,84,8473509000,333242,333242,direct_2022
Australia,66499.0,8474100010,84,8474100010,333120,333120,direct_2022
New Zealand,7530.0,8474100010,84,8474100010,333120,333120,direct_2022
Australia,660633.0,8474100090,84,8474100090,333131,333131,direct_2022
Australia,772084.0,8474200010,84,8474200010,333120,333120,direct_2022
New Zealand,20163.0,8474200010,84,8474200010,333120,333120,direct_2022
Australia,798345.0,8474200050,84,8474200050,333131,333131,direct_2022
New Zealand,76144.0,8474200050,84,8474200050,333131,333131,direct_2022
Australia,23548.0,8474200070,84,8474200070,333131,333131,direct_2022
New Zealand,16843.0,8474200070,84,8474200070,333131,333131,direct_2022
Australia,3224247.0,8474390000,84,8474390000,333120,333120,direct_2022
Australia,18301.0,8474800015,84,8474800015,333248,333999,direct_2022
New Zealand,46914.0,8474800015,84,8474800015,333248,333999,direct_2022
Australia,32249.0,8474800020,84,8474800020,333248,333249,direct_2022
New Zealand,20000.0,8474800020,84,8474800020,333248,333249,direct_2022
Australia,1710210.0,8474800080,84,8474800080,333998,333999,direct_2022
New Zealand,771462.0,8474800080,84,8474800080,333998,333999,direct_2022
Australia,2490172.0,8474900010,84,8474900010,333131,333131,direct_2022
Christmas Island,14175.0,8474900010,84,8474900010,333131,333131,direct_2022
New Zealand,8858.0,8474900010,84,8474900010,333131,333131,direct_2022
Australia,3103952.0,8474900020,84,8474900020,333131,333131,direct_2022
New Zealand,731864.0,8474900020,84,8474900020,333131,333131,direct_2022
New Zealand,83875.0,8474900050,84,8474900050,333120,333120,direct_2022
Australia,4741995.0,8474900090,84,8474900090,333248,333999,direct_2022
New Zealand,515007.0,8474900090,84,8474900090,333248,333999,direct_2022
Australia,11271.0,8475210000,84,8475210000,333248,333249,direct_2022
Australia,106638.0,8475909000,84,8475909000,333248,333249,direct_2022
New Zealand,32400.0,8475909000,84,8475909000,333248,333249,direct_2022
Australia,511827.0,8476890000,84,8476890000,333310,333318,direct_2022
New Zealand,89823.0,8476890000,84,8476890000,333310,333318,direct_2022
Australia,33837.0,8476900000,84,8476900000,333310,333318,direct_2022
New Zealand,176735.0,8476900000,84,8476900000,333310,333318,direct_2022
Australia,15000.0,8477109030,84,8477109030,333248,333249,direct_2022
New Zealand,98614.0,8477109040,84,8477109040,333248,333249,direct_2022
Australia,150000.0,8477109060,84,8477109060,333248,333249,direct_2022
Australia,6510.0,8477200015,84,8477200015,333248,333249,direct_2022
New Zealand,66444.0,8477400100,84,8477400100,333248,333249,direct_2022
Australia,929239.0,8477590100,84,8477590100,333248,333249,direct_2022
Australia,5061620.0,8477800100,84,8477800100,333248,333249,direct_2022
New Caledonia,3000.0,8477800100,84,8477800100,333248,333249,direct_2022
Australia,27646.0,8477902580,84,8477902580,333248,333249,direct_2022
New Zealand,74030.0,8477902580,84,8477902580,333248,333249,direct_2022
Australia,6146.0,8477906500,84,8477906500,333248,333249,direct_2022
New Zealand,484639.0,8477906500,84,8477906500,333248,333249,direct_2022
Australia,29745.0,8477908601,84,8477908601,333248,333249,direct_2022
New Zealand,690383.0,8477908601,84,8477908601,333248,333249,direct_2022
Australia,35226.0,8477908620,84,8477908620,333248,333249,direct_2022
Cook Islands,4250.0,8477908620,84,8477908620,333248,333249,direct_2022
New Zealand,14057.0,8477908620,84,8477908620,333248,333249,direct_2022
Australia,5934.0,8477908630,84,8477908630,333248,333249,direct_2022
New Zealand,3133.0,8477908630,84,8477908630,333248,333249,direct_2022
Australia,869852.0,8477908695,84,8477908695,333248,333249,direct_2022
New Zealand,239982.0,8477908695,84,8477908695,333248,333249,direct_2022
Australia,3351.0,8479100060,84,8479100060,333120,333120,direct_2022
Australia,1889670.0,8479100080,84,8479100080,333120,333120,direct_2022
Australia,464865.0,8479200000,84,8479200000,333241,333241,direct_2022
Australia,26454.0,8479400000,84,8479400000,333519,333519,direct_2022
Australia,1612590.0,8479500000,84,8479500000,333998,333999,direct_2022
New Zealand,1058498.0,8479500000,84,8479500000,333998,333999,direct_2022
Australia,2345878.0,8479600000,84,8479600000,333415,333415,direct_2022
Australia,13318.0,8479790000,84,8479790000,333310,332312,direct_2022
Australia,2526248.0,8479810000,84,8479810000,333519,333519,direct_2022
Australia,585724.0,8479820040,84,8479820040,333998,333999,direct_2022
New Zealand,9108.0,8479820040,84,8479820040,333998,333999,direct_2022
Australia,2075601.0,8479820080,84,8479820080,333998,333999,direct_2022
New Zealand,359121.0,8479820080,84,8479820080,333998,333999,direct_2022
New Zealand,2750.0,8479891000,84,8479891000,333415,333415,direct_2022
Australia,2068935.0,8479896500,84,8479896500,335220,335220,direct_2022
Kiribati,4013.0,8479896500,84,8479896500,335220,335220,direct_2022
Nauru,7388.0,8479896500,84,8479896500,335220,335220,direct_2022
New Zealand,10000.0,8479896500,84,8479896500,335220,335220,direct_2022
Australia,3017922.0,8479899550,84,8479899550,333132,333132,direct_2022
New Zealand,816500.0,8479899550,84,8479899550,333132,333132,direct_2022
Australia,10122.0,8479899560,84,8479899560,333310,333318,direct_2022
Australia,231549.0,8479899565,84,8479899565,333995,333995,direct_2022
New Zealand,24660.0,8479899565,84,8479899565,333995,333995,direct_2022
Australia,11671.0,8479899595,84,8479899595,333120,333120,direct_2022
Australia,151250.0,8479899596,84,8479899596,333998,333999,direct_2022
New Zealand,81146.0,8479899596,84,8479899596,333998,333999,direct_2022
Australia,59288071.0,8479899599,84,8479899599,333998,333999,direct_2022
French Polynesia,2200.0,8479899599,84,8479899599,333998,333999,direct_2022
Nauru,11900.0,8479899599,84,8479899599,333998,333999,direct_2022
New Zealand,963807.0,8479899599,84,8479899599,333998,333999,direct_2022
Australia,109537.0,8479904100,84,8479904100,333415,333415,direct_2022
Australia,7058.0,8479904500,84,8479904500,335220,335220,direct_2022
Australia,831215.0,8479907500,84,8479907500,335220,335220,direct_2022
Australia,406418.0,8479908500,84,8479908500,335220,335220,direct_2022
Nauru,3968.0,8479908500,84,8479908500,335220,335220,direct_2022
Australia,1473318.0,8479909530,84,8479909530,333998,333120,direct_2022
New Zealand,29129.0,8479909530,84,8479909530,333998,333120,direct_2022
Australia,323385.0,8479909550,84,8479909550,333120,333120,direct_2022
Australia,51127.0,8479909560,84,8479909560,333243,333243,direct_2022
Australia,979770.0,8479909565,84,8479909565,333519,333519,direct_2022
New Zealand,9736.0,8479909565,84,8479909565,333519,333519,direct_2022
Australia,24298251.0,8479909596,84,8479909596,333998,333999,direct_2022
Christmas Island,8842.0,8479909596,84,8479909596,333998,333999,direct_2022
Nauru,2060.0,8479909596,84,8479909596,333998,333999,direct_2022
New Caledonia,6895.0,8479909596,84,8479909596,333998,333999,direct_2022
New Zealand,649976.0,8479909596,84,8479909596,333998,333999,direct_2022
Australia,2330.0,8480300000,84,8480300000,332999,332999,direct_2022
New Zealand,25888.0,8480300000,84,8480300000,332999,332999,direct_2022
New Zealand,54648.0,8480410000,84,8480410000,333511,333511,direct_2022
Australia,4280.0,8480490090,84,8480490090,333511,333511,direct_2022
New Zealand,3660.0,8480490090,84,8480490090,333511,333511,direct_2022
Fiji,9700.0,8480500090,84,8480500090,333511,333511,direct_2022
New Zealand,3931.0,8480500090,84,8480500090,333511,333511,direct_2022
Australia,37815.0,8480600090,84,8480600090,333511,333511,direct_2022
Australia,3000.0,8480714000,84,8480714000,333511,333511,direct_2022
Australia,857285.0,8480718045,84,8480718045,333511,333511,direct_2022
New Zealand,11361.0,8480718045,84,8480718045,333511,333511,direct_2022
Australia,134176.0,8480718060,84,8480718060,333511,333511,direct_2022
New Zealand,6588.0,8480718060,84,8480718060,333511,333511,direct_2022
Australia,182041.0,8480791000,84,8480791000,333511,333511,direct_2022
Australia,402742.0,8480799090,84,8480799090,333511,333511,direct_2022
New Zealand,5584.0,8480799090,84,8480799090,333511,333511,direct_2022
Australia,19668.0,8481100020,84,8481100020,332912,332912,direct_2022
New Zealand,280485.0,8481100020,84,8481100020,332912,332912,direct_2022
Australia,6371.0,8481100040,84,8481100040,332912,332912,direct_2022
New Zealand,79542.0,8481100040,84,8481100040,332912,332912,direct_2022
Australia,83063.0,8481100060,84,8481100060,332912,332912,direct_2022
New Zealand,14199.0,8481100060,84,8481100060,332912,332912,direct_2022
Australia,690083.0,8481100090,84,8481100090,332911,332911,direct_2022
New Zealand,97602.0,8481100090,84,8481100090,332911,332911,direct_2022
Australia,159749.0,8481200010,84,8481200010,332912,332912,direct_2022
Australia,87583.0,8481200020,84,8481200020,332912,332912,direct_2022
New Zealand,58095.0,8481200020,84,8481200020,332912,332912,direct_2022
Australia,126045.0,8481200030,84,8481200030,332912,332912,direct_2022
Australia,248046.0,8481200040,84,8481200040,332912,332912,direct_2022
Australia,118380.0,8481200050,84,8481200050,332912,332912,direct_2022
Australia,149161.0,8481200080,84,8481200080,332912,332912,direct_2022
French Polynesia,10000.0,8481200080,84,8481200080,332912,332912,direct_2022
New Zealand,61108.0,8481200080,84,8481200080,332912,332912,direct_2022
Australia,2889.0,8481301010,84,8481301010,332911,332911,direct_2022
New Zealand,17788.0,8481301010,84,8481301010,332911,332911,direct_2022
Australia,3702.0,8481302010,84,8481302010,332911,332911,direct_2022
New Zealand,4106.0,8481302010,84,8481302010,332911,332911,direct_2022
Australia,28312.0,8481302090,84,8481302090,332911,332911,direct_2022
New Zealand,17946.0,8481302090,84,8481302090,332911,332911,direct_2022
Australia,166962.0,8481309000,84,8481309000,332911,332911,direct_2022
New Zealand,5192614.0,8481309000,84,8481309000,332911,332911,direct_2022
Australia,1199057.0,8481400000,84,8481400000,332911,332911,direct_2022
New Zealand,17966.0,8481400000,84,8481400000,332911,332911,direct_2022
Australia,7025.0,8481801020,84,8481801020,332913,332913,direct_2022
Australia,14220.0,8481801030,84,8481801030,332913,332913,direct_2022
New Zealand,879686.0,8481801030,84,8481801030,332913,332913,direct_2022
New Zealand,3345.0,8481801040,84,8481801040,332913,332913,direct_2022
Australia,46533.0,8481801050,84,8481801050,332913,332913,direct_2022
Australia,13196.0,8481801060,84,8481801060,332911,332911,direct_2022
New Zealand,21142.0,8481801085,84,8481801085,332911,332911,direct_2022
Australia,10769.0,8481801090,84,8481801090,332911,332911,direct_2022
New Zealand,17931.0,8481801090,84,8481801090,332911,332911,direct_2022
Australia,67141.0,8481801095,84,8481801095,332919,332919,direct_2022
New Zealand,7199.0,8481801095,84,8481801095,332919,332919,direct_2022
Australia,4211.0,8481803040,84,8481803040,332919,332919,direct_2022
New Zealand,2005.0,8481803040,84,8481803040,332919,332919,direct_2022
Australia,56317.0,8481803055,84,8481803055,332911,332911,direct_2022
Australia,75988.0,8481803070,84,8481803070,332911,332911,direct_2022
New Zealand,2736139.0,8481803070,84,8481803070,332911,332911,direct_2022
Australia,23540.0,8481803075,84,8481803075,332911,332911,direct_2022
New Zealand,136335.0,8481803075,84,8481803075,332911,332911,direct_2022
Australia,123603.0,8481803090,84,8481803090,332911,332911,direct_2022
New Zealand,11438.0,8481803090,84,8481803090,332911,332911,direct_2022
Australia,4550.0,8481805040,84,8481805040,333912,333912,direct_2022
Australia,10448.0,8481805060,84,8481805060,332913,332913,direct_2022
Australia,1972301.0,8481805090,84,8481805090,332911,332911,direct_2022
New Zealand,1850407.0,8481805090,84,8481805090,332911,332911,direct_2022
Australia,6269157.0,8481809005,84,8481809005,332911,332911,direct_2022
New Zealand,47115.0,8481809005,84,8481809005,332911,332911,direct_2022
Niue,2328.0,8481809005,84,8481809005,332911,332911,direct_2022
New Zealand,2039.0,8481809010,84,8481809010,332913,332913,direct_2022
Australia,4584990.0,8481809015,84,8481809015,332911,332911,direct_2022
New Zealand,70853.0,8481809015,84,8481809015,332911,332911,direct_2022
Australia,2912755.0,8481809020,84,8481809020,332911,332911,direct_2022
New Zealand,74075.0,8481809020,84,8481809020,332911,332911,direct_2022
Australia,532108.0,8481809025,84,8481809025,332911,332911,direct_2022
New Zealand,26034.0,8481809025,84,8481809025,332911,332911,direct_2022
Australia,8116.0,8481809030,84,8481809030,332911,332911,direct_2022
Australia,56432.0,8481809035,84,8481809035,332911,332911,direct_2022
Australia,148789.0,8481809040,84,8481809040,332911,332911,direct_2022
New Zealand,250473.0,8481809040,84,8481809040,332911,332911,direct_2022
Australia,9588169.0,8481809050,84,8481809050,332911,332911,direct_2022
Micronesia,4000.0,8481809050,84,8481809050,332911,332911,direct_2022
Nauru,4085.0,8481809050,84,8481809050,332911,332911,direct_2022
New Caledonia,6180.0,8481809050,84,8481809050,332911,332911,direct_2022
New Zealand,3094890.0,8481809050,84,8481809050,332911,332911,direct_2022
Australia,9423.0,8481901000,84,8481901000,332911,332911,direct_2022
New Zealand,230075.0,8481901000,84,8481901000,332911,332911,direct_2022
Australia,77321.0,8481903000,84,8481903000,332911,332911,direct_2022
New Zealand,65787.0,8481903000,84,8481903000,332911,332911,direct_2022
Australia,39227.0,8481905000,84,8481905000,332911,332911,direct_2022
New Zealand,128379.0,8481905000,84,8481905000,332911,332911,direct_2022
Australia,141145.0,8481909020,84,8481909020,332912,332912,direct_2022
New Zealand,15132.0,8481909020,84,8481909020,332912,332912,direct_2022
Australia,290893.0,8481909040,84,8481909040,332912,332912,direct_2022
New Zealand,91531.0,8481909040,84,8481909040,332912,332912,direct_2022
Australia,1487430.0,8481909060,84,8481909060,332911,332911,direct_2022
Australia,3008864.0,8481909085,84,8481909085,332911,332911,direct_2022
Nauru,6243.0,8481909085,84,8481909085,332911,332911,direct_2022
New Zealand,1654914.0,8481909085,84,8481909085,332911,332911,direct_2022
Niue,5086.0,8481909085,84,8481909085,332911,332911,direct_2022
Australia,2335.0,8482101040,84,8482101040,332991,332991,direct_2022
Australia,44522.0,8482101080,84,8482101080,332991,332991,direct_2022
Australia,7439.0,8482105008,84,8482105008,332991,332991,direct_2022
Australia,2784.0,8482105012,84,8482105012,332991,332991,direct_2022
New Zealand,12333.0,8482105012,84,8482105012,332991,332991,direct_2022
New Zealand,2849.0,8482105024,84,8482105024,332991,332991,direct_2022
Australia,59409.0,8482105028,84,8482105028,332991,332991,direct_2022
Christmas Island,7273.0,8482105044,84,8482105044,332991,332991,direct_2022
Australia,77559.0,8482105056,84,8482105056,332991,332991,direct_2022
New Zealand,7117.0,8482105056,84,8482105056,332991,332991,direct_2022
Australia,16845.0,8482105068,84,8482105068,332991,332991,direct_2022
New Zealand,2261.0,8482105068,84,8482105068,332991,332991,direct_2022
Australia,2154.0,8482200030,84,8482200030,332991,332991,direct_2022
Australia,14020.0,8482200040,84,8482200040,332991,332991,direct_2022
Australia,29860.0,8482200061,84,8482200061,332991,332991,direct_2022
Australia,8973.0,8482200064,84,8482200064,332991,332991,direct_2022
Australia,13342.0,8482200067,84,8482200067,332991,332991,direct_2022
Australia,13689.0,8482200081,84,8482200081,332991,332991,direct_2022
Australia,14508.0,8482200090,84,8482200090,332991,332991,direct_2022
New Zealand,2922.0,8482200090,84,8482200090,332991,332991,direct_2022
Australia,49645.0,8482300040,84,8482300040,332991,332991,direct_2022
New Zealand,14684.0,8482300040,84,8482300040,332991,332991,direct_2022
Australia,35097.0,8482300080,84,8482300080,332991,332991,direct_2022
New Zealand,3491.0,8482300080,84,8482300080,332991,332991,direct_2022
Australia,77395.0,8482500000,84,8482500000,332991,332991,direct_2022
New Zealand,18386.0,8482500000,84,8482500000,332991,332991,direct_2022
Australia,38603.0,8482800080,84,8482800080,332991,332991,direct_2022
New Zealand,64701.0,8482910080,84,8482910080,332991,332991,direct_2022
Australia,4905.0,8482910090,84,8482910090,332991,332991,direct_2022
New Zealand,128802.0,8482910090,84,8482910090,332991,332991,direct_2022
Australia,7422.0,8482991550,84,8482991550,332991,332991,direct_2022
Australia,4955.0,8482993500,84,8482993500,332991,332991,direct_2022
Australia,4384.0,8482994500,84,8482994500,332991,332991,direct_2022
Australia,35860.0,8482996595,84,8482996595,332991,332991,direct_2022
New Zealand,12586.0,8482996595,84,8482996595,332991,332991,direct_2022
Australia,41526.0,8483101030,84,8483101030,336310,336310,direct_2022
New Zealand,413806.0,8483101030,84,8483101030,336310,336310,direct_2022
Australia,23617.0,8483101050,84,8483101050,336310,336310,direct_2022
New Zealand,18900.0,8483101050,84,8483101050,336310,336310,direct_2022
Australia,18719.0,8483103010,84,8483103010,336310,336310,direct_2022
New Zealand,4333.0,8483103010,84,8483103010,336310,336310,direct_2022
Australia,36523.0,8483103050,84,8483103050,336310,336310,direct_2022
New Zealand,49085.0,8483103050,84,8483103050,336310,336310,direct_2022
Australia,610975.0,8483105000,84,8483105000,333613,333613,direct_2022
New Zealand,261004.0,8483105000,84,8483105000,333613,333613,direct_2022
Australia,6744.0,8483204040,84,8483204040,332991,332991,direct_2022
New Zealand,3329.0,8483204040,84,8483204040,332991,332991,direct_2022
New Zealand,2064.0,8483204080,84,8483204080,332991,332991,direct_2022
New Zealand,12723.0,8483208040,84,8483208040,332991,332991,direct_2022
Australia,80248.0,8483208080,84,8483208080,332991,332991,direct_2022
New Zealand,15180.0,8483208080,84,8483208080,332991,332991,direct_2022
Australia,39353.0,8483304040,84,8483304040,332991,332991,direct_2022
New Zealand,26052.0,8483304040,84,8483304040,332991,332991,direct_2022
Australia,40766.0,8483304080,84,8483304080,332991,332991,direct_2022
Micronesia,2608.0,8483304080,84,8483304080,332991,332991,direct_2022
New Zealand,108239.0,8483304080,84,8483304080,332991,332991,direct_2022
Australia,43841.0,8483308020,84,8483308020,332991,332991,direct_2022
New Zealand,3524.0,8483308020,84,8483308020,332991,332991,direct_2022
Australia,30893.0,8483308040,84,8483308040,332991,332991,direct_2022
New Zealand,66955.0,8483308040,84,8483308040,332991,332991,direct_2022
Australia,504226.0,8483308055,84,8483308055,333613,336310,direct_2022
Australia,43759.0,8483308065,84,8483308065,333613,336310,direct_2022
Australia,16175.0,8483308070,84,8483308070,332991,332991,direct_2022
Australia,3073926.0,8483308090,84,8483308090,332991,332991,direct_2022
New Zealand,1291555.0,8483308090,84,8483308090,332991,332991,direct_2022
Australia,272681.0,8483401000,84,8483401000,336350,335312,direct_2022
New Caledonia,9425.0,8483401000,84,8483401000,336350,335312,direct_2022
New Zealand,11179.0,8483401000,84,8483401000,336350,335312,direct_2022
Australia,156768.0,8483403080,84,8483403080,333612,333612,direct_2022
Australia,971022.0,8483405010,84,8483405010,333612,333612,direct_2022
New Zealand,11337.0,8483405010,84,8483405010,333612,333612,direct_2022
Australia,1570950.0,8483405050,84,8483405050,333612,333612,direct_2022
New Zealand,160401.0,8483405050,84,8483405050,333612,333612,direct_2022
Australia,1022086.0,8483407000,84,8483407000,333612,333612,direct_2022
New Zealand,23434.0,8483407000,84,8483407000,333612,333612,direct_2022
Australia,53963.0,8483408000,84,8483408000,332991,332722,direct_2022
New Zealand,5549.0,8483408000,84,8483408000,332991,332722,direct_2022
Australia,755984.0,8483409000,84,8483409000,333612,333612,direct_2022
New Caledonia,16992.0,8483409000,84,8483409000,333612,333612,direct_2022
New Zealand,87469.0,8483409000,84,8483409000,333612,333612,direct_2022
Australia,25468.0,8483506000,84,8483506000,336310,336310,direct_2022
New Zealand,590129.0,8483506000,84,8483506000,336310,336310,direct_2022
Australia,434908.0,8483509040,84,8483509040,333613,333613,direct_2022
New Zealand,24475.0,8483509040,84,8483509040,333613,333613,direct_2022
Australia,957405.0,8483509080,84,8483509080,333613,333613,direct_2022
New Zealand,49546.0,8483509080,84,8483509080,333613,333613,direct_2022
Australia,19190.0,8483604040,84,8483604040,333613,333613,direct_2022
New Zealand,105319.0,8483604040,84,8483604040,333613,333613,direct_2022
Australia,164917.0,8483604080,84,8483604080,333613,333613,direct_2022
New Zealand,5763.0,8483604080,84,8483604080,333613,333613,direct_2022
Australia,152157.0,8483608000,84,8483608000,333613,333613,direct_2022
New Zealand,418885.0,8483608000,84,8483608000,333613,333613,direct_2022
Australia,111432.0,8483901050,84,8483901050,333613,333613,direct_2022
New Zealand,12566.0,8483901050,84,8483901050,333613,333613,direct_2022
Australia,16460.0,8483903000,84,8483903000,332991,332991,direct_2022
Australia,2193.0,8483905010,84,8483905010,333612,333612,direct_2022
Australia,11706034.0,8483905090,84,8483905090,333612,333612,direct_2022
Nauru,15625.0,8483905090,84,8483905090,333612,333612,direct_2022
New Caledonia,8942.0,8483905090,84,8483905090,333612,333612,direct_2022
New Zealand,57817.0,8483905090,84,8483905090,333612,333612,direct_2022
New Zealand,4164.0,8483907000,84,8483907000,332991,332991,direct_2022
Australia,41933.0,8483908010,84,8483908010,333613,333613,direct_2022
Australia,617020.0,8483908080,84,8483908080,333613,333613,direct_2022
Nauru,6812.0,8483908080,84,8483908080,333613,333613,direct_2022
New Zealand,24541.0,8483908080,84,8483908080,333613,333613,direct_2022
Australia,33624.0,8484100000,84,8484100000,339991,339991,direct_2022
New Zealand,48548.0,8484100000,84,8484100000,339991,339991,direct_2022
Australia,905466.0,8484200000,84,8484200000,339991,339991,direct_2022
French Polynesia,2073.0,8484200000,84,8484200000,339991,339991,direct_2022
New Zealand,588797.0,8484200000,84,8484200000,339991,339991,direct_2022
Australia,91392.0,8484900000,84,8484900000,339991,339991,direct_2022
French Polynesia,2235.0,8484900000,84,8484900000,339991,339991,direct_2022
Nauru,5591.0,8484900000,84,8484900000,339991,339991,direct_2022
New Zealand,41986.0,8484900000,84,8484900000,339991,339991,direct_2022
Australia,5895885.0,8485100100,84,8485100100,333248,333999,direct_2022
Australia,5688930.0,8485200000,84,8485200000,333248,333249,direct_2022
Australia,56745.0,8485300000,84,8485300000,333248,333249,direct_2022
Australia,273694.0,8485800000,84,8485800000,333248,333999,direct_2022
Australia,1523704.0,8485901000,84,8485901000,333248,333132,direct_2022
Australia,1341348.0,8485909000,84,8485909000,333248,333999,direct_2022
New Zealand,3522.0,8486200000,84,8486200000,333242,333242,direct_2022
Australia,2390.0,8486400010,84,8486400010,333248,333242,direct_2022
Australia,170983.0,8486400020,84,8486400020,333248,333242,direct_2022
Australia,150547.0,8486900000,84,8486900000,333242,333242,direct_2022
New Caledonia,73718.0,8486900000,84,8486900000,333242,333242,direct_2022
New Zealand,73928534.0,8486900000,84,8486900000,333242,333242,direct_2022
Australia,5497885.0,8487100040,84,8487100040,331529,331529,direct_2022
Australia,1387083.0,8487100080,84,8487100080,332999,332999,direct_2022
Marshall Islands,19712.0,8487100080,84,8487100080,332999,332999,direct_2022
Nauru,9732.0,8487100080,84,8487100080,332999,332999,direct_2022
New Zealand,5241.0,8487100080,84,8487100080,332999,332999,direct_2022
Australia,914436.0,8487900080,84,8487900080,333998,333999,direct_2022
New Zealand,71146.0,8487900080,84,8487900080,333998,333999,direct_2022
Australia,8611.0,8501104020,85,8501104020,335312,335312,direct_2022
New Zealand,11601.0,8501104020,85,8501104020,335312,335312,direct_2022
Australia,124000.0,8501104040,85,8501104040,335312,335312,direct_2022
Marshall Islands,2938.0,8501104040,85,8501104040,335312,335312,direct_2022
Australia,124762.0,8501104060,85,8501104060,335312,335312,direct_2022
New Zealand,3328.0,8501104060,85,8501104060,335312,335312,direct_2022
Australia,8392.0,8501104080,85,8501104080,335312,335312,direct_2022
Australia,43829.0,8501106020,85,8501106020,335312,335312,direct_2022
Australia,36964.0,8501106040,85,8501106040,335312,335312,direct_2022
Australia,7087.0,8501106060,85,8501106060,335312,335312,direct_2022
Australia,16908.0,8501106080,85,8501106080,335312,335312,direct_2022
Australia,30740.0,8501202000,85,8501202000,335312,335312,direct_2022
Australia,145141.0,8501206000,85,8501206000,335312,335312,direct_2022
Nauru,3773.0,8501206000,85,8501206000,335312,335312,direct_2022
New Zealand,223964.0,8501206000,85,8501206000,335312,335312,direct_2022
Australia,80701.0,8501312000,85,8501312000,335312,335312,direct_2022
Australia,72089.0,8501314000,85,8501314000,335312,335312,direct_2022
Fiji,2968.0,8501314000,85,8501314000,335312,335312,direct_2022
New Zealand,20099.0,8501314000,85,8501314000,335312,335312,direct_2022
Australia,19554.0,8501315000,85,8501315000,335312,335312,direct_2022
Australia,51603.0,8501316000,85,8501316000,335312,335312,direct_2022
New Zealand,19531.0,8501316000,85,8501316000,335312,335312,direct_2022
Australia,4581.0,8501318100,85,8501318100,335312,335312,direct_2022
Australia,264787.0,8501322000,85,8501322000,335312,335312,direct_2022
Australia,8615.0,8501324500,85,8501324500,335312,335312,direct_2022
Australia,171923.0,8501325540,85,8501325540,335312,335312,direct_2022
New Zealand,36420.0,8501325540,85,8501325540,335312,335312,direct_2022
Australia,185907.0,8501326100,85,8501326100,335312,335312,direct_2022
Australia,50525.0,8501336100,85,8501336100,335312,335312,direct_2022
Australia,41121.0,8501343000,85,8501343000,335312,335312,direct_2022
New Zealand,13606.0,8501404020,85,8501404020,333612,333612,direct_2022
Australia,2672.0,8501404040,85,8501404040,335312,335312,direct_2022
Australia,2169.0,8501406020,85,8501406020,333612,333612,direct_2022
New Zealand,13151.0,8501406020,85,8501406020,333612,333612,direct_2022
Australia,2898.0,8501406040,85,8501406040,335312,335312,direct_2022
New Zealand,37661.0,8501406040,85,8501406040,335312,335312,direct_2022
Australia,8776.0,8501512020,85,8501512020,333612,333612,direct_2022
New Zealand,68929.0,8501514020,85,8501514020,333612,333612,direct_2022
Australia,27158.0,8501514040,85,8501514040,335312,335312,direct_2022
New Zealand,15133.0,8501516020,85,8501516020,333612,333612,direct_2022
Australia,31196.0,8501516040,85,8501516040,335312,335312,direct_2022
New Zealand,2349.0,8501516040,85,8501516040,335312,335312,direct_2022
Australia,104715.0,8501524000,85,8501524000,335312,335312,direct_2022
New Zealand,66446.0,8501524000,85,8501524000,335312,335312,direct_2022
Australia,3941.0,8501528020,85,8501528020,335312,335312,direct_2022
Australia,67874.0,8501528040,85,8501528040,335312,335312,direct_2022
Cocos (Keeling) Islands,4505.0,8501528040,85,8501528040,335312,335312,direct_2022
Christmas Island,16256.0,8501538040,85,8501538040,335312,335312,direct_2022
Australia,615557.0,8501538060,85,8501538060,335312,335312,direct_2022
New Zealand,2364.0,8501538060,85,8501538060,335312,335312,direct_2022
Australia,1223213.0,8501610100,85,8501610100,335312,335312,direct_2022
New Zealand,62630.0,8501610100,85,8501610100,335312,335312,direct_2022
New Zealand,605233.0,8501620100,85,8501620100,335312,335312,direct_2022
New Zealand,235000.0,8501630100,85,8501630100,335312,335312,direct_2022
Australia,330030.0,8501640125,85,8501640125,335312,335312,direct_2022
New Zealand,11072.0,8501640150,85,8501640150,335312,335312,direct_2022
Australia,73684.0,8502110000,85,8502110000,335312,335312,direct_2022
Australia,13511.0,8502130020,85,8502130020,335312,335312,direct_2022
Australia,7930.0,8502390080,85,8502390080,333611,333611,direct_2022
Australia,52863.0,8503004500,85,8503004500,335312,335312,direct_2022
Australia,1224924.0,8503006500,85,8503006500,335312,335312,direct_2022
Australia,8057.0,8503007500,85,8503007500,335312,335312,direct_2022
Australia,73044.0,8503009520,85,8503009520,335312,335312,direct_2022
Australia,44391.0,8503009550,85,8503009550,335312,335312,direct_2022
Australia,146198.0,8503009580,85,8503009580,335312,335312,direct_2022
Australia,14989.0,8504100000,85,8504100000,335311,335311,direct_2022
French Polynesia,32045.0,8504100000,85,8504100000,335311,335311,direct_2022
New Zealand,3013.0,8504210040,85,8504210040,335311,335311,direct_2022
Australia,6406.0,8504312000,85,8504312000,334416,334416,direct_2022
Australia,29566.0,8504314035,85,8504314035,334416,334416,direct_2022
New Zealand,62860.0,8504314065,85,8504314065,334416,334416,direct_2022
New Zealand,4032.0,8504320000,85,8504320000,334416,334416,direct_2022
Australia,10495.0,8504330040,85,8504330040,335311,335311,direct_2022
New Zealand,146170.0,8504330040,85,8504330040,335311,335311,direct_2022
Australia,2514583.0,8504404000,85,8504404000,335314,335314,direct_2022
French Polynesia,3500.0,8504404000,85,8504404000,335314,335314,direct_2022
New Zealand,818249.0,8504404000,85,8504404000,335314,335314,direct_2022
Australia,151526.0,8504406001,85,8504406001,335999,335999,direct_2022
Australia,10174.0,8504406012,85,8504406012,335999,335999,direct_2022
New Zealand,587539.0,8504406012,85,8504406012,335999,335999,direct_2022
Australia,137314.0,8504406018,85,8504406018,335999,335999,direct_2022
New Zealand,39004.0,8504406018,85,8504406018,335999,335999,direct_2022
Australia,12233.0,8504407001,85,8504407001,335999,335999,direct_2022
New Zealand,11420.0,8504407001,85,8504407001,335999,335999,direct_2022
Australia,66478.0,8504407007,85,8504407007,335999,335999,direct_2022
Australia,390035.0,8504407012,85,8504407012,335999,335999,direct_2022
Australia,877344.0,8504407018,85,8504407018,335999,335999,direct_2022
New Zealand,1201044.0,8504407018,85,8504407018,335999,335999,direct_2022
Australia,541808.0,8504408500,85,8504408500,334419,334419,direct_2022
New Zealand,82102.0,8504408500,85,8504408500,334419,334419,direct_2022
Australia,1497060.0,8504409510,85,8504409510,335999,335999,direct_2022
New Zealand,257067.0,8504409510,85,8504409510,335999,335999,direct_2022
Australia,224470.0,8504409520,85,8504409520,335999,335999,direct_2022
New Zealand,7309.0,8504409520,85,8504409520,335999,335999,direct_2022
Australia,1411392.0,8504409530,85,8504409530,335999,335999,direct_2022
New Zealand,10102070.0,8504409530,85,8504409530,335999,335999,direct_2022
Australia,1753886.0,8504409540,85,8504409540,335999,335999,direct_2022
Micronesia,6566.0,8504409540,85,8504409540,335999,335999,direct_2022
New Zealand,2898911.0,8504409540,85,8504409540,335999,335999,direct_2022
Australia,1317403.0,8504409550,85,8504409550,334419,334419,direct_2022
French Polynesia,3850.0,8504409550,85,8504409550,334419,334419,direct_2022
New Zealand,6087349.0,8504409550,85,8504409550,334419,334419,direct_2022
Australia,413656.0,8504409570,85,8504409570,335312,334419,direct_2022
New Zealand,2712206.0,8504409570,85,8504409570,335312,334419,direct_2022
Australia,2652513.0,8504409580,85,8504409580,334419,334419,direct_2022
Micronesia,51800.0,8504409580,85,8504409580,334419,334419,direct_2022
New Zealand,547629.0,8504409580,85,8504409580,334419,334419,direct_2022
Australia,71733.0,8504504000,85,8504504000,334416,334416,direct_2022
Australia,68624.0,8504508000,85,8504508000,334416,334416,direct_2022
New Zealand,56819.0,8504508000,85,8504508000,334416,334416,direct_2022
Australia,21684.0,8504902000,85,8504902000,334418,334418,direct_2022
New Zealand,2995.0,8504902000,85,8504902000,334418,334418,direct_2022
Australia,91362.0,8504904100,85,8504904100,335999,334419,direct_2022
Australia,52538.0,8504907500,85,8504907500,334418,334418,direct_2022
New Zealand,338465.0,8504907500,85,8504907500,334418,334418,direct_2022
Australia,15317.0,8504909610,85,8504909610,327110,327110,direct_2022
Australia,3252.0,8504909630,85,8504909630,327110,327110,direct_2022
Australia,3501.0,8504909646,85,8504909646,335311,335311,direct_2022
Australia,2476.0,8504909650,85,8504909650,334419,334419,direct_2022
New Zealand,43153582.0,8504909650,85,8504909650,334419,334419,direct_2022
Australia,242993.0,8504909690,85,8504909690,334416,334419,direct_2022
New Zealand,74403.0,8504909690,85,8504909690,334416,334419,direct_2022
Australia,315074.0,8505110070,85,8505110070,332999,332999,direct_2022
New Zealand,17394.0,8505110070,85,8505110070,332999,332999,direct_2022
Australia,1356538.0,8505110090,85,8505110090,332999,332999,direct_2022
New Zealand,2043.0,8505110090,85,8505110090,332999,332999,direct_2022
Australia,9013.0,8505192000,85,8505192000,339999,327110,direct_2022
Australia,5192.0,8505193000,85,8505193000,339999,327110,direct_2022
New Zealand,141380.0,8505193000,85,8505193000,339999,327110,direct_2022
Australia,4838.0,8505903000,85,8505903000,335999,335999,direct_2022
Australia,3667.0,8505904000,85,8505904000,335999,335999,direct_2022
New Zealand,4595.0,8505904000,85,8505904000,335999,335999,direct_2022
New Zealand,243825.0,8505907000,85,8505907000,334510,335999,direct_2022
Australia,279217.0,8505907501,85,8505907501,335999,335999,direct_2022
New Zealand,14446336.0,8505907501,85,8505907501,335999,335999,direct_2022
Australia,200212.0,8506500090,85,8506500090,335910,335910,fallback_2023_needs_review
New Zealand,25062.0,8506500090,85,8506500090,335910,335910,fallback_2023_needs_review
Australia,132788.0,8506600090,85,8506600090,335910,335910,fallback_2023_needs_review
New Zealand,13635.0,8506600090,85,8506600090,335910,335910,fallback_2023_needs_review
Australia,58019.0,8506800090,85,8506800090,335910,335910,fallback_2023_needs_review
Australia,2800.0,8506900000,85,8506900000,335910,335912,direct_2022
Australia,18537.0,8507208041,85,8507208041,335910,335911,direct_2022
Australia,45095.0,8507208091,85,8507208091,335910,335911,direct_2022
New Zealand,6746.0,8507208091,85,8507208091,335910,335911,direct_2022
New Zealand,3387.0,8507304000,85,8507304000,335910,335911,direct_2022
Australia,152510.0,8507308010,85,8507308010,335910,335911,direct_2022
New Zealand,20209.0,8507308010,85,8507308010,335910,335911,direct_2022
Australia,14766.0,8507308090,85,8507308090,335910,335911,direct_2022
New Zealand,2674.0,8507308090,85,8507308090,335910,335911,direct_2022
Australia,11579.0,8507500000,85,8507500000,335910,335911,direct_2022
New Caledonia,3400.0,8507500000,85,8507500000,335910,335911,direct_2022
Australia,119470.0,8507600010,85,8507600010,335910,335911,direct_2022
Australia,3161433.0,8507600020,85,8507600020,335910,335911,direct_2022
New Zealand,455761.0,8507600020,85,8507600020,335910,335911,direct_2022
Australia,359483.0,8507808200,85,8507808200,335910,335911,direct_2022
Australia,14145.0,8507908000,85,8507908000,335910,335911,direct_2022
Australia,5698.0,8508700000,85,8508700000,335210,335210,direct_2022
Australia,10255.0,8509400040,85,8509400040,335210,335210,direct_2022
New Zealand,40678.0,8509400040,85,8509400040,335210,335210,direct_2022
New Zealand,3457.0,8509805050,85,8509805050,335210,335210,direct_2022
Australia,67571.0,8509805095,85,8509805095,335210,335210,direct_2022
New Zealand,34441.0,8509805095,85,8509805095,335210,335210,direct_2022
Australia,12308.0,8509905500,85,8509905500,335210,335210,direct_2022
New Zealand,18000.0,8510209000,85,8510209000,335210,335210,direct_2022
New Zealand,3369.0,8510901000,85,8510901000,335210,335210,direct_2022
Australia,39695.0,8511100000,85,8511100000,336320,336320,direct_2022
Australia,94033.0,8511200000,85,8511200000,336320,336320,direct_2022
New Zealand,46104.0,8511200000,85,8511200000,336320,336320,direct_2022
Australia,20516.0,8511300040,85,8511300040,336320,336320,direct_2022
Australia,357887.0,8511300080,85,8511300080,336320,336320,direct_2022
Australia,585843.0,8511400000,85,8511400000,336320,336320,direct_2022
French Polynesia,645189.0,8511400000,85,8511400000,336320,336320,direct_2022
Kiribati,29478.0,8511400000,85,8511400000,336320,336320,direct_2022
New Caledonia,23133.0,8511400000,85,8511400000,336320,336320,direct_2022
New Zealand,7715.0,8511400000,85,8511400000,336320,336320,direct_2022
Australia,438979.0,8511500000,85,8511500000,336320,336320,direct_2022
Marshall Islands,65339.0,8511500000,85,8511500000,336320,336320,direct_2022
New Caledonia,4690.0,8511500000,85,8511500000,336320,336320,direct_2022
New Zealand,25690.0,8511500000,85,8511500000,336320,336320,direct_2022
Australia,98996.0,8511804000,85,8511804000,336320,336320,direct_2022
Australia,1831250.0,8511806000,85,8511806000,336320,336320,direct_2022
Australia,7950.0,8511904000,85,8511904000,336320,336320,direct_2022
Australia,43098.0,8511906040,85,8511906040,336320,336320,direct_2022
Australia,39529.0,8512102000,85,8512102000,336320,336320,direct_2022
Australia,41752.0,8512104000,85,8512104000,336320,336320,direct_2022
Australia,941218.0,8512202040,85,8512202040,336320,336320,direct_2022
Marshall Islands,34231.0,8512202040,85,8512202040,336320,336320,direct_2022
New Zealand,155634.0,8512202040,85,8512202040,336320,336320,direct_2022
Australia,21969999.0,8512202080,85,8512202080,336320,336320,direct_2022
New Zealand,9178.0,8512202080,85,8512202080,336320,336320,direct_2022
Australia,201714.0,8512204040,85,8512204040,336320,336320,direct_2022
Cook Islands,12159.0,8512204040,85,8512204040,336320,336320,direct_2022
New Caledonia,67265.0,8512204040,85,8512204040,336320,336320,direct_2022
New Zealand,350280.0,8512204040,85,8512204040,336320,336320,direct_2022
Australia,802702.0,8512204080,85,8512204080,336320,336320,direct_2022
Australia,37321.0,8512300040,85,8512300040,335999,335999,direct_2022
Australia,4332.0,8512404000,85,8512404000,336320,336320,direct_2022
Australia,5714.0,8512902000,85,8512902000,336320,336320,direct_2022
Australia,7800.0,8512906000,85,8512906000,336320,336320,direct_2022
Australia,6557.0,8512909000,85,8512909000,336320,336320,direct_2022
Australia,102287.0,8513102000,85,8513102000,335139,335129,direct_2022
Australia,1537999.0,8513104000,85,8513104000,335139,335129,direct_2022
New Zealand,2901.0,8513104000,85,8513104000,335139,335129,direct_2022
Australia,59588.0,8513904000,85,8513904000,335139,335129,direct_2022
Australia,286410.0,8514190000,85,8514190000,333994,333994,direct_2022
Australia,659000.0,8514208000,85,8514208000,333994,333994,direct_2022
Australia,4100.0,8514399000,85,8514399000,333994,333994,direct_2022
New Zealand,1207594.0,8514400000,85,8514400000,333994,333994,direct_2022
Australia,46292.0,8514908000,85,8514908000,333994,333994,direct_2022
New Zealand,78169.0,8514908000,85,8514908000,333994,333994,direct_2022
Australia,132228.0,8515390040,85,8515390040,333992,333992,direct_2022
Australia,45420.0,8515800080,85,8515800080,333912,333912,direct_2022
Australia,41618.0,8515902000,85,8515902000,333992,333992,direct_2022
Australia,135685.0,8515904000,85,8515904000,333992,333992,direct_2022
French Polynesia,2884.0,8515904000,85,8515904000,333992,333992,direct_2022
Australia,292690.0,8516100040,85,8516100040,335220,335220,direct_2022
New Zealand,10637.0,8516100040,85,8516100040,335220,335220,direct_2022
Australia,3543495.0,8516100080,85,8516100080,335220,335220,direct_2022
New Zealand,16972.0,8516100080,85,8516100080,335220,335220,direct_2022
Australia,16413.0,8516210000,85,8516210000,335210,335210,direct_2022
Australia,27515.0,8516290090,85,8516290090,335210,335210,direct_2022
Australia,93094.0,8516402000,85,8516402000,335210,335210,direct_2022
Australia,2250.0,8516604070,85,8516604070,335220,335220,direct_2022
Australia,4068007.0,8516604074,85,8516604074,335220,335220,direct_2022
Australia,2316004.0,8516604078,85,8516604078,335220,335220,direct_2022
Australia,2654.0,8516604086,85,8516604086,335220,335220,direct_2022
New Zealand,16200.0,8516604086,85,8516604086,335220,335220,direct_2022
Australia,8580.0,8516606000,85,8516606000,335210,335210,direct_2022
New Zealand,193790.0,8516606000,85,8516606000,335210,335210,direct_2022
Australia,40157.0,8516710020,85,8516710020,335210,335210,direct_2022
Australia,276608.0,8516710060,85,8516710060,335210,335210,direct_2022
French Polynesia,26815.0,8516710060,85,8516710060,335210,335210,direct_2022
New Zealand,133120.0,8516710060,85,8516710060,335210,335210,direct_2022
Australia,23643.0,8516710080,85,8516710080,335210,335210,direct_2022
Australia,2189.0,8516720000,85,8516720000,335210,335210,direct_2022
Australia,466888.0,8516790000,85,8516790000,335210,335210,direct_2022
New Zealand,8279.0,8516790000,85,8516790000,335210,335210,direct_2022
Australia,113270.0,8516808000,85,8516808000,334416,334416,direct_2022
New Zealand,4951034.0,8516808000,85,8516808000,334416,334416,direct_2022
Australia,2214857.0,8516900500,85,8516900500,335210,335210,direct_2022
Australia,25249.0,8516907500,85,8516907500,335220,335220,direct_2022
Australia,206610.0,8516908050,85,8516908050,335220,335220,direct_2022
Australia,47878.0,8516909000,85,8516909000,335210,335210,direct_2022
Cocos (Keeling) Islands,10000.0,8516909000,85,8516909000,335210,335210,direct_2022
New Zealand,8255.0,8516909000,85,8516909000,335210,335210,direct_2022
New Zealand,4134.0,8517110000,85,8517110000,334210,334210,direct_2022
Australia,153023.0,8517130000,85,8517130000,334220,334220,direct_2022
French Polynesia,7809.0,8517130000,85,8517130000,334220,334220,direct_2022
New Zealand,8952.0,8517130000,85,8517130000,334220,334220,direct_2022
New Zealand,4259108.0,8517140020,85,8517140020,334220,334220,direct_2022
New Zealand,3058336.0,8517140050,85,8517140050,334220,334220,direct_2022
Australia,93974.0,8517140080,85,8517140080,334220,334220,direct_2022
New Zealand,703912.0,8517140080,85,8517140080,334220,334220,direct_2022
Australia,27089.0,8517180010,85,8517180010,334210,334210,direct_2022
Australia,1390712.0,8517180020,85,8517180020,334210,334210,direct_2022
Australia,3216155.0,8517180050,85,8517180050,334210,334210,direct_2022
New Zealand,304179.0,8517180050,85,8517180050,334210,334210,direct_2022
Australia,8989166.0,8517610000,85,8517610000,334210,334210,direct_2022
New Zealand,5711067.0,8517610000,85,8517610000,334210,334210,direct_2022
Australia,612124.0,8517620010,85,8517620010,334418,334418,direct_2022
New Zealand,14478.0,8517620010,85,8517620010,334418,334418,direct_2022
Australia,5856416.0,8517620020,85,8517620020,334220,334220,direct_2022
French Polynesia,20439.0,8517620020,85,8517620020,334220,334220,direct_2022
New Zealand,333344.0,8517620020,85,8517620020,334220,334220,direct_2022
Australia,45268080.0,8517620090,85,8517620090,334220,334220,direct_2022
Christmas Island,115397.0,8517620090,85,8517620090,334220,334220,direct_2022
Fiji,10126.0,8517620090,85,8517620090,334220,334220,direct_2022
French Polynesia,16149.0,8517620090,85,8517620090,334220,334220,direct_2022
New Caledonia,2511.0,8517620090,85,8517620090,334220,334220,direct_2022
New Zealand,10422742.0,8517620090,85,8517620090,334220,334220,direct_2022
Australia,2941275.0,8517690000,85,8517690000,334220,334220,direct_2022
New Zealand,9282101.0,8517690000,85,8517690000,334220,334220,direct_2022
Australia,2763274.0,8517710000,85,8517710000,334220,334220,direct_2022
New Zealand,746725.0,8517710000,85,8517710000,334220,334220,direct_2022
Australia,1648143.0,8517790000,85,8517790000,334220,334220,direct_2022
Cocos (Keeling) Islands,2571.0,8517790000,85,8517790000,334220,334220,direct_2022
French Polynesia,2536.0,8517790000,85,8517790000,334220,334220,direct_2022
New Zealand,881539.0,8517790000,85,8517790000,334220,334220,direct_2022
Australia,823598.0,8518104000,85,8518104000,334220,334220,direct_2022
New Caledonia,3767.0,8518104000,85,8518104000,334220,334220,direct_2022
New Zealand,2736.0,8518104000,85,8518104000,334220,334220,direct_2022
Australia,47618672.0,8518108030,85,8518108030,334310,334310,direct_2022
Micronesia,15887.0,8518108030,85,8518108030,334310,334310,direct_2022
New Zealand,16692.0,8518108030,85,8518108030,334310,334310,direct_2022
Australia,841429.0,8518108040,85,8518108040,334310,334310,direct_2022
Australia,12115.0,8518210000,85,8518210000,334310,334310,direct_2022
New Zealand,29614.0,8518210000,85,8518210000,334310,334310,direct_2022
Australia,28110.0,8518220000,85,8518220000,334310,334310,direct_2022
Australia,4000.0,8518294000,85,8518294000,334310,334310,direct_2022
Australia,15440.0,8518298000,85,8518298000,334310,334310,direct_2022
New Zealand,2316.0,8518298000,85,8518298000,334310,334310,direct_2022
Australia,131048.0,8518301000,85,8518301000,334210,334210,direct_2022
New Zealand,15972.0,8518301000,85,8518301000,334210,334210,direct_2022
Australia,1661144.0,8518302000,85,8518302000,334310,334310,direct_2022
New Zealand,46680.0,8518302000,85,8518302000,334310,334310,direct_2022
Australia,142216.0,8518401000,85,8518401000,334210,334210,direct_2022
New Zealand,10000.0,8518401000,85,8518401000,334210,334210,direct_2022
Australia,348068.0,8518402000,85,8518402000,334310,334310,direct_2022
New Zealand,59903.0,8518402000,85,8518402000,334310,334310,direct_2022
Australia,54442.0,8518500000,85,8518500000,334310,334310,direct_2022
New Zealand,88912.0,8518500000,85,8518500000,334310,334310,direct_2022
Australia,10973.0,8518904100,85,8518904100,334210,334210,direct_2022
Australia,4800.0,8518906000,85,8518906000,334418,334418,direct_2022
New Zealand,4800.0,8518906000,85,8518906000,334418,334418,direct_2022
Australia,514067.0,8518908100,85,8518908100,334310,334220,direct_2022
Australia,50783.0,8519200000,85,8519200000,334310,334310,direct_2022
Australia,2140.0,8519301000,85,8519301000,334310,334310,direct_2022
Australia,224655.0,8519302000,85,8519302000,334310,334310,direct_2022
Australia,6920.0,8519811000,85,8519811000,333310,333318,direct_2022
Australia,12364.0,8519813020,85,8519813020,334310,334310,direct_2022
Australia,7800915.0,8519814105,85,8519814105,334210,334210,direct_2022
Australia,9800.0,8519814110,85,8519814110,334310,334310,direct_2022
Australia,1180671.0,8519814150,85,8519814150,334310,334310,direct_2022
New Zealand,19340.0,8519814150,85,8519814150,334310,334310,direct_2022
Australia,12878.0,8519892000,85,8519892000,334310,334310,direct_2022
Australia,184449.0,8519893000,85,8519893000,334310,334310,direct_2022
New Zealand,30442.0,8519893000,85,8519893000,334310,334310,direct_2022
Australia,1501786.0,8521900000,85,8521900000,334310,334310,direct_2022
New Zealand,34188.0,8521900000,85,8521900000,334310,334310,direct_2022
Australia,48845.0,8522908081,85,8522908081,334310,334310,direct_2022
Australia,1716967.0,8523291000,85,8523291000,334610,334613,direct_2022
Australia,10521.0,8523292000,85,8523292000,334610,334614,direct_2022
Australia,2520.0,8523294010,85,8523294010,334610,334614,direct_2022
Australia,27649.0,8523294020,85,8523294020,334610,334614,direct_2022
Australia,2884.0,8523297020,85,8523297020,334610,334614,direct_2022
Australia,6238.0,8523298000,85,8523298000,334610,334614,direct_2022
Australia,18044.0,8523299000,85,8523299000,334610,334614,direct_2022
Australia,30523.0,8523410000,85,8523410000,334610,334613,direct_2022
New Zealand,2661.0,8523410000,85,8523410000,334610,334613,direct_2022
Australia,52822.0,8523492010,85,8523492010,334610,334614,direct_2022
Australia,243854.0,8523492020,85,8523492020,334610,334614,direct_2022
Australia,195430.0,8523493000,85,8523493000,334610,334614,direct_2022
Australia,2332924.0,8523494000,85,8523494000,334610,334614,direct_2022
New Zealand,59950.0,8523494000,85,8523494000,334610,334614,direct_2022
Australia,2348281.0,8523495000,85,8523495000,334610,334614,direct_2022
Australia,419137.0,8523510000,85,8523510000,334610,334613,direct_2022
New Zealand,266324.0,8523510000,85,8523510000,334610,334613,direct_2022
Australia,9473123.0,8523520010,85,8523520010,334413,334413,direct_2022
New Zealand,534728.0,8523520010,85,8523520010,334413,334413,direct_2022
Australia,703679.0,8523520090,85,8523520090,334413,334413,direct_2022
New Zealand,166177.0,8523520090,85,8523520090,334413,334413,direct_2022
Australia,148298.0,8523590000,85,8523590000,334610,334613,direct_2022
New Zealand,18897.0,8523590000,85,8523590000,334610,334613,direct_2022
Australia,300132.0,8523801000,85,8523801000,334610,334614,direct_2022
New Caledonia,10796.0,8523801000,85,8523801000,334610,334614,direct_2022
New Zealand,10800.0,8523801000,85,8523801000,334610,334614,direct_2022
Australia,1874244.0,8523802000,85,8523802000,334610,334614,direct_2022
New Zealand,17930.0,8523802000,85,8523802000,334610,334614,direct_2022
Australia,298491.0,8524111000,85,8524111000,334419,333314,direct_2022
New Zealand,2515.0,8524119000,85,8524119000,334419,333314,direct_2022
Australia,168068.0,8524120000,85,8524120000,334419,334419,direct_2022
Australia,88200.0,8524190000,85,8524190000,334419,334310,direct_2022
Australia,334653.0,8524911000,85,8524911000,334419,334419,direct_2022
Australia,49472.0,8524919000,85,8524919000,334419,333314,direct_2022
Australia,24283.0,8524920000,85,8524920000,334419,334419,direct_2022
Australia,168698.0,8524990000,85,8524990000,334419,334310,direct_2022
Australia,829078.0,8525501000,85,8525501000,334220,334220,direct_2022
New Zealand,25136.0,8525501000,85,8525501000,334220,334220,direct_2022
Australia,146563.0,8525503035,85,8525503035,334220,334220,direct_2022
Australia,174293.0,8525503040,85,8525503040,334220,334220,direct_2022
Australia,4247886.0,8525507010,85,8525507010,334220,334220,direct_2022
Australia,36222.0,8525507050,85,8525507050,334220,334220,direct_2022
New Zealand,43509.0,8525507050,85,8525507050,334220,334220,direct_2022
New Zealand,118391.0,8525601030,85,8525601030,334220,334220,direct_2022
Australia,22422.0,8525601040,85,8525601040,334220,334220,direct_2022
French Polynesia,3200.0,8525601040,85,8525601040,334220,334220,direct_2022
Australia,991448.0,8525601050,85,8525601050,334220,334220,direct_2022
Fiji,9017.0,8525601050,85,8525601050,334220,334220,direct_2022
New Zealand,990115.0,8525601050,85,8525601050,334220,334220,direct_2022
Australia,929976.0,8525602000,85,8525602000,334220,334220,direct_2022
New Zealand,108513.0,8525602000,85,8525602000,334220,334220,direct_2022
Australia,82682.0,8525810000,85,8525810000,334310,334310,direct_2022
New Zealand,299115.0,8525810000,85,8525810000,334310,334310,direct_2022
Australia,42300.0,8525830000,85,8525830000,334310,334220,direct_2022
Australia,754793.0,8525891000,85,8525891000,334220,334220,direct_2022
New Zealand,566072.0,8525891000,85,8525891000,334220,334220,direct_2022
Australia,95818.0,8525892000,85,8525892000,334220,334220,direct_2022
New Zealand,8000.0,8525892000,85,8525892000,334220,334220,direct_2022
Australia,1645736.0,8525893000,85,8525893000,334220,334220,direct_2022
New Zealand,308140.0,8525893000,85,8525893000,334220,334220,direct_2022
Australia,415245.0,8525894000,85,8525894000,334310,334310,direct_2022
New Zealand,9084.0,8525894000,85,8525894000,334310,334310,direct_2022
Australia,5639.0,8525895030,85,8525895030,334310,334310,direct_2022
Australia,1136320.0,8525895050,85,8525895050,334310,334310,direct_2022
New Zealand,661307.0,8525895050,85,8525895050,334310,334310,direct_2022
New Zealand,68458.0,8526100020,85,8526100020,334511,334511,direct_2022
Australia,4135239.0,8526100040,85,8526100040,334511,334511,direct_2022
New Zealand,973084.0,8526100040,85,8526100040,334511,334511,direct_2022
Australia,131528.0,8526910020,85,8526910020,334511,334511,direct_2022
New Zealand,41046.0,8526910020,85,8526910020,334511,334511,direct_2022
Australia,628764.0,8526910040,85,8526910040,334511,334511,direct_2022
New Zealand,235309.0,8526910040,85,8526910040,334511,334511,direct_2022
Australia,7277.0,8526921000,85,8526921000,334511,339930,direct_2022
Australia,594297.0,8526925000,85,8526925000,334511,334511,direct_2022
Fiji,43515.0,8526925000,85,8526925000,334511,334511,direct_2022
New Zealand,25246.0,8526925000,85,8526925000,334511,334511,direct_2022
Australia,1092967.0,8527136080,85,8527136080,334310,334310,direct_2022
New Zealand,4094.0,8527136080,85,8527136080,334310,334310,direct_2022
New Zealand,3240.0,8527195010,85,8527195010,334310,334310,direct_2022
Australia,62127.0,8527195025,85,8527195025,334310,334310,direct_2022
New Zealand,4892.0,8527195025,85,8527195025,334310,334310,direct_2022
Australia,5500.0,8527214080,85,8527214080,334310,334310,direct_2022
Fiji,12813.0,8527214080,85,8527214080,334310,334310,direct_2022
Australia,10000.0,8527294000,85,8527294000,334310,334310,direct_2022
Australia,67710.0,8527298000,85,8527298000,334310,334310,direct_2022
New Zealand,14275.0,8527298000,85,8527298000,334310,334310,direct_2022
Australia,13899.0,8527916080,85,8527916080,334220,334220,direct_2022
Australia,3629.0,8527991500,85,8527991500,334220,334220,direct_2022
Australia,6700829.0,8527994000,85,8527994000,334220,334220,direct_2022
Australia,384508.0,8528520000,85,8528520000,334118,334118,direct_2022
Christmas Island,86419.0,8528520000,85,8528520000,334118,334118,direct_2022
Cocos (Keeling) Islands,166373.0,8528520000,85,8528520000,334118,334118,direct_2022
New Caledonia,3320.0,8528520000,85,8528520000,334118,334118,direct_2022
New Zealand,32351.0,8528520000,85,8528520000,334118,334118,direct_2022
Australia,62644.0,8528590500,85,8528590500,334310,334310,direct_2022
Australia,9442.0,8528591000,85,8528591000,334310,334310,direct_2022
New Zealand,58845.0,8528592300,85,8528592300,334310,334310,direct_2022
Australia,169152.0,8528592500,85,8528592500,334310,334310,direct_2022
New Zealand,2858.0,8528592500,85,8528592500,334310,334310,direct_2022
Australia,39662.0,8528593350,85,8528593350,334310,334310,direct_2022
Nauru,3893.0,8528593350,85,8528593350,334310,334310,direct_2022
Australia,90467.0,8528593370,85,8528593370,334310,334310,direct_2022
Australia,121038.0,8528595000,85,8528595000,334310,334310,direct_2022
Australia,32881.0,8528596000,85,8528596000,334310,334310,direct_2022
Australia,18346.0,8528620000,85,8528620000,334118,334118,direct_2022
Australia,2500.0,8528691000,85,8528691000,334310,334310,direct_2022
Australia,15000.0,8528692000,85,8528692000,334310,334310,direct_2022
Australia,11250.0,8528694500,85,8528694500,334310,334310,direct_2022
Australia,22730.0,8528720400,85,8528720400,334310,334310,direct_2022
Australia,7033.0,8528726460,85,8528726460,334310,334310,direct_2022
New Zealand,11845.0,8528727220,85,8528727220,334310,334310,direct_2022
Australia,2765.0,8528727290,85,8528727290,334310,334310,direct_2022
Australia,3144.0,8528729700,85,8528729700,334310,334310,direct_2022
Australia,20662.0,8529102150,85,8529102150,334220,334220,direct_2022
New Zealand,2320.0,8529102150,85,8529102150,334220,334220,direct_2022
Australia,32766.0,8529102190,85,8529102190,334220,334220,direct_2022
Nauru,14214.0,8529102190,85,8529102190,334220,334220,direct_2022
Australia,1210088.0,8529104040,85,8529104040,334220,334220,direct_2022
New Zealand,1769370.0,8529104040,85,8529104040,334220,334220,direct_2022
Australia,32446.0,8529104080,85,8529104080,334220,334220,direct_2022
New Zealand,153621.0,8529104080,85,8529104080,334220,334220,direct_2022
Australia,1142567.0,8529109100,85,8529109100,334220,334220,direct_2022
New Zealand,152901.0,8529109100,85,8529109100,334220,334220,direct_2022
Australia,10980.0,8529900600,85,8529900600,334418,334418,direct_2022
New Zealand,27456.0,8529900600,85,8529900600,334418,334418,direct_2022
Australia,20298.0,8529901300,85,8529901300,334418,334418,direct_2022
New Zealand,160205.0,8529901300,85,8529901300,334418,334418,direct_2022
Australia,3608.0,8529901640,85,8529901640,334418,334418,direct_2022
Australia,3387.0,8529901940,85,8529901940,334418,334418,direct_2022
New Zealand,10442.0,8529901940,85,8529901940,334418,334418,direct_2022
Australia,6807.0,8529902100,85,8529902100,334418,334418,direct_2022
New Zealand,9555.0,8529902100,85,8529902100,334418,334418,direct_2022
New Zealand,14500.0,8529902900,85,8529902900,334310,334310,direct_2022
New Zealand,21075.0,8529903900,85,8529903900,334310,334310,direct_2022
Australia,20980.0,8529904900,85,8529904900,334310,334310,direct_2022
Australia,4827.0,8529906800,85,8529906800,334220,334220,direct_2022
Australia,3181.0,8529907800,85,8529907800,333310,333314,direct_2022
New Zealand,4453.0,8529907800,85,8529907800,333310,333314,direct_2022
Australia,51000.0,8529908100,85,8529908100,334220,334220,direct_2022
New Zealand,312500.0,8529908100,85,8529908100,334220,334220,direct_2022
New Zealand,4865.0,8529908300,85,8529908300,334310,334310,direct_2022
Australia,173630.0,8529908700,85,8529908700,334220,334220,direct_2022
New Zealand,83755.0,8529908700,85,8529908700,334220,334220,direct_2022
Australia,2626490.0,8529909520,85,8529909520,334511,334511,direct_2022
New Zealand,4041.0,8529909540,85,8529909540,334511,334511,direct_2022
Australia,13418.0,8529909560,85,8529909560,334511,334511,direct_2022
Australia,22926.0,8529909720,85,8529909720,334511,334511,direct_2022
Australia,13815.0,8529909740,85,8529909740,334511,334511,direct_2022
New Zealand,50105.0,8529909740,85,8529909740,334511,334511,direct_2022
Australia,42651.0,8529909760,85,8529909760,334511,334511,direct_2022
New Zealand,13741.0,8529909760,85,8529909760,334511,334511,direct_2022
Australia,1658440.0,8529909800,85,8529909800,334419,334419,direct_2022
Fiji,12633.0,8529909800,85,8529909800,334419,334419,direct_2022
New Zealand,428993.0,8529909800,85,8529909800,334419,334419,direct_2022
Australia,311198.0,8530100000,85,8530100000,334290,334290,direct_2022
Australia,8861493.0,8530800000,85,8530800000,334290,334290,direct_2022
New Zealand,1518097.0,8530800000,85,8530800000,334290,334290,direct_2022
Australia,948362.0,8530900000,85,8530900000,334290,334290,direct_2022
New Zealand,13280.0,8530900000,85,8530900000,334290,334290,direct_2022
Australia,253930.0,8531100025,85,8531100025,334290,334290,direct_2022
Australia,154780.0,8531100045,85,8531100045,334290,334290,direct_2022
New Zealand,135886.0,8531100045,85,8531100045,334290,334290,direct_2022
Australia,2240576.0,8531200020,85,8531200020,334513,334513,direct_2022
New Zealand,42621.0,8531200020,85,8531200020,334513,334513,direct_2022
Australia,1111465.0,8531200040,85,8531200040,334513,334513,direct_2022
New Zealand,56747.0,8531200040,85,8531200040,334513,334513,direct_2022
Australia,8089.0,8531801500,85,8531801500,334290,334290,direct_2022
Australia,5914.0,8531809026,85,8531809026,334513,334513,direct_2022
Australia,2100.0,8531809031,85,8531809031,334290,334290,direct_2022
New Zealand,3151.0,8531809041,85,8531809041,334290,334290,direct_2022
Australia,3311244.0,8531809051,85,8531809051,335999,335999,direct_2022
New Zealand,1344058.0,8531809051,85,8531809051,335999,335999,direct_2022
New Zealand,107702.0,8531901500,85,8531901500,334418,334418,direct_2022
Australia,932004.0,8531903000,85,8531903000,334418,334418,direct_2022
New Zealand,31280.0,8531903000,85,8531903000,334418,334418,direct_2022
Australia,575164.0,8531909001,85,8531909001,335999,335999,direct_2022
Cook Islands,40164.0,8531909001,85,8531909001,335999,335999,direct_2022
New Zealand,214069.0,8531909001,85,8531909001,335999,335999,direct_2022
Australia,14889.0,8532210080,85,8532210080,334416,334416,direct_2022
Australia,10671.0,8532240020,85,8532240020,334416,334416,direct_2022
New Zealand,3392.0,8532250080,85,8532250080,334416,334416,direct_2022
Australia,35882.0,8532290040,85,8532290040,334416,334416,direct_2022
New Zealand,2051.0,8532290040,85,8532290040,334416,334416,direct_2022
French Polynesia,17610.0,8532300090,85,8532300090,334416,334416,direct_2022
New Zealand,4134.0,8532300090,85,8532300090,334416,334416,direct_2022
Australia,27000.0,8532900000,85,8532900000,334416,334416,direct_2022
Australia,80047.0,8533210040,85,8533210040,334416,334416,direct_2022
Australia,152071.0,8533290000,85,8533290000,334416,334416,direct_2022
New Zealand,9108.0,8533290000,85,8533290000,334416,334416,direct_2022
Australia,10296.0,8533390080,85,8533390080,334416,334416,direct_2022
Australia,3714.0,8533408040,85,8533408040,335314,335314,direct_2022
Australia,55293.0,8533408070,85,8533408070,334416,334416,direct_2022
New Zealand,56498.0,8533408070,85,8533408070,334416,334416,direct_2022
New Zealand,17664.0,8533904000,85,8533904000,334416,334416,direct_2022
Australia,43902.0,8534000020,85,8534000020,334412,334412,direct_2022
Nauru,14155.0,8534000020,85,8534000020,334412,334412,direct_2022
New Zealand,2727.0,8534000020,85,8534000020,334412,334412,direct_2022
Australia,171714.0,8534000040,85,8534000040,334412,334412,direct_2022
Christmas Island,2520.0,8534000040,85,8534000040,334412,334412,direct_2022
Nauru,3654.0,8534000040,85,8534000040,334412,334412,direct_2022
Australia,13122.0,8534000070,85,8534000070,334412,334412,direct_2022
New Zealand,115228.0,8534000070,85,8534000070,334412,334412,direct_2022
Australia,557180.0,8534000095,85,8534000095,334412,334412,direct_2022
New Zealand,82258.0,8534000095,85,8534000095,334412,334412,direct_2022
Australia,34275.0,8535100040,85,8535100040,335313,335313,direct_2022
New Zealand,3916.0,8535100040,85,8535100040,335313,335313,direct_2022
Australia,7026656.0,8535210000,85,8535210000,335313,335313,direct_2022
Australia,5990.0,8535290040,85,8535290040,335313,335313,direct_2022
New Zealand,21279.0,8535290040,85,8535290040,335313,335313,direct_2022
Australia,18256476.0,8535300080,85,8535300080,335313,335313,direct_2022
Australia,46760.0,8535400000,85,8535400000,335931,335931,direct_2022
New Zealand,9717.0,8535400000,85,8535400000,335931,335931,direct_2022
Australia,153713.0,8535908020,85,8535908020,335931,335931,direct_2022
Australia,6909.0,8535908040,85,8535908040,334417,334417,direct_2022
New Zealand,238278.0,8535908040,85,8535908040,334417,334417,direct_2022
Australia,63903.0,8535908060,85,8535908060,335313,335313,direct_2022
New Zealand,71700.0,8535908060,85,8535908060,335313,335313,direct_2022
Australia,65778.0,8536100040,85,8536100040,335313,335313,direct_2022
Australia,63180.0,8536200020,85,8536200020,335313,335313,direct_2022
Nauru,8497.0,8536200020,85,8536200020,335313,335313,direct_2022
Australia,64175.0,8536200040,85,8536200040,335313,335313,direct_2022
Australia,4850.0,8536304000,85,8536304000,335314,335314,direct_2022
Australia,332642.0,8536308000,85,8536308000,335931,335931,direct_2022
French Polynesia,139221.0,8536308000,85,8536308000,335931,335931,direct_2022
New Zealand,139831.0,8536308000,85,8536308000,335931,335931,direct_2022
Australia,2168.0,8536410020,85,8536410020,335314,335314,direct_2022
Australia,88522.0,8536410030,85,8536410030,335314,335314,direct_2022
Australia,193401.0,8536410045,85,8536410045,335314,335314,direct_2022
Australia,337189.0,8536410050,85,8536410050,335314,335314,direct_2022
Australia,90404.0,8536410060,85,8536410060,335314,335314,direct_2022
French Polynesia,8316.0,8536410060,85,8536410060,335314,335314,direct_2022
New Zealand,26539.0,8536410060,85,8536410060,335314,335314,direct_2022
Australia,10378.0,8536490050,85,8536490050,335314,335314,direct_2022
Australia,331526.0,8536490065,85,8536490065,335314,335314,direct_2022
New Zealand,4555.0,8536490065,85,8536490065,335314,335314,direct_2022
Australia,37411.0,8536490080,85,8536490080,335314,335314,direct_2022
New Zealand,6404.0,8536490080,85,8536490080,335314,335314,direct_2022
Australia,2860124.0,8536504000,85,8536504000,335314,335314,direct_2022
New Zealand,878412.0,8536504000,85,8536504000,335314,335314,direct_2022
Australia,142275.0,8536507000,85,8536507000,335931,335931,direct_2022
New Zealand,14421.0,8536509020,85,8536509020,335931,335931,direct_2022
Australia,40293.0,8536509025,85,8536509025,335931,335931,direct_2022
New Zealand,1310648.0,8536509025,85,8536509025,335931,335931,direct_2022
Marshall Islands,10368.0,8536509031,85,8536509031,335931,335931,direct_2022
New Zealand,4270.0,8536509031,85,8536509031,335931,335931,direct_2022
Australia,61130.0,8536509033,85,8536509033,335931,335931,direct_2022
New Zealand,5477.0,8536509033,85,8536509033,335931,335931,direct_2022
Australia,229968.0,8536509035,85,8536509035,335931,335931,direct_2022
New Zealand,25769.0,8536509035,85,8536509035,335931,335931,direct_2022
Australia,17520.0,8536509040,85,8536509040,335931,335931,direct_2022
Australia,9176.0,8536509050,85,8536509050,335931,335931,direct_2022
Niue,28337.0,8536509055,85,8536509055,335314,335314,direct_2022
Australia,654893.0,8536509065,85,8536509065,335931,335931,direct_2022
Nauru,8140.0,8536509065,85,8536509065,335931,335931,direct_2022
New Zealand,307890.0,8536509065,85,8536509065,335931,335931,direct_2022
Niue,5765.0,8536509065,85,8536509065,335931,335931,direct_2022
Australia,14734.0,8536610000,85,8536610000,335931,335931,direct_2022
Australia,60175.0,8536694010,85,8536694010,334417,334417,direct_2022
New Zealand,147530.0,8536694010,85,8536694010,334417,334417,direct_2022
Australia,124468.0,8536694020,85,8536694020,334417,334417,direct_2022
New Zealand,2962.0,8536694020,85,8536694020,334417,334417,direct_2022
Australia,65396.0,8536694040,85,8536694040,334417,334417,direct_2022
New Zealand,6285.0,8536694040,85,8536694040,334417,334417,direct_2022
Australia,42188.0,8536694051,85,8536694051,334417,334417,direct_2022
Australia,453906.0,8536698000,85,8536698000,335931,335931,direct_2022
Nauru,3019.0,8536698000,85,8536698000,335931,335931,direct_2022
New Zealand,85568.0,8536698000,85,8536698000,335931,335931,direct_2022
Australia,25891.0,8536700000,85,8536700000,334417,334417,direct_2022
Australia,853405.0,8536904000,85,8536904000,335931,335931,direct_2022
Nauru,2737.0,8536904000,85,8536904000,335931,335931,direct_2022
New Zealand,72279.0,8536904000,85,8536904000,335931,335931,direct_2022
Australia,29718.0,8536908530,85,8536908530,335932,335932,direct_2022
Australia,4964112.0,8536908585,85,8536908585,335931,335931,direct_2022
New Zealand,554817.0,8536908585,85,8536908585,335931,335931,direct_2022
Australia,71734.0,8537103000,85,8537103000,335313,335313,direct_2022
New Zealand,82960.0,8537103000,85,8537103000,335313,335313,direct_2022
Australia,142325.0,8537106000,85,8537106000,335314,335314,direct_2022
New Zealand,357062.0,8537106000,85,8537106000,335314,335314,direct_2022
Australia,124487.0,8537108000,85,8537108000,335313,335313,direct_2022
French Polynesia,7700.0,8537108000,85,8537108000,335313,335313,direct_2022
New Zealand,13578.0,8537108000,85,8537108000,335313,335313,direct_2022
Australia,1017533.0,8537109120,85,8537109120,335313,335313,direct_2022
New Zealand,296838.0,8537109120,85,8537109120,335313,335313,direct_2022
Niue,4566.0,8537109120,85,8537109120,335313,335313,direct_2022
Australia,12089.0,8537109130,85,8537109130,335314,335314,direct_2022
New Zealand,6054.0,8537109130,85,8537109130,335314,335314,direct_2022
Australia,1074195.0,8537109150,85,8537109150,335313,335313,direct_2022
New Zealand,72138.0,8537109150,85,8537109150,335313,335313,direct_2022
Australia,13002340.0,8537109160,85,8537109160,335314,335314,direct_2022
Cocos (Keeling) Islands,2797.0,8537109160,85,8537109160,335314,335314,direct_2022
New Caledonia,58064.0,8537109160,85,8537109160,335314,335314,direct_2022
New Zealand,1722450.0,8537109160,85,8537109160,335314,335314,direct_2022
Australia,11299443.0,8537109170,85,8537109170,335313,335313,direct_2022
Christmas Island,41785.0,8537109170,85,8537109170,335313,335313,direct_2022
French Polynesia,6460.0,8537109170,85,8537109170,335313,335313,direct_2022
New Zealand,3307725.0,8537109170,85,8537109170,335313,335313,direct_2022
Australia,3435052.0,8537200020,85,8537200020,335313,335313,direct_2022
New Zealand,6376.0,8537200020,85,8537200020,335313,335313,direct_2022
Australia,158906.0,8537200040,85,8537200040,335313,335313,direct_2022
New Zealand,2299.0,8537200040,85,8537200040,335313,335313,direct_2022
Australia,250237.0,8538100000,85,8538100000,335313,335313,direct_2022
New Zealand,151543.0,8538100000,85,8538100000,335313,335313,direct_2022
Australia,15979.0,8538901000,85,8538901000,334418,334418,direct_2022
New Zealand,257668.0,8538901000,85,8538901000,334418,334418,direct_2022
Australia,965580.0,8538903000,85,8538903000,334418,334418,direct_2022
Cocos (Keeling) Islands,9228.0,8538903000,85,8538903000,334418,334418,direct_2022
New Zealand,46486.0,8538903000,85,8538903000,334418,334418,direct_2022
Australia,3800.0,8538906000,85,8538906000,335313,335313,direct_2022
Australia,74816.0,8538908120,85,8538908120,335313,335313,direct_2022
Marshall Islands,3551.0,8538908140,85,8538908140,335931,335931,direct_2022
New Zealand,10956.0,8538908140,85,8538908140,335931,335931,direct_2022
Australia,425779.0,8538908160,85,8538908160,335313,335313,direct_2022
New Zealand,17874.0,8538908160,85,8538908160,335313,335313,direct_2022
Australia,1177462.0,8538908180,85,8538908180,335314,335314,direct_2022
Christmas Island,7141.0,8538908180,85,8538908180,335314,335314,direct_2022
New Zealand,873740.0,8538908180,85,8538908180,335314,335314,direct_2022
Australia,41725.0,8539100060,85,8539100060,336320,336320,direct_2022
Australia,6773.0,8539212080,85,8539212080,335139,335110,direct_2022
Australia,3980.0,8539293060,85,8539293060,335139,335110,direct_2022
Australia,220847.0,8539399000,85,8539399000,335139,335110,direct_2022
Australia,7004.0,8539490080,85,8539490080,335139,335110,direct_2022
New Zealand,3555.0,8539490080,85,8539490080,335139,335110,direct_2022
Australia,1506025.0,8539510000,85,8539510000,335139,335129,direct_2022
Micronesia,3307.0,8539510000,85,8539510000,335139,335129,direct_2022
New Zealand,1516.0,8539510000,85,8539510000,335139,335129,direct_2022
Australia,9240.0,8539520010,85,8539520010,335139,335129,direct_2022
Australia,52389.0,8539520091,85,8539520091,335139,335129,direct_2022
Australia,26028.0,8539900000,85,8539900000,335139,335110,direct_2022
New Zealand,6950.0,8539900000,85,8539900000,335139,335110,direct_2022
Australia,1629659.0,8540204000,85,8540204000,334419,334419,direct_2022
Australia,9726.0,8540890040,85,8540890040,334419,334419,direct_2022
Australia,27247.0,8540890080,85,8540890080,334419,334419,direct_2022
Australia,15885.0,8540915000,85,8540915000,334419,334419,direct_2022
Australia,223839.0,8540998000,85,8540998000,334419,334419,direct_2022
Australia,3392.0,8541100040,85,8541100040,334413,334413,direct_2022
Australia,2899894.0,8541100050,85,8541100050,334413,334413,direct_2022
Australia,280385.0,8541100080,85,8541100080,334413,334413,direct_2022
New Zealand,28995.0,8541100080,85,8541100080,334413,334413,direct_2022
Australia,12699.0,8541210095,85,8541210095,334413,334413,direct_2022
New Zealand,4425.0,8541210095,85,8541210095,334413,334413,direct_2022
Australia,367326.0,8541290095,85,8541290095,334413,334413,direct_2022
Australia,2500.0,8541300080,85,8541300080,334413,334413,direct_2022
Australia,292429.0,8541410000,85,8541410000,334413,334413,direct_2022
New Zealand,37530.0,8541410000,85,8541410000,334413,334413,direct_2022
Australia,8359.0,8541430010,85,8541430010,334413,335999,direct_2022
New Zealand,16129.0,8541430010,85,8541430010,334413,335999,direct_2022
Australia,763199.0,8541430080,85,8541430080,334413,334413,direct_2022
Australia,6513.0,8541491050,85,8541491050,334413,334413,direct_2022
Australia,1177387.0,8541498000,85,8541498000,334413,334413,direct_2022
New Zealand,21777.0,8541498000,85,8541498000,334413,334413,direct_2022
Australia,208821.0,8541499500,85,8541499500,334413,334413,direct_2022
Australia,20972.0,8541510000,85,8541510000,334413,334413,direct_2022
New Zealand,5547078.0,8541600010,85,8541600010,334419,334419,direct_2022
New Zealand,111230.0,8541600020,85,8541600020,334419,334419,direct_2022
Australia,11338.0,8541600030,85,8541600030,334419,334419,direct_2022
New Zealand,1015787.0,8541600050,85,8541600050,334419,334419,direct_2022
Australia,30750.0,8541600060,85,8541600060,334419,334419,direct_2022
New Zealand,1380328.0,8541600060,85,8541600060,334419,334419,direct_2022
Australia,3900.0,8541600080,85,8541600080,334419,334419,direct_2022
New Zealand,1235375.0,8541600080,85,8541600080,334419,334419,direct_2022
Australia,132937.0,8541900000,85,8541900000,334419,334413,direct_2022
New Zealand,33292.0,8541900000,85,8541900000,334419,334413,direct_2022
Australia,266542.0,8542310001,85,8542310001,334413,334413,direct_2022
New Zealand,347161.0,8542310001,85,8542310001,334413,334413,direct_2022
Australia,82933.0,8542310030,85,8542310030,334413,334413,new_hs_code_2024
New Zealand,34355.0,8542310030,85,8542310030,334413,334413,new_hs_code_2024
Australia,89056.0,8542310045,85,8542310045,334413,334413,new_hs_code_2024
Australia,3341.0,8542310050,85,8542310050,334413,334413,new_hs_code_2024
Australia,7704.0,8542310060,85,8542310060,334413,334413,new_hs_code_2024
Australia,182885.0,8542310075,85,8542310075,334413,334413,new_hs_code_2024
New Zealand,108213.0,8542310075,85,8542310075,334413,334413,new_hs_code_2024
Australia,46585.0,8542320036,85,8542320036,334413,334413,direct_2022
New Zealand,194003.0,8542320036,85,8542320036,334413,334413,direct_2022
Australia,10126.0,8542320041,85,8542320041,334413,334413,direct_2022
Australia,25041.0,8542320051,85,8542320051,334413,334413,direct_2022
Australia,4241.0,8542320071,85,8542320071,334413,334413,direct_2022
Micronesia,5926.0,8542320071,85,8542320071,334413,334413,direct_2022
Australia,262359.0,8542330001,85,8542330001,334413,334413,direct_2022
Cook Islands,8000.0,8542330001,85,8542330001,334413,334413,direct_2022
Australia,1311159.0,8542390001,85,8542390001,334413,334413,direct_2022
New Zealand,215666.0,8542390001,85,8542390001,334413,334413,direct_2022
New Caledonia,5750.0,8542390010,85,8542390010,334413,334413,new_hs_code_2024
Australia,1654800.0,8542390060,85,8542390060,334413,334413,new_hs_code_2024
Fiji,11738.0,8542390060,85,8542390060,334413,334413,new_hs_code_2024
New Zealand,195568.0,8542390060,85,8542390060,334413,334413,new_hs_code_2024
Australia,444556.0,8542900000,85,8542900000,334413,334413,direct_2022
New Zealand,33539.0,8542900000,85,8542900000,334413,334413,direct_2022
Australia,255873.0,8543200000,85,8543200000,334515,334515,direct_2022
Micronesia,65344.0,8543200000,85,8543200000,334515,334515,direct_2022
New Zealand,84388.0,8543200000,85,8543200000,334515,334515,direct_2022
Australia,11900.0,8543302000,85,8543302000,333248,333249,direct_2022
Australia,663810.0,8543309080,85,8543309080,333248,333249,direct_2022
Australia,8978.0,8543400040,85,8543400040,339999,335999,direct_2022
Australia,9941.0,8543702000,85,8543702000,333998,333999,direct_2022
Australia,41165.0,8543704200,85,8543704200,334511,334511,direct_2022
New Zealand,37100.0,8543704200,85,8543704200,334511,334511,direct_2022
Australia,736690.0,8543704500,85,8543704500,334511,334511,direct_2022
New Zealand,41324.0,8543704500,85,8543704500,334511,334511,direct_2022
Australia,760847.0,8543706000,85,8543706000,334210,334210,direct_2022
Australia,54250.0,8543707100,85,8543707100,335139,335129,direct_2022
New Zealand,30387.0,8543707100,85,8543707100,335139,335129,direct_2022
Australia,1288740.0,8543708500,85,8543708500,334510,334510,direct_2022
Australia,16771.0,8543708800,85,8543708800,335999,335999,direct_2022
Australia,3105.0,8543708900,85,8543708900,335999,335999,direct_2022
Australia,3969979.0,8543709100,85,8543709100,335999,335999,direct_2022
New Zealand,96392.0,8543709100,85,8543709100,335999,335999,direct_2022
Australia,81625.0,8543709500,85,8543709500,335999,335999,direct_2022
New Zealand,2966.0,8543709500,85,8543709500,335999,335999,direct_2022
Australia,112672.0,8543709700,85,8543709700,335999,335999,direct_2022
Australia,651089.0,8543709810,85,8543709810,335999,335999,direct_2022
New Zealand,62522.0,8543709810,85,8543709810,335999,335999,direct_2022
Australia,62716.0,8543709820,85,8543709820,339992,339992,direct_2022
New Zealand,29342.0,8543709820,85,8543709820,339992,339992,direct_2022
Australia,39735236.0,8543709860,85,8543709860,335999,335999,direct_2022
New Zealand,6021266.0,8543709860,85,8543709860,335999,335999,direct_2022
Australia,7089.0,8543901200,85,8543901200,333998,333242,direct_2022
Australia,15357.0,8543901500,85,8543901500,334418,334418,direct_2022
New Zealand,4000.0,8543901500,85,8543901500,334418,334418,direct_2022
Australia,24752.0,8543903500,85,8543903500,334511,334511,direct_2022
New Zealand,672136.0,8543903500,85,8543903500,334511,334511,direct_2022
Australia,52462.0,8543906800,85,8543906800,334418,334418,direct_2022
New Zealand,17613.0,8543906800,85,8543906800,334418,334418,direct_2022
Australia,23406.0,8543908845,85,8543908845,335999,335999,direct_2022
New Zealand,73708.0,8543908845,85,8543908845,335999,335999,direct_2022
Australia,691474.0,8543908885,85,8543908885,335999,335999,direct_2022
New Zealand,437046.0,8543908885,85,8543908885,335999,335999,direct_2022
Australia,3435.0,8544110030,85,8544110030,331420,331420,direct_2022
Australia,26777.0,8544110050,85,8544110050,331420,331420,direct_2022
Australia,143232.0,8544190000,85,8544190000,335929,331318,direct_2022
New Zealand,17674.0,8544190000,85,8544190000,335929,331318,direct_2022
Australia,2313831.0,8544200000,85,8544200000,335929,335929,direct_2022
Heard and McDonald Islands,4252.0,8544200000,85,8544200000,335929,335929,direct_2022
New Zealand,4896.0,8544200000,85,8544200000,335929,335929,direct_2022
Australia,1303065.0,8544300000,85,8544300000,336320,336320,direct_2022
Heard and McDonald Islands,3428.0,8544300000,85,8544300000,336320,336320,direct_2022
New Caledonia,3910.0,8544300000,85,8544300000,336320,336320,direct_2022
New Zealand,92785.0,8544300000,85,8544300000,336320,336320,direct_2022
Australia,522828.0,8544421000,85,8544421000,335999,335929,direct_2022
New Zealand,8770.0,8544421000,85,8544421000,335999,335929,direct_2022
Australia,540309.0,8544422000,85,8544422000,335999,335929,direct_2022
New Zealand,121332.0,8544422000,85,8544422000,335999,335929,direct_2022
Australia,10841.0,8544429010,85,8544429010,335999,335929,direct_2022
Australia,3927729.0,8544429090,85,8544429090,335999,335929,direct_2022
Christmas Island,10055.0,8544429090,85,8544429090,335999,335929,direct_2022
New Zealand,236321.0,8544429090,85,8544429090,335999,335929,direct_2022
Australia,15037.0,8544491000,85,8544491000,335999,335929,direct_2022
Australia,239885.0,8544492000,85,8544492000,335999,335929,direct_2022
New Zealand,14743.0,8544492000,85,8544492000,335999,335929,direct_2022
Australia,371411.0,8544493080,85,8544493080,335999,335929,direct_2022
Australia,396028.0,8544499000,85,8544499000,335929,335929,direct_2022
New Zealand,177760.0,8544499000,85,8544499000,335929,335929,direct_2022
Australia,95358.0,8544602000,85,8544602000,335999,335929,direct_2022
Australia,105703.0,8544604000,85,8544604000,335999,335929,direct_2022
Australia,148769.0,8544606000,85,8544606000,335929,335929,direct_2022
New Zealand,537648.0,8544606000,85,8544606000,335929,335929,direct_2022
Australia,633661.0,8544700000,85,8544700000,335921,335921,direct_2022
Micronesia,5849.0,8544700000,85,8544700000,335921,335921,direct_2022
Australia,9175.0,8545110010,85,8545110010,335991,335991,direct_2022
Australia,196502.0,8545110020,85,8545110020,335991,335991,direct_2022
Australia,8743.0,8545110050,85,8545110050,335991,335991,direct_2022
Australia,68873.0,8545194000,85,8545194000,335991,335991,direct_2022
Australia,130640.0,8545200000,85,8545200000,335991,335991,direct_2022
New Zealand,2090.0,8545200000,85,8545200000,335991,335991,direct_2022
Australia,13637.0,8545904000,85,8545904000,335991,335991,direct_2022
New Zealand,15482.0,8546200090,85,8546200090,327110,327110,direct_2022
Australia,7662.0,8546900000,85,8546900000,335932,335932,direct_2022
New Zealand,685257.0,8546900000,85,8546900000,335932,335932,direct_2022
Australia,395613.0,8547108000,85,8547108000,327110,327110,direct_2022
Australia,25494.0,8547200000,85,8547200000,335932,326199,direct_2022
New Zealand,65339.0,8547200000,85,8547200000,335932,326199,direct_2022
Australia,4051.0,8547900010,85,8547900010,335932,327212,direct_2022
Australia,2160.0,8547900020,85,8547900020,335932,335932,direct_2022
Australia,383359.0,8548000000,85,8548000000,335999,335999,direct_2022
New Zealand,5363191.0,8548000000,85,8548000000,335999,335999,direct_2022
Australia,13461.0,8549390000,85,8549390000,910000,910000,direct_2022
Australia,63956.0,8604000000,86,8604000000,336510,336510,direct_2022
Australia,11172.0,8607190300,86,8607190300,336510,336510,direct_2022
Australia,98977.0,8607191200,86,8607191200,336510,336510,direct_2022
New Zealand,2536.0,8607191200,86,8607191200,336510,336510,direct_2022
Australia,391956.0,8607199000,86,8607199000,336510,336510,direct_2022
Australia,17061.0,8607215000,86,8607215000,336510,336510,direct_2022
New Zealand,195105.0,8607215000,86,8607215000,336510,336510,direct_2022
Australia,525954.0,8607910000,86,8607910000,336510,336510,direct_2022
New Zealand,457313.0,8607910000,86,8607910000,336510,336510,direct_2022
Australia,447559.0,8607995000,86,8607995000,336510,336510,direct_2022
Australia,32678.0,8608000000,86,8608000000,334290,334290,direct_2022
Australia,2944974.0,8609000000,86,8609000000,332420,332420,direct_2022
New Zealand,70631.0,8609000000,86,8609000000,332420,332420,direct_2022
New Zealand,2496.0,8701301015,87,8701301015,333120,333120,direct_2022
Australia,415060.0,8701911000,87,8701911000,333111,333111,direct_2022
Australia,40369.0,8701931000,87,8701931000,333111,333111,direct_2022
New Zealand,700000.0,8702406100,87,8702406100,336120,336120,direct_2022
Australia,2411.0,8702906100,87,8702906100,336120,336120,direct_2022
Australia,2708.0,8703105060,87,8703105060,336999,336999,direct_2022
Australia,4912.0,8703210110,87,8703210110,336999,336999,direct_2022
Australia,31911.0,8703210150,87,8703210150,336110,336111,direct_2022
New Zealand,35000.0,8703210150,87,8703210150,336110,336111,direct_2022
Australia,100881.0,8703220110,87,8703220110,336110,336110,fallback_2023_needs_review
Australia,912113.0,8703230190,87,8703230190,930000,930000,direct_2022
Fiji,24000.0,8703230190,87,8703230190,930000,930000,direct_2022
New Zealand,89272.0,8703230190,87,8703230190,930000,930000,direct_2022
Australia,11500.0,8703240130,87,8703240130,336213,336213,direct_2022
Australia,460526.0,8703240160,87,8703240160,336110,336111,direct_2022
Australia,846779.0,8703240190,87,8703240190,930000,930000,direct_2022
New Zealand,572000.0,8703240190,87,8703240190,930000,930000,direct_2022
Australia,67064.0,8703320150,87,8703320150,930000,930000,direct_2022
New Zealand,50000.0,8703320150,87,8703320150,930000,930000,direct_2022
New Zealand,700000.0,8703400005,87,8703400005,336110,336111,direct_2022
Australia,9791.0,8703600045,87,8703600045,930000,930000,direct_2022
Australia,5000.0,8703900100,87,8703900100,336110,336111,direct_2022
New Zealand,251800.0,8704105060,87,8704105060,333120,333120,direct_2022
Australia,109000.0,8704210100,87,8704210100,336110,336112,direct_2022
Australia,6773.0,8704221140,87,8704221140,336120,336120,direct_2022
Australia,54500.0,8704310120,87,8704310120,336110,336112,direct_2022
Australia,250000.0,8704600000,87,8704600000,336110,336120,direct_2022
Australia,216423.0,8705100050,87,8705100050,333120,333924,direct_2022
Australia,196352.0,8705300000,87,8705300000,336120,336120,direct_2022
Australia,1964216.0,8705900080,87,8705900080,336120,336120,direct_2022
New Zealand,322000.0,8705900080,87,8705900080,336120,336120,direct_2022
Australia,701488.0,8707100020,87,8707100020,336211,336211,direct_2022
New Zealand,7250.0,8707100020,87,8707100020,336211,336211,direct_2022
Australia,4500.0,8707905060,87,8707905060,336120,336211,direct_2022
Australia,31361.0,8708103040,87,8708103040,336370,336370,direct_2022
Australia,876850.0,8708103050,87,8708103050,336390,336390,direct_2022
Australia,20000.0,8708106010,87,8708106010,336370,336370,direct_2022
Australia,488599.0,8708106050,87,8708106050,336390,336390,direct_2022
New Zealand,57178.0,8708106050,87,8708106050,336390,336390,direct_2022
Australia,336461.0,8708210000,87,8708210000,336360,336360,direct_2022
Australia,193959.0,8708220000,87,8708220000,327215,327212,direct_2022
Australia,37156.0,8708291500,87,8708291500,336390,336390,direct_2022
Norfolk Island,7978.0,8708291500,87,8708291500,336390,336390,direct_2022
Australia,10233.0,8708292140,87,8708292140,336370,336370,direct_2022
Australia,156950.0,8708292500,87,8708292500,336370,336370,direct_2022
Australia,2888.0,8708295125,87,8708295125,336214,336214,direct_2022
Australia,6140108.0,8708295160,87,8708295160,336390,336390,direct_2022
New Caledonia,50925.0,8708295160,87,8708295160,336390,336390,direct_2022
New Zealand,22080.0,8708295160,87,8708295160,336390,336390,direct_2022
Norfolk Island,17068.0,8708295160,87,8708295160,336390,336390,direct_2022
Australia,27931.0,8708301090,87,8708301090,333111,333111,direct_2022
Australia,2973.0,8708305020,87,8708305020,336340,336340,direct_2022
Australia,314749.0,8708305030,87,8708305030,336340,336340,direct_2022
Australia,4997.0,8708305040,87,8708305040,336340,336340,direct_2022
Australia,115281.0,8708305090,87,8708305090,336340,336340,direct_2022
Nauru,2543.0,8708305090,87,8708305090,336340,336340,direct_2022
New Zealand,2850.0,8708305090,87,8708305090,336340,336340,direct_2022
Australia,445326.0,8708401110,87,8708401110,336330,336330,direct_2022
New Zealand,24406.0,8708401110,87,8708401110,336330,336330,direct_2022
Australia,1874519.0,8708401150,87,8708401150,336330,336330,direct_2022
New Caledonia,128493.0,8708401150,87,8708401150,336330,336330,direct_2022
New Zealand,45646.0,8708401150,87,8708401150,336330,336330,direct_2022
Australia,31583.0,8708403000,87,8708403000,333111,333111,direct_2022
New Zealand,9916.0,8708403000,87,8708403000,333111,333111,direct_2022
Australia,529467.0,8708405000,87,8708405000,336330,336330,direct_2022
New Zealand,205429.0,8708405000,87,8708405000,336330,336330,direct_2022
Australia,3829.0,8708406000,87,8708406000,333111,333111,direct_2022
Australia,127523.0,8708406500,87,8708406500,333120,333120,direct_2022
New Zealand,100210.0,8708407570,87,8708407570,332111,332111,direct_2022
Australia,5773347.0,8708407580,87,8708407580,336330,336330,direct_2022
New Caledonia,4031.0,8708407580,87,8708407580,336330,336330,direct_2022
New Zealand,1879015.0,8708407580,87,8708407580,336330,336330,direct_2022
Australia,120414.0,8708501110,87,8708501110,333111,333111,direct_2022
Australia,4725.0,8708501150,87,8708501150,333111,333111,direct_2022
Australia,20000.0,8708503110,87,8708503110,333120,333120,direct_2022
Australia,164214.0,8708503150,87,8708503150,333120,333120,direct_2022
Australia,80134.0,8708505110,87,8708505110,336350,336350,direct_2022
New Zealand,3919.0,8708505110,87,8708505110,336350,336350,direct_2022
Australia,71989.0,8708506100,87,8708506100,336350,336350,direct_2022
Australia,5168.0,8708507000,87,8708507000,333111,333111,direct_2022
Australia,24740.0,8708507900,87,8708507900,336350,336350,direct_2022
New Zealand,83948.0,8708508500,87,8708508500,336350,336350,direct_2022
Australia,2585540.0,8708508900,87,8708508900,336350,336350,direct_2022
New Zealand,2743.0,8708508900,87,8708508900,336350,336350,direct_2022
Australia,162695.0,8708509110,87,8708509110,336350,336350,direct_2022
Australia,33011.0,8708509150,87,8708509150,336350,336350,direct_2022
Australia,4186.0,8708509500,87,8708509500,336350,336350,direct_2022
Australia,853630.0,8708509900,87,8708509900,336350,336350,direct_2022
New Zealand,20645.0,8708509900,87,8708509900,336350,336350,direct_2022
New Zealand,25239.0,8708703500,87,8708703500,333120,333120,direct_2022
Australia,93006.0,8708704530,87,8708704530,336390,336390,direct_2022
New Caledonia,23160.0,8708704530,87,8708704530,336390,336390,direct_2022
Australia,119346.0,8708704546,87,8708704546,336390,336390,direct_2022
Australia,20553856.0,8708704548,87,8708704548,336390,336390,direct_2022
Australia,209366.0,8708704560,87,8708704560,336390,336390,direct_2022
New Zealand,5027.0,8708704560,87,8708704560,336390,336390,direct_2022
Australia,425582.0,8708706030,87,8708706030,336390,336390,direct_2022
Australia,35377.0,8708706060,87,8708706060,336390,336390,direct_2022
New Zealand,6072.0,8708706060,87,8708706060,336390,336390,direct_2022
Australia,34580.0,8708800500,87,8708800500,336330,333111,direct_2022
Australia,320126.0,8708801300,87,8708801300,336330,336330,direct_2022
Australia,1682395.0,8708801600,87,8708801600,336330,336330,direct_2022
New Zealand,2832.0,8708801600,87,8708801600,336330,336330,direct_2022
Australia,1483748.0,8708806590,87,8708806590,336330,336330,direct_2022
New Caledonia,15113.0,8708806590,87,8708806590,336330,336330,direct_2022
New Zealand,23635.0,8708806590,87,8708806590,336330,336330,direct_2022
Australia,5912012.0,8708915000,87,8708915000,336390,336390,direct_2022
New Zealand,40551.0,8708915000,87,8708915000,336390,336390,direct_2022
Australia,64788.0,8708916500,87,8708916500,333120,333120,direct_2022
Australia,3728.0,8708917000,87,8708917000,336390,336390,direct_2022
Australia,7897.0,8708917510,87,8708917510,336390,336390,direct_2022
Australia,211702.0,8708917550,87,8708917550,336390,336390,direct_2022
Kiribati,2856.0,8708917550,87,8708917550,336390,336390,direct_2022
New Zealand,5944.0,8708917550,87,8708917550,336390,336390,direct_2022
Australia,2755.0,8708921000,87,8708921000,336390,333111,direct_2022
Australia,3179018.0,8708925000,87,8708925000,336390,336390,direct_2022
Australia,249115.0,8708927500,87,8708927500,336390,336390,direct_2022
Fiji,2500.0,8708927500,87,8708927500,336390,336390,direct_2022
Australia,2665.0,8708931500,87,8708931500,333111,333111,direct_2022
Australia,5045.0,8708933000,87,8708933000,333111,333111,direct_2022
New Zealand,4322.0,8708933000,87,8708933000,333111,333111,direct_2022
Australia,1993068.0,8708936000,87,8708936000,336350,336350,direct_2022
New Zealand,1032349.0,8708936000,87,8708936000,336350,336350,direct_2022
Australia,314272.0,8708937500,87,8708937500,336350,336350,direct_2022
New Zealand,1102465.0,8708937500,87,8708937500,336350,336350,direct_2022
Australia,6336.0,8708941000,87,8708941000,336330,333111,direct_2022
Australia,3384.0,8708945000,87,8708945000,336330,336330,direct_2022
Australia,2500.0,8708947510,87,8708947510,336330,336330,direct_2022
Australia,57562.0,8708947550,87,8708947550,336330,336330,direct_2022
Cocos (Keeling) Islands,170786.0,8708947550,87,8708947550,336330,336330,direct_2022
New Zealand,72978.0,8708947550,87,8708947550,336330,336330,direct_2022
Australia,3816.0,8708990600,87,8708990600,332721,333111,direct_2022
Australia,1609459.0,8708991600,87,8708991600,333111,333111,direct_2022
Australia,1417863.0,8708992300,87,8708992300,333111,333111,direct_2022
New Zealand,69275.0,8708992300,87,8708992300,333111,333111,direct_2022
Australia,1111060.0,8708994100,87,8708994100,333120,333120,direct_2022
New Zealand,30993.0,8708994100,87,8708994100,333120,333120,direct_2022
Australia,579448.0,8708994850,87,8708994850,333120,333120,direct_2022
New Zealand,25513.0,8708994850,87,8708994850,333120,333120,direct_2022
Australia,8621.0,8708995300,87,8708995300,336390,336390,direct_2022
Australia,9318.0,8708995500,87,8708995500,336390,336390,direct_2022
Australia,2500.0,8708995800,87,8708995800,332721,336350,direct_2022
Australia,183926.0,8708996805,87,8708996805,333111,333111,direct_2022
Australia,12124364.0,8708996890,87,8708996890,336350,336350,direct_2022
New Caledonia,48258.0,8708996890,87,8708996890,336350,336350,direct_2022
New Zealand,20062.0,8708996890,87,8708996890,336350,336350,direct_2022
Australia,8191049.0,8708998180,87,8708998180,336390,336390,direct_2022
New Zealand,3644907.0,8708998180,87,8708998180,336390,336390,direct_2022
Australia,95650.0,8709110060,87,8709110060,333924,333924,direct_2022
Australia,688563.0,8709190060,87,8709190060,333924,333924,direct_2022
Australia,216897.0,8709900090,87,8709900090,333924,333924,direct_2022
Australia,687040.0,8710000090,87,8710000090,336992,336992,direct_2022
New Zealand,8562.0,8711200060,87,8711200060,336991,336991,direct_2022
New Zealand,5650.0,8711200090,87,8711200090,336991,336991,direct_2022
Australia,20229.0,8711300090,87,8711300090,336991,336991,direct_2022
Australia,5500.0,8711500060,87,8711500060,336991,336991,direct_2022
Australia,133510.0,8711600050,87,8711600050,336991,336991,direct_2022
Australia,2049.0,8711600090,87,8711600090,336991,336991,direct_2022
Australia,28929.0,8712002500,87,8712002500,336991,336991,direct_2022
Australia,24490.0,8712003500,87,8712003500,336991,336991,direct_2022
New Zealand,4334.0,8712003500,87,8712003500,336991,336991,direct_2022
Australia,125272.0,8712004800,87,8712004800,336991,336991,direct_2022
New Zealand,10167.0,8712004800,87,8712004800,336991,336991,direct_2022
Australia,12992.0,8712005000,87,8712005000,336991,336991,direct_2022
New Zealand,82878.0,8712005000,87,8712005000,336991,336991,direct_2022
Australia,2495.0,8713100000,87,8713100000,339113,339113,direct_2022
Australia,2400.0,8713900060,87,8713900060,339113,339113,direct_2022
New Zealand,3088.0,8713900060,87,8713900060,339113,339113,direct_2022
Australia,1600465.0,8714100050,87,8714100050,336991,336991,direct_2022
New Zealand,72980.0,8714100050,87,8714100050,336991,336991,direct_2022
Australia,6981817.0,8714200000,87,8714200000,339113,339113,direct_2022
New Zealand,234116.0,8714200000,87,8714200000,339113,339113,direct_2022
Australia,18310.0,8714912000,87,8714912000,336991,336991,direct_2022
New Zealand,29464.0,8714912000,87,8714912000,336991,336991,direct_2022
Australia,5282.0,8714913000,87,8714913000,336991,336991,direct_2022
New Zealand,7795.0,8714913000,87,8714913000,336991,336991,direct_2022
Australia,9178.0,8714915000,87,8714915000,336991,336991,direct_2022
Australia,81558.0,8714919000,87,8714919000,336991,336991,direct_2022
New Zealand,110811.0,8714919000,87,8714919000,336991,336991,direct_2022
Australia,11624.0,8714921000,87,8714921000,336991,336991,direct_2022
Australia,15598.0,8714925000,87,8714925000,336991,336991,direct_2022
Australia,6484.0,8714930500,87,8714930500,336991,336991,direct_2022
New Zealand,13484.0,8714937060,87,8714937060,336991,336991,direct_2022
New Zealand,15971.0,8714943020,87,8714943020,336991,336991,direct_2022
Australia,2815.0,8714949000,87,8714949000,336991,336991,direct_2022
Australia,4000.0,8714969000,87,8714969000,336991,336991,direct_2022
Nauru,10993.0,8714969000,87,8714969000,336991,336991,direct_2022
New Zealand,2707.0,8714969000,87,8714969000,336991,336991,direct_2022
Australia,10662.0,8714991000,87,8714991000,336991,336991,direct_2022
New Zealand,4199.0,8714991000,87,8714991000,336991,336991,direct_2022
Australia,217174.0,8714998000,87,8714998000,336991,336991,direct_2022
New Zealand,18042.0,8714998000,87,8714998000,336991,336991,direct_2022
Australia,7682200.0,8716100030,87,8716100030,336214,336214,direct_2022
Australia,3487.0,8716390010,87,8716390010,333111,336212,direct_2022
New Caledonia,6960.0,8716390030,87,8716390030,336214,336214,direct_2022
New Zealand,3036.0,8716390050,87,8716390050,336212,336212,direct_2022
Australia,191491.0,8716390090,87,8716390090,336212,336212,direct_2022
New Zealand,3000.0,8716390090,87,8716390090,336212,336212,direct_2022
Australia,445375.0,8716400000,87,8716400000,336212,336212,direct_2022
New Zealand,3503562.0,8716400000,87,8716400000,336212,336212,direct_2022
Australia,20425.0,8716801000,87,8716801000,333111,333111,direct_2022
New Zealand,11989.0,8716801000,87,8716801000,333111,333111,direct_2022
Australia,98110.0,8716805010,87,8716805010,333924,333924,direct_2022
New Zealand,3000.0,8716805010,87,8716805010,333924,333924,direct_2022
Australia,3495823.0,8716805090,87,8716805090,333924,336999,direct_2022
New Zealand,29443.0,8716805090,87,8716805090,333924,336999,direct_2022
Australia,9584.0,8716901090,87,8716901090,333111,333111,direct_2022
Australia,12968.0,8716903000,87,8716903000,332510,332510,direct_2022
Australia,21953.0,8716905010,87,8716905010,336214,336214,direct_2022
New Zealand,20586.0,8716905010,87,8716905010,336214,336214,direct_2022
New Zealand,43508.0,8716905059,87,8716905059,336390,336214,direct_2022
Australia,307975.0,8716905060,87,8716905060,336390,336214,direct_2022
New Zealand,243712.0,8716905060,87,8716905060,336390,336214,direct_2022
Australia,47225.0,8801000010,88,8801000010,336411,336411,direct_2022
Australia,5990.0,8801000050,88,8801000050,336411,336411,direct_2022
New Zealand,45000.0,8801000050,88,8801000050,336411,336411,direct_2022
Australia,28040.0,8802110130,88,8802110130,336411,336411,direct_2022
Australia,60000.0,8802110190,88,8802110190,930000,336411,direct_2022
Australia,125000.0,8802200115,88,8802200115,336411,336411,direct_2022
Australia,60000.0,8802200140,88,8802200140,336411,336411,direct_2022
Australia,86000.0,8802200180,88,8802200180,930000,336411,direct_2022
New Zealand,1679510.0,8802200180,88,8802200180,930000,336411,direct_2022
Australia,4064.0,8804000000,88,8804000000,314999,314999,direct_2022
New Zealand,1392789.0,8804000000,88,8804000000,314999,314999,direct_2022
Australia,204552.0,8805210000,88,8805210000,333310,333318,direct_2022
Australia,2280901.0,8805290000,88,8805290000,333310,333318,direct_2022
New Zealand,308111.0,8805290000,88,8805290000,333310,333318,direct_2022
Australia,416062.0,8806220000,88,8806220000,339930,336411,direct_2022
New Zealand,17033.0,8806220000,88,8806220000,339930,336411,direct_2022
Australia,53466.0,8806230000,88,8806230000,336411,336411,direct_2022
Australia,178133.0,8806240000,88,8806240000,336411,336411,direct_2022
Australia,28000.0,8806290000,88,8806290000,336411,336411,direct_2022
Australia,375875.0,8806920000,88,8806920000,339930,336411,direct_2022
Australia,10860.0,8806930000,88,8806930000,336411,336411,direct_2022
Australia,274725.0,8806990000,88,8806990000,336411,336411,direct_2022
New Zealand,10223.0,8807100015,88,8807100015,336413,336413,direct_2022
Australia,45412.0,8807100030,88,8807100030,336413,336413,direct_2022
New Zealand,329084.0,8807100030,88,8807100030,336413,336413,direct_2022
Australia,67599.0,8807100060,88,8807100060,336413,336413,direct_2022
New Zealand,263598.0,8807100060,88,8807100060,336413,336413,direct_2022
Australia,737470.0,8807200030,88,8807200030,336413,336413,direct_2022
New Zealand,43997.0,8807200030,88,8807200030,336413,336413,direct_2022
Australia,465499.0,8807200060,88,8807200060,336413,336413,direct_2022
Australia,263466.0,8807300015,88,8807300015,336413,336413,direct_2022
New Zealand,14873.0,8807300015,88,8807300015,336413,336413,direct_2022
Australia,190430803.0,8807300030,88,8807300030,336413,336413,direct_2022
French Polynesia,23700.0,8807300030,88,8807300030,336413,336413,direct_2022
New Zealand,2371368.0,8807300030,88,8807300030,336413,336413,direct_2022
Australia,144604648.0,8807300060,88,8807300060,336413,336413,direct_2022
New Zealand,524385.0,8807300060,88,8807300060,336413,336413,direct_2022
New Zealand,3385117.0,8807903000,88,8807903000,334220,334220,direct_2022
Australia,26850.0,8807909015,88,8807909015,336413,336413,direct_2022
Australia,64037.0,8807909030,88,8807909030,336413,336413,direct_2022
New Zealand,156363.0,8807909030,88,8807909030,336413,336413,direct_2022
Australia,2137220.0,8807909060,88,8807909060,336419,336419,direct_2022
New Zealand,8227715.0,8807909060,88,8807909060,336419,336419,direct_2022
Australia,100000.0,8901100000,89,8901100000,336611,336611,direct_2022
Australia,17450.0,8901300000,89,8901300000,336611,336611,direct_2022
New Zealand,3893.0,8901900000,89,8901900000,336611,336611,direct_2022
New Zealand,2237554.0,8903110015,89,8903110015,336612,336612,direct_2022
Australia,19680.0,8903110020,89,8903110020,326299,326299,direct_2022
New Zealand,236769.0,8903110020,89,8903110020,326299,326299,direct_2022
New Zealand,2450.0,8903120020,89,8903120020,326299,326299,direct_2022
Australia,32052.0,8903190000,89,8903190000,336612,326299,direct_2022
New Zealand,171884.0,8903190000,89,8903190000,336612,326299,direct_2022
Australia,70025.0,8903210030,89,8903210030,336612,336612,direct_2022
Australia,139539.0,8903210035,89,8903210035,336612,336612,direct_2022
New Zealand,174104.0,8903210035,89,8903210035,336612,336612,direct_2022
New Zealand,106731.0,8903210040,89,8903210040,336612,336612,direct_2022
New Zealand,826000.0,8903220020,89,8903220020,336612,336612,direct_2022
New Zealand,53389.0,8903310020,89,8903310020,336612,336612,direct_2022
Australia,36624.0,8903310025,89,8903310025,336612,336612,direct_2022
New Zealand,35985.0,8903310025,89,8903310025,336612,336612,direct_2022
Australia,36482209.0,8903320015,89,8903320015,336612,336612,direct_2022
Australia,28613375.0,8903320020,89,8903320020,336612,336612,direct_2022
Australia,1086315.0,8903320025,89,8903320025,336612,336612,direct_2022
Australia,29383873.0,8903330015,89,8903330015,336612,336612,direct_2022
New Zealand,370804.0,8903330015,89,8903330015,336612,336612,direct_2022
Australia,10608941.0,8903330020,89,8903330020,336612,336612,direct_2022
New Zealand,769000.0,8903330025,89,8903330025,336612,336612,direct_2022
French Polynesia,9110.0,8903930500,89,8903930500,336612,336612,direct_2022
New Zealand,17612.0,8903930500,89,8903930500,336612,336612,direct_2022
Australia,75000.0,8903931500,89,8903931500,336612,336612,direct_2022
New Zealand,821746.0,8903932015,89,8903932015,336612,336612,direct_2022
New Zealand,4507225.0,8903932030,89,8903932030,336612,336612,direct_2022
New Zealand,59770.0,8903932045,89,8903932045,336612,336612,direct_2022
Australia,2531158.0,8903932060,89,8903932060,336612,336612,direct_2022
Fiji,70222.0,8903932060,89,8903932060,336612,336612,direct_2022
New Zealand,69814.0,8903932060,89,8903932060,336612,336612,direct_2022
Australia,39105.0,8903939000,89,8903939000,336612,336611,direct_2022
New Zealand,51502.0,8903939000,89,8903939000,336612,336611,direct_2022
Fiji,35174.0,8903990600,89,8903990600,336612,336612,direct_2022
New Zealand,540292.0,8903990600,89,8903990600,336612,336612,direct_2022
Australia,103066.0,8903991600,89,8903991600,336612,336612,direct_2022
New Zealand,7945.0,8903991600,89,8903991600,336612,336612,direct_2022
New Zealand,82631.0,8903992110,89,8903992110,336612,336612,direct_2022
New Zealand,200215.0,8903992120,89,8903992120,336612,336612,direct_2022
Australia,1221327.0,8903992190,89,8903992190,336612,336612,direct_2022
New Zealand,353888.0,8903992190,89,8903992190,336612,336612,direct_2022
Australia,41728.0,8903999100,89,8903999100,336612,336611,direct_2022
New Zealand,17319.0,8903999100,89,8903999100,336612,336611,direct_2022
Australia,11024.0,8905901000,89,8905901000,336611,336611,direct_2022
New Zealand,3976.0,8905901000,89,8905901000,336611,336611,direct_2022
Australia,48261.0,8905905000,89,8905905000,336611,336611,direct_2022
Australia,6049400.0,8906100000,89,8906100000,336611,336611,direct_2022
Australia,8105.0,8906900010,89,8906900010,336611,336611,direct_2022
New Zealand,1553815.0,8906900010,89,8906900010,336611,336611,direct_2022
Australia,1043231.0,8906900090,89,8906900090,336611,336611,direct_2022
New Zealand,101617.0,8906900090,89,8906900090,336611,336611,direct_2022
Australia,1038240.0,8907100000,89,8907100000,326299,326299,direct_2022
French Polynesia,8118.0,8907100000,89,8907100000,326299,326299,direct_2022
Marshall Islands,8000.0,8907100000,89,8907100000,326299,326299,direct_2022
New Zealand,309710.0,8907100000,89,8907100000,326299,326299,direct_2022
Australia,80886.0,8907900030,89,8907900030,332313,332313,direct_2022
New Zealand,4062.0,8907900030,89,8907900030,332313,332313,direct_2022
Australia,3395064.0,8907900090,89,8907900090,336611,336611,direct_2022
New Zealand,166319.0,8907900090,89,8907900090,336611,336611,direct_2022
New Zealand,6263.0,9001100030,90,9001100030,335921,327215,direct_2022
Australia,15199.0,9001100070,90,9001100070,335921,327215,direct_2022
Christmas Island,4750.0,9001100070,90,9001100070,335921,327215,direct_2022
New Zealand,4848.0,9001100070,90,9001100070,335921,327215,direct_2022
Australia,13095.0,9001100085,90,9001100085,335921,327215,direct_2022
Australia,164059.0,9001300000,90,9001300000,339115,339115,direct_2022
Australia,3727.0,9001500000,90,9001500000,339115,339115,direct_2022
Australia,254700.0,9001906000,90,9001906000,333310,333314,direct_2022
Australia,51386.0,9001909000,90,9001909000,333310,333314,direct_2022
Australia,24055.0,9002114000,90,9002114000,333310,333314,direct_2022
Australia,7022.0,9002116000,90,9002116000,333310,333314,direct_2022
Australia,430315.0,9002119000,90,9002119000,333310,333314,direct_2022
Australia,3486.0,9002190000,90,9002190000,333310,333314,direct_2022
New Zealand,186450.0,9002190000,90,9002190000,333310,333314,direct_2022
Australia,12098.0,9002208000,90,9002208000,333310,333314,direct_2022
Australia,23888.0,9002902000,90,9002902000,333310,333314,direct_2022
Australia,10133.0,9002904000,90,9002904000,333310,333314,direct_2022
Australia,65818.0,9002909500,90,9002909500,333310,333314,direct_2022
Australia,6104.0,9003110000,90,9003110000,339115,339115,direct_2022
Australia,45701.0,9004100000,90,9004100000,339115,339115,direct_2022
Australia,13784.0,9004900090,90,9004900090,339115,339115,direct_2022
Australia,5813.0,9005100080,90,9005100080,333310,333314,direct_2022
New Zealand,2514.0,9005100080,90,9005100080,333310,333314,direct_2022
Australia,40768.0,9005804040,90,9005804040,333310,333314,direct_2022
New Zealand,7654.0,9005804040,90,9005804040,333310,333314,direct_2022
Australia,15441.0,9005806000,90,9005806000,333310,333314,direct_2022
Australia,3001484.0,9006300000,90,9006300000,333310,333316,direct_2022
New Zealand,2040719.0,9006300000,90,9006300000,333310,333316,direct_2022
Australia,2201.0,9006530270,90,9006530270,333310,333316,direct_2022
Australia,3979.0,9006594060,90,9006594060,333310,333316,direct_2022
Australia,297032.0,9006599100,90,9006599100,333310,333316,direct_2022
Australia,243663.0,9006610060,90,9006610060,333310,333316,direct_2022
Australia,102789.0,9006690150,90,9006690150,333310,333316,direct_2022
Australia,314523.0,9006910001,90,9006910001,333310,333316,direct_2022
New Zealand,35989.0,9006910001,90,9006910001,333310,333316,direct_2022
Australia,60187.0,9006990000,90,9006990000,333310,333316,direct_2022
Australia,23227.0,9007100000,90,9007100000,333310,333316,direct_2022
New Zealand,23408.0,9007100000,90,9007100000,333310,333316,direct_2022
Australia,1819098.0,9007914000,90,9007914000,333310,333316,direct_2022
Australia,67195.0,9007918001,90,9007918001,333310,333316,direct_2022
New Zealand,14035.0,9007918001,90,9007918001,333310,333316,direct_2022
Australia,25923.0,9007920000,90,9007920000,333310,333316,direct_2022
Australia,12818.0,9008503000,90,9008503000,333310,333316,direct_2022
Australia,3047.0,9008504000,90,9008504000,333310,333316,direct_2022
New Zealand,10105.0,9008504000,90,9008504000,333310,333316,direct_2022
Australia,6094.0,9008505000,90,9008505000,333310,333316,direct_2022
Australia,19968.0,9008908000,90,9008908000,333310,333316,direct_2022
Australia,62584.0,9010506000,90,9010506000,333310,333316,direct_2022
New Zealand,3132.0,9011204000,90,9011204000,333310,333314,direct_2022
Australia,124741.0,9011800000,90,9011800000,333310,333314,direct_2022
Australia,12000.0,9011900000,90,9011900000,333310,333314,direct_2022
Australia,2784.0,9012100000,90,9012100000,334516,334516,direct_2022
Australia,16060.0,9012900000,90,9012900000,334516,334516,direct_2022
Australia,1642094.0,9013200000,90,9013200000,335999,335999,direct_2022
New Zealand,794746.0,9013200000,90,9013200000,335999,335999,direct_2022
Australia,202411.0,9013809100,90,9013809100,333310,333314,direct_2022
New Zealand,296530.0,9013809100,90,9013809100,333310,333314,direct_2022
Australia,2068286.0,9013907000,90,9013907000,333310,333314,direct_2022
Australia,7892202.0,9013908000,90,9013908000,333310,333314,direct_2022
French Polynesia,4117.0,9013908000,90,9013908000,333310,333314,direct_2022
Australia,30129.0,9014101000,90,9014101000,334511,334511,direct_2022
New Zealand,5504.0,9014101000,90,9014101000,334511,334511,direct_2022
Australia,83345.0,9014107060,90,9014107060,334511,334511,direct_2022
Australia,243119.0,9014109000,90,9014109000,334511,334511,direct_2022
New Zealand,4075.0,9014109000,90,9014109000,334511,334511,direct_2022
Australia,115794.0,9014202000,90,9014202000,334511,334511,direct_2022
Australia,66465.0,9014206000,90,9014206000,334511,334511,direct_2022
Australia,116025.0,9014208040,90,9014208040,334511,334511,direct_2022
Cook Islands,14500.0,9014208040,90,9014208040,334511,334511,direct_2022
New Zealand,2995.0,9014208040,90,9014208040,334511,334511,direct_2022
Australia,41869.0,9014208080,90,9014208080,334511,334511,direct_2022
New Zealand,19014.0,9014208080,90,9014208080,334511,334511,direct_2022
Australia,216035.0,9014801000,90,9014801000,334511,334511,direct_2022
New Zealand,79389.0,9014801000,90,9014801000,334511,334511,direct_2022
Australia,1554810.0,9014804000,90,9014804000,334511,334511,direct_2022
New Zealand,151187.0,9014804000,90,9014804000,334511,334511,direct_2022
Australia,3458407.0,9014805000,90,9014805000,334511,334511,direct_2022
New Zealand,436981.0,9014805000,90,9014805000,334511,334511,direct_2022
Australia,37300.0,9014902080,90,9014902080,334511,334511,direct_2022
Australia,607489.0,9014906000,90,9014906000,334511,334511,direct_2022
New Zealand,190736.0,9014906000,90,9014906000,334511,334511,direct_2022
Australia,50805.0,9015104000,90,9015104000,333310,334519,direct_2022
Australia,16000.0,9015108000,90,9015108000,333310,334519,direct_2022
Australia,22671.0,9015204000,90,9015204000,334519,334519,direct_2022
Australia,15936.0,9015208000,90,9015208000,334519,334519,direct_2022
Australia,31080.0,9015304000,90,9015304000,334519,334519,direct_2022
Australia,176001.0,9015308000,90,9015308000,334519,334519,direct_2022
Australia,368015.0,9015404000,90,9015404000,334519,334519,direct_2022
New Zealand,975379.0,9015404000,90,9015404000,334519,334519,direct_2022
Australia,967370.0,9015408000,90,9015408000,334519,334519,direct_2022
New Zealand,2250.0,9015408000,90,9015408000,334519,334519,direct_2022
Australia,789511.0,9015802000,90,9015802000,334519,334519,direct_2022
New Zealand,14487.0,9015802000,90,9015802000,334519,334519,direct_2022
Australia,205336.0,9015806000,90,9015806000,334519,334519,direct_2022
New Zealand,27500.0,9015806000,90,9015806000,334519,334519,direct_2022
Australia,4940750.0,9015808040,90,9015808040,334519,334519,direct_2022
New Zealand,6300.0,9015808040,90,9015808040,334519,334519,direct_2022
Australia,4190917.0,9015808080,90,9015808080,334519,334519,direct_2022
New Zealand,1335658.0,9015808080,90,9015808080,334519,334519,direct_2022
Australia,4420.0,9015900130,90,9015900130,334519,334519,direct_2022
Australia,20362.0,9015900140,90,9015900140,334519,334519,direct_2022
Australia,494559.0,9015900160,90,9015900160,334519,334519,direct_2022
New Zealand,18075.0,9015900160,90,9015900160,334519,334519,direct_2022
Australia,7470843.0,9015900190,90,9015900190,334519,334519,direct_2022
New Zealand,670486.0,9015900190,90,9015900190,334519,334519,direct_2022
Australia,7554.0,9016002000,90,9016002000,333998,333997,direct_2022
Australia,13504.0,9017204000,90,9017204000,334519,334519,direct_2022
New Zealand,7900.0,9017207000,90,9017207000,334519,334519,direct_2022
Australia,25303.0,9017208040,90,9017208040,334118,334118,direct_2022
New Zealand,7590.0,9017208040,90,9017208040,334118,334118,direct_2022
Australia,2143.0,9017208080,90,9017208080,334519,334519,direct_2022
Australia,6216.0,9017304000,90,9017304000,332216,332216,direct_2022
Australia,475777.0,9017308000,90,9017308000,332216,332216,direct_2022
Nauru,16440.0,9017308000,90,9017308000,332216,332216,direct_2022
New Zealand,5039.0,9017308000,90,9017308000,332216,332216,direct_2022
Australia,55461.0,9017800000,90,9017800000,332216,332216,direct_2022
New Zealand,10530.0,9017800000,90,9017800000,332216,332216,direct_2022
Australia,19568.0,9018113000,90,9018113000,334510,334510,direct_2022
Australia,45894.0,9018119000,90,9018119000,334510,334510,direct_2022
New Zealand,65067.0,9018119000,90,9018119000,334510,334510,direct_2022
Australia,334753.0,9018120000,90,9018120000,334510,334510,direct_2022
New Zealand,10011.0,9018120000,90,9018120000,334510,334510,direct_2022
Australia,1936212.0,9018194000,90,9018194000,334510,334510,direct_2022
Christmas Island,121823.0,9018194000,90,9018194000,334510,334510,direct_2022
New Zealand,72546.0,9018194000,90,9018194000,334510,334510,direct_2022
Australia,1701496.0,9018195500,90,9018195500,334510,334510,direct_2022
New Zealand,5990.0,9018199530,90,9018199530,334510,334510,direct_2022
Australia,111637.0,9018199535,90,9018199535,334510,334510,direct_2022
Australia,2779010.0,9018199550,90,9018199550,334510,334510,direct_2022
New Zealand,69665.0,9018199550,90,9018199550,334510,334510,direct_2022
Australia,2343575.0,9018199560,90,9018199560,334510,334510,direct_2022
Christmas Island,3152.0,9018199560,90,9018199560,334510,334510,direct_2022
New Zealand,2396.0,9018199560,90,9018199560,334510,334510,direct_2022
Australia,412266.0,9018200040,90,9018200040,334510,334510,direct_2022
New Zealand,84401.0,9018200040,90,9018200040,334510,334510,direct_2022
Australia,18783.0,9018200080,90,9018200080,334510,334510,direct_2022
Australia,2572.0,9018310080,90,9018310080,339112,339112,direct_2022
New Zealand,406080.0,9018310080,90,9018310080,339112,339112,direct_2022
Australia,7980.0,9018310090,90,9018310090,339112,339112,direct_2022
New Zealand,282311.0,9018310090,90,9018310090,339112,339112,direct_2022
Australia,5479731.0,9018320000,90,9018320000,339112,339112,direct_2022
Micronesia,5138.0,9018320000,90,9018320000,339112,339112,direct_2022
Australia,6245.0,9018390040,90,9018390040,339112,339112,direct_2022
Micronesia,839322.0,9018390040,90,9018390040,339112,339112,direct_2022
New Zealand,58732.0,9018390040,90,9018390040,339112,339112,direct_2022
Australia,12759.0,9018390050,90,9018390050,339112,339112,direct_2022
New Zealand,937555.0,9018390050,90,9018390050,339112,339112,direct_2022
Australia,9811.0,9018410000,90,9018410000,339114,339114,direct_2022
Australia,281635.0,9018498040,90,9018498040,339114,339114,direct_2022
Australia,790629.0,9018498080,90,9018498080,339114,339114,direct_2022
Australia,8790457.0,9018500000,90,9018500000,339115,339115,direct_2022
New Zealand,4269.0,9018500000,90,9018500000,339115,339115,direct_2022
Australia,24758.0,9018901000,90,9018901000,339112,339112,direct_2022
Australia,398458.0,9018902000,90,9018902000,339112,339112,direct_2022
New Zealand,8015.0,9018902000,90,9018902000,339112,339112,direct_2022
New Zealand,27306.0,9018903000,90,9018903000,334510,339112,direct_2022
Australia,26837.0,9018905040,90,9018905040,339112,339112,direct_2022
Australia,220989.0,9018906000,90,9018906000,334510,334510,direct_2022
Australia,9209.0,9018907520,90,9018907520,334510,334510,direct_2022
Australia,6457.0,9018907560,90,9018907560,334510,334510,direct_2022
Australia,116221.0,9018907570,90,9018907570,334510,334510,direct_2022
Australia,2425236.0,9018907580,90,9018907580,334510,334510,direct_2022
New Zealand,1749300.0,9018907580,90,9018907580,334510,334510,direct_2022
Australia,10305398.0,9018908000,90,9018908000,339112,339112,direct_2022
Fiji,224744.0,9018908000,90,9018908000,339112,339112,direct_2022
Micronesia,47690.0,9018908000,90,9018908000,339112,339112,direct_2022
New Zealand,8922708.0,9018908000,90,9018908000,339112,339112,direct_2022
Niue,2580.0,9018908000,90,9018908000,339112,339112,direct_2022
Australia,68260.0,9019102010,90,9019102010,339112,339112,direct_2022
New Zealand,6627.0,9019102010,90,9019102010,339112,339112,direct_2022
Australia,166448.0,9019102020,90,9019102020,335210,335210,direct_2022
New Caledonia,20164.0,9019102020,90,9019102020,335210,335210,direct_2022
New Zealand,53408.0,9019102020,90,9019102020,335210,335210,direct_2022
New Zealand,2100.0,9019102030,90,9019102030,335210,335210,direct_2022
Australia,30349.0,9019102035,90,9019102035,335210,335210,direct_2022
New Zealand,96035.0,9019102045,90,9019102045,335210,335210,direct_2022
Australia,6656.0,9019102090,90,9019102090,335210,335210,direct_2022
New Zealand,589690.0,9019102090,90,9019102090,335210,335210,direct_2022
Australia,17912.0,9019106000,90,9019106000,339112,335999,direct_2022
Australia,428261485.0,9019200000,90,9019200000,334510,339113,direct_2022
New Zealand,166844645.0,9019200000,90,9019200000,334510,339113,direct_2022
Australia,40797.0,9020004000,90,9020004000,339920,339920,direct_2022
New Zealand,2026140.0,9020004000,90,9020004000,339920,339920,direct_2022
Australia,109752.0,9020006000,90,9020006000,339113,339113,direct_2022
New Caledonia,5755.0,9020006000,90,9020006000,339113,339113,direct_2022
New Zealand,4290.0,9020006000,90,9020006000,339113,339113,direct_2022
Australia,2462.0,9020009000,90,9020009000,339113,339113,direct_2022
New Zealand,2751.0,9020009000,90,9020009000,339113,339113,direct_2022
Australia,167569.0,9021100050,90,9021100050,339112,339112,direct_2022
Australia,4822866.0,9021100090,90,9021100090,339113,339113,direct_2022
Christmas Island,12696.0,9021100090,90,9021100090,339113,339113,direct_2022
New Zealand,53280.0,9021100090,90,9021100090,339113,339113,direct_2022
New Zealand,44019.0,9021214000,90,9021214000,339116,339116,direct_2022
Australia,9853.0,9021218000,90,9021218000,339116,339116,direct_2022
New Zealand,159591.0,9021294000,90,9021294000,339116,339116,direct_2022
Australia,492778.0,9021298000,90,9021298000,339116,339116,direct_2022
New Zealand,10118.0,9021298000,90,9021298000,339116,339116,direct_2022
Australia,2367644.0,9021310000,90,9021310000,339113,339113,direct_2022
New Zealand,10107.0,9021310000,90,9021310000,339113,339113,direct_2022
Australia,17741413.0,9021390000,90,9021390000,339113,339113,direct_2022
New Zealand,7437941.0,9021390000,90,9021390000,339113,339113,direct_2022
Australia,321553242.0,9021400000,90,9021400000,334510,334510,direct_2022
Australia,354993.0,9021500000,90,9021500000,334510,334510,direct_2022
Australia,20529722.0,9021904040,90,9021904040,334510,334510,direct_2022
New Zealand,35200.0,9021904040,90,9021904040,334510,334510,direct_2022
Australia,85218.0,9021904080,90,9021904080,334510,334510,direct_2022
Australia,4196292.0,9021908100,90,9021908100,339113,339113,direct_2022
New Zealand,58770.0,9021908100,90,9021908100,339113,339113,direct_2022
Australia,250000.0,9022120000,90,9022120000,334517,334517,direct_2022
Australia,57825.0,9022130000,90,9022130000,334517,334517,direct_2022
Australia,2011664.0,9022140000,90,9022140000,334517,334517,direct_2022
Australia,2229946.0,9022190000,90,9022190000,334517,334517,direct_2022
New Zealand,32474.0,9022190000,90,9022190000,334517,334517,direct_2022
Australia,4500.0,9022210000,90,9022210000,334517,334517,direct_2022
Australia,750153.0,9022298000,90,9022298000,334517,334517,direct_2022
Australia,66238.0,9022300000,90,9022300000,334517,334517,direct_2022
Australia,24692.0,9022900500,90,9022900500,334517,334517,direct_2022
Australia,2842.0,9022902500,90,9022902500,334517,334517,direct_2022
Australia,2312496.0,9022906000,90,9022906000,334517,334517,direct_2022
Australia,183360.0,9022909500,90,9022909500,334517,334517,direct_2022
Australia,10515462.0,9023000000,90,9023000000,339999,339999,direct_2022
New Zealand,718642.0,9023000000,90,9023000000,339999,339999,direct_2022
Australia,425463.0,9024100000,90,9024100000,334519,334519,direct_2022
New Zealand,245033.0,9024100000,90,9024100000,334519,334519,direct_2022
Australia,330823.0,9024800000,90,9024800000,334519,334519,direct_2022
New Zealand,1560051.0,9024800000,90,9024800000,334519,334519,direct_2022
Australia,16617.0,9024900040,90,9024900040,334519,334519,direct_2022
New Zealand,9738.0,9024900040,90,9024900040,334519,334519,direct_2022
Australia,194026.0,9024900080,90,9024900080,334519,334519,direct_2022
New Zealand,771014.0,9024900080,90,9024900080,334519,334519,direct_2022
Australia,5969.0,9025198060,90,9025198060,334513,334513,direct_2022
Australia,152576.0,9025198085,90,9025198085,334513,334513,direct_2022
New Zealand,45065.0,9025198085,90,9025198085,334513,334513,direct_2022
Australia,30040.0,9025801000,90,9025801000,334519,334519,direct_2022
New Zealand,19941.0,9025801000,90,9025801000,334519,334519,direct_2022
Australia,200576.0,9025801500,90,9025801500,334519,334519,direct_2022
Australia,8000.0,9025802000,90,9025802000,334519,334519,direct_2022
Australia,6394.0,9025803500,90,9025803500,334519,334519,direct_2022
Australia,112010.0,9025804000,90,9025804000,334519,334519,direct_2022
Australia,58295.0,9025805000,90,9025805000,334519,334519,direct_2022
New Zealand,10606.0,9025805000,90,9025805000,334519,334519,direct_2022
Australia,35036.0,9025900600,90,9025900600,334519,334519,direct_2022
New Zealand,32165.0,9025900600,90,9025900600,334519,334519,direct_2022
Australia,1424562.0,9026102040,90,9026102040,334513,334513,direct_2022
New Zealand,1137240.0,9026102040,90,9026102040,334513,334513,direct_2022
Australia,2193076.0,9026102080,90,9026102080,334513,334513,direct_2022
New Zealand,85922.0,9026102080,90,9026102080,334513,334513,direct_2022
Australia,247418.0,9026104000,90,9026104000,334513,334513,direct_2022
New Zealand,2581.0,9026104000,90,9026104000,334513,334513,direct_2022
Australia,1895170.0,9026106000,90,9026106000,334513,334513,direct_2022
New Zealand,15314.0,9026106000,90,9026106000,334513,334513,direct_2022
Australia,336885.0,9026204000,90,9026204000,334513,334513,direct_2022
French Polynesia,10000.0,9026204000,90,9026204000,334513,334513,direct_2022
New Caledonia,34294.0,9026204000,90,9026204000,334513,334513,direct_2022
New Zealand,87201.0,9026204000,90,9026204000,334513,334513,direct_2022
Australia,1347928.0,9026208000,90,9026208000,334513,334513,direct_2022
Cook Islands,10800.0,9026208000,90,9026208000,334513,334513,direct_2022
New Zealand,62158.0,9026208000,90,9026208000,334513,334513,direct_2022
Australia,1511882.0,9026802000,90,9026802000,334513,334513,direct_2022
New Zealand,88789.0,9026802000,90,9026802000,334513,334513,direct_2022
New Zealand,2541.0,9026804000,90,9026804000,334513,334513,direct_2022
Australia,184610.0,9026806000,90,9026806000,334513,334513,direct_2022
New Zealand,468558.0,9026806000,90,9026806000,334513,334513,direct_2022
Australia,481138.0,9026902000,90,9026902000,334513,334513,direct_2022
New Caledonia,2274.0,9026902000,90,9026902000,334513,334513,direct_2022
New Zealand,16436.0,9026902000,90,9026902000,334513,334513,direct_2022
Australia,368564.0,9026904000,90,9026904000,334513,334513,direct_2022
Marshall Islands,7140.0,9026904000,90,9026904000,334513,334513,direct_2022
Australia,1602178.0,9026906000,90,9026906000,334513,334513,direct_2022
New Zealand,92290.0,9026906000,90,9026906000,334513,334513,direct_2022
Australia,1068160.0,9027102000,90,9027102000,334516,334516,direct_2022
New Zealand,3099183.0,9027102000,90,9027102000,334516,334516,direct_2022
Australia,18600.0,9027104000,90,9027104000,334516,334516,direct_2022
Australia,534529.0,9027106000,90,9027106000,334516,334516,direct_2022
New Zealand,1435597.0,9027106000,90,9027106000,334516,334516,direct_2022
Australia,58808.0,9027205030,90,9027205030,334516,334516,direct_2022
Australia,937902.0,9027205060,90,9027205060,334516,334516,direct_2022
Australia,168390.0,9027205080,90,9027205080,334516,334516,direct_2022
New Zealand,202278.0,9027205080,90,9027205080,334516,334516,direct_2022
Australia,5512.0,9027208030,90,9027208030,334516,334516,direct_2022
Australia,33390.0,9027208060,90,9027208060,334516,334516,direct_2022
New Zealand,203729.0,9027208060,90,9027208060,334516,334516,direct_2022
Australia,46485.0,9027208090,90,9027208090,334516,334516,direct_2022
New Zealand,35371.0,9027208090,90,9027208090,334516,334516,direct_2022
Australia,322357.0,9027304040,90,9027304040,334516,334516,direct_2022
New Zealand,167007.0,9027304040,90,9027304040,334516,334516,direct_2022
Australia,538372.0,9027304080,90,9027304080,334516,334516,direct_2022
New Zealand,162177.0,9027304080,90,9027304080,334516,334516,direct_2022
Australia,50000.0,9027308020,90,9027308020,334516,334516,direct_2022
Australia,576841.0,9027308080,90,9027308080,334516,334516,direct_2022
New Zealand,336932.0,9027308080,90,9027308080,334516,334516,direct_2022
Australia,7979633.0,9027504015,90,9027504015,334516,334516,direct_2022
Australia,14380.0,9027504050,90,9027504050,334516,334516,direct_2022
New Zealand,127062.0,9027504050,90,9027504050,334516,334516,direct_2022
Australia,352142.0,9027504060,90,9027504060,334516,334516,direct_2022
New Zealand,871936.0,9027504060,90,9027504060,334516,334516,direct_2022
Australia,258244.0,9027508060,90,9027508060,334516,334516,direct_2022
New Zealand,516977.0,9027508060,90,9027508060,334516,334516,direct_2022
Australia,421602.0,9027810000,90,9027810000,334516,334516,direct_2022
New Zealand,29494.0,9027810000,90,9027810000,334516,334516,direct_2022
New Zealand,122254.0,9027892500,90,9027892500,334510,334510,direct_2022
Australia,2138027.0,9027894530,90,9027894530,334516,334516,direct_2022
New Zealand,2108354.0,9027894530,90,9027894530,334516,334516,direct_2022
Australia,3775770.0,9027894560,90,9027894560,334516,334516,direct_2022
Australia,506554.0,9027894590,90,9027894590,334516,334516,direct_2022
New Zealand,209375.0,9027894590,90,9027894590,334516,334516,direct_2022
Australia,258609.0,9027898030,90,9027898030,334516,334516,direct_2022
New Zealand,366253.0,9027898030,90,9027898030,334516,334516,direct_2022
Australia,2146481.0,9027898060,90,9027898060,334516,334516,direct_2022
New Zealand,28260.0,9027898060,90,9027898060,334516,334516,direct_2022
Australia,1605857.0,9027898090,90,9027898090,334516,334516,direct_2022
New Zealand,464386.0,9027898090,90,9027898090,334516,334516,direct_2022
Australia,18431.0,9027902000,90,9027902000,334516,334519,direct_2022
New Zealand,56301.0,9027902000,90,9027902000,334516,334519,direct_2022
Australia,66586.0,9027904500,90,9027904500,334418,334418,direct_2022
New Zealand,13836.0,9027904500,90,9027904500,334418,334418,direct_2022
Australia,4733.0,9027905400,90,9027905400,334516,334516,direct_2022
Australia,222278.0,9027905625,90,9027905625,334516,334516,direct_2022
Australia,2115667.0,9027905630,90,9027905630,334516,334516,direct_2022
New Zealand,347649.0,9027905630,90,9027905630,334516,334516,direct_2022
Australia,876802.0,9027905650,90,9027905650,334516,334516,direct_2022
Australia,5097265.0,9027905695,90,9027905695,334516,334516,direct_2022
New Zealand,155465.0,9027905695,90,9027905695,334516,334516,direct_2022
Australia,29810.0,9027905910,90,9027905910,334516,334516,direct_2022
New Zealand,31095.0,9027905910,90,9027905910,334516,334516,direct_2022
Australia,6031478.0,9027905995,90,9027905995,334516,334516,direct_2022
New Zealand,10923.0,9027905995,90,9027905995,334516,334516,direct_2022
Australia,3689313.0,9027906400,90,9027906400,334516,334516,direct_2022
New Zealand,45189.0,9027906400,90,9027906400,334516,334516,direct_2022
Australia,5399.0,9027906800,90,9027906800,334516,334516,direct_2022
Australia,227154.0,9027908400,90,9027908400,334516,334516,direct_2022
Christmas Island,14231.0,9027908400,90,9027908400,334516,334516,direct_2022
New Zealand,3375.0,9027908400,90,9027908400,334516,334516,direct_2022
Australia,1774503.0,9027908800,90,9027908800,334516,334516,direct_2022
New Zealand,156170.0,9027908800,90,9027908800,334516,334516,direct_2022
Australia,6516.0,9028100000,90,9028100000,334514,334514,direct_2022
Australia,66343.0,9028200000,90,9028200000,334514,334514,direct_2022
New Zealand,84228.0,9028200000,90,9028200000,334514,334514,direct_2022
Australia,120235.0,9028300000,90,9028300000,334515,334515,direct_2022
New Zealand,2863.0,9028300000,90,9028300000,334515,334515,direct_2022
Australia,28026.0,9028900040,90,9028900040,334515,334515,direct_2022
Australia,120131.0,9028900080,90,9028900080,334514,334514,direct_2022
New Zealand,179844.0,9028900080,90,9028900080,334514,334514,direct_2022
Australia,12100.0,9029108000,90,9029108000,334514,334514,direct_2022
New Zealand,91301.0,9029108000,90,9029108000,334514,334514,direct_2022
Australia,42488.0,9029204080,90,9029204080,334514,334514,direct_2022
Australia,99773.0,9029908080,90,9029908080,334514,334514,direct_2022
New Zealand,2254.0,9029908080,90,9029908080,334514,334514,direct_2022
Australia,623575.0,9030100000,90,9030100000,334519,334519,direct_2022
New Zealand,2049.0,9030100000,90,9030100000,334519,334519,direct_2022
Australia,24771.0,9030200500,90,9030200500,334515,334515,direct_2022
New Zealand,105300.0,9030201000,90,9030201000,334515,334515,direct_2022
Australia,53275.0,9030310000,90,9030310000,334515,334515,direct_2022
New Zealand,822802.0,9030310000,90,9030310000,334515,334515,direct_2022
Australia,31074.0,9030320000,90,9030320000,334515,334515,direct_2022
New Zealand,236467.0,9030320000,90,9030320000,334515,334515,direct_2022
Australia,487845.0,9030333400,90,9030333400,334515,334515,direct_2022
New Zealand,16521.0,9030333400,90,9030333400,334515,334515,direct_2022
Australia,1319627.0,9030333800,90,9030333800,334515,334515,direct_2022
New Zealand,158232.0,9030333800,90,9030333800,334515,334515,direct_2022
Australia,2441940.0,9030390100,90,9030390100,334515,334515,direct_2022
New Zealand,2213600.0,9030390100,90,9030390100,334515,334515,direct_2022
Australia,6188112.0,9030400000,90,9030400000,334515,334515,direct_2022
Micronesia,3350.0,9030400000,90,9030400000,334515,334515,direct_2022
New Zealand,270844.0,9030400000,90,9030400000,334515,334515,direct_2022
Australia,6749.0,9030820000,90,9030820000,334515,334515,direct_2022
Australia,1241004.0,9030840000,90,9030840000,334515,334515,direct_2022
New Zealand,98430.0,9030840000,90,9030840000,334515,334515,direct_2022
Australia,460311.0,9030890100,90,9030890100,334515,334515,direct_2022
Micronesia,16121.0,9030890100,90,9030890100,334515,334515,direct_2022
New Zealand,46347.0,9030890100,90,9030890100,334515,334515,direct_2022
Australia,58394.0,9030904600,90,9030904600,334519,334519,direct_2022
Australia,27827.0,9030906600,90,9030906600,334418,334418,direct_2022
French Polynesia,6480.0,9030906600,90,9030906600,334418,334418,direct_2022
New Zealand,18479.0,9030908911,90,9030908911,334515,334515,direct_2022
Australia,3770.0,9030908921,90,9030908921,334515,334515,direct_2022
Australia,10689.0,9030908922,90,9030908922,334515,334515,direct_2022
Australia,36491.0,9030908923,90,9030908923,334515,334515,direct_2022
New Zealand,16600.0,9030908923,90,9030908923,334515,334515,direct_2022
Australia,48000.0,9030908931,90,9030908931,334515,334515,direct_2022
New Zealand,42100.0,9030908931,90,9030908931,334515,334515,direct_2022
Australia,20931.0,9030908940,90,9030908940,334515,334515,direct_2022
Australia,83624.0,9030908961,90,9030908961,334515,334515,direct_2022
New Zealand,15914.0,9030908961,90,9030908961,334515,334515,direct_2022
Australia,46531.0,9031100000,90,9031100000,334515,333999,direct_2022
New Zealand,8800.0,9031100000,90,9031100000,334515,333999,direct_2022
Australia,332785.0,9031200000,90,9031200000,334515,337127,direct_2022
Australia,457320.0,9031410060,90,9031410060,333310,333314,direct_2022
Australia,312517.0,9031491000,90,9031491000,333310,333316,direct_2022
Australia,395948.0,9031494000,90,9031494000,333310,332216,direct_2022
Australia,2210765.0,9031499000,90,9031499000,333310,333316,direct_2022
New Zealand,3509531.0,9031499000,90,9031499000,333310,333316,direct_2022
New Zealand,239694.0,9031804000,90,9031804000,334516,334516,direct_2022
Australia,137437.0,9031808060,90,9031808060,334515,334515,direct_2022
New Zealand,7122.0,9031808060,90,9031808060,334515,334515,direct_2022
Australia,3512115.0,9031808070,90,9031808070,334515,334515,direct_2022
New Zealand,38567.0,9031808070,90,9031808070,334515,334515,direct_2022
Australia,8699967.0,9031808085,90,9031808085,334515,334515,direct_2022
Cook Islands,2400.0,9031808085,90,9031808085,334515,334515,direct_2022
French Polynesia,15945.0,9031808085,90,9031808085,334515,334515,direct_2022
Nauru,19678.0,9031808085,90,9031808085,334515,334515,direct_2022
New Zealand,5747410.0,9031808085,90,9031808085,334515,334515,direct_2022
Norfolk Island,14771.0,9031808085,90,9031808085,334515,334515,direct_2022
Australia,3960.0,9031902100,90,9031902100,333310,333316,direct_2022
Australia,100351.0,9031905900,90,9031905900,333310,333314,direct_2022
New Zealand,134885.0,9031905900,90,9031905900,333310,333314,direct_2022
Australia,33376.0,9031907000,90,9031907000,334516,334516,direct_2022
Australia,368259.0,9031909130,90,9031909130,333998,333997,direct_2022
New Zealand,3323.0,9031909130,90,9031909130,333998,333997,direct_2022
Australia,4023.0,9031909160,90,9031909160,334515,334515,direct_2022
Cocos (Keeling) Islands,2190.0,9031909160,90,9031909160,334515,334515,direct_2022
Australia,429790.0,9031909195,90,9031909195,334515,334515,direct_2022
New Zealand,577869.0,9031909195,90,9031909195,334515,334515,direct_2022
Australia,90107.0,9032100060,90,9032100060,334512,334512,direct_2022
Australia,50400.0,9032100090,90,9032100090,334512,334512,direct_2022
New Zealand,13795.0,9032100090,90,9032100090,334512,334512,direct_2022
Australia,6323.0,9032200000,90,9032200000,334512,334512,direct_2022
Australia,13018.0,9032810020,90,9032810020,334513,334513,direct_2022
New Zealand,9755.0,9032810060,90,9032810060,334513,334513,direct_2022
Australia,42423.0,9032810080,90,9032810080,334513,334513,direct_2022
Australia,476091.0,9032892000,90,9032892000,336320,336320,direct_2022
Australia,73565.0,9032894000,90,9032894000,335311,335311,direct_2022
New Zealand,5967.0,9032894000,90,9032894000,335311,335311,direct_2022
Australia,611840.0,9032896015,90,9032896015,334512,334512,direct_2022
Australia,11408.0,9032896025,90,9032896025,334512,334512,direct_2022
New Zealand,11849.0,9032896025,90,9032896025,334512,334512,direct_2022
Australia,156724.0,9032896030,90,9032896030,334513,334513,direct_2022
New Zealand,2105.0,9032896030,90,9032896030,334513,334513,direct_2022
Australia,106806.0,9032896040,90,9032896040,334513,334513,direct_2022
New Caledonia,9111.0,9032896040,90,9032896040,334513,334513,direct_2022
New Zealand,19844.0,9032896040,90,9032896040,334513,334513,direct_2022
Australia,51058.0,9032896050,90,9032896050,334513,334513,direct_2022
New Zealand,3888.0,9032896050,90,9032896050,334513,334513,direct_2022
Australia,4879010.0,9032896060,90,9032896060,334513,334513,direct_2022
New Zealand,51121.0,9032896060,90,9032896060,334513,334513,direct_2022
New Zealand,7286.0,9032896070,90,9032896070,334513,334513,direct_2022
Australia,1448202.0,9032896075,90,9032896075,334513,334513,direct_2022
Cook Islands,3000.0,9032896075,90,9032896075,334513,334513,direct_2022
New Zealand,14269.0,9032896075,90,9032896075,334513,334513,direct_2022
Australia,2308495.0,9032896085,90,9032896085,334513,334513,direct_2022
French Polynesia,41976.0,9032896085,90,9032896085,334513,334513,direct_2022
New Zealand,249688.0,9032896085,90,9032896085,334513,334513,direct_2022
Australia,2888.0,9032902100,90,9032902100,336320,336320,direct_2022
New Zealand,2215.0,9032902100,90,9032902100,336320,336320,direct_2022
Australia,1022653.0,9032906180,90,9032906180,334512,334513,direct_2022
New Zealand,4000.0,9032906180,90,9032906180,334512,334513,direct_2022
Australia,11475.0,9033002000,90,9033002000,334513,334513,direct_2022
Australia,727191.0,9033003000,90,9033003000,334513,334513,direct_2022
Australia,829477.0,9033009000,90,9033009000,334512,334513,direct_2022
New Zealand,37336.0,9033009000,90,9033009000,334512,334513,direct_2022
Australia,3328.0,9101114010,91,9101114010,334519,334519,direct_2022
Australia,19452.0,9101118010,91,9101118010,334519,334519,direct_2022
Australia,4701.0,9101118020,91,9101118020,334519,334519,direct_2022
Australia,6656.0,9101213000,91,9101213000,334519,334519,direct_2022
Australia,2593.0,9101215010,91,9101215010,334519,334519,direct_2022
New Zealand,3275.0,9101215010,91,9101215010,334519,334519,direct_2022
New Zealand,3620.0,9101215020,91,9101215020,334519,334519,direct_2022
Australia,53122.0,9101218010,91,9101218010,334519,334519,direct_2022
Australia,2600.0,9101218020,91,9101218020,334519,334519,direct_2022
Australia,13775.0,9101295010,91,9101295010,334519,334519,direct_2022
Cook Islands,12673.0,9101299010,91,9101299010,334519,334519,direct_2022
Cook Islands,2560.0,9101299020,91,9101299020,334519,334519,direct_2022
Australia,2330.0,9102116510,91,9102116510,334519,334519,direct_2022
Australia,2283.0,9102119510,91,9102119510,334519,334519,direct_2022
Australia,18794.0,9102128000,91,9102128000,334519,334519,direct_2022
Australia,3941.0,9102198010,91,9102198010,334519,334519,direct_2022
New Zealand,3000.0,9102211010,91,9102211010,334519,334519,direct_2022
Australia,4901.0,9102212510,91,9102212510,334519,334519,direct_2022
Australia,2411.0,9102212520,91,9102212520,334519,334519,direct_2022
Australia,23708.0,9102217010,91,9102217010,334519,334519,direct_2022
New Zealand,31827.0,9102217010,91,9102217010,334519,334519,direct_2022
Australia,16933.0,9102217020,91,9102217020,334519,334519,direct_2022
New Zealand,4204.0,9102217020,91,9102217020,334519,334519,direct_2022
Australia,3318.0,9102217030,91,9102217030,334519,334519,direct_2022
New Zealand,4004.0,9102217030,91,9102217030,334519,334519,direct_2022
Australia,147611.0,9102219010,91,9102219010,334519,334519,direct_2022
New Zealand,21158.0,9102219010,91,9102219010,334519,334519,direct_2022
Australia,2269.0,9102292010,91,9102292010,334519,334519,direct_2022
Australia,46550.0,9102295510,91,9102295510,334519,334519,direct_2022
Australia,14685.0,9102296010,91,9102296010,334519,334519,direct_2022
Australia,2263.0,9105295000,91,9105295000,334519,334519,direct_2022
Australia,23640.0,9106100000,91,9106100000,334519,334519,direct_2022
Australia,5000.0,9107008000,91,9107008000,335313,335313,direct_2022
Australia,4377.0,9108208000,91,9108208000,334519,334519,direct_2022
Australia,4144.0,9113209000,91,9113209000,339910,339910,direct_2022
Australia,9804.0,9113904000,91,9113904000,316990,316998,direct_2022
Australia,101185.0,9113908000,91,9113908000,339910,339910,direct_2022
Nauru,3376.0,9113908000,91,9113908000,339910,339910,direct_2022
New Zealand,6136.0,9114901000,91,9114901000,334519,334519,direct_2022
Australia,326144.0,9201200051,92,9201200051,339992,339992,direct_2022
Australia,3500.0,9202902000,92,9202902000,339992,339992,direct_2022
Australia,692479.0,9202904000,92,9202904000,339992,339992,direct_2022
New Zealand,22881.0,9202904000,92,9202904000,339992,339992,direct_2022
Australia,229744.0,9202906000,92,9202906000,339992,339992,direct_2022
New Zealand,26463.0,9202906000,92,9202906000,339992,339992,direct_2022
Australia,9929.0,9205100080,92,9205100080,339992,339992,direct_2022
New Zealand,15850.0,9205100080,92,9205100080,339992,339992,direct_2022
Australia,6983.0,9205901400,92,9205901400,339992,339992,direct_2022
Australia,6888.0,9205902000,92,9205902000,339992,339992,direct_2022
Australia,7520.0,9205904060,92,9205904060,339992,339992,direct_2022
New Zealand,5498.0,9205904060,92,9205904060,339992,339992,direct_2022
Australia,12369.0,9205904080,92,9205904080,339992,339992,direct_2022
Australia,15918.0,9205906000,92,9205906000,339992,339992,direct_2022
Australia,19576.0,9206002000,92,9206002000,339992,339992,direct_2022
French Polynesia,3589.0,9206002000,92,9206002000,339992,339992,direct_2022
New Zealand,2954.0,9206002000,92,9206002000,339992,339992,direct_2022
Australia,3686.0,9206004000,92,9206004000,339992,339992,direct_2022
Australia,24731.0,9206008000,92,9206008000,339992,339992,direct_2022
French Polynesia,3376.0,9206008000,92,9206008000,339992,339992,direct_2022
New Zealand,2732.0,9206008000,92,9206008000,339992,339992,direct_2022
Australia,33164.0,9207100010,92,9207100010,339992,339992,direct_2022
New Zealand,2920.0,9207100075,92,9207100075,339992,339992,direct_2022
Australia,449266.0,9207900040,92,9207900040,339992,339992,direct_2022
Australia,170585.0,9207900080,92,9207900080,339992,339992,direct_2022
Australia,171026.0,9209300000,92,9209300000,339992,339992,direct_2022
Australia,2398.0,9209922000,92,9209922000,339992,339992,direct_2022
New Zealand,3173.0,9209922000,92,9209922000,339992,339992,direct_2022
Australia,102478.0,9209926000,92,9209926000,339992,339992,direct_2022
Australia,15044.0,9209928000,92,9209928000,339992,339992,direct_2022
Australia,107983.0,9209948000,92,9209948000,339992,339992,direct_2022
New Zealand,3295.0,9209948000,92,9209948000,339992,339992,direct_2022
Australia,108885.0,9209992000,92,9209992000,339992,339992,direct_2022
New Zealand,16284.0,9209992000,92,9209992000,339992,339992,direct_2022
New Zealand,35877.0,9209994080,92,9209994080,339992,339992,direct_2022
Australia,11089.0,9209998000,92,9209998000,339992,339992,direct_2022
New Zealand,3206.0,9209998000,92,9209998000,339992,339992,direct_2022
Australia,3000.0,9301909030,93,9301909030,332994,332994,direct_2022
Australia,4668.0,9302000020,93,9302000020,332994,332994,direct_2022
Australia,7910.0,9302000040,93,9302000040,332994,332994,direct_2022
Australia,2969.0,9303308012,93,9303308012,332994,332994,direct_2022
New Zealand,2799.0,9303308012,93,9303308012,332994,332994,direct_2022
Australia,616007.0,9303308017,93,9303308017,332994,332994,direct_2022
New Zealand,28000.0,9303308017,93,9303308017,332994,332994,direct_2022
Australia,2423.0,9303308025,93,9303308025,332994,332994,direct_2022
New Zealand,8501.0,9303308025,93,9303308025,332994,332994,direct_2022
Australia,2805.0,9303308030,93,9303308030,332994,332994,direct_2022
New Zealand,2523.0,9304006000,93,9304006000,332994,332994,direct_2022
Australia,16169.0,9305208060,93,9305208060,332994,332994,direct_2022
New Zealand,419381.0,9305208060,93,9305208060,332994,332994,direct_2022
Australia,3363730.0,9305913030,93,9305913030,332994,332994,direct_2022
Australia,4044.0,9305994000,93,9305994000,332994,332994,direct_2022
New Zealand,38276.0,9305995010,93,9305995010,332994,332994,direct_2022
New Zealand,4260.0,9305996000,93,9305996000,332994,332994,direct_2022
New Zealand,7520.0,9306304110,93,9306304110,332992,332992,direct_2022
Australia,2583141.0,9306304120,93,9306304120,332992,332992,direct_2022
Australia,5570711.0,9306304140,93,9306304140,332992,332992,direct_2022
Australia,158310.0,9306308000,93,9306308000,332992,332992,direct_2022
Australia,22276371.0,9306900060,93,9306900060,336415,336415,direct_2022
Australia,5830800.0,9306900080,93,9306900080,332993,332993,direct_2022
Australia,6685.0,9307000000,93,9307000000,332215,332215,direct_2022
Australia,255677.0,9401104000,94,9401104000,336360,336360,direct_2022
New Zealand,2082.0,9401104000,94,9401104000,336360,336360,direct_2022
Australia,78352.0,9401108000,94,9401108000,336360,336360,direct_2022
New Zealand,10634.0,9401108000,94,9401108000,336360,336360,direct_2022
Australia,203134.0,9401200000,94,9401200000,336360,336360,direct_2022
New Zealand,795854.0,9401200000,94,9401200000,336360,336360,direct_2022
Australia,815.0,9401310000,94,9401310000,337127,337127,direct_2022
Nauru,1316.0,9401390010,94,9401390010,337126,337124,direct_2022
New Zealand,118839.0,9401390010,94,9401390010,337126,337124,direct_2022
Australia,63496.0,9401390030,94,9401390030,337127,337127,direct_2022
New Zealand,9126.0,9401390030,94,9401390030,337127,337127,direct_2022
New Zealand,8000.0,9401410000,94,9401410000,337121,337121,direct_2022
New Zealand,2908.0,9401490000,94,9401490000,337121,337121,direct_2022
Australia,1520.0,9401520000,94,9401520000,337126,337125,direct_2022
Australia,1057.0,9401530000,94,9401530000,337126,337125,direct_2022
Australia,1941.0,9401590000,94,9401590000,337126,337125,direct_2022
Australia,648.0,9401612010,94,9401612010,337121,337121,direct_2022
Australia,102498.0,9401614011,94,9401614011,337121,337121,direct_2022
New Zealand,560.0,9401614011,94,9401614011,337121,337121,direct_2022
Australia,184002.0,9401614031,94,9401614031,337127,337127,direct_2022
New Zealand,22337.0,9401614031,94,9401614031,337127,337127,direct_2022
Australia,20226.0,9401616011,94,9401616011,337121,337121,direct_2022
New Caledonia,8587.0,9401616011,94,9401616011,337121,337121,direct_2022
Australia,312354.0,9401616031,94,9401616031,337127,337127,direct_2022
New Zealand,12802.0,9401616031,94,9401616031,337127,337127,direct_2022
Australia,4474.0,9401692010,94,9401692010,337122,337122,direct_2022
Australia,27024.0,9401694010,94,9401694010,337122,337122,direct_2022
Fiji,44400.0,9401696011,94,9401696011,337122,337122,direct_2022
Australia,28985.0,9401696031,94,9401696031,337127,337127,direct_2022
Australia,7071.0,9401698011,94,9401698011,337122,337122,direct_2022
Marshall Islands,15525.0,9401698011,94,9401698011,337122,337122,direct_2022
Australia,11149.0,9401698031,94,9401698031,337127,337127,direct_2022
Australia,2782.0,9401710005,94,9401710005,337126,337124,direct_2022
Australia,66722.0,9401710011,94,9401710011,337126,337124,direct_2022
Nauru,566071.0,9401710011,94,9401710011,337126,337124,direct_2022
New Zealand,15029.0,9401710011,94,9401710011,337126,337124,direct_2022
Australia,1265381.0,9401710031,94,9401710031,337127,337127,direct_2022
New Zealand,5550.0,9401790004,94,9401790004,337126,337124,direct_2022
Australia,73692.0,9401790011,94,9401790011,337126,337124,direct_2022
Australia,22995.0,9401790015,94,9401790015,337127,337127,direct_2022
Australia,26307.0,9401790025,94,9401790025,337126,337124,direct_2022
Australia,14041.0,9401790035,94,9401790035,337127,337127,direct_2022
Australia,11920.0,9401790046,94,9401790046,337126,337124,direct_2022
Australia,597842.0,9401790050,94,9401790050,337127,337127,direct_2022
New Zealand,337.0,9401790050,94,9401790050,337127,337127,direct_2022
Australia,678.0,9401802011,94,9401802011,337126,337125,direct_2022
Australia,1074.0,9401802031,94,9401802031,337127,337127,direct_2022
New Zealand,1518.0,9401802031,94,9401802031,337127,337127,direct_2022
Australia,5982.0,9401804035,94,9401804035,337127,337127,direct_2022
New Zealand,863.0,9401804035,94,9401804035,337127,337127,direct_2022
Australia,489635.0,9401804046,94,9401804046,337127,337127,direct_2022
New Zealand,1998.0,9401804046,94,9401804046,337127,337127,direct_2022
New Caledonia,35786.0,9401806021,94,9401806021,337126,337125,direct_2022
Nauru,79867.0,9401806028,94,9401806028,337126,337125,direct_2022
Australia,35652.0,9401806030,94,9401806030,337127,337127,direct_2022
New Zealand,16202.0,9401806030,94,9401806030,337127,337127,direct_2022
Australia,3799.0,9401919090,94,9401919090,337127,337215,direct_2022
New Zealand,15456.0,9401919090,94,9401919090,337127,337215,direct_2022
Australia,5816.0,9401991010,94,9401991010,316990,316998,direct_2022
Australia,1862.0,9401991020,94,9401991020,336360,336360,direct_2022
New Zealand,2489.0,9401991020,94,9401991020,336360,336360,direct_2022
Australia,47948.0,9401991085,94,9401991085,336360,336360,direct_2022
Christmas Island,5289.0,9401991085,94,9401991085,336360,336360,direct_2022
Micronesia,686.0,9401991085,94,9401991085,336360,336360,direct_2022
New Zealand,9984.0,9401991085,94,9401991085,336360,336360,direct_2022
Australia,5850.0,9401993580,94,9401993580,337215,337215,direct_2022
New Zealand,4921.0,9401993580,94,9401993580,337215,337215,direct_2022
Australia,4388.0,9401999021,94,9401999021,337215,337215,direct_2022
New Zealand,564788.0,9401999021,94,9401999021,337215,337215,direct_2022
Australia,792097.0,9401999081,94,9401999081,337215,337215,direct_2022
French Polynesia,24014.0,9401999081,94,9401999081,337215,337215,direct_2022
New Zealand,305919.0,9401999081,94,9401999081,337215,337215,direct_2022
Australia,1366.0,9402100000,94,9402100000,339114,339114,direct_2022
Australia,3127722.0,9402900020,94,9402900020,339113,337127,direct_2022
Cocos (Keeling) Islands,11200.0,9402900020,94,9402900020,339113,337127,direct_2022
New Zealand,864220.0,9402900020,94,9402900020,339113,337127,direct_2022
Australia,11036.0,9403100020,94,9403100020,337214,337214,direct_2022
Australia,1128981.0,9403100040,94,9403100040,337214,337214,direct_2022
New Zealand,220581.0,9403100040,94,9403100040,337214,337214,direct_2022
Australia,181794.0,9403200011,94,9403200011,332999,332999,direct_2022
Micronesia,15600.0,9403200011,94,9403200011,332999,332999,direct_2022
New Zealand,37200.0,9403200040,94,9403200040,337127,337124,direct_2022
Australia,314591.0,9403200050,94,9403200050,337127,337124,direct_2022
New Zealand,1202.0,9403200050,94,9403200050,337127,337124,direct_2022
New Zealand,348.0,9403200075,94,9403200075,337215,337215,direct_2022
Australia,16425.0,9403200078,94,9403200078,337215,337215,direct_2022
Australia,11322.0,9403200082,94,9403200082,337215,337215,direct_2022
Australia,717306.0,9403200086,94,9403200086,337215,337215,direct_2022
New Zealand,49951.0,9403200086,94,9403200086,337215,337215,direct_2022
Australia,4867068.0,9403200090,94,9403200090,337127,337127,direct_2022
Cocos (Keeling) Islands,1260.0,9403200090,94,9403200090,337127,337127,direct_2022
New Zealand,684423.0,9403200090,94,9403200090,337127,337127,direct_2022
Australia,1972013.0,9403308090,94,9403308090,337211,337211,direct_2022
New Zealand,1945.0,9403308090,94,9403308090,337211,337211,direct_2022
Australia,42438.0,9403409040,94,9403409040,337122,337122,direct_2022
Australia,324.0,9403409060,94,9403409060,337110,337110,direct_2022
Kiribati,16851.0,9403409060,94,9403409060,337110,337110,direct_2022
Micronesia,63638.0,9403409060,94,9403409060,337110,337110,direct_2022
Australia,154266.0,9403409080,94,9403409080,337122,337122,direct_2022
New Zealand,5349.0,9403506000,94,9403506000,336360,336360,direct_2022
New Zealand,312.0,9403509042,94,9403509042,337122,337122,direct_2022
Australia,25357.0,9403509045,94,9403509045,337122,337122,direct_2022
Marshall Islands,12115.0,9403509045,94,9403509045,337122,337122,direct_2022
Nauru,3791.0,9403509045,94,9403509045,337122,337122,direct_2022
New Zealand,1129.0,9403509045,94,9403509045,337122,337122,direct_2022
Australia,358856.0,9403509080,94,9403509080,337122,337122,direct_2022
Fiji,1200.0,9403509080,94,9403509080,337122,337122,direct_2022
Marshall Islands,4020.0,9403509080,94,9403509080,337122,337122,direct_2022
Nauru,4750.0,9403509080,94,9403509080,337122,337122,direct_2022
Australia,3441.0,9403604000,94,9403604000,337127,337127,direct_2022
Australia,67191.0,9403608040,94,9403608040,337122,337122,direct_2022
New Zealand,6717.0,9403608040,94,9403608040,337122,337122,direct_2022
Australia,1263122.0,9403608081,94,9403608081,337127,337127,direct_2022
Fiji,3594.0,9403608081,94,9403608081,337127,337127,direct_2022
French Polynesia,4167.0,9403608081,94,9403608081,337127,337127,direct_2022
Marshall Islands,11531.0,9403608081,94,9403608081,337127,337127,direct_2022
Nauru,4540.0,9403608081,94,9403608081,337127,337127,direct_2022
New Zealand,576553.0,9403608081,94,9403608081,337127,337127,direct_2022
Australia,13396.0,9403704001,94,9403704001,337126,337125,direct_2022
Australia,22201.0,9403704015,94,9403704015,337126,337125,direct_2022
New Zealand,1466.0,9403704020,94,9403704020,337214,337214,direct_2022
Australia,27878.0,9403704031,94,9403704031,337127,337127,direct_2022
New Zealand,945.0,9403704031,94,9403704031,337127,337127,direct_2022
Australia,6453.0,9403708015,94,9403708015,337126,337125,direct_2022
New Zealand,261781.0,9403708015,94,9403708015,337126,337125,direct_2022
Australia,435050.0,9403708031,94,9403708031,337127,337127,direct_2022
Nauru,258.0,9403708031,94,9403708031,337127,337127,direct_2022
New Zealand,61094.0,9403708031,94,9403708031,337127,337127,direct_2022
Australia,903.0,9403830015,94,9403830015,337126,337125,direct_2022
New Zealand,2021.0,9403830030,94,9403830030,337127,337127,direct_2022
Australia,38027.0,9403896015,94,9403896015,337126,337125,direct_2022
Nauru,812.0,9403896015,94,9403896015,337126,337125,direct_2022
New Caledonia,2797.0,9403896015,94,9403896015,337126,337125,direct_2022
Australia,34767.0,9403896020,94,9403896020,337127,337127,direct_2022
New Zealand,4244.0,9403896020,94,9403896020,337127,337127,direct_2022
Australia,16458.0,9403910080,94,9403910080,321911,337215,direct_2022
Marshall Islands,70574.0,9403910080,94,9403910080,321911,337215,direct_2022
Nauru,21127.0,9403910080,94,9403910080,321911,337215,direct_2022
New Zealand,13425.0,9403910080,94,9403910080,321911,337215,direct_2022
Australia,8105.0,9403991040,94,9403991040,336360,336360,direct_2022
Australia,8105.0,9403991085,94,9403991085,336360,336360,direct_2022
New Zealand,10038.0,9403991085,94,9403991085,336360,336360,direct_2022
Australia,9644.0,9403993080,94,9403993080,337215,337215,direct_2022
Australia,1510.0,9403994080,94,9403994080,337215,337215,direct_2022
Micronesia,2168.0,9403994080,94,9403994080,337215,337215,direct_2022
Australia,5954.0,9403995080,94,9403995080,313210,313210,direct_2022
Fiji,1014.0,9403995080,94,9403995080,313210,313210,direct_2022
Nauru,16909.0,9403995080,94,9403995080,313210,313210,direct_2022
Australia,606.0,9403999040,94,9403999040,337215,337215,consolidated_naics
Australia,138229.0,9403999045,94,9403999045,337215,337215,consolidated_naics
Christmas Island,8090.0,9403999045,94,9403999045,337215,337215,consolidated_naics
Nauru,1969.0,9403999045,94,9403999045,337215,337215,consolidated_naics
New Zealand,53504.0,9403999045,94,9403999045,337215,337215,consolidated_naics
Australia,224630.0,9403999061,94,9403999061,326299,337215,direct_2022
New Zealand,4928.0,9403999061,94,9403999061,326299,337215,direct_2022
Australia,5700.0,9404100000,94,9404100000,337910,337910,direct_2022
Australia,177963.0,9404210095,94,9404210095,337910,337910,direct_2022
New Zealand,1820.0,9404291095,94,9404291095,337910,337910,direct_2022
Australia,2809.0,9404299095,94,9404299095,337910,337910,direct_2022
New Zealand,5647.0,9404299095,94,9404299095,337910,337910,direct_2022
Australia,1065.0,9404308000,94,9404308000,314999,314999,direct_2022
New Zealand,251.0,9404308000,94,9404308000,314999,314999,direct_2022
Australia,18248.0,9404401000,94,9404401000,314120,314120,direct_2022
Cocos (Keeling) Islands,9349.0,9404401000,94,9404401000,314120,314120,direct_2022
New Zealand,16744.0,9404401000,94,9404401000,314120,314120,direct_2022
Australia,31288.0,9404409022,94,9404409022,314120,314120,direct_2022
New Zealand,353.0,9404409036,94,9404409036,314120,314120,direct_2022
New Zealand,3713.0,9404901090,94,9404901090,314120,314120,consolidated_naics
Australia,65092.0,9404902090,94,9404902090,314120,314120,consolidated_naics
Nauru,627.0,9404902090,94,9404902090,314120,314120,consolidated_naics
New Zealand,11757.0,9404902090,94,9404902090,314120,314120,consolidated_naics
Australia,277.0,9404909636,94,9404909636,314120,314120,consolidated_naics
Australia,12540.0,9404909670,94,9404909670,314120,314120,consolidated_naics
New Zealand,1735.0,9404909670,94,9404909670,314120,314120,consolidated_naics
Australia,2021424.0,9405114010,94,9405114010,335131,335121,direct_2022
New Zealand,13827.0,9405114010,94,9405114010,335131,335121,direct_2022
Australia,645238.0,9405114020,94,9405114020,335132,335122,direct_2022
New Zealand,19377.0,9405114020,94,9405114020,335132,335122,direct_2022
Australia,142680.0,9405116010,94,9405116010,335131,335121,direct_2022
New Zealand,3560.0,9405116010,94,9405116010,335131,335121,direct_2022
Australia,277883.0,9405116020,94,9405116020,335132,335122,direct_2022
New Zealand,28069.0,9405116020,94,9405116020,335132,335122,direct_2022
Australia,584745.0,9405118010,94,9405118010,335131,335121,direct_2022
Australia,1099821.0,9405118020,94,9405118020,335132,335122,direct_2022
New Zealand,14500.0,9405118020,94,9405118020,335132,335122,direct_2022
Australia,38028.0,9405194010,94,9405194010,335131,335121,direct_2022
New Zealand,11625.0,9405194010,94,9405194010,335131,335121,direct_2022
Australia,81353.0,9405194020,94,9405194020,335132,335122,direct_2022
New Zealand,2630.0,9405194020,94,9405194020,335132,335122,direct_2022
Australia,2961.0,9405196010,94,9405196010,335131,335121,direct_2022
Australia,33744.0,9405196020,94,9405196020,335132,335122,direct_2022
Australia,46413.0,9405198010,94,9405198010,335131,335121,direct_2022
New Zealand,154759.0,9405198010,94,9405198010,335131,335121,direct_2022
Australia,692033.0,9405198020,94,9405198020,335132,335122,direct_2022
New Zealand,6316.0,9405198020,94,9405198020,335132,335122,direct_2022
Australia,9540.0,9405214010,94,9405214010,335131,335121,direct_2022
New Zealand,270.0,9405214010,94,9405214010,335131,335121,direct_2022
Australia,9362.0,9405214020,94,9405214020,335132,335122,direct_2022
Nauru,329.0,9405214020,94,9405214020,335132,335122,direct_2022
Australia,3965.0,9405216010,94,9405216010,335131,335121,direct_2022
Australia,1215.0,9405216020,94,9405216020,335132,335122,direct_2022
New Zealand,275.0,9405216020,94,9405216020,335132,335122,direct_2022
Australia,13395.0,9405218010,94,9405218010,335131,335121,direct_2022
Australia,12511.0,9405218020,94,9405218020,335132,335122,direct_2022
Australia,9321.0,9405294010,94,9405294010,335131,335121,direct_2022
Australia,3386.0,9405294020,94,9405294020,335132,335122,direct_2022
Australia,2888.0,9405296010,94,9405296010,335131,335121,direct_2022
Australia,30309.0,9405298010,94,9405298010,335131,335121,direct_2022
Australia,62609.0,9405298020,94,9405298020,335132,335122,direct_2022
Australia,34033.0,9405390040,94,9405390040,335139,335129,direct_2022
Australia,2511.0,9405414000,94,9405414000,335139,335129,direct_2022
New Zealand,3884.0,9405414000,94,9405414000,335139,335129,direct_2022
Australia,343963.0,9405416000,94,9405416000,335139,335129,direct_2022
New Zealand,123910.0,9405416000,94,9405416000,335139,335129,direct_2022
Australia,2943567.0,9405418200,94,9405418200,335139,335129,direct_2022
New Zealand,405.0,9405418200,94,9405418200,335139,335129,direct_2022
Australia,854249.0,9405418410,94,9405418410,335139,335129,direct_2022
Australia,85524.0,9405418440,94,9405418440,335139,335129,direct_2022
New Zealand,2560160.0,9405418440,94,9405418440,335139,335129,direct_2022
Australia,6484.0,9405424000,94,9405424000,335139,335129,direct_2022
New Zealand,8157.0,9405424000,94,9405424000,335139,335129,direct_2022
Australia,601311.0,9405426000,94,9405426000,335139,335129,direct_2022
New Zealand,42012.0,9405426000,94,9405426000,335139,335129,direct_2022
Australia,40101.0,9405428200,94,9405428200,335139,335129,direct_2022
Australia,1414065.0,9405428440,94,9405428440,335139,335129,direct_2022
New Zealand,1493360.0,9405428440,94,9405428440,335139,335129,direct_2022
Australia,4585367.0,9405490000,94,9405490000,335139,335129,direct_2022
French Polynesia,1500.0,9405490000,94,9405490000,335139,335129,direct_2022
New Zealand,55221.0,9405490000,94,9405490000,335139,335129,direct_2022
Australia,3661.0,9405503000,94,9405503000,335139,335129,direct_2022
Australia,29859.0,9405504000,94,9405504000,335139,335129,direct_2022
New Zealand,34240.0,9405504000,94,9405504000,335139,335129,direct_2022
Australia,81069.0,9405614000,94,9405614000,339950,339950,direct_2022
New Zealand,5329.0,9405614000,94,9405614000,339950,339950,direct_2022
Australia,4631.0,9405616000,94,9405616000,339950,339950,direct_2022
New Zealand,5844.0,9405616000,94,9405616000,339950,339950,direct_2022
Australia,5908.0,9405694000,94,9405694000,339950,339950,direct_2022
Australia,51438.0,9405696000,94,9405696000,339950,339950,direct_2022
New Zealand,17095.0,9405696000,94,9405696000,339950,339950,direct_2022
New Zealand,1183.0,9405913000,94,9405913000,327212,327212,direct_2022
New Zealand,576.0,9405916080,94,9405916080,327212,327212,direct_2022
Australia,42302.0,9405920000,94,9405920000,335132,335129,direct_2022
New Zealand,4097.0,9405920000,94,9405920000,335132,335129,direct_2022
Norfolk Island,1092.0,9405920000,94,9405920000,335132,335129,direct_2022
Australia,21182.0,9405992000,94,9405992000,335139,335129,direct_2022
Australia,5382.0,9405994020,94,9405994020,335139,335129,direct_2022
Australia,950275.0,9405994090,94,9405994090,335132,335129,direct_2022
Cocos (Keeling) Islands,1558.0,9405994090,94,9405994090,335132,335129,direct_2022
New Zealand,88797.0,9405994090,94,9405994090,335132,335129,direct_2022
Australia,210302.0,9406100000,94,9406100000,321992,321992,direct_2022
Australia,58892.0,9406200000,94,9406200000,332311,332311,direct_2022
Australia,569871.0,9406900130,94,9406900130,332311,332311,direct_2022
Australia,885194.0,9406900190,94,9406900190,326199,326199,direct_2022
New Zealand,2791850.0,9406900190,94,9406900190,326199,326199,direct_2022
Australia,7129.0,9503000011,95,9503000011,339930,339930,direct_2022
Australia,8771.0,9503000013,95,9503000013,339930,339930,direct_2022
Australia,78863.0,9503000071,95,9503000071,339930,339930,direct_2022
Australia,448684.0,9503000073,95,9503000073,339930,339930,direct_2022
Australia,645094.0,9503000090,95,9503000090,339930,339930,direct_2022
Nauru,12149.0,9503000090,95,9503000090,339930,339930,direct_2022
New Zealand,95011.0,9503000090,95,9503000090,339930,339930,direct_2022
Australia,44900.0,9504206000,95,9504206000,339920,339920,direct_2022
Australia,443171.0,9504300010,95,9504300010,339999,339999,direct_2022
Australia,151874.0,9504300020,95,9504300020,339999,339999,direct_2022
Australia,502463.0,9504300040,95,9504300040,339999,339999,direct_2022
New Zealand,151000.0,9504300040,95,9504300040,339999,339999,direct_2022
Australia,13108518.0,9504300060,95,9504300060,339999,339999,direct_2022
Australia,736186.0,9504400000,95,9504400000,323111,323111,direct_2022
New Zealand,138432.0,9504400000,95,9504400000,323111,323111,direct_2022
Australia,1386768.0,9504500000,95,9504500000,339930,339930,direct_2022
Christmas Island,602182.0,9504500000,95,9504500000,339930,339930,direct_2022
Cocos (Keeling) Islands,17490.0,9504500000,95,9504500000,339930,339930,direct_2022
New Zealand,33746.0,9504500000,95,9504500000,339930,339930,direct_2022
Australia,733791.0,9504904000,95,9504904000,339930,339930,direct_2022
Australia,94731.0,9504906000,95,9504906000,339930,339930,direct_2022
New Zealand,720743.0,9504906000,95,9504906000,339930,339930,direct_2022
Australia,54028.0,9504909040,95,9504909040,339920,339920,direct_2022
Australia,246408.0,9504909060,95,9504909060,339920,339920,direct_2022
Australia,160461.0,9504909080,95,9504909080,339920,339920,direct_2022
New Zealand,33064.0,9504909080,95,9504909080,339920,339920,direct_2022
New Zealand,4440.0,9505101500,95,9505101500,339999,339999,direct_2022
Australia,113477.0,9505105020,95,9505105020,339999,339999,direct_2022
New Zealand,5918.0,9505105020,95,9505105020,339999,339999,direct_2022
New Zealand,6264.0,9505902000,95,9505902000,339930,339930,direct_2022
Australia,13207.0,9505904000,95,9505904000,322299,322299,direct_2022
Australia,81396.0,9505906000,95,9505906000,339999,339999,direct_2022
Fiji,2929.0,9505906000,95,9505906000,339999,339999,direct_2022
Marshall Islands,4300.0,9505906000,95,9505906000,339999,339999,direct_2022
Nauru,3945.0,9505906000,95,9505906000,339999,339999,direct_2022
New Zealand,20381.0,9505906000,95,9505906000,339999,339999,direct_2022
Australia,9192.0,9506114080,95,9506114080,339920,339920,direct_2022
Australia,3290.0,9506116000,95,9506116000,339920,339920,direct_2022
Australia,3234.0,9506128000,95,9506128000,339920,339920,direct_2022
Australia,2700.0,9506214000,95,9506214000,339920,339920,direct_2022
Australia,58720.0,9506218000,95,9506218000,339920,339920,direct_2022
Australia,2510.0,9506290020,95,9506290020,339920,339920,direct_2022
Australia,3174097.0,9506290030,95,9506290030,339920,339920,direct_2022
Australia,3549288.0,9506290080,95,9506290080,339920,339920,direct_2022
New Zealand,10432.0,9506290080,95,9506290080,339920,339920,direct_2022
Australia,43197.0,9506310000,95,9506310000,339920,339920,direct_2022
New Zealand,4458.0,9506310000,95,9506310000,339920,339920,direct_2022
Australia,23175.0,9506390060,95,9506390060,339920,339920,direct_2022
Australia,12990.0,9506390080,95,9506390080,339920,339920,direct_2022
Australia,7001.0,9506400000,95,9506400000,339920,339920,direct_2022
Australia,29413.0,9506598060,95,9506598060,339920,339920,direct_2022
Australia,141033.0,9506610000,95,9506610000,339920,339920,direct_2022
Australia,3942.0,9506624040,95,9506624040,339920,339920,direct_2022
Australia,100000.0,9506628020,95,9506628020,339920,339920,direct_2022
New Zealand,2972.0,9506628060,95,9506628060,339920,339920,direct_2022
Australia,187655.0,9506696020,95,9506696020,339920,339920,direct_2022
Australia,13388.0,9506702010,95,9506702010,339920,339920,direct_2022
Australia,2216.0,9506910010,95,9506910010,339920,339920,direct_2022
Australia,547597.0,9506910030,95,9506910030,339920,339920,direct_2022
New Zealand,333634.0,9506910030,95,9506910030,339920,339920,direct_2022
Australia,25701.0,9506990530,95,9506990530,339920,339920,direct_2022
Australia,3244.0,9506992540,95,9506992540,339920,339920,direct_2022
New Zealand,7013.0,9506992540,95,9506992540,339920,339920,direct_2022
Australia,2250.0,9506992580,95,9506992580,339920,339920,direct_2022
New Zealand,417143.0,9506992580,95,9506992580,339920,339920,direct_2022
Australia,2130.0,9506992800,95,9506992800,339920,339920,direct_2022
Australia,8640.0,9506993000,95,9506993000,339920,339920,direct_2022
Australia,2807226.0,9506995500,95,9506995500,339920,339920,direct_2022
New Zealand,56888.0,9506995500,95,9506995500,339920,339920,direct_2022
Australia,65125.0,9506996040,95,9506996040,339920,339920,direct_2022
New Zealand,7490.0,9506996040,95,9506996040,339920,339920,direct_2022
Australia,962233.0,9506996080,95,9506996080,339920,339920,direct_2022
New Zealand,257266.0,9506996080,95,9506996080,339920,339920,direct_2022
Australia,6375.0,9507100040,95,9507100040,339920,339920,direct_2022
New Zealand,9185.0,9507100040,95,9507100040,339920,339920,direct_2022
New Zealand,33185.0,9507100080,95,9507100080,339920,339920,direct_2022
New Zealand,2975.0,9507208000,95,9507208000,339920,339920,direct_2022
Australia,2184.0,9507302000,95,9507302000,339920,339920,direct_2022
New Zealand,9098.0,9507308000,95,9507308000,339920,339920,direct_2022
Australia,208622.0,9507902000,95,9507902000,314994,314994,direct_2022
Australia,151723.0,9507907000,95,9507907000,339920,339920,direct_2022
Fiji,161986.0,9507907000,95,9507907000,339920,339920,direct_2022
Australia,178464.0,9507908000,95,9507908000,339920,339920,direct_2022
New Zealand,140504.0,9507908000,95,9507908000,339920,339920,direct_2022
Australia,3661.0,9508100000,95,9508100000,333310,333318,direct_2022
New Zealand,6409.0,9508100000,95,9508100000,333310,333318,direct_2022
Australia,2842416.0,9508210000,95,9508210000,333310,333318,direct_2022
Australia,4279.0,9508220000,95,9508220000,333310,333318,direct_2022
Australia,190000.0,9508240000,95,9508240000,333310,333318,direct_2022
New Zealand,6498.0,9508240000,95,9508240000,333310,333318,direct_2022
New Zealand,17274.0,9508250000,95,9508250000,333310,333318,direct_2022
Australia,1160450.0,9508290000,95,9508290000,333310,333318,direct_2022
New Zealand,595602.0,9508290000,95,9508290000,333310,333318,direct_2022
Australia,1880233.0,9508300000,95,9508300000,333310,333318,direct_2022
New Zealand,39426.0,9508300000,95,9508300000,333310,333318,direct_2022
Australia,138092.0,9508400000,95,9508400000,333310,333318,direct_2022
Fiji,3305.0,9508400000,95,9508400000,333310,333318,direct_2022
New Zealand,3797667.0,9508400000,95,9508400000,333310,333318,direct_2022
Australia,80597.0,9601902000,96,9601902000,339999,339999,direct_2022
French Polynesia,2364.0,9601902000,96,9601902000,339999,339999,direct_2022
New Zealand,75456.0,9601902000,96,9601902000,339999,339999,direct_2022
Australia,2107.0,9601906000,96,9601906000,339999,339999,direct_2022
Australia,6120.0,9601908000,96,9601908000,339999,339999,direct_2022
New Zealand,24588.0,9601908000,96,9601908000,339999,339999,direct_2022
Australia,34683.0,9603210000,96,9603210000,339994,339994,direct_2022
Australia,2994.0,9603294090,96,9603294090,339994,339994,direct_2022
Australia,2640.0,9603298010,96,9603298010,339994,339994,direct_2022
Australia,4755.0,9603298090,96,9603298090,339994,339994,direct_2022
New Zealand,4000.0,9603298090,96,9603298090,339994,339994,direct_2022
Australia,4681.0,9603304000,96,9603304000,339994,339994,direct_2022
Australia,99818.0,9603306000,96,9603306000,339994,339994,direct_2022
New Zealand,126886.0,9603306000,96,9603306000,339994,339994,direct_2022
Australia,2675.0,9603404060,96,9603404060,339994,339994,direct_2022
Australia,1244576.0,9603500000,96,9603500000,339994,339994,direct_2022
New Zealand,5242.0,9603500000,96,9603500000,339994,339994,direct_2022
Australia,370396.0,9603908020,96,9603908020,339994,339994,direct_2022
Australia,152121.0,9603908040,96,9603908040,339994,339994,direct_2022
Australia,1075547.0,9603908050,96,9603908050,339994,339994,direct_2022
Cocos (Keeling) Islands,11817.0,9603908050,96,9603908050,339994,339994,direct_2022
New Zealand,1583324.0,9603908050,96,9603908050,339994,339994,direct_2022
New Zealand,5374.0,9604000000,96,9604000000,332215,332618,direct_2022
Australia,215446.0,9605000000,96,9605000000,316990,316998,direct_2022
New Zealand,8944.0,9606104000,96,9606104000,339993,339993,direct_2022
New Zealand,413424.0,9606108000,96,9606108000,339993,339993,direct_2022
Australia,5763.0,9606296000,96,9606296000,339993,339993,direct_2022
Australia,2392.0,9608200000,96,9608200000,339940,339940,direct_2022
Australia,10280.0,9608996000,96,9608996000,339940,339940,direct_2022
Australia,7899.0,9609100000,96,9609100000,339940,339940,direct_2022
New Zealand,4354.0,9609100000,96,9609100000,339940,339940,direct_2022
Australia,14328.0,9609202000,96,9609202000,339940,339940,direct_2022
Australia,17622.0,9609908000,96,9609908000,339940,339940,direct_2022
New Zealand,355204.0,9609908000,96,9609908000,339940,339940,direct_2022
Australia,15303.0,9610000000,96,9610000000,339940,339940,direct_2022
Australia,2730.0,9611000000,96,9611000000,339940,339940,direct_2022
Australia,750.0,9612109010,96,9612109010,339940,339940,direct_2022
Australia,2056.0,9612109030,96,9612109030,339940,339940,direct_2022
Australia,2017.0,9612109090,96,9612109090,339940,339940,direct_2022
Australia,4867.0,9613200000,96,9613200000,339999,339999,direct_2022
Australia,14343.0,9613802010,96,9613802010,339999,339999,direct_2022
Australia,38069.0,9613802090,96,9613802090,339999,339999,direct_2022
Australia,40620.0,9613808000,96,9613808000,339999,339999,direct_2022
Australia,8523.0,9615111000,96,9615111000,326199,326199,direct_2022
Australia,215141.0,9615113000,96,9615113000,326199,326199,direct_2022
Cocos (Keeling) Islands,7081.0,9615113000,96,9615113000,326199,326199,direct_2022
Australia,243727.0,9615115000,96,9615115000,326199,326199,direct_2022
Australia,14859.0,9615194000,96,9615194000,332999,332999,direct_2022
Cocos (Keeling) Islands,24410.0,9615194000,96,9615194000,332999,332999,direct_2022
Australia,44333.0,9615902000,96,9615902000,332999,326299,direct_2022
Marshall Islands,36888.0,9615903000,96,9615903000,332999,332999,direct_2022
Australia,2998.0,9615904000,96,9615904000,326199,326199,direct_2022
Australia,175913.0,9615906000,96,9615906000,332999,332999,direct_2022
Australia,14362.0,9616100000,96,9616100000,339999,339999,direct_2022
Australia,17211.0,9616200000,96,9616200000,314999,314999,direct_2022
Australia,16432.0,9617001000,96,9617001000,332439,332439,direct_2022
Australia,3508.0,9617003000,96,9617003000,332439,332439,direct_2022
Australia,2893.0,9617004000,96,9617004000,332439,332439,direct_2022
Australia,31356.0,9617006000,96,9617006000,332439,332439,direct_2022
Australia,138056.0,9618000000,96,9618000000,339999,339999,direct_2022
New Zealand,7803.0,9618000000,96,9618000000,339999,339999,direct_2022
New Zealand,20166.0,9619000500,96,9619000500,322291,322291,direct_2022
Australia,13384.0,9619001530,96,9619001530,322291,322291,direct_2022
Australia,9779.0,9619001560,96,9619001560,322291,322291,direct_2022
Australia,66342.0,9619002100,96,9619002100,314999,314999,direct_2022
Australia,2941.0,9619004100,96,9619004100,314999,314999,direct_2022
Australia,2448.0,9619004800,96,9619004800,314999,314999,direct_2022
New Zealand,8240.0,9620003010,96,9620003010,334519,334519,direct_2022
Australia,604.0,9620005000,96,9620005000,326199,326199,direct_2022
New Zealand,13842.0,9620005000,96,9620005000,326199,326199,direct_2022
New Zealand,10329.0,9620006000,96,9620006000,335991,335991,direct_2022
New Zealand,3085.0,9620006500,96,9620006500,332999,332999,direct_2022
Australia,27962.0,9620007000,96,9620007000,332999,332999,direct_2022
New Zealand,2306.0,9620007000,96,9620007000,332999,332999,direct_2022
Australia,2227231.0,9701210000,97,9701210000,930000,930000,direct_2022
French Polynesia,43904.0,9701210000,97,9701210000,930000,930000,direct_2022
New Zealand,90546.0,9701210000,97,9701210000,930000,930000,direct_2022
Australia,37960.0,9701290000,97,9701290000,930000,930000,direct_2022
Australia,24140737.0,9701910000,97,9701910000,930000,930000,direct_2022
French Polynesia,429345.0,9701910000,97,9701910000,930000,930000,direct_2022
New Zealand,3895571.0,9701910000,97,9701910000,930000,930000,direct_2022
Niue,296306.0,9701910000,97,9701910000,930000,930000,direct_2022
French Polynesia,10500.0,9701920000,97,9701920000,930000,930000,direct_2022
Australia,2767845.0,9701990000,97,9701990000,930000,930000,direct_2022
French Polynesia,25000.0,9701990000,97,9701990000,930000,930000,direct_2022
New Zealand,197757.0,9701990000,97,9701990000,930000,930000,direct_2022
Australia,54516.0,9702100000,97,9702100000,930000,930000,direct_2022
French Polynesia,820650.0,9702100000,97,9702100000,930000,930000,direct_2022
New Zealand,7209.0,9702100000,97,9702100000,930000,930000,direct_2022
Australia,573398.0,9702900000,97,9702900000,930000,930000,direct_2022
Fiji,5800.0,9702900000,97,9702900000,930000,930000,direct_2022
New Zealand,34283.0,9702900000,97,9702900000,930000,930000,direct_2022
Australia,43475.0,9703100000,97,9703100000,930000,930000,direct_2022
Nauru,300000.0,9703100000,97,9703100000,930000,930000,direct_2022
New Zealand,6116.0,9703100000,97,9703100000,930000,930000,direct_2022
Australia,4274706.0,9703900000,97,9703900000,930000,930000,direct_2022
French Polynesia,58034.0,9703900000,97,9703900000,930000,930000,direct_2022
New Zealand,796580.0,9703900000,97,9703900000,930000,930000,direct_2022
Australia,126485.0,9704000000,97,9704000000,930000,930000,direct_2022
Australia,7842.0,9705100020,97,9705100020,930000,930000,direct_2022
New Zealand,5637.0,9705100020,97,9705100020,930000,930000,direct_2022
Australia,378570.0,9705100090,97,9705100090,930000,930000,direct_2022
New Zealand,41742.0,9705100090,97,9705100090,930000,930000,direct_2022
Australia,31251.0,9705220000,97,9705220000,930000,930000,direct_2022
Australia,129834.0,9705290000,97,9705290000,930000,930000,direct_2022
New Zealand,2176.0,9705290000,97,9705290000,930000,930000,direct_2022
Australia,4540.0,9705310001,97,9705310001,930000,930000,direct_2022
Australia,957206.0,9705310010,97,9705310010,930000,930000,direct_2022
Australia,47559.0,9705310040,97,9705310040,930000,930000,direct_2022
Australia,1144665.0,9705310050,97,9705310050,930000,930000,direct_2022
Australia,144028.0,9705310065,97,9705310065,930000,930000,direct_2022
New Zealand,7486.0,9705310065,97,9705310065,930000,930000,direct_2022
Australia,1454952.0,9705390010,97,9705390010,930000,930000,direct_2022
Cook Islands,68911.0,9705390010,97,9705390010,930000,930000,direct_2022
Fiji,15000.0,9705390010,97,9705390010,930000,930000,direct_2022
French Polynesia,8500.0,9705390010,97,9705390010,930000,930000,direct_2022
New Zealand,39359.0,9705390010,97,9705390010,930000,930000,direct_2022
Niue,43298.0,9705390010,97,9705390010,930000,930000,direct_2022
Australia,512826.0,9705390040,97,9705390040,930000,930000,direct_2022
Cook Islands,2350.0,9705390040,97,9705390040,930000,930000,direct_2022
Fiji,27892.0,9705390040,97,9705390040,930000,930000,direct_2022
New Zealand,235615.0,9705390040,97,9705390040,930000,930000,direct_2022
Niue,233006.0,9705390040,97,9705390040,930000,930000,direct_2022
Australia,156287.0,9706100060,97,9706100060,930000,930000,direct_2022
Fiji,3517.0,9706100060,97,9706100060,930000,930000,direct_2022
New Zealand,60537.0,9706100060,97,9706100060,930000,930000,direct_2022
Australia,8332.0,9706900040,97,9706900040,930000,930000,direct_2022
Australia,731530.0,9706900060,97,9706900060,930000,930000,direct_2022
Fiji,15965.0,9706900060,97,9706900060,930000,930000,direct_2022
French Polynesia,1435653.0,9706900060,97,9706900060,930000,930000,direct_2022
New Caledonia,20530.0,9706900060,97,9706900060,930000,930000,direct_2022
New Zealand,490079.0,9706900060,97,9706900060,930000,930000,direct_2022
Australia,424243.0,9801001015,98,9801001015,980000,980000,direct_2022
New Zealand,17241.0,9801001015,98,9801001015,980000,980000,direct_2022
Australia,204618.0,9801001027,98,9801001027,980000,980000,direct_2022
Marshall Islands,20000.0,9801001027,98,9801001027,980000,980000,direct_2022
Australia,3174382.0,9801001028,98,9801001028,980000,980000,direct_2022
New Zealand,810939.0,9801001028,98,9801001028,980000,980000,direct_2022
Australia,15134.0,9801001029,98,9801001029,980000,980000,direct_2022
Australia,21082596.0,9801001030,98,9801001030,980000,980000,direct_2022
French Polynesia,3230.0,9801001030,98,9801001030,980000,980000,direct_2022
New Zealand,1841212.0,9801001030,98,9801001030,980000,980000,direct_2022
Australia,1448881.0,9801001031,98,9801001031,980000,980000,direct_2022
French Polynesia,140351.0,9801001031,98,9801001031,980000,980000,direct_2022
New Zealand,212327.0,9801001031,98,9801001031,980000,980000,direct_2022
Australia,269254612.0,9801001035,98,9801001035,980000,980000,direct_2022
Cook Islands,156738.0,9801001035,98,9801001035,980000,980000,direct_2022
Fiji,29100.0,9801001035,98,9801001035,980000,980000,direct_2022
French Polynesia,326066.0,9801001035,98,9801001035,980000,980000,direct_2022
New Zealand,55539086.0,9801001035,98,9801001035,980000,980000,direct_2022
Australia,1969466.0,9801001037,98,9801001037,980000,980000,direct_2022
New Zealand,92402.0,9801001037,98,9801001037,980000,980000,direct_2022
Australia,19607746.0,9801001043,98,9801001043,980000,980000,direct_2022
Fiji,10263.0,9801001043,98,9801001043,980000,980000,direct_2022
French Polynesia,115558.0,9801001043,98,9801001043,980000,980000,direct_2022
New Caledonia,28697.0,9801001043,98,9801001043,980000,980000,direct_2022
New Zealand,2131196.0,9801001043,98,9801001043,980000,980000,direct_2022
Australia,127143764.0,9801001045,98,9801001045,980000,980000,direct_2022
Cocos (Keeling) Islands,24211.0,9801001045,98,9801001045,980000,980000,direct_2022
Cook Islands,25500.0,9801001045,98,9801001045,980000,980000,direct_2022
Fiji,20589.0,9801001045,98,9801001045,980000,980000,direct_2022
French Polynesia,313630.0,9801001045,98,9801001045,980000,980000,direct_2022
Kiribati,26492.0,9801001045,98,9801001045,980000,980000,direct_2022
New Caledonia,74478.0,9801001045,98,9801001045,980000,980000,direct_2022
New Zealand,25263816.0,9801001045,98,9801001045,980000,980000,direct_2022
Norfolk Island,135868.0,9801001045,98,9801001045,980000,980000,direct_2022
Australia,5906312.0,9801001049,98,9801001049,980000,980000,direct_2022
Fiji,4805.0,9801001049,98,9801001049,980000,980000,direct_2022
French Polynesia,3650.0,9801001049,98,9801001049,980000,980000,direct_2022
New Caledonia,23909.0,9801001049,98,9801001049,980000,980000,direct_2022
New Zealand,519456.0,9801001049,98,9801001049,980000,980000,direct_2022
Australia,5915890.0,9801001051,98,9801001051,980000,980000,direct_2022
French Polynesia,20993.0,9801001051,98,9801001051,980000,980000,direct_2022
Marshall Islands,50000.0,9801001051,98,9801001051,980000,980000,direct_2022
New Caledonia,3000.0,9801001051,98,9801001051,980000,980000,direct_2022
New Zealand,558179.0,9801001051,98,9801001051,980000,980000,direct_2022
Australia,73718775.0,9801001053,98,9801001053,980000,980000,direct_2022
Fiji,460946.0,9801001053,98,9801001053,980000,980000,direct_2022
French Polynesia,453449.0,9801001053,98,9801001053,980000,980000,direct_2022
New Caledonia,13950.0,9801001053,98,9801001053,980000,980000,direct_2022
New Zealand,3901025.0,9801001053,98,9801001053,980000,980000,direct_2022
Australia,95466741.0,9801001055,98,9801001055,980000,980000,direct_2022
Cocos (Keeling) Islands,14398.0,9801001055,98,9801001055,980000,980000,direct_2022
Cook Islands,8350.0,9801001055,98,9801001055,980000,980000,direct_2022
Fiji,8126.0,9801001055,98,9801001055,980000,980000,direct_2022
French Polynesia,545330.0,9801001055,98,9801001055,980000,980000,direct_2022
Marshall Islands,37100.0,9801001055,98,9801001055,980000,980000,direct_2022
Micronesia,53991.0,9801001055,98,9801001055,980000,980000,direct_2022
New Zealand,5879128.0,9801001055,98,9801001055,980000,980000,direct_2022
Australia,8000819.0,9801001059,98,9801001059,980000,980000,direct_2022
Cocos (Keeling) Islands,15967.0,9801001059,98,9801001059,980000,980000,direct_2022
New Zealand,132289.0,9801001059,98,9801001059,980000,980000,direct_2022
Australia,55500.0,9801001063,98,9801001063,980000,980000,direct_2022
New Zealand,37084.0,9801001064,98,9801001064,980000,980000,direct_2022
Australia,650633.0,9801001065,98,9801001065,980000,980000,direct_2022
New Zealand,1224090.0,9801001065,98,9801001065,980000,980000,direct_2022
Australia,21000.0,9801001066,98,9801001066,980000,980000,direct_2022
Marshall Islands,150000.0,9801001066,98,9801001066,980000,980000,direct_2022
New Zealand,82147.0,9801001066,98,9801001066,980000,980000,direct_2022
Australia,16509059.0,9801001067,98,9801001067,980000,980000,direct_2022
French Polynesia,3000.0,9801001067,98,9801001067,980000,980000,direct_2022
Micronesia,112599.0,9801001067,98,9801001067,980000,980000,direct_2022
New Zealand,240105.0,9801001067,98,9801001067,980000,980000,direct_2022
Australia,39258.0,9801001069,98,9801001069,980000,980000,direct_2022
Australia,1079415.0,9801001074,98,9801001074,980000,980000,direct_2022
French Polynesia,2120.0,9801001074,98,9801001074,980000,980000,direct_2022
New Zealand,1251458.0,9801001074,98,9801001074,980000,980000,direct_2022
Australia,68251337.0,9801001075,98,9801001075,980000,980000,direct_2022
Fiji,2822700.0,9801001075,98,9801001075,980000,980000,direct_2022
New Zealand,3321365.0,9801001075,98,9801001075,980000,980000,direct_2022
Australia,129905634.0,9801001077,98,9801001077,980000,980000,direct_2022
French Polynesia,8420.0,9801001077,98,9801001077,980000,980000,direct_2022
New Zealand,375730.0,9801001077,98,9801001077,980000,980000,direct_2022
Australia,76580441.0,9801001079,98,9801001079,980000,980000,direct_2022
Cocos (Keeling) Islands,253060.0,9801001079,98,9801001079,980000,980000,direct_2022
Cook Islands,73663.0,9801001079,98,9801001079,980000,980000,direct_2022
Fiji,824286.0,9801001079,98,9801001079,980000,980000,direct_2022
French Polynesia,3054022.0,9801001079,98,9801001079,980000,980000,direct_2022
New Caledonia,66150.0,9801001079,98,9801001079,980000,980000,direct_2022
New Zealand,14652825.0,9801001079,98,9801001079,980000,980000,direct_2022
Australia,168396.0,9801001089,98,9801001089,980000,980000,direct_2022
French Polynesia,440000.0,9801001089,98,9801001089,980000,980000,direct_2022
New Zealand,568700.0,9801001089,98,9801001089,980000,980000,direct_2022
Australia,124958011.0,9801001090,98,9801001090,980000,980000,direct_2022
Cocos (Keeling) Islands,5740.0,9801001090,98,9801001090,980000,980000,direct_2022
Cook Islands,24135.0,9801001090,98,9801001090,980000,980000,direct_2022
Fiji,104006.0,9801001090,98,9801001090,980000,980000,direct_2022
French Polynesia,180616.0,9801001090,98,9801001090,980000,980000,direct_2022
Marshall Islands,37202.0,9801001090,98,9801001090,980000,980000,direct_2022
Micronesia,309685.0,9801001090,98,9801001090,980000,980000,direct_2022
New Caledonia,93984.0,9801001090,98,9801001090,980000,980000,direct_2022
New Zealand,15337679.0,9801001090,98,9801001090,980000,980000,direct_2022
Australia,773649.0,9801001092,98,9801001092,980000,980000,direct_2022
Fiji,14716.0,9801001092,98,9801001092,980000,980000,direct_2022
French Polynesia,87234.0,9801001092,98,9801001092,980000,980000,direct_2022
New Zealand,238613.0,9801001092,98,9801001092,980000,980000,direct_2022
Australia,620970.0,9801001094,98,9801001094,980000,980000,direct_2022
Cocos (Keeling) Islands,17412.0,9801001094,98,9801001094,980000,980000,direct_2022
Fiji,4500.0,9801001094,98,9801001094,980000,980000,direct_2022
New Zealand,35623.0,9801001094,98,9801001094,980000,980000,direct_2022
Australia,9708317.0,9801001097,98,9801001097,980000,980000,direct_2022
Fiji,6800.0,9801001097,98,9801001097,980000,980000,direct_2022
French Polynesia,167888.0,9801001097,98,9801001097,980000,980000,direct_2022
New Zealand,1398067.0,9801001097,98,9801001097,980000,980000,direct_2022
Niue,2550.0,9801001097,98,9801001097,980000,980000,direct_2022
Australia,72663080.0,9801001098,98,9801001098,980000,980000,direct_2022
Christmas Island,51894.0,9801001098,98,9801001098,980000,980000,direct_2022
Cocos (Keeling) Islands,63486.0,9801001098,98,9801001098,980000,980000,direct_2022
Fiji,31880.0,9801001098,98,9801001098,980000,980000,direct_2022
French Polynesia,58871.0,9801001098,98,9801001098,980000,980000,direct_2022
Marshall Islands,187477.0,9801001098,98,9801001098,980000,980000,direct_2022
Micronesia,2213.0,9801001098,98,9801001098,980000,980000,direct_2022
New Caledonia,11364.0,9801001098,98,9801001098,980000,980000,direct_2022
New Zealand,16408717.0,9801001098,98,9801001098,980000,980000,direct_2022
Australia,257091.0,9801002000,98,9801002000,980000,980000,direct_2022
New Zealand,9908.0,9801002000,98,9801002000,980000,980000,direct_2022
Australia,967496.0,9801002500,98,9801002500,980000,980000,direct_2022
New Zealand,119139.0,9801002500,98,9801002500,980000,980000,direct_2022
Australia,775034.0,9801002600,98,9801002600,980000,980000,direct_2022
Australia,400848.0,9801003000,98,9801003000,980000,980000,direct_2022
Australia,16968.0,9801008020,98,9801008020,980000,980000,direct_2022
New Zealand,13466.0,9801008090,98,9801008090,980000,980000,direct_2022
Australia,2778.0,9802002000,98,9802002000,990000,990000,direct_2022
Australia,308428.0,9802005060,98,9802005060,980000,980000,direct_2022
New Zealand,55542365.0,9802005060,98,9802005060,980000,980000,direct_2022
Fiji,2195.0,9810002500,98,9810002500,990000,337212,direct_2022
Australia,24870.0,9810003000,98,9810003000,990000,990000,direct_2022
Australia,21000.0,9810004000,98,9810004000,990000,990000,direct_2022
Australia,40400.0,9810006000,98,9810006000,990000,334516,direct_2022
Australia,52939.0,9810007000,98,9810007000,990000,990000,direct_2022
Australia,17150.0,9810007500,98,9810007500,990000,336611,direct_2022
Australia,5556.0,9812002000,98,9812002000,990000,990000,direct_2022
Cook Islands,323450.0,9812002000,98,9812002000,990000,990000,direct_2022
French Polynesia,181843.0,9812002000,98,9812002000,990000,990000,direct_2022
Australia,1128706.0,9817005000,98,9817005000,990000,990000,direct_2022
New Zealand,283950.0,9817005000,98,9817005000,990000,990000,direct_2022
Australia,2972682.0,9817006000,98,9817006000,990000,333111,direct_2022
New Zealand,7106251.0,9817006000,98,9817006000,990000,333111,direct_2022
Australia,71336343.0,9999950000,99,9999950000,990000,990000,direct_2022
Christmas Island,21420.0,9999950000,99,9999950000,990000,990000,direct_2022
Cocos (Keeling) Islands,35666.0,9999950000,99,9999950000,990000,990000,direct_2022
Cook Islands,28448.0,9999950000,99,9999950000,990000,990000,direct_2022
Fiji,1241753.0,9999950000,99,9999950000,990000,990000,direct_2022
French Polynesia,1721924.0,9999950000,99,9999950000,990000,990000,direct_2022
Heard and McDonald Islands,2440.0,9999950000,99,9999950000,990000,990000,direct_2022
Kiribati,39238.0,9999950000,99,9999950000,990000,990000,direct_2022
Marshall Islands,1368319.0,9999950000,99,9999950000,990000,990000,direct_2022
Micronesia,31619.0,9999950000,99,9999950000,990000,990000,direct_2022
Nauru,37801.0,9999950000,99,9999950000,990000,990000,direct_2022
New Caledonia,144534.0,9999950000,99,9999950000,990000,990000,direct_2022
New Zealand,15576181.0,9999950000,99,9999950000,990000,990000,direct_2022
Niue,71759.0,9999950000,99,9999950000,990000,990000,direct_2022
Norfolk Island,6681.0,9999950000,99,9999950000,990000,990000,direct_2022
Solomon Islands,118356.0,0106200000,1,0106200000,112990,112990,direct_2022
Palau,327165.0,0301110090,3,0301110090,112511,112511,direct_2022
Tonga,21086.0,0301110090,3,0301110090,112511,112511,direct_2022
Palau,83069.0,0301190000,3,0301190000,112511,112511,direct_2022
Solomon Islands,36131.0,0301190000,3,0301190000,112511,112511,direct_2022
Tonga,96263.0,0301190000,3,0301190000,112511,112511,direct_2022
Tonga,81003.0,0302320000,3,0302320000,114111,114111,direct_2022
Tonga,7601.0,0302340000,3,0302340000,114111,114111,direct_2022
Tonga,255256.0,0302895072,3,0302895072,114111,114111,direct_2022
Papua New Guinea,1738415.0,0306110020,3,0306110020,114112,114112,direct_2022
Vanuatu,349063.0,0307430029,3,0307430029,114112,114112,direct_2022
Vanuatu,1095147.0,0307430050,3,0307430050,114112,114112,direct_2022
Solomon Islands,27544.0,0308900100,3,0308900100,311710,114112,direct_2022
Tonga,35008.0,0308900100,3,0308900100,311710,114112,direct_2022
Palau,48912.0,0508000000,5,0508000000,114119,114119,direct_2022
Solomon Islands,149677.0,0508000000,5,0508000000,114119,114119,direct_2022
Tonga,102090.0,0508000000,5,0508000000,114119,114119,direct_2022
Tonga,2100.0,0709990500,7,0709990500,111219,111219,direct_2022
Tonga,75599.0,0714101000,7,0714101000,111130,111130,direct_2022
Tonga,2732.0,0714302000,7,0714302000,311411,311411,direct_2022
Samoa,269490.0,0714401001,7,0714401001,111998,111998,direct_2022
Papua New Guinea,36400.0,0714402000,7,0714402000,311411,311411,direct_2022
Tonga,2792.0,0714402000,7,0714402000,311411,311411,direct_2022
Samoa,44000.0,0811908095,8,0811908095,311421,311411,direct_2022
Samoa,70967.0,0811908097,8,0811908097,311411,311411,new_hs_code_2024
Papua New Guinea,1374189.0,0901110015,9,0901110015,111339,111339,direct_2022
Papua New Guinea,54814720.0,0901110025,9,0901110025,111339,111339,direct_2022
Papua New Guinea,736089.0,0901110045,9,0901110045,111339,111339,direct_2022
Papua New Guinea,108784.0,0901110055,9,0901110055,111339,111339,direct_2022
Pitcairn Islands,5787.0,0901110055,9,0901110055,111339,111339,direct_2022
Papua New Guinea,101353.0,0901120015,9,0901120015,311920,311920,direct_2022
Papua New Guinea,129993.0,0901120025,9,0901120025,311920,311920,direct_2022
Papua New Guinea,1777882.0,0905100000,9,0905100000,111339,111339,direct_2022
Papua New Guinea,3842.0,0905200000,9,0905200000,111339,111339,direct_2022
Solomon Islands,6000.0,1211904020,12,1211904020,311920,311920,direct_2022
Vanuatu,57510.0,1211908931,12,1211908931,325411,325411,direct_2022
Solomon Islands,156250.0,1211908980,12,1211908980,311920,311920,direct_2022
Vanuatu,923685.0,1211908980,12,1211908980,311920,311920,direct_2022
Samoa,42750.0,1211908990,12,1211908990,325411,111339,direct_2022
Solomon Islands,308463.0,1211908990,12,1211908990,325411,111339,direct_2022
Tonga,193127.0,1211908990,12,1211908990,325411,111339,direct_2022
Vanuatu,9853102.0,1211908990,12,1211908990,325411,111339,direct_2022
Tonga,2790.0,1211909300,12,1211909300,311421,311421,direct_2022
Tonga,32249.0,1212210000,12,1212210000,114119,114119,direct_2022
Solomon Islands,3600.0,1212999200,12,1212999200,111998,111998,direct_2022
Tonga,11207.0,1212999200,12,1212999200,111998,111998,direct_2022
Vanuatu,649978.0,1212999200,12,1212999200,111998,111998,direct_2022
Vanuatu,121095.0,1302194140,13,1302194140,113210,113210,direct_2022
Tonga,3048.0,1404909090,14,1404909090,111998,111998,direct_2022
Samoa,3408378.0,1513110000,15,1513110000,311224,311224,direct_2022
Vanuatu,21122.0,1515902100,15,1515902100,311224,311224,direct_2022
Vanuatu,183228.0,1605546030,16,1605546030,311710,311710,direct_2022
Papua New Guinea,9661448.0,1801000000,18,1801000000,111335,111335,direct_2022
Samoa,2652.0,1801000000,18,1801000000,111335,111335,direct_2022
Vanuatu,87895.0,1801000000,18,1801000000,111335,111335,direct_2022
Samoa,3600.0,1805000000,18,1805000000,31135X,31135X,direct_2022
Samoa,28000.0,2009897091,20,2009897091,311421,311421,direct_2022
Solomon Islands,26094.0,2009897091,20,2009897091,311421,311421,direct_2022
Solomon Islands,4500.0,2101209000,21,2101209000,311920,311920,direct_2022
Solomon Islands,20000.0,2106909987,21,2106909987,311920,311920,direct_2022
Papua New Guinea,36020.0,2204215040,22,2204215040,312130,312130,direct_2022
Papua New Guinea,13594.0,2204215055,22,2204215055,312130,312130,direct_2022
Papua New Guinea,172713.0,2306500000,23,2306500000,311224,311224,direct_2022
Samoa,225000.0,2306500000,23,2306500000,311224,311224,direct_2022
Solomon Islands,119544.0,3214100090,32,3214100090,325520,325520,direct_2022
Solomon Islands,6041.0,3923109000,39,3923109000,326199,326199,direct_2022
Tonga,291.0,3924905650,39,3924905650,326199,326199,direct_2022
Tonga,770.0,3926902500,39,3926902500,326199,326199,direct_2022
Papua New Guinea,45154.0,3926909985,39,3926909985,326199,326199,direct_2022
Samoa,145452.0,3926909985,39,3926909985,326199,326199,direct_2022
Tonga,6257.0,3926909985,39,3926909985,326199,326199,direct_2022
Tonga,18150.0,4009420050,40,4009420050,326220,326220,direct_2022
Tonga,401104.0,4015121010,40,4015121010,339113,339113,direct_2022
Samoa,1638.0,4016910000,40,4016910000,326299,326299,direct_2022
Papua New Guinea,5324.0,4113306000,41,4113306000,316110,316110,direct_2022
Solomon Islands,5817.0,4202219000,42,4202219000,316990,316992,direct_2022
Vanuatu,2125.0,4202219000,42,4202219000,316990,316992,direct_2022
Vanuatu,294.0,4202228930,42,4202228930,316990,316992,direct_2022
Papua New Guinea,4970.0,4202999000,42,4202999000,316990,316998,direct_2022
Papua New Guinea,6111.0,4203102000,42,4203102000,315250,315280,direct_2022
Papua New Guinea,44236.0,4407220006,44,4407220006,321113,321113,direct_2022
Papua New Guinea,59750.0,4408900197,44,4408900197,321211,321211,direct_2022
Solomon Islands,8353.0,4409292660,44,4409292660,321918,321918,direct_2022
Tonga,3440.0,4420110000,44,4420110000,321999,321999,direct_2022
Papua New Guinea,45218.0,4421999880,44,4421999880,321999,321999,direct_2022
Samoa,5400.0,4601298000,46,4601298000,321999,321999,direct_2022
Vanuatu,27349.0,4602191800,46,4602191800,321999,321999,direct_2022
Tonga,9200.0,4814900200,48,4814900200,322220,322220,direct_2022
Tonga,3652.0,4821104000,48,4821104000,323111,323111,direct_2022
Tonga,132078.0,4823209000,48,4823209000,322299,322299,direct_2022
Samoa,3846.0,4823700040,48,4823700040,322299,322299,direct_2022
Samoa,40000.0,4901100040,49,4901100040,323111,323111,direct_2022
Samoa,2656.0,4901990040,49,4901990040,323117,323117,direct_2022
Papua New Guinea,5400.0,4903000000,49,4903000000,323117,323117,direct_2022
Tonga,4350.0,4903000000,49,4903000000,323117,323117,direct_2022
Tonga,50160.0,4911914040,49,4911914040,323111,323111,direct_2022
Tonga,813.0,5511100030,55,5511100030,313110,313110,direct_2022
Tonga,4402.0,5701901090,57,5701901090,314110,314110,direct_2022
Samoa,1946.0,6104420010,61,6104420010,315250,315240,direct_2022
Tonga,1819.0,6104432020,61,6104432020,315250,315240,direct_2022
Papua New Guinea,345.0,6105100010,61,6105100010,315250,315220,direct_2022
Samoa,474.0,6105100010,61,6105100010,315250,315220,direct_2022
Papua New Guinea,10058.0,6105202010,61,6105202010,315250,315220,direct_2022
Papua New Guinea,4902.0,6105202030,61,6105202030,315250,315220,direct_2022
Papua New Guinea,1074.0,6109100012,61,6109100012,315250,315220,direct_2022
Samoa,3600.0,6110121020,61,6110121020,315250,315240,direct_2022
Papua New Guinea,1469.0,6110202041,61,6110202041,315250,315220,direct_2022
Papua New Guinea,345.0,6110202079,61,6110202079,315250,315240,direct_2022
Papua New Guinea,2595.0,6110303053,61,6110303053,315250,315220,direct_2022
Papua New Guinea,1880.0,6110303059,61,6110303059,315250,315240,direct_2022
Tonga,7204.0,6110303059,61,6110303059,315250,315240,direct_2022
Tonga,1379.0,6201302060,62,6201302060,315250,315220,direct_2022
Palau,400.0,6201407511,62,6201407511,315250,315220,direct_2022
Tonga,2168.0,6201407511,62,6201407511,315250,315220,direct_2022
Vanuatu,1937.0,6203322050,62,6203322050,315250,315220,direct_2022
Samoa,901.0,6204434030,62,6204434030,315250,315240,direct_2022
Tonga,968.0,6204522070,62,6204522070,315250,315240,direct_2022
Tonga,1209.0,6204621566,62,6204621566,315250,315240,direct_2022
Papua New Guinea,806.0,6204628011,62,6204628011,315250,315240,direct_2022
Samoa,2098.0,6211431092,62,6211431092,315250,315250,fallback_2023_needs_review
Samoa,4734.0,6214200000,62,6214200000,315990,315990,direct_2022
Tuvalu,2433.0,6302910060,63,6302910060,314120,314120,direct_2022
Papua New Guinea,26111.0,6303910020,63,6303910020,337920,337920,direct_2022
Papua New Guinea,4381.0,6304191000,63,6304191000,314120,314120,direct_2022
Tonga,18173.0,6307909891,63,6307909891,314999,314999,direct_2022
Samoa,1026.0,6403599061,64,6403599061,316210,316210,direct_2022
Tuvalu,788.0,6403913091,64,6403913091,316210,316210,direct_2022
Tonga,2868.0,6404191581,64,6404191581,316210,316210,direct_2022
Tonga,6382.0,6505002060,65,6505002060,315990,315990,direct_2022
Tonga,2281.0,6505009089,65,6505009089,315120,315190,direct_2022
Solomon Islands,2761.0,6704190000,67,6704190000,339999,339999,direct_2022
Tonga,17390.0,6802920000,68,6802920000,327991,327991,direct_2022
Tonga,12442.0,6810990080,68,6810990080,327991,327390,direct_2022
Papua New Guinea,2935.0,7009925095,70,7009925095,327215,327215,direct_2022
Samoa,6097.0,7106921000,71,7106921000,331491,331491,direct_2022
Papua New Guinea,55000.0,7108121020,71,7108121020,331410,331410,direct_2022
Palau,5348.0,7118100000,71,7118100000,339910,339910,direct_2022
Samoa,61498.0,7118100000,71,7118100000,339910,339910,direct_2022
Samoa,491545.0,7118900019,71,7118900019,339910,339910,direct_2022
Solomon Islands,80162.0,7118900019,71,7118900019,339910,339910,direct_2022
Tuvalu,42136.0,7118900019,71,7118900019,339910,339910,direct_2022
Samoa,513446.0,7118900055,71,7118900055,339910,339910,direct_2022
Solomon Islands,75340.0,7118900055,71,7118900055,339910,339910,direct_2022
Tuvalu,19321.0,7118900055,71,7118900055,339910,339910,direct_2022
Tonga,53242.0,7308909590,73,7308909590,332312,332312,direct_2022
Tuvalu,2065.0,7318156080,73,7318156080,332722,332722,direct_2022
Tuvalu,40109.0,7318160085,73,7318160085,332722,332722,direct_2022
Vanuatu,2111.0,7324100010,73,7324100010,332999,332999,direct_2022
Papua New Guinea,2948.0,7326908688,73,7326908688,332999,332999,direct_2022
Samoa,7762.0,7419805050,74,7419805050,332999,332999,direct_2022
Wallis and Futuna,17587.0,8201600000,82,8201600000,332216,332216,direct_2022
Tuvalu,2924.0,8204200000,82,8204200000,332216,332216,direct_2022
Vanuatu,10342.0,8205598000,82,8205598000,332216,332216,direct_2022
Tonga,3315.0,8207303020,82,8207303020,333515,333517,direct_2022
Wallis and Futuna,5904.0,8207306092,82,8207306092,333514,332216,direct_2022
Samoa,2639.0,8208906000,82,8208906000,332216,332216,direct_2022
Papua New Guinea,3221.0,8311900000,83,8311900000,333992,333992,direct_2022
Papua New Guinea,118208.0,8409915085,84,8409915085,336310,336310,direct_2022
Papua New Guinea,8394.0,8409999990,84,8409999990,333618,333618,direct_2022
Palau,411308.0,8411919085,84,8411919085,336412,336412,direct_2022
Tonga,19572.0,8412909085,84,8412909085,333618,333618,direct_2022
Papua New Guinea,44148.0,8413301000,84,8413301000,336310,336310,direct_2022
Papua New Guinea,2021.0,8413309090,84,8413309090,336310,336310,direct_2022
Tonga,10442.0,8413702015,84,8413702015,333914,333914,direct_2022
Palau,78460.0,8413702090,84,8413702090,333914,333914,direct_2022
Papua New Guinea,59280.0,8413810040,84,8413810040,333914,333914,direct_2022
Tonga,92798.0,8413919096,84,8413919096,333914,333914,direct_2022
Samoa,16874.0,8414308030,84,8414308030,336390,336390,direct_2022
Papua New Guinea,9345.0,8414800500,84,8414800500,333912,333912,direct_2022
Tonga,12555.0,8415908085,84,8415908085,333415,333415,direct_2022
Papua New Guinea,3150.0,8419909520,84,8419909520,333310,333318,direct_2022
Papua New Guinea,450000.0,8422309140,84,8422309140,333993,333993,direct_2022
Papua New Guinea,450000.0,8422909195,84,8422909195,333993,333993,direct_2022
Palau,112034.0,8429525090,84,8429525090,930000,930000,direct_2022
Tonga,12610.0,8431310040,84,8431310040,333921,333921,direct_2022
Tuvalu,3010.0,8452902010,84,8452902010,333248,333249,direct_2022
Samoa,5065.0,8454900080,84,8454900080,333248,333249,direct_2022
Papua New Guinea,3581.0,8470900190,84,8470900190,333310,333318,direct_2022
Tonga,55396.0,8471410150,84,8471410150,334111,334111,direct_2022
Tuvalu,5145.0,8471490000,84,8471490000,334111,334118,direct_2022
Samoa,4552.0,8471500150,84,8471500150,334111,334111,direct_2022
Tonga,4810.0,8481909085,84,8481909085,332911,332911,direct_2022
Papua New Guinea,2378.0,8482105048,84,8482105048,332991,332991,direct_2022
Papua New Guinea,7575.0,8483509040,84,8483509040,333613,333613,direct_2022
Tuvalu,2446.0,8483509080,84,8483509080,333613,333613,direct_2022
Papua New Guinea,2350.0,8483908080,84,8483908080,333613,333613,direct_2022
Vanuatu,15775.0,8501524000,85,8501524000,335312,335312,direct_2022
Papua New Guinea,10928.0,8511400000,85,8511400000,336320,336320,direct_2022
Tonga,9420.0,8513104000,85,8513104000,335139,335129,direct_2022
Papua New Guinea,10251.0,8517620090,85,8517620090,334220,334220,direct_2022
Papua New Guinea,4780.0,8529907300,85,8529907300,334511,334511,direct_2022
Tonga,10905.0,8536700000,85,8536700000,334417,334417,direct_2022
Tuvalu,3900.0,8542310070,85,8542310070,334413,334413,new_hs_code_2024
Papua New Guinea,811798.0,8542390001,85,8542390001,334413,334413,direct_2022
Papua New Guinea,67794.0,8542390010,85,8542390010,334413,334413,new_hs_code_2024
Tonga,94380.0,8544421000,85,8544421000,335999,335929,direct_2022
Solomon Islands,6823.0,8544422000,85,8544422000,335999,335929,direct_2022
Solomon Islands,3074.0,8708305040,87,8708305040,336340,336340,direct_2022
Papua New Guinea,47475.0,8708998180,87,8708998180,336390,336390,direct_2022
Samoa,22911.0,8716805090,87,8716805090,333924,336999,direct_2022
Palau,350000.0,8906900090,89,8906900090,336611,336611,direct_2022
Papua New Guinea,2352.0,9014804000,90,9014804000,334511,334511,direct_2022
Tonga,166828.0,9018390040,90,9018390040,339112,339112,direct_2022
Tuvalu,12281.0,9023000000,90,9023000000,339999,339999,direct_2022
Tokelau,3399.0,9026102080,90,9026102080,334513,334513,direct_2022
Tonga,4400.0,9027898090,90,9027898090,334516,334516,direct_2022
Tonga,2028.0,9027905695,90,9027905695,334516,334516,direct_2022
Tonga,14000.0,9031410040,90,9031410040,333310,333314,direct_2022
Samoa,16290.0,9207100075,92,9207100075,339992,339992,direct_2022
Samoa,1170.0,9401410000,94,9401410000,337121,337121,direct_2022
Tuvalu,2136.0,9401614031,94,9401614031,337127,337127,direct_2022
Samoa,1819.0,9401616011,94,9401616011,337121,337121,direct_2022
Papua New Guinea,2898.0,9401999081,94,9401999081,337215,337215,direct_2022
Samoa,29289.0,9403100020,94,9403100020,337214,337214,direct_2022
Vanuatu,6675.0,9403200050,94,9403200050,337127,337124,direct_2022
Tonga,312.0,9403308090,94,9403308090,337211,337211,direct_2022
Tuvalu,31839.0,9403509080,94,9403509080,337122,337122,direct_2022
Samoa,20771.0,9403608081,94,9403608081,337127,337127,direct_2022
Tuvalu,19111.0,9403608081,94,9403608081,337127,337127,direct_2022
Samoa,2000.0,9403999045,94,9403999045,337215,337215,consolidated_naics
Solomon Islands,12400.0,9403999061,94,9403999061,326299,337215,direct_2022
Tonga,110352.0,9405390010,94,9405390010,335139,335129,direct_2022
Tonga,12749.0,9405418410,94,9405418410,335139,335129,direct_2022
Tonga,79461.0,9503000073,95,9503000073,339930,339930,direct_2022
Tonga,3028.0,9504208000,95,9504208000,339920,339920,direct_2022
Papua New Guinea,6771.0,9505906000,95,9505906000,339999,339999,direct_2022
Tuvalu,4208.0,9505906000,95,9505906000,339999,339999,direct_2022
Papua New Guinea,5600.0,9601902000,96,9601902000,339999,339999,direct_2022
Papua New Guinea,20339.0,9701910000,97,9701910000,930000,930000,direct_2022
Tonga,2557.0,9701910000,97,9701910000,930000,930000,direct_2022
Papua New Guinea,2800.0,9701990000,97,9701990000,930000,930000,direct_2022
Papua New Guinea,941029.0,9703100000,97,9703100000,930000,930000,direct_2022
Papua New Guinea,99496.0,9703900000,97,9703900000,930000,930000,direct_2022
Vanuatu,150726.0,9703900000,97,9703900000,930000,930000,direct_2022
Papua New Guinea,94842.0,9705100020,97,9705100020,930000,930000,direct_2022
Papua New Guinea,99432.0,9705100090,97,9705100090,930000,930000,direct_2022
Papua New Guinea,8321.0,9705310065,97,9705310065,930000,930000,direct_2022
Papua New Guinea,3524.0,9705390010,97,9705390010,930000,930000,direct_2022
Samoa,9000.0,9705390010,97,9705390010,930000,930000,direct_2022
Tuvalu,3000.0,9705390010,97,9705390010,930000,930000,direct_2022
Tonga,6026.0,9705390040,97,9705390040,930000,930000,direct_2022
Tuvalu,9126.0,9705390040,97,9705390040,930000,930000,direct_2022
Vanuatu,7750.0,9705390040,97,9705390040,930000,930000,direct_2022
Papua New Guinea,151739.0,9706900040,97,9706900040,930000,930000,direct_2022
Papua New Guinea,2701261.0,9706900060,97,9706900060,930000,930000,direct_2022
Samoa,11895.0,9706900060,97,9706900060,930000,930000,direct_2022
Solomon Islands,3000.0,9706900060,97,9706900060,930000,930000,direct_2022
Tonga,10000.0,9706900060,97,9706900060,930000,930000,direct_2022
Vanuatu,79696.0,9706900060,97,9706900060,930000,930000,direct_2022
Palau,18000.0,9801001035,98,9801001035,980000,980000,direct_2022
Papua New Guinea,784737.0,9801001035,98,9801001035,980000,980000,direct_2022
Palau,17000.0,9801001043,98,9801001043,980000,980000,direct_2022
Papua New Guinea,9248.0,9801001043,98,9801001043,980000,980000,direct_2022
Palau,207589.0,9801001045,98,9801001045,980000,980000,direct_2022
Papua New Guinea,170414.0,9801001045,98,9801001045,980000,980000,direct_2022
Samoa,30950.0,9801001045,98,9801001045,980000,980000,direct_2022
Solomon Islands,28619.0,9801001045,98,9801001045,980000,980000,direct_2022
Tokelau,5000.0,9801001045,98,9801001045,980000,980000,direct_2022
Wallis and Futuna,10519.0,9801001045,98,9801001045,980000,980000,direct_2022
Samoa,5516.0,9801001049,98,9801001049,980000,980000,direct_2022
Palau,62152.0,9801001053,98,9801001053,980000,980000,direct_2022
Papua New Guinea,19485.0,9801001053,98,9801001053,980000,980000,direct_2022
Solomon Islands,39797.0,9801001053,98,9801001053,980000,980000,direct_2022
Palau,28650.0,9801001055,98,9801001055,980000,980000,direct_2022
Papua New Guinea,30108.0,9801001055,98,9801001055,980000,980000,direct_2022
Samoa,6918.0,9801001055,98,9801001055,980000,980000,direct_2022
Tonga,11000.0,9801001065,98,9801001065,980000,980000,direct_2022
Papua New Guinea,253416.0,9801001079,98,9801001079,980000,980000,direct_2022
Papua New Guinea,2500.0,9801001089,98,9801001089,980000,980000,direct_2022
Palau,471456.0,9801001090,98,9801001090,980000,980000,direct_2022
Papua New Guinea,66009.0,9801001090,98,9801001090,980000,980000,direct_2022
Samoa,46262.0,9801001090,98,9801001090,980000,980000,direct_2022
Tokelau,5000.0,9801001090,98,9801001090,980000,980000,direct_2022
Tonga,109000.0,9801001090,98,9801001090,980000,980000,direct_2022
Solomon Islands,16005.0,9801001092,98,9801001092,980000,980000,direct_2022
Papua New Guinea,323760.0,9801001097,98,9801001097,980000,980000,direct_2022
Tuvalu,2300.0,9801001097,98,9801001097,980000,980000,direct_2022
Papua New Guinea,9800.0,9801001098,98,9801001098,980000,980000,direct_2022
Samoa,4584.0,9801001098,98,9801001098,980000,980000,direct_2022
Palau,12670.0,9999950000,99,9999950000,990000,990000,direct_2022
Papua New Guinea,187686.0,9999950000,99,9999950000,990000,990000,direct_2022
Pitcairn Islands,3548.0,9999950000,99,9999950000,990000,990000,direct_2022
Samoa,90213.0,9999950000,99,9999950000,990000,990000,direct_2022
Solomon Islands,81548.0,9999950000,99,9999950000,990000,990000,direct_2022
Tokelau,164186.0,9999950000,99,9999950000,990000,990000,direct_2022
Tonga,301159.0,9999950000,99,9999950000,990000,990000,direct_2022
Tuvalu,16169.0,9999950000,99,9999950000,990000,990000,direct_2022
Vanuatu,20416.0,9999950000,99,9999950000,990000,990000,direct_2022
Wallis and Futuna,5204.0,9999950000,99,9999950000,990000,990000,direct_2022
