hs_code,naics_schott,naics_census,naics_match,hs_in_schott,hs_in_census,source
0101210010,112920,112920,True,True,True,both
0101210020,112920,112920,True,True,True,both
0101290010,112920,112920,True,True,True,both
0101290090,112920,112920,True,True,True,both
0101300000,112920,112920,True,True,True,both
0101903000,112920,112920,True,True,True,both
0101904000,112920,112920,True,True,True,both
0102210010,1121XX,11211X,False,True,True,both
0102210020,1121XX,11211X,False,True,True,both
0102210030,1121XX,11211X,False,True,True,both
0102210050,1121XX,11211X,False,True,True,both
0102292011,1121XX,11211X,False,True,True,both
0102292012,1121XX,11211X,False,True,True,both
0102294024,1121XX,11211X,False,True,True,both
0102294028,1121XX,11211X,False,True,True,both
0102294034,1121XX,11211X,False,True,True,both
0102294038,1121XX,11211X,False,True,True,both
0102294054,1121XX,11211X,False,True,True,both
0102294058,1121XX,11211X,False,True,True,both
0102294062,1121XX,11211X,False,True,True,both
0102294064,1121XX,11211X,False,True,True,both
0102294066,1121XX,11211X,False,True,True,both
0102294068,1121XX,11211X,False,True,True,both
0102294072,1121XX,11211X,False,True,True,both
0102294074,1121XX,11211X,False,True,True,both
0102294082,1121XX,11211X,False,True,True,both
0102294084,1121XX,11211X,False,True,True,both
0102310010,1121XX,11211X,False,True,True,both
0102310020,1121XX,11211X,False,True,True,both
0102390010,112990,112990,True,True,True,both
0102390024,1121XX,11211X,False,True,True,both
0102390028,1121XX,11211X,False,True,True,both
0102390034,1121XX,11211X,False,True,True,both
0102390038,1121XX,11211X,False,True,True,both
0102390054,1121XX,11211X,False,True,True,both
0102390058,1121XX,11211X,False,True,True,both
0102390061,1121XX,11211X,False,True,True,both
0102390072,1121XX,11211X,False,True,True,both
0102390074,1121XX,11211X,False,True,True,both
0102390082,1121XX,11211X,False,True,True,both
0102390084,1121XX,11211X,False,True,True,both
0102900000,1121XX,11211X,False,True,True,both
0103100000,112210,112210,True,True,True,both
0103910010,112210,112210,True,True,True,both
0103910020,112210,112210,True,True,True,both
0103910030,112210,112210,True,True,True,both
0103920010,112210,112210,True,True,True,both
0103920020,112210,112210,True,True,True,both
0103920091,112210,112210,True,True,True,both
0104100000,112410,112410,True,True,True,both
0104200000,112420,112420,True,True,True,both
0105110010,1123XX,1123XX,True,True,True,both
0105110020,1123XX,1123XX,True,True,True,both
0105110040,1123XX,1123XX,True,True,True,both
0105120000,1123XX,1123XX,True,True,True,both
0105130000,1123XX,1123XX,True,True,True,both
0105140000,1123XX,1123XX,True,True,True,both
0105150000,1123XX,1123XX,True,True,True,both
0105940000,1123XX,1123XX,True,True,True,both
0105990000,1123XX,1123XX,True,True,True,both
0106110000,112990,112990,True,True,True,both
0106120100,112990,112990,True,True,True,both
0106130000,112990,112990,True,True,True,both
0106140000,112930,112930,True,True,True,both
0106193000,112930,112930,True,True,True,both
0106199120,112990,112990,True,True,True,both
0106199195,112990,112990,True,True,True,both
0106200000,112990,112990,True,True,True,both
0106310000,112990,112990,True,True,True,both
0106320000,112990,112990,True,True,True,both
0106330000,112990,112990,True,True,True,both
0106390100,112990,112990,True,True,True,both
0106410000,112910,112910,True,True,True,both
0106490010,112910,112910,True,True,True,both
0106490090,112990,112990,True,True,True,both
0106900110,112990,112990,True,True,True,both
0106900120,112990,112990,True,True,True,both
0106900180,112990,112990,True,True,True,both
0201100510,311611,311611,True,True,True,both
0201100590,311611,311611,True,True,True,both
0201101010,311611,311611,True,True,True,both
0201101090,311611,311611,True,True,True,both
0201105010,311611,311611,True,True,True,both
0201105090,311611,311611,True,True,True,both
0201200200,311611,311611,True,True,True,both
0201200400,311611,311611,True,True,True,both
0201200600,311611,311611,True,True,True,both
0201201000,311611,311611,True,True,True,both
0201203000,311611,311611,True,True,True,both
0201205015,311611,311611,True,True,True,both
0201205025,311611,311611,True,True,True,both
0201205035,311611,311611,True,True,True,both
0201205045,311611,311611,True,True,True,both
0201205065,311611,311611,True,True,True,both
0201205075,311611,311611,True,True,True,both
0201205091,311611,311611,True,True,True,both
0201208010,311611,311611,True,True,True,both
0201208090,311611,311611,True,True,True,both
0201300200,311611,311611,True,True,True,both
0201300400,311611,311611,True,True,True,both
0201300600,311611,311611,True,True,True,both
0201301000,311611,311611,True,True,True,both
0201303000,311611,311611,True,True,True,both
0201305015,311611,311611,True,True,True,both
0201305025,311611,311611,True,True,True,both
0201305035,311611,311611,True,True,True,both
0201305045,311611,311611,True,True,True,both
0201305055,311611,311611,True,True,True,both
0201305065,311611,311611,True,True,True,both
0201305075,311611,311611,True,True,True,both
0201305085,311611,311611,True,True,True,both
0201308010,311611,311611,True,True,True,both
0201308090,311611,311611,True,True,True,both
0202100510,311611,311611,True,True,True,both
0202100590,311611,311611,True,True,True,both
0202101010,311611,311611,True,True,True,both
0202101090,311611,311611,True,True,True,both
0202105010,311611,311611,True,True,True,both
0202105090,311611,311611,True,True,True,both
0202200200,311611,311611,True,True,True,both
0202200400,311611,311611,True,True,True,both
0202200600,311611,311611,True,True,True,both
0202201000,311611,311611,True,True,True,both
0202203000,311611,311611,True,True,True,both
0202205025,311611,311611,True,True,True,both
0202205035,311611,311611,True,True,True,both
0202205045,311611,311611,True,True,True,both
0202205090,311611,311611,True,True,True,both
0202208000,311611,311611,True,True,True,both
0202300200,311611,311611,True,True,True,both
0202300400,311611,311611,True,True,True,both
0202300600,311611,311611,True,True,True,both
0202301000,311611,311611,True,True,True,both
0202303000,311611,311611,True,True,True,both
0202305015,311611,311611,True,True,True,both
0202305025,311611,311611,True,True,True,both
0202305035,311611,311611,True,True,True,both
0202305045,311611,311611,True,True,True,both
0202305055,311611,311611,True,True,True,both
0202305065,311611,311611,True,True,True,both
0202305075,311611,311611,True,True,True,both
0202305085,311611,311611,True,True,True,both
0202308000,311611,311611,True,True,True,both
0203110000,311611,311611,True,True,True,both
0203121010,311611,311611,True,True,True,both
0203121020,311611,311611,True,True,True,both
0203129010,311611,311611,True,True,True,both
0203129020,311611,311611,True,True,True,both
0203192010,311611,311611,True,True,True,both
0203192090,311611,311611,True,True,True,both
0203194010,311611,311611,True,True,True,both
0203194090,311611,311611,True,True,True,both
0203210000,311611,311611,True,True,True,both
0203221000,311611,311611,True,True,True,both
0203229000,311611,311611,True,True,True,both
0203292000,311611,311611,True,True,True,both
0203294000,311611,311611,True,True,True,both
0204100000,311611,311611,True,True,True,both
0204210000,311611,311611,True,True,True,both
0204222010,311611,311611,True,True,True,both
0204222020,311611,311611,True,True,True,both
0204222030,311611,311611,True,True,True,both
0204222090,311611,311611,True,True,True,both
0204224000,311611,311611,True,True,True,both
0204232000,311611,311611,True,True,True,both
0204234000,311611,311611,True,True,True,both
0204300000,311611,311611,True,True,True,both
0204410000,311611,311611,True,True,True,both
0204422010,311611,311611,True,True,True,both
0204422020,311611,311611,True,True,True,both
0204422030,311611,311611,True,True,True,both
0204422090,311611,311611,True,True,True,both
0204424000,311611,311611,True,True,True,both
0204432000,311611,311611,True,True,True,both
0204434000,311611,311611,True,True,True,both
0204500000,311611,311611,True,True,True,both
0205000000,311611,311611,True,True,True,both
0206100000,311611,311611,True,True,True,both
0206210000,311611,311611,True,True,True,both
0206220000,311611,311611,True,True,True,both
0206290000,311611,311611,True,True,True,both
0206300000,311611,311611,True,True,True,both
0206410000,311611,311611,True,True,True,both
0206490000,311611,311611,True,True,True,both
0206800000,311611,311611,True,True,True,both
0206900020,311611,311611,True,True,True,both
0206900040,311611,311611,True,True,True,both
0207110020,311615,311615,True,True,True,both
0207110040,311615,311615,True,True,True,both
0207120020,311615,311615,True,True,True,both
0207120040,311615,311615,True,True,True,both
0207130000,311615,311615,True,True,True,both
0207140020,311615,311615,True,True,True,both
0207140040,311615,311615,True,True,True,both
0207240000,311615,311615,True,True,True,both
0207252000,311615,311615,True,True,True,both
0207254000,311615,311615,True,True,True,both
0207260000,311615,311615,True,True,True,both
0207270020,311615,311615,True,True,True,both
0207270040,311615,311615,True,True,True,both
0207410000,311615,311615,True,True,True,both
0207420000,311615,311615,True,True,True,both
0207430000,311615,311615,True,True,True,both
0207440000,311615,311615,True,True,True,both
0207450020,311615,311615,True,True,True,both
0207450040,311615,311615,True,True,True,both
0207510000,311615,311615,True,True,True,both
0207520000,311615,311615,True,True,True,both
0207530000,311615,311615,True,True,True,both
0207540000,311615,311615,True,True,True,both
0207550020,311615,311615,True,True,True,both
0207550040,311615,311615,True,True,True,both
0207601000,311615,311615,True,True,True,both
0207602000,311615,311615,True,True,True,both
0207603000,311615,311615,True,True,True,both
0207604000,311615,311615,True,True,True,both
0207606020,311615,311615,True,True,True,both
0207606040,311615,311615,True,True,True,both
0208100000,311615,311615,True,True,True,both
0208300000,311611,311611,True,True,True,both
0208400100,311611,311611,True,True,True,both
0208500000,311611,311611,True,True,True,both
0208600000,311611,311611,True,True,True,both
0208902000,311611,311611,True,True,True,both
0208902500,311611,311611,True,True,True,both
0208903000,311615,311615,True,True,True,both
0208909100,311611,311611,True,True,True,both
0209100000,311611,311611,True,True,True,both
0209900000,311615,311615,True,True,True,both
0210110010,311611,311611,True,True,True,both
0210110020,311611,311611,True,True,True,both
0210120020,311611,311611,True,True,True,both
0210120040,311611,311611,True,True,True,both
0210190010,311611,311611,True,True,True,both
0210190090,311611,311611,True,True,True,both
0210200000,311611,311611,True,True,True,both
0210910000,311611,311611,True,True,True,both
0210920100,311611,311611,True,True,True,both
0210930000,311611,311611,True,True,True,both
0210992000,311615,311615,True,True,True,both
0210999100,311611,311611,True,True,True,both
0301110010,11251X,112511,False,True,True,both
0301110020,11251X,112511,False,True,True,both
0301110090,11251X,112511,False,True,True,both
0301190000,11251X,112511,False,True,True,both
0301910000,11251X,112511,False,True,True,both
0301920000,11251X,112511,False,True,True,both
0301930210,11251X,112511,False,True,True,both
0301930290,11251X,112511,False,True,True,both
0301940100,11251X,112511,False,True,True,both
0301950000,11251X,112511,False,True,True,both
0301990310,11251X,112511,False,True,True,both
0301990315,11251X,112511,False,True,True,both
0301990390,11251X,112511,False,True,True,both
0302110010,11251X,112511,False,True,True,both
0302110090,114XXX,114111,False,True,True,both
0302130013,11251X,112511,False,True,True,both
0302130014,114XXX,114111,False,True,True,both
0302130022,114XXX,114111,False,True,True,both
0302130032,114XXX,114111,False,True,True,both
0302130042,114XXX,114111,False,True,True,both
0302130053,11251X,112511,False,True,True,both
0302130054,114XXX,114111,False,True,True,both
0302130062,114XXX,114111,False,True,True,both
0302140003,11251X,112511,False,True,True,both
0302140004,114XXX,114111,False,True,True,both
0302140062,114XXX,114111,False,True,True,both
0302190000,114XXX,114111,False,True,True,both
0302210010,114XXX,114111,False,True,True,both
0302210020,114XXX,114111,False,True,True,both
0302210090,114XXX,114111,False,True,True,both
0302220000,114XXX,114111,False,True,True,both
0302230000,114XXX,114111,False,True,True,both
0302240000,114XXX,114111,False,True,True,both
0302290110,114XXX,114111,False,True,True,both
0302290190,114XXX,114111,False,True,True,both
0302310000,114XXX,114111,False,True,True,both
0302320000,114XXX,114111,False,True,True,both
0302330000,114XXX,114111,False,True,True,both
0302340000,114XXX,114111,False,True,True,both
0302350100,114XXX,114111,False,True,True,both
0302360000,114XXX,114111,False,True,True,both
0302390200,114XXX,114111,False,True,True,both
0302410000,114XXX,114111,False,True,True,both
0302420000,114XXX,114111,False,True,True,both
0302430000,114XXX,114111,False,True,True,both
0302440000,114XXX,114111,False,True,True,both
0302451100,114XXX,114111,False,True,True,both
0302455000,114XXX,114111,False,True,True,both
0302461100,114XXX,114111,False,True,True,both
0302465000,114XXX,114111,False,True,True,both
0302470010,114XXX,114111,False,True,True,both
0302470090,114XXX,114111,False,True,True,both
0302490000,114XXX,114111,False,True,True,both
0302510010,114XXX,114111,False,True,True,both
0302510090,114XXX,114111,False,True,True,both
0302520000,114XXX,114111,False,True,True,both
0302530000,114XXX,114111,False,True,True,both
0302541100,114XXX,114111,False,True,True,both
0302545000,114XXX,114111,False,True,True,both
0302551100,114XXX,114111,False,True,True,both
0302555000,114XXX,114111,False,True,True,both
0302561100,114XXX,114111,False,True,True,both
0302565000,114XXX,114111,False,True,True,both
0302591100,114XXX,114111,False,True,True,both
0302595010,114XXX,114111,False,True,True,both
0302595090,114XXX,114111,False,True,True,both
0302711100,114XXX,114111,False,True,True,both
0302715000,114XXX,114111,False,True,True,both
0302721100,114XXX,114111,False,True,True,both
0302725001,114XXX,114111,False,True,True,both
0302725004,114XXX,114111,False,True,True,both
0302725034,114XXX,114111,False,True,True,both
0302731100,114XXX,114111,False,True,True,both
0302735000,114XXX,114111,False,True,True,both
0302740000,114XXX,114111,False,True,True,both
0302791100,114XXX,114111,False,True,True,both
0302795025,114XXX,114111,False,True,True,both
0302795076,114XXX,114111,False,True,True,both
0302810011,114XXX,114111,False,True,True,both
0302810091,114XXX,114111,False,True,True,both
0302820000,114XXX,114111,False,True,True,both
0302830000,114XXX,114111,False,True,True,both
0302841100,114XXX,114111,False,True,True,both
0302845000,114XXX,114111,False,True,True,both
0302851100,114XXX,114111,False,True,True,both
0302855000,114XXX,114111,False,True,True,both
0302891120,114XXX,114111,False,True,True,both
0302891140,114XXX,114111,False,True,True,both
0302895007,114XXX,114111,False,True,True,both
0302895010,114XXX,114111,False,True,True,both
0302895013,114XXX,114111,False,True,True,both
0302895025,114XXX,114111,False,True,True,both
0302895028,114XXX,114111,False,True,True,both
0302895031,114XXX,114111,False,True,True,both
0302895034,114XXX,114111,False,True,True,both
0302895037,114XXX,114111,False,True,True,both
0302895040,114XXX,114111,False,True,True,both
0302895049,114XXX,114111,False,True,True,both
0302895052,114XXX,114111,False,True,True,both
0302895055,114XXX,114111,False,True,True,both
0302895058,114XXX,114111,False,True,True,both
0302895061,114XXX,114111,False,True,True,both
0302895064,114XXX,114111,False,True,True,both
0302895067,114XXX,114111,False,True,True,both
0302895070,114XXX,114111,False,True,True,both
0302895072,114XXX,114111,False,True,True,both
0302895077,114XXX,114111,False,True,True,both
0302912000,114XXX,114111,False,True,True,both
0302914010,114XXX,114111,False,True,True,both
0302914090,114XXX,114111,False,True,True,both
0302920000,114XXX,114111,False,True,True,both
0302990000,114XXX,114111,False,True,True,both
0303110000,114XXX,114111,False,True,True,both
0303120012,114XXX,114111,False,True,True,both
0303120022,114XXX,114111,False,True,True,both
0303120032,114XXX,114111,False,True,True,both
0303120052,114XXX,114111,False,True,True,both
0303120062,114XXX,114111,False,True,True,both
0303130000,114XXX,114111,False,True,True,both
0303140000,114XXX,114111,False,True,True,both
0303190100,114XXX,114111,False,True,True,both
0303230000,114XXX,114111,False,True,True,both
0303240010,114XXX,114111,False,True,True,both
0303240020,114XXX,114111,False,True,True,both
0303240050,114XXX,114111,False,True,True,both
0303250100,114XXX,114111,False,True,True,both
0303260000,114XXX,114111,False,True,True,both
0303290110,114XXX,114111,False,True,True,both
0303290150,114XXX,114111,False,True,True,both
0303310010,114XXX,114111,False,True,True,both
0303310020,114XXX,114111,False,True,True,both
0303310030,114XXX,114111,False,True,True,both
0303320000,114XXX,114111,False,True,True,both
0303330000,114XXX,114111,False,True,True,both
0303340000,114XXX,114111,False,True,True,both
0303390110,114XXX,114111,False,True,True,both
0303390120,114XXX,114111,False,True,True,both
0303390130,114XXX,114111,False,True,True,both
0303390195,114XXX,114111,False,True,True,both
0303410000,114XXX,114111,False,True,True,both
0303420020,114XXX,114111,False,True,True,both
0303420040,114XXX,114111,False,True,True,both
0303420060,114XXX,114111,False,True,True,both
0303430000,311710,311710,True,True,True,both
0303440000,114XXX,114111,False,True,True,both
0303450110,114XXX,114111,False,True,True,both
0303450150,114XXX,114111,False,True,True,both
0303460000,114XXX,114111,False,True,True,both
0303490200,114XXX,114111,False,True,True,both
0303510000,114XXX,114111,False,True,True,both
0303530000,114XXX,114111,False,True,True,both
0303540000,114XXX,114111,False,True,True,both
0303550000,114XXX,114111,False,True,True,both
0303560000,114XXX,114111,False,True,True,both
0303570010,114XXX,114111,False,True,True,both
0303570090,114XXX,114111,False,True,True,both
0303590000,114XXX,114111,False,True,True,both
0303630010,114XXX,114111,False,True,True,both
0303630090,114XXX,114111,False,True,True,both
0303640000,114XXX,114111,False,True,True,both
0303650000,114XXX,114111,False,True,True,both
0303660000,114XXX,114111,False,True,True,both
0303670000,114XXX,114111,False,True,True,both
0303680000,114XXX,114111,False,True,True,both
0303690000,114XXX,114111,False,True,True,both
0303810011,114XXX,114111,False,True,True,both
0303810091,114XXX,114111,False,True,True,both
0303820000,114XXX,114111,False,True,True,both
0303830000,114XXX,114111,False,True,True,both
0303840000,114XXX,114111,False,True,True,both
0303890001,114XXX,114111,False,True,True,both
0303890004,114XXX,114111,False,True,True,both
0303890010,114XXX,114111,False,True,True,both
0303890013,114XXX,114111,False,True,True,both
0303890028,114XXX,114111,False,True,True,both
0303890031,114XXX,114111,False,True,True,both
0303890034,114XXX,114111,False,True,True,both
0303890037,114XXX,114111,False,True,True,both
0303890040,114XXX,114111,False,True,True,both
0303890043,114XXX,114111,False,True,True,both
0303890046,114XXX,114111,False,True,True,both
0303890049,114XXX,114111,False,True,True,both
0303890052,114XXX,114111,False,True,True,both
0303890055,114XXX,114111,False,True,True,both
0303890058,114XXX,114111,False,True,True,both
0303890061,114XXX,114111,False,True,True,both
0303890064,114XXX,114111,False,True,True,both
0303890067,114XXX,114111,False,True,True,both
0303890070,114XXX,114111,False,True,True,both
0303890080,114XXX,114111,False,True,True,both
0303912000,114XXX,114111,False,True,True,both
0303914020,114XXX,114111,False,True,True,both
0303914040,114XXX,114111,False,True,True,both
0303914050,114XXX,114111,False,True,True,both
0303914060,114XXX,114111,False,True,True,both
0303914095,114XXX,114111,False,True,True,both
0303920000,114XXX,114111,False,True,True,both
0303990000,114XXX,114111,False,True,True,both
0304310000,114XXX,114111,False,True,True,both
0304320010,114XXX,114111,False,True,True,both
0304320020,114XXX,114111,False,True,True,both
0304320090,114XXX,114111,False,True,True,both
0304330000,114XXX,114111,False,True,True,both
0304390000,114XXX,114111,False,True,True,both
0304410010,11251X,112511,False,True,True,both
0304410020,114XXX,114111,False,True,True,both
0304410090,114XXX,114111,False,True,True,both
0304420000,114XXX,114111,False,True,True,both
0304430010,114XXX,114111,False,True,True,both
0304430015,114XXX,114111,False,True,True,both
0304430020,114XXX,114111,False,True,True,both
0304430025,114XXX,114111,False,True,True,both
0304430090,114XXX,114111,False,True,True,both
0304440010,114XXX,114111,False,True,True,both
0304440015,114XXX,114111,False,True,True,both
0304440020,114XXX,114111,False,True,True,both
0304440025,114XXX,114111,False,True,True,both
0304440030,114XXX,114111,False,True,True,both
0304440090,114XXX,114111,False,True,True,both
0304450000,114XXX,114111,False,True,True,both
0304460000,114XXX,114111,False,True,True,both
0304470000,114XXX,114111,False,True,True,both
0304480000,114XXX,114111,False,True,True,both
0304490103,114XXX,114111,False,True,True,both
0304490106,114XXX,114111,False,True,True,both
0304490109,114XXX,114111,False,True,True,both
0304490112,114XXX,114111,False,True,True,both
0304490115,114XXX,114111,False,True,True,both
0304490120,114XXX,114111,False,True,True,both
0304490125,114XXX,114111,False,True,True,both
0304490190,114XXX,114111,False,True,True,both
0304510110,114XXX,114111,False,True,True,both
0304510115,114XXX,114111,False,True,True,both
0304510120,114XXX,114111,False,True,True,both
0304510125,114XXX,114111,False,True,True,both
0304510190,114XXX,114111,False,True,True,both
0304520010,11251X,112511,False,True,True,both
0304520015,114XXX,114111,False,True,True,both
0304520020,114XXX,114111,False,True,True,both
0304520090,114XXX,114111,False,True,True,both
0304530010,114XXX,114111,False,True,True,both
0304530015,114XXX,114111,False,True,True,both
0304530020,114XXX,114111,False,True,True,both
0304530025,114XXX,114111,False,True,True,both
0304530030,114XXX,114111,False,True,True,both
0304530090,114XXX,114111,False,True,True,both
0304540000,114XXX,114111,False,True,True,both
0304550000,114XXX,114111,False,True,True,both
0304560000,114XXX,114111,False,True,True,both
0304570000,114XXX,114111,False,True,True,both
0304590003,114XXX,114111,False,True,True,both
0304590006,114XXX,114111,False,True,True,both
0304590009,114XXX,114111,False,True,True,both
0304590015,114XXX,114111,False,True,True,both
0304590020,114XXX,114111,False,True,True,both
0304590025,114XXX,114111,False,True,True,both
0304590030,114XXX,114111,False,True,True,both
0304590036,114XXX,114111,False,True,True,both
0304590040,114XXX,114111,False,True,True,both
0304590045,114XXX,114111,False,True,True,both
0304590050,114XXX,114111,False,True,True,both
0304590055,114XXX,114111,False,True,True,both
0304590061,114XXX,114111,False,True,True,both
0304590065,114XXX,114111,False,True,True,both
0304590070,114XXX,114111,False,True,True,both
0304590091,114XXX,114111,False,True,True,both
0304610000,114XXX,114111,False,True,True,both
0304620010,114XXX,114111,False,True,True,both
0304620020,114XXX,114111,False,True,True,both
0304620030,114XXX,114111,False,True,True,both
0304620090,114XXX,114111,False,True,True,both
0304630000,114XXX,114111,False,True,True,both
0304690000,114XXX,114111,False,True,True,both
0304711000,114XXX,114111,False,True,True,both
0304715000,114XXX,114111,False,True,True,both
0304721000,114XXX,114111,False,True,True,both
0304725000,114XXX,114111,False,True,True,both
0304731000,114XXX,114111,False,True,True,both
0304735000,114XXX,114111,False,True,True,both
0304741000,114XXX,114111,False,True,True,both
0304745000,114XXX,114111,False,True,True,both
0304751000,114XXX,114111,False,True,True,both
0304755000,114XXX,114111,False,True,True,both
0304791010,114XXX,114111,False,True,True,both
0304791015,114XXX,114111,False,True,True,both
0304791090,114XXX,114111,False,True,True,both
0304795000,114XXX,114111,False,True,True,both
0304811000,114XXX,114111,False,True,True,both
0304815010,114XXX,114111,False,True,True,both
0304815090,114XXX,114111,False,True,True,both
0304821000,114XXX,114111,False,True,True,both
0304825000,114XXX,114111,False,True,True,both
0304831010,114XXX,114111,False,True,True,both
0304831015,114XXX,114111,False,True,True,both
0304831020,114XXX,114111,False,True,True,both
0304831025,114XXX,114111,False,True,True,both
0304831030,114XXX,114111,False,True,True,both
0304831090,114XXX,114111,False,True,True,both
0304835010,114XXX,114111,False,True,True,both
0304835015,114XXX,114111,False,True,True,both
0304835020,114XXX,114111,False,True,True,both
0304835025,114XXX,114111,False,True,True,both
0304835030,114XXX,114111,False,True,True,both
0304835090,114XXX,114111,False,True,True,both
0304840000,114XXX,114111,False,True,True,both
0304850000,114XXX,114111,False,True,True,both
0304860000,114XXX,114111,False,True,True,both
0304870000,311710,311710,True,True,True,both
0304880000,114XXX,114111,False,True,True,both
0304891010,114XXX,114111,False,True,True,both
0304891015,114XXX,114111,False,True,True,both
0304891020,114XXX,114111,False,True,True,both
0304891025,114XXX,114111,False,True,True,both
0304891030,114XXX,114111,False,True,True,both
0304891035,114XXX,114111,False,True,True,both
0304891090,114XXX,114111,False,True,True,both
0304895003,114XXX,114111,False,True,True,both
0304895006,114XXX,114111,False,True,True,both
0304895009,114XXX,114111,False,True,True,both
0304895015,114XXX,114111,False,True,True,both
0304895020,114XXX,114111,False,True,True,both
0304895025,114XXX,114111,False,True,True,both
0304895030,114XXX,114111,False,True,True,both
0304895035,114XXX,114111,False,True,True,both
0304895040,114XXX,114111,False,True,True,both
0304895045,114XXX,114111,False,True,True,both
0304895050,114XXX,114111,False,True,True,both
0304895055,114XXX,114111,False,True,True,both
0304895060,114XXX,114111,False,True,True,both
0304895091,114XXX,114111,False,True,True,both
0304911000,114XXX,114111,False,True,True,both
0304919000,114XXX,114111,False,True,True,both
0304921000,114XXX,114111,False,True,True,both
0304929000,114XXX,114111,False,True,True,both
0304931005,114XXX,114111,False,True,True,both
0304931010,114XXX,114111,False,True,True,both
0304931090,114XXX,114111,False,True,True,both
0304939000,114XXX,114111,False,True,True,both
0304941005,114XXX,114111,False,True,True,both
0304941010,114XXX,114111,False,True,True,both
0304941090,114XXX,114111,False,True,True,both
0304949000,114XXX,114111,False,True,True,both
0304951005,114XXX,114111,False,True,True,both
0304951010,114XXX,114111,False,True,True,both
0304951015,114XXX,114111,False,True,True,both
0304951020,114XXX,114111,False,True,True,both
0304951025,114XXX,114111,False,True,True,both
0304951030,114XXX,114111,False,True,True,both
0304951090,114XXX,114111,False,True,True,both
0304959000,114XXX,114111,False,True,True,both
0304960000,114XXX,114111,False,True,True,both
0304970000,114XXX,114111,False,True,True,both
0304991104,114XXX,114111,False,True,True,both
0304991109,114XXX,114111,False,True,True,both
0304991150,114XXX,114111,False,True,True,both
0304991160,114XXX,114111,False,True,True,both
0304991170,114XXX,114111,False,True,True,both
0304991182,114XXX,114111,False,True,True,both
0304991183,114XXX,114111,False,True,True,both
0304991184,114XXX,114111,False,True,True,both
0304991190,114XXX,114111,False,True,True,both
0304991194,114XXX,114111,False,True,True,both
0304999190,114XXX,114111,False,True,True,both
0304999192,114XXX,114111,False,True,True,both
0305202000,311710,311710,True,True,True,both
0305204020,311710,311710,True,True,True,both
0305204040,311710,311710,True,True,True,both
0305204065,311710,311710,True,True,True,both
0305310100,311710,311710,True,True,True,both
0305320010,311710,311710,True,True,True,both
0305320090,311710,311710,True,True,True,both
0305392000,311710,311710,True,True,True,both
0305394000,311710,311710,True,True,True,both
0305396110,311710,311710,True,True,True,both
0305396180,311710,311710,True,True,True,both
0305410000,311710,311710,True,True,True,both
0305420020,311710,311710,True,True,True,both
0305420050,311710,311710,True,True,True,both
0305420060,311710,311710,True,True,True,both
0305430000,311710,311710,True,True,True,both
0305440100,311710,311710,True,True,True,both
0305492000,311710,311710,True,True,True,both
0305494020,311710,311710,True,True,True,both
0305494045,311710,311710,True,True,True,both
0305510000,311710,311710,True,True,True,both
0305520000,311710,311710,True,True,True,both
0305530000,311710,311710,True,True,True,both
0305540000,311710,311710,True,True,True,both
0305590001,311710,311710,True,True,True,both
0305612000,311710,311710,True,True,True,both
0305614000,311710,311710,True,True,True,both
0305620010,311710,311710,True,True,True,both
0305620025,311710,311710,True,True,True,both
0305620030,311710,311710,True,True,True,both
0305620045,311710,311710,True,True,True,both
0305620050,311710,311710,True,True,True,both
0305620060,311710,311710,True,True,True,both
0305620070,311710,311710,True,True,True,both
0305620080,311710,311710,True,True,True,both
0305632000,311710,311710,True,True,True,both
0305634000,311710,311710,True,True,True,both
0305636000,311710,311710,True,True,True,both
0305641000,311710,311710,True,True,True,both
0305645000,311710,311710,True,True,True,both
0305691021,311710,311710,True,True,True,both
0305691022,311710,311710,True,True,True,both
0305691029,311710,311710,True,True,True,both
0305691041,311710,311710,True,True,True,both
0305691042,311710,311710,True,True,True,both
0305691049,311710,311710,True,True,True,both
0305692000,311710,311710,True,True,True,both
0305693000,311710,311710,True,True,True,both
0305694000,311710,311710,True,True,True,both
0305695001,311710,311710,True,True,True,both
0305696001,311710,311710,True,True,True,both
0305710000,311710,311710,True,True,True,both
0305720000,311710,311710,True,True,True,both
0305790000,311710,311710,True,True,True,both
0306110010,114XXX,114112,False,True,True,both
0306110020,114XXX,114112,False,True,True,both
0306120010,114XXX,114112,False,True,True,both
0306120030,114XXX,114112,False,True,True,both
0306120050,114XXX,114112,False,True,True,both
0306120070,114XXX,114112,False,True,True,both
0306142000,114XXX,114112,False,True,True,both
0306144003,114XXX,114112,False,True,True,both
0306144006,114XXX,114112,False,True,True,both
0306144009,114XXX,114112,False,True,True,both
0306144012,114XXX,114112,False,True,True,both
0306144015,114XXX,114112,False,True,True,both
0306144020,114XXX,114112,False,True,True,both
0306144030,114XXX,114112,False,True,True,both
0306144090,114XXX,114112,False,True,True,both
0306150000,114XXX,114112,False,True,True,both
0306160003,114XXX,114112,False,True,True,both
0306160006,114XXX,114112,False,True,True,both
0306160009,114XXX,114112,False,True,True,both
0306160012,114XXX,114112,False,True,True,both
0306160015,114XXX,114112,False,True,True,both
0306160018,114XXX,114112,False,True,True,both
0306160021,114XXX,114112,False,True,True,both
0306160024,114XXX,114112,False,True,True,both
0306160027,114XXX,114112,False,True,True,both
0306160040,114XXX,114112,False,True,True,both
0306170004,11251X,112512,False,True,True,both
0306170005,11251X,112512,False,True,True,both
0306170007,11251X,112512,False,True,True,both
0306170008,11251X,112512,False,True,True,both
0306170010,11251X,112512,False,True,True,both
0306170011,11251X,112512,False,True,True,both
0306170013,11251X,112512,False,True,True,both
0306170014,11251X,112512,False,True,True,both
0306170016,11251X,112512,False,True,True,both
0306170017,114XXX,114112,False,True,True,both
0306170019,114XXX,114112,False,True,True,both
0306170020,114XXX,114112,False,True,True,both
0306170022,114XXX,114112,False,True,True,both
0306170023,114XXX,114112,False,True,True,both
0306170025,114XXX,114112,False,True,True,both
0306170026,114XXX,114112,False,True,True,both
0306170028,114XXX,114112,False,True,True,both
0306170029,114XXX,114112,False,True,True,both
0306170041,11251X,112512,False,True,True,both
0306170042,114XXX,114112,False,True,True,both
0306190110,311710,311710,True,True,True,both
0306190130,114XXX,114112,False,True,True,both
0306190161,114XXX,114112,False,True,True,both
0306310000,114XXX,114112,False,True,True,both
0306320010,114XXX,114112,False,True,True,both
0306320090,114XXX,114112,False,True,True,both
0306332000,114XXX,114112,False,True,True,both
0306334000,114XXX,114112,False,True,True,both
0306340000,114XXX,114112,False,True,True,both
0306350020,114XXX,114112,False,True,True,both
0306350040,114XXX,114112,False,True,True,both
0306360020,114XXX,114112,False,True,True,both
0306360040,114XXX,114112,False,True,True,both
0306390100,114XXX,114112,False,True,True,both
0306910000,114XXX,114112,False,True,True,both
0306920000,114XXX,114112,False,True,True,both
0306932000,114XXX,114112,False,True,True,both
0306934000,114XXX,114112,False,True,True,both
0306940000,114XXX,114112,False,True,True,both
0306950020,114XXX,114112,False,True,True,both
0306950040,114XXX,114112,False,True,True,both
0306990100,311710,311710,True,True,True,both
0307110020,114XXX,114112,False,True,True,both
0307110060,11251X,112512,False,True,True,both
0307110080,114XXX,114112,False,True,True,both
0307120060,11251X,112512,False,True,True,both
0307120080,114XXX,114112,False,True,True,both
0307190160,11251X,112512,False,True,True,both
0307190180,114XXX,114112,False,True,True,both
0307210000,114XXX,114112,False,True,True,both
0307220000,311710,311710,True,True,True,both
0307290100,114XXX,114112,False,True,True,both
0307310010,11251X,112512,False,True,True,both
0307310090,114XXX,114112,False,True,True,both
0307320000,114XXX,114112,False,True,True,both
0307390100,114XXX,114112,False,True,True,both
0307420020,114XXX,114112,False,True,True,both
0307420040,114XXX,114112,False,True,True,both
0307420060,114XXX,114112,False,True,True,both
0307430010,114XXX,114112,False,True,True,both
0307430022,114XXX,114112,False,True,True,both
0307430024,114XXX,114112,False,True,True,both
0307430029,114XXX,114112,False,True,True,both
0307430050,114XXX,114112,False,True,True,both
0307430060,114XXX,114112,False,True,True,both
0307490122,114XXX,114112,False,True,True,both
0307490124,114XXX,114112,False,True,True,both
0307490129,114XXX,114112,False,True,True,both
0307490150,114XXX,114112,False,True,True,both
0307490160,114XXX,114112,False,True,True,both
0307510000,114XXX,114112,False,True,True,both
0307520000,114XXX,114112,False,True,True,both
0307590100,114XXX,114112,False,True,True,both
0307600000,114XXX,114112,False,True,True,both
0307710050,114XXX,114112,False,True,True,both
0307710070,114XXX,114112,False,True,True,both
0307710090,114XXX,114112,False,True,True,both
0307720030,114XXX,114112,False,True,True,both
0307720051,114XXX,114112,False,True,True,both
0307720055,114XXX,114112,False,True,True,both
0307720060,114XXX,114112,False,True,True,both
0307790130,114XXX,114112,False,True,True,both
0307790151,114XXX,114112,False,True,True,both
0307790155,114XXX,114112,False,True,True,both
0307790160,114XXX,114112,False,True,True,both
0307810000,114XXX,114112,False,True,True,both
0307820000,114XXX,114112,False,True,True,both
0307830000,114XXX,114112,False,True,True,both
0307840000,114XXX,114112,False,True,True,both
0307870000,114XXX,114112,False,True,True,both
0307880000,114XXX,114112,False,True,True,both
0307910330,114XXX,114112,False,True,True,both
0307910390,114XXX,114112,False,True,True,both
0307920130,114XXX,114112,False,True,True,both
0307920190,114XXX,114112,False,True,True,both
0307990300,114XXX,114112,False,True,True,both
0308110000,114XXX,114112,False,True,True,both
0308120000,114XXX,114112,False,True,True,both
0308190100,114XXX,114112,False,True,True,both
0308210021,114XXX,114112,False,True,True,both
0308210029,114XXX,114112,False,True,True,both
0308220000,114XXX,114112,False,True,True,both
0308290100,114XXX,114112,False,True,True,both
0308300000,114XXX,114112,False,True,True,both
0308900100,114XXX,114112,False,True,True,both
0309100500,311710,311710,True,True,True,both
0309109000,311710,311710,True,True,True,both
0309901010,114XXX,114112,False,True,True,both
0309901030,114XXX,114112,False,True,True,both
0309901061,114XXX,114112,False,True,True,both
0309902000,114XXX,114112,False,True,True,both
0309903000,114XXX,114112,False,True,True,both
0309904030,114XXX,114112,False,True,True,both
0309904090,114XXX,114112,False,True,True,both
0309905030,114XXX,114112,False,True,True,both
0309905090,114XXX,114112,False,True,True,both
0309906000,114XXX,114112,False,True,True,both
0309909000,114XXX,114112,False,True,True,both
0401100000,311511,311511,True,True,True,both
0401202000,311511,311511,True,True,True,both
0401204000,311511,311511,True,True,True,both
0401400200,311511,311511,True,True,True,both
0401400500,311511,311511,True,True,True,both
0401402500,311511,311511,True,True,True,both
0401500200,311511,311511,True,True,True,both
0401500500,311511,311511,True,True,True,both
0401502500,311511,311511,True,True,True,both
0401504200,311511,311511,True,True,True,both
0401505000,311511,311511,True,True,True,both
0401507500,311511,311511,True,True,True,both
0402100500,311514,311514,True,True,True,both
0402101000,311514,311514,True,True,True,both
0402105000,311514,311514,True,True,True,both
0402210200,311514,311514,True,True,True,both
0402210500,311514,311514,True,True,True,both
0402212500,311514,311514,True,True,True,both
0402212700,311514,311514,True,True,True,both
0402213000,311514,311514,True,True,True,both
0402215000,311514,311514,True,True,True,both
0402217300,311514,311514,True,True,True,both
0402217500,311514,311514,True,True,True,both
0402219000,311514,311514,True,True,True,both
0402290500,311514,311514,True,True,True,both
0402291000,311514,311514,True,True,True,both
0402295000,311514,311514,True,True,True,both
0402910300,311514,311514,True,True,True,both
0402910600,311514,311514,True,True,True,both
0402911000,311514,311514,True,True,True,both
0402913000,311514,311514,True,True,True,both
0402917000,311514,311514,True,True,True,both
0402919000,311514,311514,True,True,True,both
0402990300,311514,311514,True,True,True,both
0402990600,311514,311514,True,True,True,both
0402991000,311514,311514,True,True,True,both
0402993000,311514,311514,True,True,True,both
0402994500,311514,311514,True,True,True,both
0402995500,311514,311514,True,True,True,both
0402996800,311514,311514,True,True,True,both
0402997000,311514,311514,True,True,True,both
0402999000,311514,311514,True,True,True,both
0403200500,311514,311514,True,True,True,both
0403201000,311514,311514,True,True,True,both
0403205000,311514,311514,True,True,True,both
0403209000,311511,311511,True,True,True,both
0403900200,311511,311511,True,True,True,both
0403900400,311511,311511,True,True,True,both
0403901600,311511,311511,True,True,True,both
0403902000,311511,311511,True,True,True,both
0403903700,311514,311514,True,True,True,both
0403904110,311514,311514,True,True,True,both
0403904190,311514,311514,True,True,True,both
0403904500,311514,311514,True,True,True,both
0403904700,311514,311514,True,True,True,both
0403905100,311514,311514,True,True,True,both
0403905500,311514,311514,True,True,True,both
0403905700,311514,311514,True,True,True,both
0403906100,311514,311514,True,True,True,both
0403906500,311514,311514,True,True,True,both
0403907200,311511,311511,True,True,True,both
0403907400,311511,311511,True,True,True,both
0403907800,311511,311511,True,True,True,both
0403908500,311511,311511,True,True,True,both
0403908700,311511,311511,True,True,True,both
0403909000,311511,311511,True,True,True,both
0403909500,311511,311511,True,True,True,both
0404100500,311514,311514,True,True,True,both
0404100800,311514,311514,True,True,True,both
0404101100,311514,311514,True,True,True,both
0404101500,311514,311514,True,True,True,both
0404102000,311513,311513,True,True,True,both
0404104800,311514,311514,True,True,True,both
0404105010,311514,311514,True,True,True,both
0404105090,311514,311514,True,True,True,both
0404109000,311514,311514,True,True,True,both
0404901000,311514,311514,True,True,True,both
0404902800,311514,311514,True,True,True,both
0404903000,311514,311514,True,True,True,both
0404905000,311514,311514,True,True,True,both
0404907000,311514,311514,True,True,True,both
0405100500,311512,311512,True,True,True,both
0405101000,311512,311512,True,True,True,both
0405102000,311512,311512,True,True,True,both
0405201000,311225,311225,True,True,True,both
0405202000,311225,311225,True,True,True,both
0405203000,311225,311225,True,True,True,both
0405204000,311225,311225,True,True,True,both
0405205000,311225,311225,True,True,True,both
0405206000,311225,311225,True,True,True,both
0405207000,311225,311225,True,True,True,both
0405208000,311512,311512,True,True,True,both
0405900520,311512,311512,True,True,True,both
0405900540,311512,311512,True,True,True,both
0405901020,311512,311512,True,True,True,both
0405901040,311512,311512,True,True,True,both
0405902020,311512,311512,True,True,True,both
0405902040,311512,311512,True,True,True,both
0406100200,311513,311513,True,True,True,both
0406100400,311513,311513,True,True,True,both
0406100800,311513,311513,True,True,True,both
0406101200,311513,311513,True,True,True,both
0406101400,311513,311513,True,True,True,both
0406101800,311513,311513,True,True,True,both
0406102400,311513,311513,True,True,True,both
0406102800,311513,311513,True,True,True,both
0406103400,311513,311513,True,True,True,both
0406103800,311513,311513,True,True,True,both
0406104400,311513,311513,True,True,True,both
0406104800,311513,311513,True,True,True,both
0406105400,311513,311513,True,True,True,both
0406105800,311513,311513,True,True,True,both
0406106400,311513,311513,True,True,True,both
0406106800,311513,311513,True,True,True,both
0406107400,311513,311513,True,True,True,both
0406107800,311513,311513,True,True,True,both
0406108400,311513,311513,True,True,True,both
0406108800,311513,311513,True,True,True,both
0406109500,311513,311513,True,True,True,both
0406201000,311513,311513,True,True,True,both
0406201500,311513,311513,True,True,True,both
0406202200,311513,311513,True,True,True,both
0406202400,311513,311513,True,True,True,both
0406202800,311513,311513,True,True,True,both
0406202900,311513,311513,True,True,True,both
0406203110,311513,311513,True,True,True,both
0406203190,311513,311513,True,True,True,both
0406203300,311513,311513,True,True,True,both
0406203400,311513,311513,True,True,True,both
0406203600,311513,311513,True,True,True,both
0406203900,311513,311513,True,True,True,both
0406204300,311513,311513,True,True,True,both
0406204400,311513,311513,True,True,True,both
0406204800,311513,311513,True,True,True,both
0406204900,311513,311513,True,True,True,both
0406205100,311513,311513,True,True,True,both
0406205300,311513,311513,True,True,True,both
0406205400,311513,311513,True,True,True,both
0406205500,311513,311513,True,True,True,both
0406205600,311513,311513,True,True,True,both
0406205700,311513,311513,True,True,True,both
0406206100,311513,311513,True,True,True,both
0406206300,311513,311513,True,True,True,both
0406206500,311513,311513,True,True,True,both
0406206700,311513,311513,True,True,True,both
0406206900,311513,311513,True,True,True,both
0406207100,311513,311513,True,True,True,both
0406207300,311513,311513,True,True,True,both
0406207500,311513,311513,True,True,True,both
0406207700,311513,311513,True,True,True,both
0406207900,311513,311513,True,True,True,both
0406208100,311513,311513,True,True,True,both
0406208300,311513,311513,True,True,True,both
0406208500,311513,311513,True,True,True,both
0406208700,311513,311513,True,True,True,both
0406208900,311513,311513,True,True,True,both
0406209100,311513,311513,True,True,True,both
0406209500,311513,311513,True,True,True,both
0406300500,311513,311513,True,True,True,both
0406301200,311513,311513,True,True,True,both
0406301400,311513,311513,True,True,True,both
0406301800,311513,311513,True,True,True,both
0406302200,311513,311513,True,True,True,both
0406302400,311513,311513,True,True,True,both
0406302800,311513,311513,True,True,True,both
0406303200,311513,311513,True,True,True,both
0406303400,311513,311513,True,True,True,both
0406303800,311513,311513,True,True,True,both
0406304200,311513,311513,True,True,True,both
0406304400,311513,311513,True,True,True,both
0406304800,311513,311513,True,True,True,both
0406304900,311513,311513,True,True,True,both
0406305100,311513,311513,True,True,True,both
0406305300,311513,311513,True,True,True,both
0406305500,311513,311513,True,True,True,both
0406305600,311513,311513,True,True,True,both
0406305700,311513,311513,True,True,True,both
0406306100,311513,311513,True,True,True,both
0406306300,311513,311513,True,True,True,both
0406306500,311513,311513,True,True,True,both
0406306700,311513,311513,True,True,True,both
0406306900,311513,311513,True,True,True,both
0406307100,311513,311513,True,True,True,both
0406307300,311513,311513,True,True,True,both
0406307500,311513,311513,True,True,True,both
0406307700,311513,311513,True,True,True,both
0406307900,311513,311513,True,True,True,both
0406308100,311513,311513,True,True,True,both
0406308300,311513,311513,True,True,True,both
0406308500,311513,311513,True,True,True,both
0406308700,311513,311513,True,True,True,both
0406308900,311513,311513,True,True,True,both
0406309100,311513,311513,True,True,True,both
0406309500,311513,311513,True,True,True,both
0406402000,311513,311513,True,True,True,both
0406404000,311513,311513,True,True,True,both
0406404400,311513,311513,True,True,True,both
0406404800,311513,311513,True,True,True,both
0406405100,311513,311513,True,True,True,both
0406405200,311513,311513,True,True,True,both
0406405400,311513,311513,True,True,True,both
0406405800,311513,311513,True,True,True,both
0406407000,311513,311513,True,True,True,both
0406900500,311513,311513,True,True,True,both
0406900600,311513,311513,True,True,True,both
0406900810,311513,311513,True,True,True,both
0406900890,311513,311513,True,True,True,both
0406901200,311513,311513,True,True,True,both
0406901400,311513,311513,True,True,True,both
0406901600,311513,311513,True,True,True,both
0406901800,311513,311513,True,True,True,both
0406902000,311513,311513,True,True,True,both
0406902500,311513,311513,True,True,True,both
0406902800,311513,311513,True,True,True,both
0406903100,311513,311513,True,True,True,both
0406903200,311513,311513,True,True,True,both
0406903300,311513,311513,True,True,True,both
0406903400,311513,311513,True,True,True,both
0406903600,311513,311513,True,True,True,both
0406903700,311513,311513,True,True,True,both
0406903800,311513,311513,True,True,True,both
0406903900,311513,311513,True,True,True,both
0406904100,311513,311513,True,True,True,both
0406904200,311513,311513,True,True,True,both
0406904300,311513,311513,True,True,True,both
0406904400,311513,311513,True,True,True,both
0406904600,311513,311513,True,True,True,both
0406904800,311513,311513,True,True,True,both
0406904900,311513,311513,True,True,True,both
0406905100,311513,311513,True,True,True,both
0406905200,311513,311513,True,True,True,both
0406905400,311513,311513,True,True,True,both
0406905600,311513,311513,True,True,True,both
0406905700,311513,311513,True,True,True,both
0406905900,311513,311513,True,True,True,both
0406906100,311513,311513,True,True,True,both
0406906300,311513,311513,True,True,True,both
0406906600,311513,311513,True,True,True,both
0406906800,311513,311513,True,True,True,both
0406907200,311513,311513,True,True,True,both
0406907400,311513,311513,True,True,True,both
0406907600,311513,311513,True,True,True,both
0406907800,311513,311513,True,True,True,both
0406908200,311513,311513,True,True,True,both
0406908400,311513,311513,True,True,True,both
0406908600,311513,311513,True,True,True,both
0406908800,311513,311513,True,True,True,both
0406909000,311513,311513,True,True,True,both
0406909200,311513,311513,True,True,True,both
0406909300,311513,311513,True,True,True,both
0406909400,311513,311513,True,True,True,both
0406909500,311513,311513,True,True,True,both
0406909700,311513,311513,True,True,True,both
0406909900,311513,311513,True,True,True,both
0407110000,1123XX,1123XX,True,True,True,both
0407190000,1123XX,1123XX,True,True,True,both
0407210030,1123XX,1123XX,True,True,True,both
0407210090,1123XX,1123XX,True,True,True,both
0407290000,1123XX,1123XX,True,True,True,both
0407900000,311999,311999,True,True,True,both
0408110000,311999,311999,True,True,True,both
0408190000,311999,311999,True,True,True,both
0408910000,311999,311999,True,True,True,both
0408990000,311999,311999,True,True,True,both
0409000005,112910,112910,True,True,True,both
0409000010,112910,112910,True,True,True,both
0409000035,112910,112910,True,True,True,both
0409000045,112910,112910,True,True,True,both
0409000056,112910,112910,True,True,True,both
0409000065,112910,112910,True,True,True,both
0410100000,114XXX,114119,False,True,True,both
0410900000,114XXX,114119,False,True,True,both
0501000000,990000,990000,True,True,True,both
0502100000,311611,311611,True,True,True,both
0502900000,112990,112990,True,True,True,both
0504000020,311611,311611,True,True,True,both
0504000040,311611,311611,True,True,True,both
0504000060,311611,311611,True,True,True,both
0505100050,339999,339999,True,True,True,both
0505100055,339999,339999,True,True,True,both
0505100060,339999,339999,True,True,True,both
0505100065,339999,339999,True,True,True,both
0505902020,311613,311613,True,True,True,both
0505902040,311613,311613,True,True,True,both
0505906000,311613,311613,True,True,True,both
0506100000,311611,311611,True,True,True,both
0506900020,311611,311611,True,True,True,both
0506900040,311611,311611,True,True,True,both
0507100000,990000,990000,True,True,True,both
0507900010,990000,990000,True,True,True,both
0507900090,990000,990000,True,True,True,both
0508000000,114XXX,114119,False,True,True,both
0510002000,114XXX,114119,False,True,True,both
0510004010,311611,311611,True,True,True,both
0510004020,311611,311611,True,True,True,both
0510004040,311611,311611,True,True,True,both
0511100010,1121XX,11211X,False,True,True,both
0511100090,1121XX,11211X,False,True,True,both
0511910010,311613,311613,True,True,True,both
0511910090,311613,311613,True,True,True,both
0511992000,311611,311611,True,True,True,both
0511993030,311613,311613,True,True,True,both
0511993060,311613,311613,True,True,True,both
0511993300,990000,990000,True,True,True,both
0511993600,114XXX,114119,False,True,True,both
0511994024,1121XX,11211X,False,True,True,both
0511994028,1121XX,11211X,False,True,True,both
0511994030,311613,311613,True,True,True,both
0511994040,311613,311613,True,True,True,both
0511994070,311613,311613,True,True,True,both
0601101500,111421,111421,True,True,True,both
0601103000,111421,111421,True,True,True,both
0601104500,111421,111421,True,True,True,both
0601106000,111421,111421,True,True,True,both
0601107500,111421,111421,True,True,True,both
0601108500,111421,111421,True,True,True,both
0601109020,111421,111421,True,True,True,both
0601109040,111421,111421,True,True,True,both
0601109060,111421,111421,True,True,True,both
0601109080,111421,111421,True,True,True,both
0601201000,111421,111421,True,True,True,both
0601209000,111421,111421,True,True,True,both
0602100000,111421,111421,True,True,True,both
0602200000,111421,111421,True,True,True,both
0602300000,111421,111421,True,True,True,both
0602400000,111421,111421,True,True,True,both
0602902000,111421,111421,True,True,True,both
0602903010,111421,111421,True,True,True,both
0602903090,111421,111421,True,True,True,both
0602904000,111421,111421,True,True,True,both
0602905000,111411,111411,True,True,True,both
0602906010,111421,111421,True,True,True,both
0602906020,111421,111421,True,True,True,both
0602906090,111421,111421,True,True,True,both
0602909010,111421,111421,True,True,True,both
0602909090,111421,111421,True,True,True,both
0603110030,111422,111422,True,True,True,both
0603110050,111422,111422,True,True,True,both
0603123000,111422,111422,True,True,True,both
0603127000,111422,111422,True,True,True,both
0603130050,111422,111422,True,True,True,both
0603130060,111422,111422,True,True,True,both
0603140010,111422,111422,True,True,True,both
0603140020,111422,111422,True,True,True,both
0603150000,111422,111422,True,True,True,both
0603190105,111422,111422,True,True,True,both
0603190107,111422,111422,True,True,True,both
0603190109,111422,111422,True,True,True,both
0603190110,111422,111422,True,True,True,both
0603190111,111422,111422,True,True,True,both
0603190112,111422,111422,True,True,True,both
0603190113,111422,111422,True,True,True,both
0603190114,111422,111422,True,True,True,both
0603190115,111422,111422,True,True,True,both
0603190116,111422,111422,True,True,True,both
0603190117,111422,111422,True,True,True,both
0603190118,111422,111422,True,True,True,both
0603190119,111422,111422,True,True,True,both
0603190120,111422,111422,True,True,True,both
0603190125,111422,111422,True,True,True,both
0603190127,111422,111422,True,True,True,both
0603190129,111422,111422,True,True,True,both
0603190131,111422,111422,True,True,True,both
0603190135,111422,111422,True,True,True,both
0603190140,111422,111422,True,True,True,both
0603190141,111422,111422,True,True,True,both
0603190142,111422,111422,True,True,True,both
0603190143,111422,111422,True,True,True,both
0603190145,111422,111422,True,True,True,both
0603190190,111422,111422,True,True,True,both
0603190195,111422,111422,True,True,True,both
0603900000,339999,339999,True,True,True,both
0604200005,111422,111422,True,True,True,both
0604200010,113XXX,113210,False,True,True,both
0604200011,111422,111422,True,True,True,both
0604200015,111422,111422,True,True,True,both
0604200020,111421,111421,True,True,True,both
0604200040,111421,111421,True,True,True,both
0604200060,111421,111421,True,True,True,both
0604200065,111422,111422,True,True,True,both
0604200070,111422,111422,True,True,True,both
0604200072,113XXX,113210,False,True,True,both
0604200074,111422,111422,True,True,True,both
0604200078,111422,111422,True,True,True,both
0604200080,111422,111422,True,True,True,both
0604200082,111422,111422,True,True,True,both
0604200084,111422,111422,True,True,True,both
0604200086,111422,111422,True,True,True,both
0604901000,113XXX,113210,False,True,True,both
0604903000,339999,339999,True,True,True,both
0604906000,339999,339999,True,True,True,both
0701100020,111211,111211,True,True,True,both
0701100040,111211,111211,True,True,True,both
0701901010,111211,111211,True,True,True,both
0701901060,111211,111211,True,True,True,both
0701905005,111211,111211,True,True,True,both
0701905017,111211,111211,True,True,True,both
0701905021,111211,111211,True,True,True,both
0701905037,311421,311421,True,True,True,both
0701905041,311421,311421,True,True,True,both
0701905043,111211,111211,True,True,True,both
0701905046,111211,111211,True,True,True,both
0701905056,111211,111211,True,True,True,both
0701905066,111211,111211,True,True,True,both
0701905076,111211,111211,True,True,True,both
0702002016,111419,111419,True,True,True,both
0702002019,111419,111419,True,True,True,both
0702002026,111419,111419,True,True,True,both
0702002032,111419,111419,True,True,True,both
0702002036,111419,111419,True,True,True,both
0702002042,111419,111419,True,True,True,both
0702002046,111219,111219,True,True,True,both
0702002052,111219,111219,True,True,True,both
0702002062,111219,111219,True,True,True,both
0702002066,111219,111219,True,True,True,both
0702002081,111219,111219,True,True,True,both
0702002092,111219,111219,True,True,True,both
0702004016,111419,111419,True,True,True,both
0702004019,111419,111419,True,True,True,both
0702004021,111419,111419,True,True,True,both
0702004023,111419,111419,True,True,True,both
0702004027,111419,111419,True,True,True,both
0702004032,111419,111419,True,True,True,both
0702004037,111219,111219,True,True,True,both
0702004041,111219,111219,True,True,True,both
0702004047,111219,111219,True,True,True,both
0702004066,111219,111219,True,True,True,both
0702004081,111219,111219,True,True,True,both
0702004092,111219,111219,True,True,True,both
0702006016,111419,111419,True,True,True,both
0702006019,111419,111419,True,True,True,both
0702006021,111419,111419,True,True,True,both
0702006023,111419,111419,True,True,True,both
0702006027,111419,111419,True,True,True,both
0702006032,111419,111419,True,True,True,both
0702006036,111219,111219,True,True,True,both
0702006039,111219,111219,True,True,True,both
0702006046,111219,111219,True,True,True,both
0702006066,111219,111219,True,True,True,both
0702006081,111219,111219,True,True,True,both
0702006092,111219,111219,True,True,True,both
0703102000,111219,111219,True,True,True,both
0703103000,111219,111219,True,True,True,both
0703104025,111219,111219,True,True,True,both
0703104045,111219,111219,True,True,True,both
0703104065,111219,111219,True,True,True,both
0703104085,111219,111219,True,True,True,both
0703200005,111219,111219,True,True,True,both
0703200015,111219,111219,True,True,True,both
0703200020,111219,111219,True,True,True,both
0703200090,111219,111219,True,True,True,both
0703900020,111219,111219,True,True,True,both
0703900040,111219,111219,True,True,True,both
0704102000,111219,111219,True,True,True,both
0704104000,111219,111219,True,True,True,both
0704106000,111219,111219,True,True,True,both
0704200000,111219,111219,True,True,True,both
0704902000,111219,111219,True,True,True,both
0704904015,111219,111219,True,True,True,both
0704904020,111219,111219,True,True,True,both
0704904022,111219,111219,True,True,True,both
0704904024,111219,111219,True,True,True,both
0704904025,111219,111219,True,True,True,both
0704904035,111219,111219,True,True,True,both
0704904045,111219,111219,True,True,True,both
0704904055,111219,111219,True,True,True,both
0705112000,111219,111219,True,True,True,both
0705114000,111219,111219,True,True,True,both
0705192000,111219,111219,True,True,True,both
0705192020,111219,111219,True,True,True,both
0705192040,111219,111219,True,True,True,both
0705192060,111219,111219,True,True,True,both
0705192080,111219,111219,True,True,True,both
0705194000,111219,111219,True,True,True,both
0705194020,111219,111219,True,True,True,both
0705194040,111219,111219,True,True,True,both
0705194060,111219,111219,True,True,True,both
0705194080,111219,111219,True,True,True,both
0705210000,111219,111219,True,True,True,both
0705290000,111219,111219,True,True,True,both
0706100500,111219,111219,True,True,True,both
0706101000,111219,111219,True,True,True,both
0706102000,111219,111219,True,True,True,both
0706104000,111219,111219,True,True,True,both
0706902000,111219,111219,True,True,True,both
0706903000,111219,111219,True,True,True,both
0706904000,111219,111219,True,True,True,both
0706904020,111219,111219,True,True,True,both
0706904040,111219,111219,True,True,True,both
0707002015,111219,111219,True,True,True,both
0707002035,111219,111219,True,True,True,both
0707002055,111219,111219,True,True,True,both
0707004015,111219,111219,True,True,True,both
0707004035,111219,111219,True,True,True,both
0707004055,111219,111219,True,True,True,both
0707005020,111419,111419,True,True,True,both
0707005030,111419,111419,True,True,True,both
0707005050,111419,111419,True,True,True,both
0707005060,111419,111419,True,True,True,both
0707005070,111219,111219,True,True,True,both
0707005080,111219,111219,True,True,True,both
0707006015,111419,111419,True,True,True,both
0707006024,111419,111419,True,True,True,both
0707006026,111419,111419,True,True,True,both
0707006028,111419,111419,True,True,True,both
0707006030,111219,111219,True,True,True,both
0707006060,111219,111219,True,True,True,both
0707006070,111219,111219,True,True,True,both
0708102000,111219,111219,True,True,True,both
0708102020,111219,111219,True,True,True,both
0708102040,111219,111219,True,True,True,both
0708102060,111219,111219,True,True,True,both
0708104000,111219,111219,True,True,True,both
0708104020,111219,111219,True,True,True,both
0708104040,111219,111219,True,True,True,both
0708104060,111219,111219,True,True,True,both
0708201000,111219,111219,True,True,True,both
0708202005,111219,111219,True,True,True,both
0708202010,111219,111219,True,True,True,both
0708209005,111219,111219,True,True,True,both
0708209010,111219,111219,True,True,True,both
0708900500,111219,111219,True,True,True,both
0708901500,111219,111219,True,True,True,both
0708902500,111219,111219,True,True,True,both
0708903000,111219,111219,True,True,True,both
0708904000,111219,111219,True,True,True,both
0709201010,111219,111219,True,True,True,both
0709201090,111219,111219,True,True,True,both
0709209010,111219,111219,True,True,True,both
0709209090,111219,111219,True,True,True,both
0709302000,111219,111219,True,True,True,both
0709304000,111219,111219,True,True,True,both
0709402000,111219,111219,True,True,True,both
0709404000,111219,111219,True,True,True,both
0709404020,111219,111219,True,True,True,both
0709404040,111219,111219,True,True,True,both
0709406000,111219,111219,True,True,True,both
0709406020,111219,111219,True,True,True,both
0709406040,111219,111219,True,True,True,both
0709510100,111411,111411,True,True,True,both
0709520500,111411,111411,True,True,True,both
0709530000,111411,111411,True,True,True,both
0709540000,111411,111411,True,True,True,both
0709550000,111411,111411,True,True,True,both
0709560000,111411,111411,True,True,True,both
0709591100,111411,111411,True,True,True,both
0709599100,111411,111411,True,True,True,both
0709602010,111219,111219,True,True,True,both
0709602020,111219,111219,True,True,True,both
0709602030,111219,111219,True,True,True,both
0709602040,111219,111219,True,True,True,both
0709602050,111219,111219,True,True,True,both
0709602060,111219,111219,True,True,True,both
0709602070,111219,111219,True,True,True,both
0709604005,111419,111419,True,True,True,both
0709604007,111419,111419,True,True,True,both
0709604009,111419,111419,True,True,True,both
0709604011,111419,111419,True,True,True,both
0709604013,111419,111419,True,True,True,both
0709604017,111419,111419,True,True,True,both
0709604022,111419,111419,True,True,True,both
0709604027,111419,111419,True,True,True,both
0709604032,111419,111419,True,True,True,both
0709604037,111419,111419,True,True,True,both
0709604055,111219,111219,True,True,True,both
0709604060,111219,111219,True,True,True,both
0709604063,111219,111219,True,True,True,both
0709604066,111219,111219,True,True,True,both
0709604069,111219,111219,True,True,True,both
0709604072,111219,111219,True,True,True,both
0709604074,111219,111219,True,True,True,both
0709604078,111219,111219,True,True,True,both
0709604081,111219,111219,True,True,True,both
0709604084,111219,111219,True,True,True,both
0709604087,111219,111219,True,True,True,both
0709604091,111219,111219,True,True,True,both
0709604095,111219,111219,True,True,True,both
0709700000,111219,111219,True,True,True,both
0709910000,111219,111219,True,True,True,both
0709920000,11133X,111339,False,True,True,both
0709931000,111219,111219,True,True,True,both
0709932020,111219,111219,True,True,True,both
0709932022,111219,111219,True,True,True,both
0709932025,111219,111219,True,True,True,both
0709932028,111219,111219,True,True,True,both
0709932030,111219,111219,True,True,True,both
0709932032,111219,111219,True,True,True,both
0709932035,111219,111219,True,True,True,both
0709932038,111219,111219,True,True,True,both
0709932055,111219,111219,True,True,True,both
0709932060,111219,111219,True,True,True,both
0709932065,111219,111219,True,True,True,both
0709932070,111219,111219,True,True,True,both
0709932075,111219,111219,True,True,True,both
0709932080,111219,111219,True,True,True,both
0709932085,111219,111219,True,True,True,both
0709932090,111219,111219,True,True,True,both
0709933000,111219,111219,True,True,True,both
0709990500,111219,111219,True,True,True,both
0709991000,111219,111219,True,True,True,both
0709991400,111219,111219,True,True,True,both
0709993000,111219,111219,True,True,True,both
0709994500,111219,111219,True,True,True,both
0709999010,111219,111219,True,True,True,both
0709999030,111219,111219,True,True,True,both
0709999080,111219,111219,True,True,True,both
0710100000,311411,311411,True,True,True,both
0710212000,311411,311411,True,True,True,both
0710214000,311411,311411,True,True,True,both
0710221000,311411,311411,True,True,True,both
0710221500,311411,311411,True,True,True,both
0710222000,311411,311411,True,True,True,both
0710222500,311411,311411,True,True,True,both
0710223700,311411,311411,True,True,True,both
0710224010,311411,311411,True,True,True,both
0710224090,311411,311411,True,True,True,both
0710290500,311411,311411,True,True,True,both
0710291500,311411,311411,True,True,True,both
0710292500,311411,311411,True,True,True,both
0710293000,311411,311411,True,True,True,both
0710294000,311411,311411,True,True,True,both
0710300000,311411,311411,True,True,True,both
0710400000,311411,311411,True,True,True,both
0710801500,311411,311411,True,True,True,both
0710802000,311411,311411,True,True,True,both
0710804000,311411,311411,True,True,True,both
0710804500,311411,311411,True,True,True,both
0710805000,311411,311411,True,True,True,both
0710806000,311411,311411,True,True,True,both
0710806500,311411,311411,True,True,True,both
0710807040,311411,311411,True,True,True,both
0710807060,311411,311411,True,True,True,both
0710808500,311411,311411,True,True,True,both
0710809300,311411,311411,True,True,True,both
0710809710,311411,311411,True,True,True,both
0710809722,311411,311411,True,True,True,both
0710809724,311411,311411,True,True,True,both
0710809726,311411,311411,True,True,True,both
0710809730,311411,311411,True,True,True,both
0710809755,311411,311411,True,True,True,both
0710809765,311411,311411,True,True,True,both
0710901100,311411,311411,True,True,True,both
0710909100,311411,311411,True,True,True,both
0711201800,11133X,111339,False,True,True,both
0711202800,11133X,111339,False,True,True,both
0711203800,11133X,111339,False,True,True,both
0711204000,311421,311421,True,True,True,both
0711400000,311421,311421,True,True,True,both
0711510000,311421,311421,True,True,True,both
0711591000,311421,311421,True,True,True,both
0711599000,311421,311421,True,True,True,both
0711902000,311421,311421,True,True,True,both
0711903000,311421,311421,True,True,True,both
0711905000,311421,311421,True,True,True,both
0711906500,311421,311421,True,True,True,both
0712202000,311942,311942,True,True,True,both
0712204000,311423,311423,True,True,True,both
0712311000,311423,311423,True,True,True,both
0712312000,311423,311423,True,True,True,both
0712320000,311423,311423,True,True,True,both
0712330000,311423,311423,True,True,True,both
0712341000,311423,311423,True,True,True,both
0712342000,311423,311423,True,True,True,both
0712391100,311423,311423,True,True,True,both
0712392100,311423,311423,True,True,True,both
0712394000,311423,311423,True,True,True,both
0712901000,311423,311423,True,True,True,both
0712901500,311423,311423,True,True,True,both
0712902000,311423,311423,True,True,True,both
0712903000,311423,311423,True,True,True,both
0712904020,311942,311942,True,True,True,both
0712904040,311423,311423,True,True,True,both
0712906000,311423,311423,True,True,True,both
0712906500,311423,311423,True,True,True,both
0712907000,311423,311423,True,True,True,both
0712907400,311211,311211,True,True,True,both
0712907800,311423,311423,True,True,True,both
0712908510,311423,311423,True,True,True,both
0712908520,311423,311423,True,True,True,both
0712908530,311423,311423,True,True,True,both
0712908540,311423,311423,True,True,True,both
0712908550,111219,111219,True,True,True,both
0712908580,311423,311423,True,True,True,both
0713101000,111130,111130,True,True,True,both
0713102000,111130,111130,True,True,True,both
0713104005,111130,111130,True,True,True,both
0713104015,111130,111130,True,True,True,both
0713104020,111130,111130,True,True,True,both
0713104060,111130,111130,True,True,True,both
0713104080,111130,111130,True,True,True,both
0713201000,111130,111130,True,True,True,both
0713202015,111130,111130,True,True,True,both
0713202025,111130,111130,True,True,True,both
0713202075,111130,111130,True,True,True,both
0713311000,111130,111130,True,True,True,both
0713312000,111130,111130,True,True,True,both
0713314000,111130,111130,True,True,True,both
0713321000,111130,111130,True,True,True,both
0713322000,111130,111130,True,True,True,both
0713331020,111130,111130,True,True,True,both
0713331040,111130,111130,True,True,True,both
0713332020,111130,111130,True,True,True,both
0713332030,111130,111130,True,True,True,both
0713332050,111130,111130,True,True,True,both
0713332090,111130,111130,True,True,True,both
0713334020,111130,111130,True,True,True,both
0713334030,111130,111130,True,True,True,both
0713334050,111130,111130,True,True,True,both
0713334090,111130,111130,True,True,True,both
0713341000,111130,111130,True,True,True,both
0713342000,111130,111130,True,True,True,both
0713344000,111130,111130,True,True,True,both
0713350000,111130,111130,True,True,True,both
0713391110,111130,111130,True,True,True,both
0713391190,111130,111130,True,True,True,both
0713392110,111130,111130,True,True,True,both
0713392120,111130,111130,True,True,True,both
0713392130,111130,111130,True,True,True,both
0713392140,111130,111130,True,True,True,both
0713392150,111130,111130,True,True,True,both
0713392160,111130,111130,True,True,True,both
0713392170,111130,111130,True,True,True,both
0713394110,111130,111130,True,True,True,both
0713394120,111130,111130,True,True,True,both
0713394130,111130,111130,True,True,True,both
0713394140,111130,111130,True,True,True,both
0713394150,111130,111130,True,True,True,both
0713394160,111130,111130,True,True,True,both
0713394170,111130,111130,True,True,True,both
0713401000,111130,111130,True,True,True,both
0713402015,111130,111130,True,True,True,both
0713402020,111130,111130,True,True,True,both
0713402035,111130,111130,True,True,True,both
0713402050,111130,111130,True,True,True,both
0713402065,111130,111130,True,True,True,both
0713402085,111130,111130,True,True,True,both
0713501000,111130,111130,True,True,True,both
0713502000,111130,111130,True,True,True,both
0713601000,111130,111130,True,True,True,both
0713606000,111130,111130,True,True,True,both
0713608000,111130,111130,True,True,True,both
0713901100,111130,111130,True,True,True,both
0713905000,111130,111130,True,True,True,both
0713906100,111130,111130,True,True,True,both
0713908100,111130,111130,True,True,True,both
0714101000,111130,111130,True,True,True,both
0714102000,111998,111998,True,True,True,both
0714201000,311411,311411,True,True,True,both
0714202000,111211,111211,True,True,True,both
0714301000,111211,111211,True,True,True,both
0714302000,311411,311411,True,True,True,both
0714305000,311423,311423,True,True,True,both
0714306000,311423,311423,True,True,True,both
0714401001,111998,111998,True,True,True,both
0714402000,311411,311411,True,True,True,both
0714405000,311423,311423,True,True,True,both
0714406000,311423,311423,True,True,True,both
0714501000,111219,111219,True,True,True,both
0714502000,311411,311411,True,True,True,both
0714505000,311423,311423,True,True,True,both
0714506000,311423,311423,True,True,True,both
0714900500,111219,111219,True,True,True,both
0714903900,111219,111219,True,True,True,both
0714904100,311411,311411,True,True,True,both
0714904200,311411,311411,True,True,True,both
0714904400,311411,311411,True,True,True,both
0714904600,311411,311411,True,True,True,both
0714904800,311423,311423,True,True,True,both
0714905100,311423,311423,True,True,True,both
0714906100,311423,311423,True,True,True,both
0801110000,311999,311999,True,True,True,both
0801120000,11133X,111335,False,True,True,both
0801190120,11133X,111335,False,True,True,both
0801190140,11133X,111335,False,True,True,both
0801210000,11133X,111335,False,True,True,both
0801220000,11133X,111335,False,True,True,both
0801310000,11133X,111335,False,True,True,both
0801320000,11133X,111335,False,True,True,both
0802110000,11133X,111335,False,True,True,both
0802120005,11133X,111335,False,True,True,both
0802120015,11133X,111335,False,True,True,both
0802210000,11133X,111335,False,True,True,both
0802220000,11133X,111335,False,True,True,both
0802310000,11133X,111335,False,True,True,both
0802320000,11133X,111335,False,True,True,both
0802410000,11133X,111335,False,True,True,both
0802420000,11133X,111335,False,True,True,both
0802510000,11133X,111335,False,True,True,both
0802520000,11133X,111335,False,True,True,both
0802610000,11133X,111335,False,True,True,both
0802620000,11133X,111335,False,True,True,both
0802701000,11133X,111335,False,True,True,both
0802702000,11133X,111335,False,True,True,both
0802801000,11133X,111335,False,True,True,both
0802802000,11133X,111335,False,True,True,both
0802911000,11133X,111335,False,True,True,both
0802919000,11133X,111335,False,True,True,both
0802921000,115XXX,115114,False,True,True,both
0802929000,115XXX,115114,False,True,True,both
0802991000,11133X,111335,False,True,True,both
0802991500,115XXX,115114,False,True,True,both
0802998200,11133X,111335,False,True,True,both
0802999800,115XXX,115114,False,True,True,both
0803101000,11133X,111339,False,True,True,both
0803102000,311423,311423,True,True,True,both
0803900025,11133X,111339,False,True,True,both
0803900035,11133X,111339,False,True,True,both
0803900045,311423,311423,True,True,True,both
0804102010,11133X,111339,False,True,True,both
0804102090,11133X,111339,False,True,True,both
0804104000,11133X,111339,False,True,True,both
0804106000,11133X,111339,False,True,True,both
0804108000,11133X,111339,False,True,True,both
0804204000,11133X,111339,False,True,True,both
0804206000,11133X,111339,False,True,True,both
0804208000,11133X,111339,False,True,True,both
0804302000,11133X,111339,False,True,True,both
0804304000,11133X,111339,False,True,True,both
0804306000,11133X,111339,False,True,True,both
0804400020,11133X,111339,False,True,True,both
0804400040,11133X,111339,False,True,True,both
0804400090,11133X,111339,False,True,True,both
0804504045,11133X,111339,False,True,True,both
0804504055,11133X,111339,False,True,True,both
0804504065,11133X,111339,False,True,True,both
0804504075,11133X,111339,False,True,True,both
0804504080,11133X,111339,False,True,True,both
0804506045,11133X,111339,False,True,True,both
0804506055,11133X,111339,False,True,True,both
0804506065,11133X,111339,False,True,True,both
0804506075,11133X,111339,False,True,True,both
0804506080,11133X,111339,False,True,True,both
0804508010,311423,311423,True,True,True,both
0804508090,311423,311423,True,True,True,both
0805100020,111310,111310,True,True,True,both
0805100040,111310,111310,True,True,True,both
0805210010,111320,111320,True,True,True,both
0805210090,111320,111320,True,True,True,both
0805220000,111320,111320,True,True,True,both
0805290000,111320,111320,True,True,True,both
0805404000,111320,111320,True,True,True,both
0805406000,111320,111320,True,True,True,both
0805408000,111320,111320,True,True,True,both
0805502010,111320,111320,True,True,True,both
0805502050,111320,111320,True,True,True,both
0805503000,111320,111320,True,True,True,both
0805503020,111320,111320,True,True,True,both
0805503040,111320,111320,True,True,True,both
0805504000,111320,111320,True,True,True,both
0805900100,111320,111320,True,True,True,both
0806102005,11133X,111332,False,True,True,both
0806102015,11133X,111332,False,True,True,both
0806102025,11133X,111332,False,True,True,both
0806102035,11133X,111332,False,True,True,both
0806102045,11133X,111332,False,True,True,both
0806104005,11133X,111332,False,True,True,both
0806104015,11133X,111332,False,True,True,both
0806104025,11133X,111332,False,True,True,both
0806104035,11133X,111332,False,True,True,both
0806104045,11133X,111332,False,True,True,both
0806106005,11133X,111332,False,True,True,both
0806106015,11133X,111332,False,True,True,both
0806106025,11133X,111332,False,True,True,both
0806106035,11133X,111332,False,True,True,both
0806106045,11133X,111332,False,True,True,both
0806201010,311423,311423,True,True,True,both
0806201020,311423,311423,True,True,True,both
0806201090,311423,311423,True,True,True,both
0806202000,311423,311423,True,True,True,both
0806209000,311423,311423,True,True,True,both
0807113010,111219,111219,True,True,True,both
0807113090,111219,111219,True,True,True,both
0807114010,111219,111219,True,True,True,both
0807114090,111219,111219,True,True,True,both
0807191000,111219,111219,True,True,True,both
0807192000,111219,111219,True,True,True,both
0807195000,111219,111219,True,True,True,both
0807196000,111219,111219,True,True,True,both
0807197000,111219,111219,True,True,True,both
0807197020,111219,111219,True,True,True,both
0807197040,111219,111219,True,True,True,both
0807198000,111219,111219,True,True,True,both
0807198020,111219,111219,True,True,True,both
0807198040,111219,111219,True,True,True,both
0807200000,11133X,111339,False,True,True,both
0808100030,11133X,111331,False,True,True,both
0808100045,11133X,111331,False,True,True,both
0808100065,11133X,111331,False,True,True,both
0808302015,11133X,111339,False,True,True,both
0808302025,11133X,111339,False,True,True,both
0808304015,11133X,111339,False,True,True,both
0808304025,11133X,111339,False,True,True,both
0808402015,11133X,111339,False,True,True,both
0808402025,11133X,111339,False,True,True,both
0808404015,11133X,111339,False,True,True,both
0808404025,11133X,111339,False,True,True,both
0809100000,11133X,111339,False,True,True,both
0809210000,11133X,111339,False,True,True,both
0809290000,11133X,111339,False,True,True,both
0809302000,11133X,111339,False,True,True,both
0809304010,11133X,111339,False,True,True,both
0809304090,11133X,111339,False,True,True,both
0809402000,11133X,111339,False,True,True,both
0809404000,11133X,111339,False,True,True,both
0810102010,11133X,111333,False,True,True,both
0810102090,11133X,111333,False,True,True,both
0810104010,11133X,111333,False,True,True,both
0810104090,11133X,111333,False,True,True,both
0810201023,11133X,111334,False,True,True,both
0810201028,11133X,111334,False,True,True,both
0810201030,11133X,111334,False,True,True,both
0810201035,11133X,111334,False,True,True,both
0810201040,11133X,111334,False,True,True,both
0810209022,11133X,111334,False,True,True,both
0810209024,11133X,111334,False,True,True,both
0810209045,11133X,111334,False,True,True,both
0810209060,11133X,111334,False,True,True,both
0810209090,11133X,111334,False,True,True,both
0810300000,11133X,111334,False,True,True,both
0810400024,11133X,111334,False,True,True,both
0810400026,11133X,111334,False,True,True,both
0810400029,11133X,111334,False,True,True,both
0810400030,11133X,111334,False,True,True,both
0810400040,11133X,111334,False,True,True,both
0810500000,11133X,111339,False,True,True,both
0810600000,11133X,111339,False,True,True,both
0810700000,11133X,111334,False,True,True,both
0810902730,11133X,111339,False,True,True,both
0810902760,11133X,111334,False,True,True,both
0810904610,11133X,111339,False,True,True,both
0810904620,11133X,111339,False,True,True,both
0810904630,11133X,111339,False,True,True,both
0810904640,11133X,111339,False,True,True,both
0810904650,11133X,111339,False,True,True,both
0810904660,11133X,111339,False,True,True,both
0810904670,11133X,111339,False,True,True,both
0810904680,11133X,111339,False,True,True,both
0811100020,311411,311411,True,True,True,both
0811100050,311411,311411,True,True,True,both
0811100060,311411,311411,True,True,True,both
0811100070,311411,311411,True,True,True,both
0811202025,311411,311411,True,True,True,both
0811202035,311411,311411,True,True,True,both
0811202040,311411,311411,True,True,True,both
0811204030,311411,311411,True,True,True,both
0811204090,311411,311411,True,True,True,both
0811901000,311411,311411,True,True,True,both
0811902024,311411,311411,True,True,True,both
0811902030,311411,311411,True,True,True,both
0811902040,311411,311411,True,True,True,both
0811902200,311411,311411,True,True,True,both
0811902500,311411,311411,True,True,True,both
0811903000,311411,311411,True,True,True,both
0811903500,311411,311411,True,True,True,both
0811904000,311411,311411,True,True,True,both
0811905000,311411,311411,True,True,True,both
0811905200,311411,311411,True,True,True,both
0811905500,311411,311411,True,True,True,both
0811908040,311411,311411,True,True,True,both
0811908060,311411,311411,True,True,True,both
0811908085,311411,311411,True,True,True,both
0811908095,311411,311411,True,True,True,both
0812100000,311421,311421,True,True,True,both
0812901000,311421,311421,True,True,True,both
0812902000,311421,311421,True,True,True,both
0812903000,311421,311421,True,True,True,both
0812904000,311421,311421,True,True,True,both
0812905000,311421,311421,True,True,True,both
0812909000,311421,311421,True,True,True,both
0813100000,311423,311423,True,True,True,both
0813201000,311423,311423,True,True,True,both
0813202010,311423,311423,True,True,True,both
0813202090,311423,311423,True,True,True,both
0813300000,311423,311423,True,True,True,both
0813401000,311423,311423,True,True,True,both
0813401500,311423,311423,True,True,True,both
0813402010,311423,311423,True,True,True,both
0813402020,311423,311423,True,True,True,both
0813402060,311423,311423,True,True,True,both
0813403010,311423,311423,True,True,True,both
0813403090,311423,311423,True,True,True,both
0813404000,311423,311423,True,True,True,both
0813408000,311423,311423,True,True,True,both
0813409000,311423,311423,True,True,True,both
0813500020,311423,311423,True,True,True,both
0813500040,11133X,111335,False,True,True,both
0813500060,311423,311423,True,True,True,both
0814001000,311423,311423,True,True,True,both
0814004000,311423,311423,True,True,True,both
0814008000,311423,311423,True,True,True,both
0901110015,11133X,111339,False,True,True,both
0901110025,11133X,111339,False,True,True,both
0901110045,11133X,111339,False,True,True,both
0901110055,11133X,111339,False,True,True,both
0901120015,311920,311920,True,True,True,both
0901120025,311920,311920,True,True,True,both
0901210035,311920,311920,True,True,True,both
0901210045,311920,311920,True,True,True,both
0901210055,311920,311920,True,True,True,both
0901210065,311920,311920,True,True,True,both
0901220035,311920,311920,True,True,True,both
0901220045,311920,311920,True,True,True,both
0901220060,311920,311920,True,True,True,both
0901901000,910000,910000,True,True,True,both
0901902000,311920,311920,True,True,True,both
0902101015,311920,311920,True,True,True,both
0902101050,311920,311920,True,True,True,both
0902109015,311920,311920,True,True,True,both
0902109050,311920,311920,True,True,True,both
0902201000,311920,311920,True,True,True,both
0902209015,311920,311920,True,True,True,both
0902209050,311920,311920,True,True,True,both
0902300015,311920,311920,True,True,True,both
0902300050,311920,311920,True,True,True,both
0902300090,311920,311920,True,True,True,both
0902400000,311920,311920,True,True,True,both
0903000000,311920,311920,True,True,True,both
0904110020,311942,311942,True,True,True,both
0904110040,311942,311942,True,True,True,both
0904120000,311942,311942,True,True,True,both
0904212000,311942,311942,True,True,True,both
0904214000,311942,311942,True,True,True,both
0904216010,311942,311942,True,True,True,both
0904216020,311942,311942,True,True,True,both
0904216090,311942,311942,True,True,True,both
0904218000,311942,311942,True,True,True,both
0904222000,311942,311942,True,True,True,both
0904224000,311942,311942,True,True,True,both
0904227300,311942,311942,True,True,True,both
0904227600,311942,311942,True,True,True,both
0904228000,311942,311942,True,True,True,both
0905100000,11133X,111339,False,True,True,both
0905200000,11133X,111339,False,True,True,both
0906110000,111998,111998,True,True,True,both
0906190000,111998,111998,True,True,True,both
0906200000,311942,311942,True,True,True,both
0907100000,311942,311942,True,True,True,both
0907200000,311942,311942,True,True,True,both
0908110000,311942,311942,True,True,True,both
0908120000,311942,311942,True,True,True,both
0908210000,311942,311942,True,True,True,both
0908222000,311942,311942,True,True,True,both
0908224000,311942,311942,True,True,True,both
0908310000,311942,311942,True,True,True,both
0908320000,311942,311942,True,True,True,both
0909210000,311942,311942,True,True,True,both
0909220000,311942,311942,True,True,True,both
0909310000,311942,311942,True,True,True,both
0909320000,311942,311942,True,True,True,both
0909610000,311942,311942,True,True,True,both
0909620000,311942,311942,True,True,True,both
0910110010,311942,311942,True,True,True,both
0910110015,311942,311942,True,True,True,both
0910120000,311942,311942,True,True,True,both
0910200000,311942,311942,True,True,True,both
0910300000,311942,311942,True,True,True,both
0910910000,311942,311942,True,True,True,both
0910990500,111998,111998,True,True,True,both
0910990600,311942,311942,True,True,True,both
0910990700,311942,311942,True,True,True,both
0910991000,311942,311942,True,True,True,both
0910992000,111998,111998,True,True,True,both
0910994000,311942,311942,True,True,True,both
0910995000,311942,311942,True,True,True,both
0910996000,311942,311942,True,True,True,both
1001110000,111140,111140,True,True,True,both
1001190025,111140,111140,True,True,True,both
1001190051,111140,111140,True,True,True,both
1001190053,111140,111140,True,True,True,both
1001190069,111140,111140,True,True,True,both
1001910000,111140,111140,True,True,True,both
1001990005,111140,111140,True,True,True,both
1001990007,111140,111140,True,True,True,both
1001990009,111140,111140,True,True,True,both
1001990010,111140,111140,True,True,True,both
1001990017,111140,111140,True,True,True,both
1001990018,111140,111140,True,True,True,both
1001990027,111140,111140,True,True,True,both
1001990030,111140,111140,True,True,True,both
1001990033,111140,111140,True,True,True,both
1001990036,111140,111140,True,True,True,both
1001990045,111140,111140,True,True,True,both
1001990055,111140,111140,True,True,True,both
1001990065,111140,111140,True,True,True,both
1001990097,111140,111140,True,True,True,both
1002100010,11119X,111199,False,True,True,both
1002100090,11119X,111199,False,True,True,both
1002900000,11119X,111199,False,True,True,both
1003100000,11119X,111199,False,True,True,both
1003902000,11119X,111199,False,True,True,both
1003904020,11119X,111199,False,True,True,both
1003904030,11119X,111199,False,True,True,both
1004100000,11119X,111199,False,True,True,both
1004900010,11119X,111199,False,True,True,both
1004900090,11119X,111199,False,True,True,both
1005100010,111150,111150,True,True,True,both
1005100090,111150,111150,True,True,True,both
1005902015,111150,111150,True,True,True,both
1005902025,111150,111150,True,True,True,both
1005904040,311999,311999,True,True,True,both
1005904060,111150,111150,True,True,True,both
1006100000,111160,111160,True,True,True,both
1006202010,311212,311212,True,True,True,both
1006202090,311212,311212,True,True,True,both
1006204025,311212,311212,True,True,True,both
1006204035,311212,311212,True,True,True,both
1006204040,311212,311212,True,True,True,both
1006204060,311212,311212,True,True,True,both
1006204080,311212,311212,True,True,True,both
1006301020,311212,311212,True,True,True,both
1006301040,311212,311212,True,True,True,both
1006309015,311212,311212,True,True,True,both
1006309057,311212,311212,True,True,True,both
1006309059,311212,311212,True,True,True,both
1006309061,311212,311212,True,True,True,both
1006309065,311212,311212,True,True,True,both
1006309075,311212,311212,True,True,True,both
1006309085,311212,311212,True,True,True,both
1006400000,311212,311212,True,True,True,both
1007100000,11119X,111199,False,True,True,both
1007900000,11119X,111199,False,True,True,both
1008100000,11119X,111199,False,True,True,both
1008210000,11119X,111199,False,True,True,both
1008290000,11119X,111199,False,True,True,both
1008300000,11119X,111199,False,True,True,both
1008400000,11119X,111199,False,True,True,both
1008500010,11119X,111199,False,True,True,both
1008500090,11119X,111199,False,True,True,both
1008600000,11119X,111199,False,True,True,both
1008900120,11119X,111199,False,True,True,both
1008900140,11119X,111199,False,True,True,both
1101000010,311211,311211,True,True,True,both
1101000020,311211,311211,True,True,True,both
1101000030,311211,311211,True,True,True,both
1101000050,311211,311211,True,True,True,both
1101000060,311211,311211,True,True,True,both
1102200000,311211,311211,True,True,True,both
1102902000,311211,311211,True,True,True,both
1102902500,311212,311212,True,True,True,both
1102902700,311211,311211,True,True,True,both
1102903000,311211,311211,True,True,True,both
1102906000,311211,311211,True,True,True,both
1103110020,311211,311211,True,True,True,both
1103110040,311211,311211,True,True,True,both
1103130020,311211,311211,True,True,True,both
1103130060,311211,311211,True,True,True,both
1103191200,311211,311211,True,True,True,both
1103191400,311212,311212,True,True,True,both
1103199000,311211,311211,True,True,True,both
1103200010,311211,311211,True,True,True,both
1103200090,311211,311211,True,True,True,both
1104120000,311211,311211,True,True,True,both
1104191000,311211,311211,True,True,True,both
1104199000,311211,311211,True,True,True,both
1104220000,311211,311211,True,True,True,both
1104230000,311211,311211,True,True,True,both
1104291000,311211,311211,True,True,True,both
1104299000,311211,311211,True,True,True,both
1104300000,311211,311211,True,True,True,both
1105100000,311211,311211,True,True,True,both
1105200000,311423,311423,True,True,True,both
1106100000,311211,311211,True,True,True,both
1106201000,311211,311211,True,True,True,both
1106209000,311211,311211,True,True,True,both
1106302000,311211,311211,True,True,True,both
1106304000,311211,311211,True,True,True,both
1107100000,311213,311213,True,True,True,both
1107200000,311213,311213,True,True,True,both
1108110010,311221,311221,True,True,True,both
1108110090,311221,311221,True,True,True,both
1108120010,311221,311221,True,True,True,both
1108120090,311221,311221,True,True,True,both
1108130010,311221,311221,True,True,True,both
1108130090,311221,311221,True,True,True,both
1108140000,311221,311221,True,True,True,both
1108190010,311221,311221,True,True,True,both
1108190090,311221,311221,True,True,True,both
1108200000,311221,311221,True,True,True,both
1109001000,311211,311211,True,True,True,both
1109009000,311211,311211,True,True,True,both
1109009010,311211,311211,True,True,True,both
1109009020,311211,311211,True,True,True,both
1201100000,111110,111110,True,True,True,both
1201900005,111110,111110,True,True,True,both
1201900010,111110,111110,True,True,True,both
1201900090,111110,111110,True,True,True,both
1202300500,111992,111992,True,True,True,both
1202304000,111992,111992,True,True,True,both
1202308000,111992,111992,True,True,True,both
1202410520,111992,111992,True,True,True,both
1202410540,111992,111992,True,True,True,both
1202414020,111992,111992,True,True,True,both
1202414040,111992,111992,True,True,True,both
1202418020,111992,111992,True,True,True,both
1202418040,111992,111992,True,True,True,both
1202421020,311911,311911,True,True,True,both
1202421040,311911,311911,True,True,True,both
1202421520,311911,311911,True,True,True,both
1202421540,311911,311911,True,True,True,both
1202422020,311911,311911,True,True,True,both
1202422040,311911,311911,True,True,True,both
1202425020,111992,111992,True,True,True,both
1202425040,111992,111992,True,True,True,both
1202426020,111992,111992,True,True,True,both
1202426040,111992,111992,True,True,True,both
1202429020,111992,111992,True,True,True,both
1202429040,111992,111992,True,True,True,both
1203000000,11133X,111335,False,True,True,both
1204000010,111120,111120,True,True,True,both
1204000025,111120,111120,True,True,True,both
1204000035,111120,111120,True,True,True,both
1204000055,111120,111120,True,True,True,both
1204000075,111120,111120,True,True,True,both
1205100010,111120,111120,True,True,True,both
1205100020,111120,111120,True,True,True,both
1205100090,111120,111120,True,True,True,both
1205900010,111120,111120,True,True,True,both
1205900020,111120,111120,True,True,True,both
1205900090,111120,111120,True,True,True,both
1206000020,111120,111120,True,True,True,both
1206000031,111120,111120,True,True,True,both
1206000065,111120,111120,True,True,True,both
1206000070,111120,111120,True,True,True,both
1206000075,111120,111120,True,True,True,both
1206000080,111120,111120,True,True,True,both
1206000090,111120,111120,True,True,True,both
1207100000,11133X,111335,False,True,True,both
1207210000,111920,111920,True,True,True,both
1207290000,111920,111920,True,True,True,both
1207300000,111120,111120,True,True,True,both
1207400010,111120,111120,True,True,True,both
1207400090,111120,111120,True,True,True,both
1207500000,111120,111120,True,True,True,both
1207600000,111120,111120,True,True,True,both
1207700020,111219,111219,True,True,True,both
1207700040,111219,111219,True,True,True,both
1207700075,111219,111219,True,True,True,both
1207910000,111120,111120,True,True,True,both
1207990310,111120,111120,True,True,True,both
1207990340,111120,111120,True,True,True,both
1207990360,111120,111120,True,True,True,both
1207990391,111120,111120,True,True,True,both
1208100010,311224,311224,True,True,True,both
1208100090,311224,311224,True,True,True,both
1208900000,311224,311224,True,True,True,both
1209100000,111991,111991,True,True,True,both
1209210020,111998,111998,True,True,True,both
1209210040,111998,111998,True,True,True,both
1209222000,111998,111998,True,True,True,both
1209224020,111998,111998,True,True,True,both
1209224030,111998,111998,True,True,True,both
1209224041,111998,111998,True,True,True,both
1209224049,111998,111998,True,True,True,both
1209224060,111998,111998,True,True,True,both
1209224095,111998,111998,True,True,True,both
1209230020,111998,111998,True,True,True,both
1209230031,111998,111998,True,True,True,both
1209230039,111998,111998,True,True,True,both
1209230060,111998,111998,True,True,True,both
1209230090,111998,111998,True,True,True,both
1209240000,111998,111998,True,True,True,both
1209250020,111998,111998,True,True,True,both
1209250040,111998,111998,True,True,True,both
1209291000,111219,111219,True,True,True,both
1209299120,111998,111998,True,True,True,both
1209299125,111998,111998,True,True,True,both
1209299126,111998,111998,True,True,True,both
1209299130,111998,111998,True,True,True,both
1209299136,111998,111998,True,True,True,both
1209299137,111998,111998,True,True,True,both
1209299138,111998,111998,True,True,True,both
1209299140,111998,111998,True,True,True,both
1209299160,111998,111998,True,True,True,both
1209299171,111998,111998,True,True,True,both
1209299174,111998,111998,True,True,True,both
1209299176,111998,111998,True,True,True,both
1209299179,111998,111998,True,True,True,both
1209299196,111998,111998,True,True,True,both
1209300010,111422,111422,True,True,True,both
1209300090,111422,111422,True,True,True,both
1209911000,111219,111219,True,True,True,both
1209912000,111219,111219,True,True,True,both
1209914000,111219,111219,True,True,True,both
1209915000,111219,111219,True,True,True,both
1209916010,111219,111219,True,True,True,both
1209916090,111219,111219,True,True,True,both
1209918005,111219,111219,True,True,True,both
1209918008,111219,111219,True,True,True,both
1209918009,111219,111219,True,True,True,both
1209918010,111219,111219,True,True,True,both
1209918020,111219,111219,True,True,True,both
1209918030,111219,111219,True,True,True,both
1209918040,111219,111219,True,True,True,both
1209918045,111219,111219,True,True,True,both
1209918047,111219,111219,True,True,True,both
1209918050,111219,111219,True,True,True,both
1209918054,111219,111219,True,True,True,both
1209918055,111219,111219,True,True,True,both
1209918060,111219,111219,True,True,True,both
1209918070,111219,111219,True,True,True,both
1209918074,111219,111219,True,True,True,both
1209918090,111219,111219,True,True,True,both
1209992000,111421,111421,True,True,True,both
1209994170,111910,111910,True,True,True,both
1209994190,111421,111421,True,True,True,both
1210100000,111998,111998,True,True,True,both
1210200020,111998,111998,True,True,True,both
1210200040,111998,111998,True,True,True,both
1211201020,111219,111219,True,True,True,both
1211201090,113XXX,113210,False,True,True,both
1211201500,311421,311421,True,True,True,both
1211300000,111998,111998,True,True,True,both
1211400000,111998,111998,True,True,True,both
1211500000,111998,111998,True,True,True,both
1211600000,111998,111998,True,True,True,both
1211902000,111998,111998,True,True,True,both
1211904020,311920,311920,True,True,True,both
1211904040,111998,111998,True,True,True,both
1211906000,111998,111998,True,True,True,both
1211908920,111998,111998,True,True,True,both
1211908931,325411,325411,True,True,True,both
1211908940,111998,111998,True,True,True,both
1211908950,111998,111998,True,True,True,both
1211908980,311920,311920,True,True,True,both
1211908990,11133X,111339,False,True,True,both
1211909300,311421,311421,True,True,True,both
1212210000,114XXX,114119,False,True,True,both
1212290000,114XXX,114119,False,True,True,both
1212910000,111991,111991,True,True,True,both
1212920000,111998,111998,True,True,True,both
1212930000,111930,111930,True,True,True,both
1212940000,111998,111998,True,True,True,both
1212992000,11133X,111339,False,True,True,both
1212993000,11133X,111339,False,True,True,both
1212999200,111998,111998,True,True,True,both
1213000000,111998,111998,True,True,True,both
1214100010,311119,311119,True,True,True,both
1214100015,311119,311119,True,True,True,both
1214100030,311119,311119,True,True,True,both
1214100050,311119,311119,True,True,True,both
1214100060,311119,311119,True,True,True,both
1214900010,111940,111940,True,True,True,both
1214900018,111940,111940,True,True,True,both
1214900025,111940,111940,True,True,True,both
1214900030,111940,111940,True,True,True,both
1214900090,111998,111998,True,True,True,both
1301200000,113XXX,113210,False,True,True,both
1301904000,113XXX,113210,False,True,True,both
1301909105,113XXX,113210,False,True,True,both
1301909110,113XXX,113210,False,True,True,both
1301909120,113XXX,113210,False,True,True,both
1301909130,113XXX,113210,False,True,True,both
1301909140,113XXX,113210,False,True,True,both
1301909190,113XXX,113210,False,True,True,both
1302110000,113XXX,113210,False,True,True,both
1302120000,113XXX,113210,False,True,True,both
1302130000,311942,311942,True,True,True,both
1302140100,113XXX,113210,False,True,True,both
1302192100,113XXX,113210,False,True,True,both
1302194120,325411,325411,True,True,True,both
1302194140,113XXX,113210,False,True,True,both
1302199120,113XXX,113210,False,True,True,both
1302199140,113XXX,113210,False,True,True,both
1302200000,311999,311999,True,True,True,both
1302310000,325411,325411,True,True,True,both
1302320020,311999,311999,True,True,True,both
1302320040,311999,311999,True,True,True,both
1302390010,311999,311999,True,True,True,both
1302390090,311999,311999,True,True,True,both
1401100000,113XXX,113210,False,True,True,both
1401202010,113XXX,113210,False,True,True,both
1401202090,113XXX,113210,False,True,True,both
1401204000,113XXX,113210,False,True,True,both
1401902000,113XXX,113210,False,True,True,both
1401904000,113XXX,113210,False,True,True,both
1404200000,311224,311224,True,True,True,both
1404901000,113XXX,113210,False,True,True,both
1404902000,11119X,111199,False,True,True,both
1404903000,113XXX,113210,False,True,True,both
1404904000,113XXX,113210,False,True,True,both
1404909020,111998,111998,True,True,True,both
1404909040,111998,111998,True,True,True,both
1404909090,111998,111998,True,True,True,both
1501100000,311611,311611,True,True,True,both
1501200040,311613,311613,True,True,True,both
1501200060,311613,311613,True,True,True,both
1501200080,311613,311613,True,True,True,both
1501900000,311613,311613,True,True,True,both
1502100020,311611,311611,True,True,True,both
1502100040,311613,311613,True,True,True,both
1502900000,311611,311611,True,True,True,both
1503000000,311613,311613,True,True,True,both
1504102000,114XXX,114111,False,True,True,both
1504104000,114XXX,114111,False,True,True,both
1504202000,114XXX,114111,False,True,True,both
1504204000,114XXX,114111,False,True,True,both
1504206020,114XXX,114111,False,True,True,both
1504206040,114XXX,114111,False,True,True,both
1504300000,114XXX,114111,False,True,True,both
1505001000,313110,313110,True,True,True,both
1505009000,325199,325199,True,True,True,both
1506000000,311613,311613,True,True,True,both
1507100000,311224,311224,True,True,True,both
1507902000,311225,311225,True,True,True,both
1507904020,311224,311224,True,True,True,both
1507904040,311225,311225,True,True,True,both
1508100000,311224,311224,True,True,True,both
1508900000,311224,311224,True,True,True,both
1509202030,311224,311224,True,True,True,both
1509202090,311224,311224,True,True,True,both
1509209030,311224,311224,True,True,True,both
1509209090,311224,311224,True,True,True,both
1509302030,311224,311224,True,True,True,both
1509302090,311224,311224,True,True,True,both
1509309030,311224,311224,True,True,True,both
1509309090,311224,311224,True,True,True,both
1509402030,311224,311224,True,True,True,both
1509402090,311224,311224,True,True,True,both
1509409030,311224,311224,True,True,True,both
1509409090,311224,311224,True,True,True,both
1509902000,311224,311224,True,True,True,both
1509904000,311224,311224,True,True,True,both
1510101000,311224,311224,True,True,True,both
1510109000,311224,311224,True,True,True,both
1510901000,311224,311224,True,True,True,both
1510902000,311224,311224,True,True,True,both
1510909000,311224,311224,True,True,True,both
1511100000,311224,311224,True,True,True,both
1511900000,311224,311224,True,True,True,both
1512110025,311224,311224,True,True,True,both
1512110035,311224,311224,True,True,True,both
1512110040,311224,311224,True,True,True,both
1512190025,311224,311224,True,True,True,both
1512190035,311224,311224,True,True,True,both
1512190040,311224,311224,True,True,True,both
1512210000,311224,311224,True,True,True,both
1512290020,311224,311224,True,True,True,both
1512290040,311225,311225,True,True,True,both
1513110000,311224,311224,True,True,True,both
1513190000,311224,311224,True,True,True,both
1513210000,311224,311224,True,True,True,both
1513290000,311224,311224,True,True,True,both
1514110000,311224,311224,True,True,True,both
1514190000,311224,311224,True,True,True,both
1514911000,311224,311224,True,True,True,both
1514919010,311224,311224,True,True,True,both
1514919020,311224,311224,True,True,True,both
1514991000,311224,311224,True,True,True,both
1514995010,311224,311224,True,True,True,both
1514995020,311224,311224,True,True,True,both
1514999010,311224,311224,True,True,True,both
1514999020,311224,311224,True,True,True,both
1515110000,311224,311224,True,True,True,both
1515190000,311224,311224,True,True,True,both
1515210000,311221,311221,True,True,True,both
1515290020,311221,311221,True,True,True,both
1515290040,311221,311221,True,True,True,both
1515300000,311224,311224,True,True,True,both
1515500000,311224,311224,True,True,True,both
1515600500,311224,311224,True,True,True,both
1515902100,311224,311224,True,True,True,both
1515906000,311224,311224,True,True,True,both
1515908110,311224,311224,True,True,True,both
1515908190,311224,311224,True,True,True,both
1516100000,311225,311225,True,True,True,both
1516201000,311225,311225,True,True,True,both
1516209100,311225,311225,True,True,True,both
1516300000,311225,311225,True,True,True,both
1517100000,311225,311225,True,True,True,both
1517901020,311225,311225,True,True,True,both
1517901040,311225,311225,True,True,True,both
1517901060,311225,311225,True,True,True,both
1517901080,311225,311225,True,True,True,both
1517902020,311225,311225,True,True,True,both
1517902040,311225,311225,True,True,True,both
1517902060,311225,311225,True,True,True,both
1517902080,311225,311225,True,True,True,both
1517904500,311225,311225,True,True,True,both
1517905000,311225,311225,True,True,True,both
1517906000,311225,311225,True,True,True,both
1517909015,311225,311225,True,True,True,both
1517909025,311225,311225,True,True,True,both
1517909085,311225,311225,True,True,True,both
1517909090,311225,311225,True,True,True,both
1518002000,311224,311224,True,True,True,both
1518004000,311613,311613,True,True,True,both
1520000000,325611,325611,True,True,True,both
1521100020,32599X,325998,False,True,True,both
1521100040,32599X,325998,False,True,True,both
1521100060,32599X,325998,False,True,True,both
1521902000,325612,325612,True,True,True,both
1521904000,325612,325612,True,True,True,both
1522000000,325613,325613,True,True,True,both
1601002010,311611,311611,True,True,True,both
1601002090,311611,311611,True,True,True,both
1601004010,311611,311611,True,True,True,both
1601004090,311611,311611,True,True,True,both
1601006020,311611,311611,True,True,True,both
1601006060,311611,311611,True,True,True,both
1601006080,311611,311611,True,True,True,both
1602101000,311611,311611,True,True,True,both
1602105060,311611,311611,True,True,True,both
1602105080,311611,311611,True,True,True,both
1602202000,311615,311615,True,True,True,both
1602204000,311611,311611,True,True,True,both
1602310020,311615,311615,True,True,True,both
1602310040,311615,311615,True,True,True,both
1602320010,311615,311615,True,True,True,both
1602320030,311615,311615,True,True,True,both
1602320040,311615,311615,True,True,True,both
1602390015,311615,311615,True,True,True,both
1602390035,311615,311615,True,True,True,both
1602390045,311615,311615,True,True,True,both
1602411000,311611,311611,True,True,True,both
1602412020,311611,311611,True,True,True,both
1602412040,311611,311611,True,True,True,both
1602419000,311611,311611,True,True,True,both
1602422020,311611,311611,True,True,True,both
1602422040,311611,311611,True,True,True,both
1602424000,311611,311611,True,True,True,both
1602491000,311611,311611,True,True,True,both
1602492000,311611,311611,True,True,True,both
1602494000,311611,311611,True,True,True,both
1602496000,311611,311611,True,True,True,both
1602499000,311611,311611,True,True,True,both
1602500500,311611,311611,True,True,True,both
1602500720,311611,311611,True,True,True,both
1602500740,311611,311611,True,True,True,both
1602500800,311611,311611,True,True,True,both
1602502120,311611,311611,True,True,True,both
1602502140,311611,311611,True,True,True,both
1602506000,311611,311611,True,True,True,both
1602509020,311611,311611,True,True,True,both
1602509040,311611,311611,True,True,True,both
1602901000,311612,311612,True,True,True,both
1602909160,311611,311611,True,True,True,both
1602909180,311611,311611,True,True,True,both
1603001000,311710,311710,True,True,True,both
1603009010,311611,311611,True,True,True,both
1603009090,311710,311710,True,True,True,both
1604112020,311710,311710,True,True,True,both
1604112030,311710,311710,True,True,True,both
1604112090,311710,311710,True,True,True,both
1604114010,311710,311710,True,True,True,both
1604114020,311710,311710,True,True,True,both
1604114030,311710,311710,True,True,True,both
1604114040,311710,311710,True,True,True,both
1604114050,311710,311710,True,True,True,both
1604122000,311710,311710,True,True,True,both
1604124000,311710,311710,True,True,True,both
1604126010,311710,311710,True,True,True,both
1604126030,311710,311710,True,True,True,both
1604126050,311710,311710,True,True,True,both
1604126090,311710,311710,True,True,True,both
1604131000,311710,311710,True,True,True,both
1604132000,311710,311710,True,True,True,both
1604133000,311710,311710,True,True,True,both
1604134000,311710,311710,True,True,True,both
1604139000,311710,311710,True,True,True,both
1604141010,311710,311710,True,True,True,both
1604141091,311710,311710,True,True,True,both
1604141099,311710,311710,True,True,True,both
1604142251,311710,311710,True,True,True,both
1604142259,311710,311710,True,True,True,both
1604142291,311710,311710,True,True,True,both
1604142299,311710,311710,True,True,True,both
1604143051,311710,311710,True,True,True,both
1604143059,311710,311710,True,True,True,both
1604143091,311710,311710,True,True,True,both
1604143099,311710,311710,True,True,True,both
1604144000,311710,311710,True,True,True,both
1604145000,311710,311710,True,True,True,both
1604147000,311710,311710,True,True,True,both
1604148000,311710,311710,True,True,True,both
1604150000,311710,311710,True,True,True,both
1604162000,311710,311710,True,True,True,both
1604164000,311710,311710,True,True,True,both
1604166000,311710,311710,True,True,True,both
1604171000,311710,311710,True,True,True,both
1604174000,114XXX,114111,False,True,True,both
1604175000,114XXX,114111,False,True,True,both
1604176000,311710,311710,True,True,True,both
1604178000,311710,311710,True,True,True,both
1604181000,311710,311710,True,True,True,both
1604189000,311710,311710,True,True,True,both
1604191000,311710,311710,True,True,True,both
1604192200,311710,311710,True,True,True,both
1604192500,311710,311710,True,True,True,both
1604193200,311710,311710,True,True,True,both
1604194100,114XXX,114111,False,True,True,both
1604195100,114XXX,114111,False,True,True,both
1604196100,311710,311710,True,True,True,both
1604198200,311710,311710,True,True,True,both
1604200510,311710,311710,True,True,True,both
1604200590,311710,311710,True,True,True,both
1604201000,311710,311710,True,True,True,both
1604201500,311710,311710,True,True,True,both
1604202000,311710,311710,True,True,True,both
1604202500,311710,311710,True,True,True,both
1604203000,311710,311710,True,True,True,both
1604204000,114XXX,114111,False,True,True,both
1604205010,114XXX,114111,False,True,True,both
1604205090,114XXX,114111,False,True,True,both
1604206010,311710,311710,True,True,True,both
1604206090,311710,311710,True,True,True,both
1604310000,311710,311710,True,True,True,both
1604323000,311710,311710,True,True,True,both
1604324000,311710,311710,True,True,True,both
1605100510,311710,311710,True,True,True,both
1605100590,311710,311710,True,True,True,both
1605102010,311710,311710,True,True,True,both
1605102022,311710,311710,True,True,True,both
1605102025,311710,311710,True,True,True,both
1605102030,311710,311710,True,True,True,both
1605102051,311710,311710,True,True,True,both
1605102059,311710,311710,True,True,True,both
1605102090,311710,311710,True,True,True,both
1605104002,114XXX,114112,False,True,True,both
1605104005,114XXX,114112,False,True,True,both
1605104010,114XXX,114112,False,True,True,both
1605104015,114XXX,114112,False,True,True,both
1605104025,114XXX,114112,False,True,True,both
1605104030,114XXX,114112,False,True,True,both
1605104035,114XXX,114112,False,True,True,both
1605104040,114XXX,114112,False,True,True,both
1605106010,311710,311710,True,True,True,both
1605106090,114XXX,114112,False,True,True,both
1605210500,114XXX,114112,False,True,True,both
1605211020,114XXX,114112,False,True,True,both
1605211030,114XXX,114112,False,True,True,both
1605211050,311710,311710,True,True,True,both
1605290500,311710,311710,True,True,True,both
1605291010,114XXX,114112,False,True,True,both
1605291040,311710,311710,True,True,True,both
1605300510,311710,311710,True,True,True,both
1605300590,311710,311710,True,True,True,both
1605301010,114XXX,114112,False,True,True,both
1605301030,114XXX,114112,False,True,True,both
1605301050,311710,311710,True,True,True,both
1605301090,114XXX,114112,False,True,True,both
1605400500,311710,311710,True,True,True,both
1605401010,311710,311710,True,True,True,both
1605401090,311710,311710,True,True,True,both
1605510500,311710,311710,True,True,True,both
1605514000,311710,311710,True,True,True,both
1605515000,311710,311710,True,True,True,both
1605520500,311710,311710,True,True,True,both
1605526000,311710,311710,True,True,True,both
1605530500,311710,311710,True,True,True,both
1605536000,311710,311710,True,True,True,both
1605540500,311710,311710,True,True,True,both
1605546010,311710,311710,True,True,True,both
1605546020,311710,311710,True,True,True,both
1605546030,311710,311710,True,True,True,both
1605550500,311710,311710,True,True,True,both
1605556000,311710,311710,True,True,True,both
1605560500,311710,311710,True,True,True,both
1605561000,311710,311710,True,True,True,both
1605561500,311710,311710,True,True,True,both
1605562000,311710,311710,True,True,True,both
1605563000,311710,311710,True,True,True,both
1605566000,311710,311710,True,True,True,both
1605570500,311710,311710,True,True,True,both
1605576000,311710,311710,True,True,True,both
1605580500,311710,311710,True,True,True,both
1605585500,311710,311710,True,True,True,both
1605590500,311710,311710,True,True,True,both
1605596000,311710,311710,True,True,True,both
1605610000,311710,311710,True,True,True,both
1605620000,311710,311710,True,True,True,both
1605630000,311710,311710,True,True,True,both
1605690000,311710,311710,True,True,True,both
1701120500,31131X,31131X,True,True,True,both
1701121000,31131X,31131X,True,True,True,both
1701125000,31131X,31131X,True,True,True,both
1701130500,31131X,31131X,True,True,True,both
1701131000,31131X,31131X,True,True,True,both
1701132000,31131X,31131X,True,True,True,both
1701135000,31131X,31131X,True,True,True,both
1701140500,31131X,31131X,True,True,True,both
1701141020,31131X,31131X,True,True,True,both
1701141040,31131X,31131X,True,True,True,both
1701142000,31131X,31131X,True,True,True,both
1701145000,31131X,31131X,True,True,True,both
1701910500,31131X,31131X,True,True,True,both
1701911000,31131X,31131X,True,True,True,both
1701913000,31131X,31131X,True,True,True,both
1701914200,31131X,31131X,True,True,True,both
1701914400,31131X,31131X,True,True,True,both
1701914800,31131X,31131X,True,True,True,both
1701915200,31131X,31131X,True,True,True,both
1701915400,31131X,31131X,True,True,True,both
1701915800,31131X,31131X,True,True,True,both
1701918000,31131X,31131X,True,True,True,both
1701990500,31131X,31131X,True,True,True,both
1701991015,31131X,31131X,True,True,True,both
1701991017,31131X,31131X,True,True,True,both
1701991025,31131X,31131X,True,True,True,both
1701991050,31131X,31131X,True,True,True,both
1701995015,31131X,31131X,True,True,True,both
1701995017,31131X,31131X,True,True,True,both
1701995025,31131X,31131X,True,True,True,both
1701995050,31131X,31131X,True,True,True,both
1702110000,311514,311514,True,True,True,both
1702190000,311514,311514,True,True,True,both
1702202210,111998,111998,True,True,True,both
1702202290,111998,111998,True,True,True,both
1702202410,111998,111998,True,True,True,both
1702202490,111998,111998,True,True,True,both
1702202810,111998,111998,True,True,True,both
1702202890,111998,111998,True,True,True,both
1702204010,111998,111998,True,True,True,both
1702204040,111998,111998,True,True,True,both
1702204050,111998,111998,True,True,True,both
1702204060,111998,111998,True,True,True,both
1702204070,111998,111998,True,True,True,both
1702302200,311221,311221,True,True,True,both
1702302400,311221,311221,True,True,True,both
1702302800,311221,311221,True,True,True,both
1702304045,311221,311221,True,True,True,both
1702304065,311221,311221,True,True,True,both
1702304075,311221,311221,True,True,True,both
1702304085,311221,311221,True,True,True,both
1702402200,311221,311221,True,True,True,both
1702402400,311221,311221,True,True,True,both
1702402800,311221,311221,True,True,True,both
1702404000,311221,311221,True,True,True,both
1702500000,311221,311221,True,True,True,both
1702602200,311221,311221,True,True,True,both
1702602400,311221,311221,True,True,True,both
1702602800,311221,311221,True,True,True,both
1702604030,311221,311221,True,True,True,both
1702604050,311221,311221,True,True,True,both
1702604090,311221,311221,True,True,True,both
1702900500,31131X,31131X,True,True,True,both
1702901000,31131X,31131X,True,True,True,both
1702902000,31131X,31131X,True,True,True,both
1702903500,31131X,31131X,True,True,True,both
1702904000,31131X,31131X,True,True,True,both
1702905200,31131X,31131X,True,True,True,both
1702905400,31131X,31131X,True,True,True,both
1702905800,31131X,31131X,True,True,True,both
1702906400,31131X,31131X,True,True,True,both
1702906800,31131X,31131X,True,True,True,both
1702909000,31131X,31131X,True,True,True,both
1703103000,31131X,31131X,True,True,True,both
1703105000,31131X,31131X,True,True,True,both
1703903000,31131X,31131X,True,True,True,both
1703905000,31131X,31131X,True,True,True,both
1704100000,311340,311340,True,True,True,both
1704901000,311340,311340,True,True,True,both
1704902500,311340,311340,True,True,True,both
1704903520,311340,311340,True,True,True,both
1704903550,311340,311340,True,True,True,both
1704903590,311340,311340,True,True,True,both
1704905200,311340,311340,True,True,True,both
1704905400,311340,311340,True,True,True,both
1704905800,311340,311340,True,True,True,both
1704906400,311340,311340,True,True,True,both
1704906800,311340,311340,True,True,True,both
1704907400,311340,311340,True,True,True,both
1704907800,311340,311340,True,True,True,both
1704909000,311340,311340,True,True,True,both
1801000000,11133X,111335,False,True,True,both
1802000000,11133X,111335,False,True,True,both
1803100000,31135X,31135X,True,True,True,both
1803200000,31135X,31135X,True,True,True,both
1804000000,31135X,31135X,True,True,True,both
1805000000,31135X,31135X,True,True,True,both
1806100500,31135X,31135X,True,True,True,both
1806101000,31135X,31135X,True,True,True,both
1806101500,31135X,31135X,True,True,True,both
1806102200,31135X,31135X,True,True,True,both
1806102400,31135X,31135X,True,True,True,both
1806102800,31135X,31135X,True,True,True,both
1806103400,31135X,31135X,True,True,True,both
1806103800,31135X,31135X,True,True,True,both
1806104300,31135X,31135X,True,True,True,both
1806104500,31135X,31135X,True,True,True,both
1806105500,31135X,31135X,True,True,True,both
1806106500,31135X,31135X,True,True,True,both
1806107500,31135X,31135X,True,True,True,both
1806202010,31135X,31135X,True,True,True,both
1806202090,31135X,31135X,True,True,True,both
1806202200,31135X,31135X,True,True,True,both
1806202400,31135X,31135X,True,True,True,both
1806202600,31135X,31135X,True,True,True,both
1806202800,31135X,31135X,True,True,True,both
1806203400,31135X,31135X,True,True,True,both
1806203600,31135X,31135X,True,True,True,both
1806203800,31135X,31135X,True,True,True,both
1806205000,31135X,31135X,True,True,True,both
1806206000,31135X,31135X,True,True,True,both
1806206700,31135X,31135X,True,True,True,both
1806207100,31135X,31135X,True,True,True,both
1806207300,31135X,31135X,True,True,True,both
1806207500,31135X,31135X,True,True,True,both
1806207700,31135X,31135X,True,True,True,both
1806207800,31135X,31135X,True,True,True,both
1806207900,31135X,31135X,True,True,True,both
1806208100,31135X,31135X,True,True,True,both
1806208200,31135X,31135X,True,True,True,both
1806208300,31135X,31135X,True,True,True,both
1806208500,31135X,31135X,True,True,True,both
1806208700,31135X,31135X,True,True,True,both
1806208900,31135X,31135X,True,True,True,both
1806209100,31135X,31135X,True,True,True,both
1806209400,31135X,31135X,True,True,True,both
1806209500,31135X,31135X,True,True,True,both
1806209800,31135X,31135X,True,True,True,both
1806209900,31135X,31135X,True,True,True,both
1806310041,31135X,31135X,True,True,True,both
1806310049,31135X,31135X,True,True,True,both
1806310080,31135X,31135X,True,True,True,both
1806320100,31135X,31135X,True,True,True,both
1806320400,31135X,31135X,True,True,True,both
1806320600,31135X,31135X,True,True,True,both
1806320800,31135X,31135X,True,True,True,both
1806321400,31135X,31135X,True,True,True,both
1806321600,31135X,31135X,True,True,True,both
1806321800,31135X,31135X,True,True,True,both
1806323000,31135X,31135X,True,True,True,both
1806325500,31135X,31135X,True,True,True,both
1806326000,31135X,31135X,True,True,True,both
1806327000,31135X,31135X,True,True,True,both
1806328000,31135X,31135X,True,True,True,both
1806329000,31135X,31135X,True,True,True,both
1806900100,31135X,31135X,True,True,True,both
1806900500,31135X,31135X,True,True,True,both
1806900800,31135X,31135X,True,True,True,both
1806901000,31135X,31135X,True,True,True,both
1806901500,31135X,31135X,True,True,True,both
1806901800,31135X,31135X,True,True,True,both
1806902000,31135X,31135X,True,True,True,both
1806902500,31135X,31135X,True,True,True,both
1806902800,31135X,31135X,True,True,True,both
1806903000,31135X,31135X,True,True,True,both
1806903500,31135X,31135X,True,True,True,both
1806903900,31135X,31135X,True,True,True,both
1806904500,31135X,31135X,True,True,True,both
1806904900,31135X,31135X,True,True,True,both
1806905500,31135X,31135X,True,True,True,both
1806905900,31135X,31135X,True,True,True,both
1806909011,31135X,31135X,True,True,True,both
1806909019,31135X,31135X,True,True,True,both
1806909090,31135X,31135X,True,True,True,both
1901100500,311514,311514,True,True,True,both
1901101100,311514,311514,True,True,True,both
1901101600,311514,311514,True,True,True,both
1901102100,311514,311514,True,True,True,both
1901102600,311514,311514,True,True,True,both
1901102900,311514,311514,True,True,True,both
1901103100,311514,311514,True,True,True,both
1901103300,311514,311514,True,True,True,both
1901103600,311514,311514,True,True,True,both
1901104100,311514,311514,True,True,True,both
1901104400,311514,311514,True,True,True,both
1901104900,311514,311514,True,True,True,both
1901105200,311514,311514,True,True,True,both
1901105400,311514,311514,True,True,True,both
1901105600,311514,311514,True,True,True,both
1901106200,311514,311514,True,True,True,both
1901106400,311514,311514,True,True,True,both
1901106600,311514,311514,True,True,True,both
1901107200,311514,311514,True,True,True,both
1901107400,311514,311514,True,True,True,both
1901107600,311514,311514,True,True,True,both
1901109100,311514,311514,True,True,True,both
1901200200,3118XX,311824,False,True,True,both
1901200500,3118XX,311824,False,True,True,both
1901201500,3118XX,311824,False,True,True,both
1901202000,3118XX,311824,False,True,True,both
1901202500,3118XX,311824,False,True,True,both
1901203000,3118XX,311824,False,True,True,both
1901203500,3118XX,311824,False,True,True,both
1901204000,3118XX,311824,False,True,True,both
1901204200,3118XX,311824,False,True,True,both
1901204500,3118XX,311824,False,True,True,both
1901205000,3118XX,311824,False,True,True,both
1901205500,3118XX,311824,False,True,True,both
1901206000,3118XX,311824,False,True,True,both
1901206500,3118XX,311824,False,True,True,both
1901207000,3118XX,311824,False,True,True,both
1901208000,3118XX,311824,False,True,True,both
1901901000,311942,311942,True,True,True,both
1901902000,311942,311942,True,True,True,both
1901902500,311999,311999,True,True,True,both
1901902800,311514,311514,True,True,True,both
1901903200,311514,311514,True,True,True,both
1901903300,311513,311513,True,True,True,both
1901903400,311513,311513,True,True,True,both
1901903600,311513,311513,True,True,True,both
1901906000,311514,311514,True,True,True,both
1901906100,311514,311514,True,True,True,both
1901906200,311514,311514,True,True,True,both
1901906300,311514,311514,True,True,True,both
1901906400,311514,311514,True,True,True,both
1901906500,311514,311514,True,True,True,both
1901906600,311514,311514,True,True,True,both
1901906700,311514,311514,True,True,True,both
1901906800,311514,311514,True,True,True,both
1901906900,311514,311514,True,True,True,both
1901907100,311514,311514,True,True,True,both
1901907200,311514,311514,True,True,True,both
1901909182,311514,311514,True,True,True,both
1901909185,311514,311514,True,True,True,both
1901909195,311514,311514,True,True,True,both
1902112010,3118XX,311824,False,True,True,both
1902112020,3118XX,311824,False,True,True,both
1902112030,3118XX,311824,False,True,True,both
1902112090,3118XX,311824,False,True,True,both
1902114000,311999,311999,True,True,True,both
1902192010,3118XX,311824,False,True,True,both
1902192020,3118XX,311824,False,True,True,both
1902192030,3118XX,311824,False,True,True,both
1902192090,3118XX,311824,False,True,True,both
1902194000,311999,311999,True,True,True,both
1902200020,311422,311422,True,True,True,both
1902200040,311412,311412,True,True,True,both
1902200060,311999,311999,True,True,True,both
1902300020,311422,311422,True,True,True,both
1902300040,311412,311412,True,True,True,both
1902300060,311991,311991,True,True,True,both
1902400000,3118XX,311824,False,True,True,both
1903002000,311221,311221,True,True,True,both
1903004000,311221,311221,True,True,True,both
1904100040,311230,311230,True,True,True,both
1904100080,311230,311230,True,True,True,both
1904201000,311230,311230,True,True,True,both
1904209000,311230,311230,True,True,True,both
1904300000,311230,311230,True,True,True,both
1904900120,311230,311230,True,True,True,both
1904900140,311230,311230,True,True,True,both
1905100000,3118XX,31181X,False,True,True,both
1905200000,3118XX,31181X,False,True,True,both
1905310021,3118XX,31181X,False,True,True,both
1905310029,3118XX,31181X,False,True,True,both
1905310041,3118XX,31181X,False,True,True,both
1905310049,3118XX,31181X,False,True,True,both
1905320021,3118XX,31181X,False,True,True,both
1905320029,3118XX,31181X,False,True,True,both
1905320041,3118XX,31181X,False,True,True,both
1905320049,3118XX,31181X,False,True,True,both
1905400000,3118XX,31181X,False,True,True,both
1905901041,3118XX,31181X,False,True,True,both
1905901049,3118XX,31181X,False,True,True,both
1905901050,3118XX,31181X,False,True,True,both
1905901070,3118XX,31181X,False,True,True,both
1905901090,3118XX,31181X,False,True,True,both
1905909030,311919,311919,True,True,True,both
1905909060,311412,311412,True,True,True,both
1905909090,3118XX,31181X,False,True,True,both
2001100000,311421,311421,True,True,True,both
2001901000,311421,311421,True,True,True,both
2001902000,311421,311421,True,True,True,both
2001902500,311421,311421,True,True,True,both
2001903000,311421,311421,True,True,True,both
2001903300,311421,311421,True,True,True,both
2001903400,311421,311421,True,True,True,both
2001903500,311421,311421,True,True,True,both
2001903800,311421,311421,True,True,True,both
2001904200,311421,311421,True,True,True,both
2001904500,311421,311421,True,True,True,both
2001904800,311421,311421,True,True,True,both
2001905000,311421,311421,True,True,True,both
2001906000,311421,311421,True,True,True,both
2002100020,311421,311421,True,True,True,both
2002100080,311421,311421,True,True,True,both
2002904000,311423,311423,True,True,True,both
2002908010,311421,311421,True,True,True,both
2002908020,311421,311421,True,True,True,both
2002908030,311421,311421,True,True,True,both
2002908040,311421,311421,True,True,True,both
2002908050,311421,311421,True,True,True,both
2003100127,311421,311421,True,True,True,both
2003100131,311421,311421,True,True,True,both
2003100137,311421,311421,True,True,True,both
2003100143,311421,311421,True,True,True,both
2003100147,311421,311421,True,True,True,both
2003100153,311421,311421,True,True,True,both
2003901000,311421,311421,True,True,True,both
2003908010,311421,311421,True,True,True,both
2003908090,311421,311421,True,True,True,both
2004104000,311411,311411,True,True,True,both
2004108020,311411,311411,True,True,True,both
2004108040,311411,311411,True,True,True,both
2004901000,311411,311411,True,True,True,both
2004908000,311411,311411,True,True,True,both
2004908520,311411,311411,True,True,True,both
2004908540,311411,311411,True,True,True,both
2004908560,311411,311411,True,True,True,both
2004908565,311411,311411,True,True,True,both
2004908575,311411,311411,True,True,True,both
2004908585,311411,311411,True,True,True,both
2004908595,311411,311411,True,True,True,both
2005100000,311422,311422,True,True,True,both
2005200020,311919,311919,True,True,True,both
2005200040,311423,311423,True,True,True,both
2005200070,311421,311421,True,True,True,both
2005400000,311421,311421,True,True,True,both
2005512020,311422,311422,True,True,True,both
2005512040,311421,311421,True,True,True,both
2005514020,311422,311422,True,True,True,both
2005514040,311421,311421,True,True,True,both
2005590000,311421,311421,True,True,True,both
2005600000,311421,311421,True,True,True,both
2005700230,311421,311421,True,True,True,both
2005700260,311421,311421,True,True,True,both
2005700430,311421,311421,True,True,True,both
2005700460,311421,311421,True,True,True,both
2005700600,311421,311421,True,True,True,both
2005700800,311421,311421,True,True,True,both
2005701200,311421,311421,True,True,True,both
2005701600,311421,311421,True,True,True,both
2005701800,311421,311421,True,True,True,both
2005702300,311421,311421,True,True,True,both
2005702510,311421,311421,True,True,True,both
2005702520,311421,311421,True,True,True,both
2005702530,311421,311421,True,True,True,both
2005702542,311421,311421,True,True,True,both
2005702546,311421,311421,True,True,True,both
2005702550,311421,311421,True,True,True,both
2005702570,311421,311421,True,True,True,both
2005702580,311421,311421,True,True,True,both
2005705030,311421,311421,True,True,True,both
2005705060,311421,311421,True,True,True,both
2005706020,311421,311421,True,True,True,both
2005706030,311421,311421,True,True,True,both
2005706050,311421,311421,True,True,True,both
2005706060,311421,311421,True,True,True,both
2005706070,311421,311421,True,True,True,both
2005707000,311421,311421,True,True,True,both
2005707510,311421,311421,True,True,True,both
2005707515,311421,311421,True,True,True,both
2005707520,311421,311421,True,True,True,both
2005707525,311421,311421,True,True,True,both
2005709100,311421,311421,True,True,True,both
2005709300,311421,311421,True,True,True,both
2005709700,311421,311421,True,True,True,both
2005800000,311421,311421,True,True,True,both
2005916000,311421,311421,True,True,True,both
2005919700,311421,311421,True,True,True,both
2005991000,311421,311421,True,True,True,both
2005992000,311421,311421,True,True,True,both
2005993000,311421,311421,True,True,True,both
2005994110,311421,311421,True,True,True,both
2005994120,311421,311421,True,True,True,both
2005995020,311421,311421,True,True,True,both
2005995040,311421,311421,True,True,True,both
2005995510,311421,311421,True,True,True,both
2005995590,311421,311421,True,True,True,both
2005998000,311421,311421,True,True,True,both
2005998500,311421,311421,True,True,True,both
2005999700,311421,311421,True,True,True,both
2006002000,311340,311340,True,True,True,both
2006003000,311340,311340,True,True,True,both
2006004000,311340,311340,True,True,True,both
2006005000,311340,311340,True,True,True,both
2006006000,311340,311340,True,True,True,both
2006007000,311340,311340,True,True,True,both
2006009000,311340,311340,True,True,True,both
2007100000,311422,311422,True,True,True,both
2007911000,311421,311421,True,True,True,both
2007914000,311421,311421,True,True,True,both
2007919000,311421,311421,True,True,True,both
2007990500,311421,311421,True,True,True,both
2007991000,311421,311421,True,True,True,both
2007991500,311421,311421,True,True,True,both
2007992000,311421,311421,True,True,True,both
2007992500,311421,311421,True,True,True,both
2007993000,311421,311421,True,True,True,both
2007993500,311421,311421,True,True,True,both
2007994000,311421,311421,True,True,True,both
2007994500,311421,311421,True,True,True,both
2007994800,311421,311421,True,True,True,both
2007995010,311421,311421,True,True,True,both
2007995020,311421,311421,True,True,True,both
2007995500,311421,311421,True,True,True,both
2007996000,311421,311421,True,True,True,both
2007996510,311421,311421,True,True,True,both
2007996520,311421,311421,True,True,True,both
2007997000,311421,311421,True,True,True,both
2007997500,311421,311421,True,True,True,both
2008110200,311911,311911,True,True,True,both
2008110500,311911,311911,True,True,True,both
2008111500,311911,311911,True,True,True,both
2008114300,311911,311911,True,True,True,both
2008114600,311911,311911,True,True,True,both
2008116100,311911,311911,True,True,True,both
2008191020,311911,311911,True,True,True,both
2008191040,311911,311911,True,True,True,both
2008191500,311999,311999,True,True,True,both
2008192000,311911,311911,True,True,True,both
2008192500,311911,311911,True,True,True,both
2008193010,311911,311911,True,True,True,both
2008193020,311911,311911,True,True,True,both
2008194000,311911,311911,True,True,True,both
2008195000,311911,311911,True,True,True,both
2008198500,311911,311911,True,True,True,both
2008199010,311911,311911,True,True,True,both
2008199090,311911,311911,True,True,True,both
2008200010,311421,311421,True,True,True,both
2008200090,311421,311421,True,True,True,both
2008301000,311340,311340,True,True,True,both
2008302000,311340,311340,True,True,True,both
2008303000,311340,311340,True,True,True,both
2008303500,311421,311421,True,True,True,both
2008303700,311421,311421,True,True,True,both
2008304000,311421,311421,True,True,True,both
2008304210,311421,311421,True,True,True,both
2008304290,311421,311421,True,True,True,both
2008304600,311421,311421,True,True,True,both
2008304800,311421,311421,True,True,True,both
2008305500,311421,311421,True,True,True,both
2008306000,311421,311421,True,True,True,both
2008306600,311421,311421,True,True,True,both
2008307000,311421,311421,True,True,True,both
2008308000,311421,311421,True,True,True,both
2008308500,311421,311421,True,True,True,both
2008309600,311421,311421,True,True,True,both
2008400020,311421,311421,True,True,True,both
2008400040,311421,311421,True,True,True,both
2008502000,311421,311421,True,True,True,both
2008504000,311421,311421,True,True,True,both
2008600020,311421,311421,True,True,True,both
2008600040,311421,311421,True,True,True,both
2008600060,311421,311421,True,True,True,both
2008701020,311421,311421,True,True,True,both
2008701040,311421,311421,True,True,True,both
2008702020,311421,311421,True,True,True,both
2008702040,311421,311421,True,True,True,both
2008800000,311421,311421,True,True,True,both
2008910000,311421,311421,True,True,True,both
2008930000,311421,311421,True,True,True,both
2008971020,311230,311230,True,True,True,both
2008971040,311421,311421,True,True,True,both
2008979030,311421,311421,True,True,True,both
2008979035,311421,311421,True,True,True,both
2008979040,311421,311421,True,True,True,both
2008979050,311421,311421,True,True,True,both
2008979092,311230,311230,True,True,True,both
2008979094,311421,311421,True,True,True,both
2008990500,311421,311421,True,True,True,both
2008991000,311421,311421,True,True,True,both
2008991300,311421,311421,True,True,True,both
2008991500,311421,311421,True,True,True,both
2008991810,311421,311421,True,True,True,both
2008991890,311421,311421,True,True,True,both
2008992120,311421,311421,True,True,True,both
2008992140,311421,311421,True,True,True,both
2008992300,311421,311421,True,True,True,both
2008992500,311421,311421,True,True,True,both
2008992800,311421,311421,True,True,True,both
2008992900,311421,311421,True,True,True,both
2008993000,311421,311421,True,True,True,both
2008993500,311421,311421,True,True,True,both
2008994000,311421,311421,True,True,True,both
2008994500,311421,311421,True,True,True,both
2008995000,311421,311421,True,True,True,both
2008996000,311421,311421,True,True,True,both
2008996100,311421,311421,True,True,True,both
2008996300,311421,311421,True,True,True,both
2008996500,311421,311421,True,True,True,both
2008997000,311411,311411,True,True,True,both
2008997110,311421,311421,True,True,True,both
2008997120,311421,311421,True,True,True,both
2008998000,311421,311421,True,True,True,both
2008999110,311421,311421,True,True,True,both
2008999190,311421,311421,True,True,True,both
2009110020,311411,311411,True,True,True,both
2009110040,311411,311411,True,True,True,both
2009110060,311411,311411,True,True,True,both
2009122500,311421,311421,True,True,True,both
2009124500,311421,311421,True,True,True,both
2009190000,311421,311421,True,True,True,both
2009212000,311421,311421,True,True,True,both
2009214020,311411,311411,True,True,True,both
2009214040,311421,311421,True,True,True,both
2009290020,311411,311411,True,True,True,both
2009290040,311421,311421,True,True,True,both
2009311020,311421,311421,True,True,True,both
2009311040,311421,311421,True,True,True,both
2009312020,311421,311421,True,True,True,both
2009312040,311411,311411,True,True,True,both
2009314000,311421,311421,True,True,True,both
2009316020,311411,311411,True,True,True,both
2009316040,311421,311421,True,True,True,both
2009316060,311421,311421,True,True,True,both
2009391000,311421,311421,True,True,True,both
2009392000,311421,311421,True,True,True,both
2009396020,311411,311411,True,True,True,both
2009396040,311421,311421,True,True,True,both
2009396060,311421,311421,True,True,True,both
2009412000,311421,311421,True,True,True,both
2009414020,311411,311411,True,True,True,both
2009414040,311421,311421,True,True,True,both
2009492000,311421,311421,True,True,True,both
2009494020,311411,311411,True,True,True,both
2009494040,311421,311421,True,True,True,both
2009500010,311421,311421,True,True,True,both
2009500090,311421,311421,True,True,True,both
2009610020,311421,311421,True,True,True,both
2009610040,311411,311411,True,True,True,both
2009610060,311421,311421,True,True,True,both
2009690040,311411,311411,True,True,True,both
2009690060,311421,311421,True,True,True,both
2009710000,311421,311421,True,True,True,both
2009790015,311411,311411,True,True,True,both
2009790017,311411,311411,True,True,True,both
2009790020,311421,311421,True,True,True,both
2009810000,311421,311421,True,True,True,both
2009892000,311421,311421,True,True,True,both
2009894000,311421,311421,True,True,True,both
2009896511,311421,311421,True,True,True,both
2009896515,311421,311421,True,True,True,both
2009896520,311421,311421,True,True,True,both
2009896530,311421,311421,True,True,True,both
2009896540,311421,311421,True,True,True,both
2009896550,311421,311421,True,True,True,both
2009896590,311421,311421,True,True,True,both
2009897031,311421,311421,True,True,True,both
2009897055,311421,311421,True,True,True,both
2009897065,311421,311421,True,True,True,both
2009897070,311421,311421,True,True,True,both
2009897091,311421,311421,True,True,True,both
2009898031,311421,311421,True,True,True,both
2009898039,311421,311421,True,True,True,both
2009902000,311421,311421,True,True,True,both
2009904000,311421,311421,True,True,True,both
2101112126,311920,311920,True,True,True,both
2101112129,311920,311920,True,True,True,both
2101112131,311920,311920,True,True,True,both
2101112139,311920,311920,True,True,True,both
2101112941,311920,311920,True,True,True,both
2101112949,311920,311920,True,True,True,both
2101123200,311920,311920,True,True,True,both
2101123400,311920,311920,True,True,True,both
2101123800,311920,311920,True,True,True,both
2101124400,311920,311920,True,True,True,both
2101124800,311920,311920,True,True,True,both
2101125400,311920,311920,True,True,True,both
2101125800,311920,311920,True,True,True,both
2101129000,311920,311920,True,True,True,both
2101202010,311920,311920,True,True,True,both
2101202090,311920,311920,True,True,True,both
2101203200,311920,311920,True,True,True,both
2101203400,311920,311920,True,True,True,both
2101203800,311920,311920,True,True,True,both
2101204400,311920,311920,True,True,True,both
2101204800,311920,311920,True,True,True,both
2101205400,311920,311920,True,True,True,both
2101205800,311920,311920,True,True,True,both
2101209000,311920,311920,True,True,True,both
2101300000,311920,311920,True,True,True,both
2102100000,311999,311999,True,True,True,both
2102202000,311999,311999,True,True,True,both
2102204000,311999,311999,True,True,True,both
2102206000,311999,311999,True,True,True,both
2102300000,311999,311999,True,True,True,both
2103100000,311941,311941,True,True,True,both
2103202000,311421,311421,True,True,True,both
2103204020,311421,311421,True,True,True,both
2103204040,311421,311421,True,True,True,both
2103302000,311211,311211,True,True,True,both
2103304000,311941,311941,True,True,True,both
2103902000,311941,311941,True,True,True,both
2103904000,311999,311999,True,True,True,both
2103907200,311942,311942,True,True,True,both
2103907400,311942,311942,True,True,True,both
2103907800,311942,311942,True,True,True,both
2103908000,311942,311942,True,True,True,both
2103909020,311941,311941,True,True,True,both
2103909040,311941,311941,True,True,True,both
2103909051,311421,311421,True,True,True,both
2103909059,311421,311421,True,True,True,both
2103909091,311941,311941,True,True,True,both
2104100020,311999,311999,True,True,True,both
2104100040,311710,311710,True,True,True,both
2104100060,311422,311422,True,True,True,both
2104201000,311422,311422,True,True,True,both
2104205000,311999,311999,True,True,True,both
2105000500,311520,311520,True,True,True,both
2105001000,311520,311520,True,True,True,both
2105002000,311520,311520,True,True,True,both
2105002500,311520,311520,True,True,True,both
2105003000,311520,311520,True,True,True,both
2105004000,311520,311520,True,True,True,both
2105005000,311520,311520,True,True,True,both
2106100000,311224,311224,True,True,True,both
2106900300,311514,311514,True,True,True,both
2106900600,311514,311514,True,True,True,both
2106900900,311514,311514,True,True,True,both
2106901200,312140,312140,True,True,True,both
2106901500,312140,312140,True,True,True,both
2106901800,312140,312140,True,True,True,both
2106902200,311225,311225,True,True,True,both
2106902400,311225,311225,True,True,True,both
2106902600,311225,311225,True,True,True,both
2106902800,311225,311225,True,True,True,both
2106903200,311225,311225,True,True,True,both
2106903400,311225,311225,True,True,True,both
2106903600,311225,311225,True,True,True,both
2106903800,311225,311225,True,True,True,both
2106903900,325412,325412,True,True,True,both
2106904200,311999,311999,True,True,True,both
2106904400,311999,311999,True,True,True,both
2106904600,311999,311999,True,True,True,both
2106904800,311411,311411,True,True,True,both
2106905200,311411,311411,True,True,True,both
2106905400,311411,311411,True,True,True,both
2106905830,311999,311999,True,True,True,both
2106905850,311999,311999,True,True,True,both
2106905870,311999,311999,True,True,True,both
2106905890,311999,311999,True,True,True,both
2106906200,311999,311999,True,True,True,both
2106906400,311999,311999,True,True,True,both
2106906600,311999,311999,True,True,True,both
2106906800,311999,311999,True,True,True,both
2106907200,311999,311999,True,True,True,both
2106907400,311999,311999,True,True,True,both
2106907600,311999,311999,True,True,True,both
2106907800,311999,311999,True,True,True,both
2106908000,311999,311999,True,True,True,both
2106908200,311999,311999,True,True,True,both
2106908300,311999,311999,True,True,True,both
2106908500,311999,311999,True,True,True,both
2106908700,311999,311999,True,True,True,both
2106908900,311999,311999,True,True,True,both
2106909100,311999,311999,True,True,True,both
2106909200,311999,311999,True,True,True,both
2106909400,311999,311999,True,True,True,both
2106909500,311999,311999,True,True,True,both
2106909700,311999,311999,True,True,True,both
2106909971,311930,311930,True,True,True,both
2106909972,311930,311930,True,True,True,both
2106909973,311930,311930,True,True,True,both
2106909975,311514,311514,True,True,True,both
2106909980,311514,311514,True,True,True,both
2106909985,311340,311340,True,True,True,both
2106909987,311920,311920,True,True,True,both
2106909988,311999,311999,True,True,True,both
2106909990,311999,311999,True,True,True,both
2106909995,311999,311999,True,True,True,both
2106909997,311999,311999,True,True,True,both
2106909998,311999,311999,True,True,True,both
2201100000,312112,312112,True,True,True,both
2201900000,312113,312113,True,True,True,both
2202100020,312111,312111,True,True,True,both
2202100045,312111,312111,True,True,True,both
2202100055,312111,312111,True,True,True,both
2202100065,312111,312111,True,True,True,both
2202100075,312111,312111,True,True,True,both
2202910010,312120,312120,True,True,True,both
2202910020,312120,312120,True,True,True,both
2202991000,311511,311511,True,True,True,both
2202992200,311511,311511,True,True,True,both
2202992400,311511,311511,True,True,True,both
2202992800,311511,311511,True,True,True,both
2202993000,311421,311421,True,True,True,both
2202993500,311421,311421,True,True,True,both
2202993600,311421,311421,True,True,True,both
2202993700,311421,311421,True,True,True,both
2202999110,312111,312111,True,True,True,both
2202999120,312111,312111,True,True,True,both
2203000030,312120,312120,True,True,True,both
2203000060,312120,312120,True,True,True,both
2203000090,312120,312120,True,True,True,both
2204100030,312130,312130,True,True,True,both
2204100065,312130,312130,True,True,True,both
2204100075,312130,312130,True,True,True,both
2204212000,312130,312130,True,True,True,both
2204213000,312130,312130,True,True,True,both
2204215005,312130,312130,True,True,True,both
2204215015,312130,312130,True,True,True,both
2204215025,312130,312130,True,True,True,both
2204215028,312130,312130,True,True,True,both
2204215035,312130,312130,True,True,True,both
2204215040,312130,312130,True,True,True,both
2204215050,312130,312130,True,True,True,both
2204215055,312130,312130,True,True,True,both
2204215060,312130,312130,True,True,True,both
2204216000,312130,312130,True,True,True,both
2204218030,312130,312130,True,True,True,both
2204218060,312130,312130,True,True,True,both
2204222005,312130,312130,True,True,True,both
2204222015,312130,312130,True,True,True,both
2204222025,312130,312130,True,True,True,both
2204222030,312130,312130,True,True,True,both
2204222045,312130,312130,True,True,True,both
2204222060,312130,312130,True,True,True,both
2204224000,312130,312130,True,True,True,both
2204226000,312130,312130,True,True,True,both
2204228000,312130,312130,True,True,True,both
2204296100,312130,312130,True,True,True,both
2204298100,312130,312130,True,True,True,both
2204300000,312130,312130,True,True,True,both
2205103000,312130,312130,True,True,True,both
2205106000,312130,312130,True,True,True,both
2205902000,312130,312130,True,True,True,both
2205904000,312130,312130,True,True,True,both
2205906000,312130,312130,True,True,True,both
2206001510,312130,312130,True,True,True,both
2206001520,312130,312130,True,True,True,both
2206003000,312130,312130,True,True,True,both
2206004500,312130,312130,True,True,True,both
2206006000,312130,312130,True,True,True,both
2206009015,312130,312130,True,True,True,both
2206009025,312130,312130,True,True,True,both
2206009030,312130,312130,True,True,True,both
2206009040,312130,312130,True,True,True,both
2207103000,312140,312140,True,True,True,both
2207106010,325193,325193,True,True,True,both
2207106090,325193,325193,True,True,True,both
2207200010,325193,325193,True,True,True,both
2207200090,325193,325193,True,True,True,both
2208201000,312130,312130,True,True,True,both
2208202000,312130,312130,True,True,True,both
2208203000,312130,312130,True,True,True,both
2208204000,312130,312130,True,True,True,both
2208205000,312130,312130,True,True,True,both
2208206000,312130,312130,True,True,True,both
2208303030,312140,312140,True,True,True,both
2208303060,312140,312140,True,True,True,both
2208306020,312140,312140,True,True,True,both
2208306040,312140,312140,True,True,True,both
2208306055,312140,312140,True,True,True,both
2208306065,312140,312140,True,True,True,both
2208306075,312140,312140,True,True,True,both
2208306085,312140,312140,True,True,True,both
2208402000,312140,312140,True,True,True,both
2208404000,312140,312140,True,True,True,both
2208406000,312140,312140,True,True,True,both
2208408000,312140,312140,True,True,True,both
2208500030,312140,312140,True,True,True,both
2208500060,312140,312140,True,True,True,both
2208601000,312140,312140,True,True,True,both
2208602000,312140,312140,True,True,True,both
2208605000,312140,312140,True,True,True,both
2208700030,312140,312140,True,True,True,both
2208700060,312140,312140,True,True,True,both
2208900100,312140,312140,True,True,True,both
2208900500,312140,312140,True,True,True,both
2208901000,312140,312140,True,True,True,both
2208901200,312130,312130,True,True,True,both
2208901400,312130,312130,True,True,True,both
2208901500,312130,312130,True,True,True,both
2208902000,312130,312130,True,True,True,both
2208902500,312130,312130,True,True,True,both
2208903000,312130,312130,True,True,True,both
2208903500,312130,312130,True,True,True,both
2208904000,312130,312130,True,True,True,both
2208904630,312130,312130,True,True,True,both
2208904660,312130,312130,True,True,True,both
2208905000,312140,312140,True,True,True,both
2208905500,312140,312140,True,True,True,both
2208907100,312130,312130,True,True,True,both
2208907200,312140,312140,True,True,True,both
2208907500,312140,312140,True,True,True,both
2208908010,312140,312140,True,True,True,both
2208908020,312140,312140,True,True,True,both
2209000000,311941,311941,True,True,True,both
2301100000,311613,311613,True,True,True,both
2301200010,114XXX,114111,False,True,True,both
2301200090,114XXX,114111,False,True,True,both
2302100000,311211,311211,True,True,True,both
2302300010,311211,311211,True,True,True,both
2302300090,311211,311211,True,True,True,both
2302400105,311212,311212,True,True,True,both
2302400110,311211,311211,True,True,True,both
2302400120,311211,311211,True,True,True,both
2302400190,311211,311211,True,True,True,both
2302500000,311211,311211,True,True,True,both
2303100010,311221,311221,True,True,True,both
2303100020,311221,311221,True,True,True,both
2303100040,311221,311221,True,True,True,both
2303200020,31131X,31131X,True,True,True,both
2303200040,31131X,31131X,True,True,True,both
2303300000,312120,312120,True,True,True,both
2304000010,311224,311224,True,True,True,both
2304000090,311224,311224,True,True,True,both
2305000000,311224,311224,True,True,True,both
2306100000,311224,311224,True,True,True,both
2306200000,311224,311224,True,True,True,both
2306300000,311224,311224,True,True,True,both
2306410000,311224,311224,True,True,True,both
2306490000,311224,311224,True,True,True,both
2306500000,311224,311224,True,True,True,both
2306600000,311224,311224,True,True,True,both
2306900120,311221,311221,True,True,True,both
2306900130,311224,311224,True,True,True,both
2306900150,311224,311224,True,True,True,both
2307000000,312130,312130,True,True,True,both
2308001000,113XXX,113210,False,True,True,both
2308009300,311224,311224,True,True,True,both
2308009500,311119,311119,True,True,True,both
2308009820,311423,311423,True,True,True,both
2308009890,311119,311119,True,True,True,both
2309100010,311111,311111,True,True,True,both
2309100090,311111,311111,True,True,True,both
2309901005,311119,311119,True,True,True,both
2309901015,311119,311119,True,True,True,both
2309901020,311119,311119,True,True,True,both
2309901030,311119,311119,True,True,True,both
2309901032,311119,311119,True,True,True,both
2309901035,311119,311119,True,True,True,both
2309901045,311119,311119,True,True,True,both
2309901050,311119,311119,True,True,True,both
2309902210,311119,311119,True,True,True,both
2309902290,311119,311119,True,True,True,both
2309902410,311119,311119,True,True,True,both
2309902490,311119,311119,True,True,True,both
2309902810,311119,311119,True,True,True,both
2309902890,311119,311119,True,True,True,both
2309904210,311119,311119,True,True,True,both
2309904290,311119,311119,True,True,True,both
2309904410,311119,311119,True,True,True,both
2309904490,311119,311119,True,True,True,both
2309904810,311119,311119,True,True,True,both
2309904890,311119,311119,True,True,True,both
2309906000,311119,311119,True,True,True,both
2309907000,311119,311119,True,True,True,both
2309909500,311119,311119,True,True,True,both
2401102120,111910,111910,True,True,True,both
2401102140,111910,111910,True,True,True,both
2401102920,111910,111910,True,True,True,both
2401102940,111910,111910,True,True,True,both
2401104400,111910,111910,True,True,True,both
2401104800,111910,111910,True,True,True,both
2401105340,111910,111910,True,True,True,both
2401105350,111910,111910,True,True,True,both
2401106130,111910,111910,True,True,True,both
2401106160,111910,111910,True,True,True,both
2401106180,111910,111910,True,True,True,both
2401106190,111910,111910,True,True,True,both
2401106330,111910,111910,True,True,True,both
2401106360,111910,111910,True,True,True,both
2401106380,111910,111910,True,True,True,both
2401106390,111910,111910,True,True,True,both
2401106530,111910,111910,True,True,True,both
2401106560,111910,111910,True,True,True,both
2401106580,111910,111910,True,True,True,both
2401106590,111910,111910,True,True,True,both
2401109510,111910,111910,True,True,True,both
2401109515,111910,111910,True,True,True,both
2401109520,111910,111910,True,True,True,both
2401109525,111910,111910,True,True,True,both
2401109530,111910,111910,True,True,True,both
2401109560,111910,111910,True,True,True,both
2401200500,111910,111910,True,True,True,both
2401201420,111910,111910,True,True,True,both
2401201440,111910,111910,True,True,True,both
2401201800,111910,111910,True,True,True,both
2401202300,111910,111910,True,True,True,both
2401202600,111910,111910,True,True,True,both
2401202970,111910,111910,True,True,True,both
2401202990,111910,111910,True,True,True,both
2401203110,111910,111910,True,True,True,both
2401203120,111910,111910,True,True,True,both
2401203130,111910,111910,True,True,True,both
2401203140,111910,111910,True,True,True,both
2401203310,111910,111910,True,True,True,both
2401203320,111910,111910,True,True,True,both
2401203330,111910,111910,True,True,True,both
2401203340,111910,111910,True,True,True,both
2401203510,111910,111910,True,True,True,both
2401203520,111910,111910,True,True,True,both
2401203530,111910,111910,True,True,True,both
2401203540,111910,111910,True,True,True,both
2401205710,111910,111910,True,True,True,both
2401205715,111910,111910,True,True,True,both
2401205720,111910,111910,True,True,True,both
2401205725,111910,111910,True,True,True,both
2401205730,111910,111910,True,True,True,both
2401205740,111910,111910,True,True,True,both
2401206020,111910,111910,True,True,True,both
2401206040,111910,111910,True,True,True,both
2401207500,111910,111910,True,True,True,both
2401208310,111910,111910,True,True,True,both
2401208320,111910,111910,True,True,True,both
2401208330,111910,111910,True,True,True,both
2401208335,111910,111910,True,True,True,both
2401208340,111910,111910,True,True,True,both
2401208350,111910,111910,True,True,True,both
2401208355,111910,111910,True,True,True,both
2401208360,111910,111910,True,True,True,both
2401208390,111910,111910,True,True,True,both
2401208510,111910,111910,True,True,True,both
2401208520,111910,111910,True,True,True,both
2401208530,111910,111910,True,True,True,both
2401208535,111910,111910,True,True,True,both
2401208540,111910,111910,True,True,True,both
2401208550,111910,111910,True,True,True,both
2401208555,111910,111910,True,True,True,both
2401208560,111910,111910,True,True,True,both
2401208590,111910,111910,True,True,True,both
2401208710,111910,111910,True,True,True,both
2401208720,111910,111910,True,True,True,both
2401208730,111910,111910,True,True,True,both
2401208735,111910,111910,True,True,True,both
2401208740,111910,111910,True,True,True,both
2401208750,111910,111910,True,True,True,both
2401208755,111910,111910,True,True,True,both
2401208760,111910,111910,True,True,True,both
2401208790,111910,111910,True,True,True,both
2401300300,111910,111910,True,True,True,both
2401300600,111910,111910,True,True,True,both
2401300900,111910,111910,True,True,True,both
2401301300,111910,111910,True,True,True,both
2401301600,111910,111910,True,True,True,both
2401301900,111910,111910,True,True,True,both
2401302310,111910,111910,True,True,True,both
2401302320,111910,111910,True,True,True,both
2401302335,111910,111910,True,True,True,both
2401302340,111910,111910,True,True,True,both
2401302350,111910,111910,True,True,True,both
2401302360,111910,111910,True,True,True,both
2401302390,111910,111910,True,True,True,both
2401302510,111910,111910,True,True,True,both
2401302520,111910,111910,True,True,True,both
2401302535,111910,111910,True,True,True,both
2401302540,111910,111910,True,True,True,both
2401302550,111910,111910,True,True,True,both
2401302560,111910,111910,True,True,True,both
2401302590,111910,111910,True,True,True,both
2401302710,111910,111910,True,True,True,both
2401302720,111910,111910,True,True,True,both
2401302735,111910,111910,True,True,True,both
2401302740,111910,111910,True,True,True,both
2401302750,111910,111910,True,True,True,both
2401302760,111910,111910,True,True,True,both
2401302790,111910,111910,True,True,True,both
2401303310,111910,111910,True,True,True,both
2401303320,111910,111910,True,True,True,both
2401303335,111910,111910,True,True,True,both
2401303340,111910,111910,True,True,True,both
2401303350,111910,111910,True,True,True,both
2401303360,111910,111910,True,True,True,both
2401303390,111910,111910,True,True,True,both
2401303510,111910,111910,True,True,True,both
2401303520,111910,111910,True,True,True,both
2401303535,111910,111910,True,True,True,both
2401303540,111910,111910,True,True,True,both
2401303550,111910,111910,True,True,True,both
2401303560,111910,111910,True,True,True,both
2401303590,111910,111910,True,True,True,both
2401303710,111910,111910,True,True,True,both
2401303720,111910,111910,True,True,True,both
2401303735,111910,111910,True,True,True,both
2401303740,111910,111910,True,True,True,both
2401303750,111910,111910,True,True,True,both
2401303760,111910,111910,True,True,True,both
2401303790,111910,111910,True,True,True,both
2401307010,111910,111910,True,True,True,both
2401307020,111910,111910,True,True,True,both
2401307035,111910,111910,True,True,True,both
2401307040,111910,111910,True,True,True,both
2401307050,111910,111910,True,True,True,both
2401307060,111910,111910,True,True,True,both
2401307090,111910,111910,True,True,True,both
2402103030,312230,312230,True,True,True,both
2402103070,312230,312230,True,True,True,both
2402106000,312230,312230,True,True,True,both
2402108030,312230,312230,True,True,True,both
2402108050,312230,312230,True,True,True,both
2402108080,312230,312230,True,True,True,both
2402201000,312230,312230,True,True,True,both
2402208000,312230,312230,True,True,True,both
2402209000,312230,312230,True,True,True,both
2402900000,312230,312230,True,True,True,both
2403110000,312230,312230,True,True,True,both
2403192020,312230,312230,True,True,True,both
2403192050,312230,312230,True,True,True,both
2403192080,312230,312230,True,True,True,both
2403193050,312230,312230,True,True,True,both
2403193060,312230,312230,True,True,True,both
2403193080,312230,312230,True,True,True,both
2403193090,312230,312230,True,True,True,both
2403196050,312230,312230,True,True,True,both
2403196060,312230,312230,True,True,True,both
2403196080,312230,312230,True,True,True,both
2403196090,312230,312230,True,True,True,both
2403199050,312230,312230,True,True,True,both
2403199060,312230,312230,True,True,True,both
2403199080,312230,312230,True,True,True,both
2403199090,312230,312230,True,True,True,both
2403912000,312230,312230,True,True,True,both
2403914350,312230,312230,True,True,True,both
2403914360,312230,312230,True,True,True,both
2403914380,312230,312230,True,True,True,both
2403914390,312230,312230,True,True,True,both
2403914550,312230,312230,True,True,True,both
2403914560,312230,312230,True,True,True,both
2403914580,312230,312230,True,True,True,both
2403914590,312230,312230,True,True,True,both
2403914750,312230,312230,True,True,True,both
2403914760,312230,312230,True,True,True,both
2403914780,312230,312230,True,True,True,both
2403914790,312230,312230,True,True,True,both
2403992130,312230,312230,True,True,True,both
2403992140,312230,312230,True,True,True,both
2403992190,312230,312230,True,True,True,both
2403993150,312230,312230,True,True,True,both
2403993160,312230,312230,True,True,True,both
2403993165,312230,312230,True,True,True,both
2403993170,312230,312230,True,True,True,both
2403996050,312230,312230,True,True,True,both
2403996060,312230,312230,True,True,True,both
2403996065,312230,312230,True,True,True,both
2403996070,312230,312230,True,True,True,both
2403999050,312230,312230,True,True,True,both
2403999060,312230,312230,True,True,True,both
2403999065,312230,312230,True,True,True,both
2403999070,312230,312230,True,True,True,both
2404110000,312230,312230,True,True,True,both
2404120500,325411,325411,True,True,True,both
2404121000,325411,325411,True,True,True,both
2404129000,325411,325411,True,True,True,both
2404190500,32599X,325998,False,True,True,both
2404191000,325411,325411,True,True,True,both
2404199000,312230,312230,True,True,True,both
2404910000,325411,325411,True,True,True,both
2404920000,325411,325411,True,True,True,both
2404990000,325411,325411,True,True,True,both
2501000000,212390,212390,True,True,True,both
2502000000,212390,212390,True,True,True,both
2503000010,212390,212390,True,True,True,both
2503000090,325180,325180,True,True,True,both
2504101000,327992,327992,True,True,True,both
2504105000,327992,327992,True,True,True,both
2504900000,212390,212390,True,True,True,both
2505101000,212322,212322,True,True,True,both
2505105000,212322,212322,True,True,True,both
2505900000,212322,212322,True,True,True,both
2506100010,21231X,212311,False,True,True,both
2506100050,21231X,212311,False,True,True,both
2506200010,21231X,212311,False,True,True,both
2506200080,21231X,212311,False,True,True,both
2507000000,212323,212323,True,True,True,both
2508100000,212323,212323,True,True,True,both
2508300000,212323,212323,True,True,True,both
2508400110,212323,212323,True,True,True,both
2508400120,212323,212323,True,True,True,both
2508400150,212323,212323,True,True,True,both
2508500000,212323,212323,True,True,True,both
2508600000,212323,212323,True,True,True,both
2508700000,212323,212323,True,True,True,both
2509001000,21231X,212312,False,True,True,both
2509002000,21231X,212312,False,True,True,both
2510100000,212390,212390,True,True,True,both
2510200000,212390,212390,True,True,True,both
2511101000,325130,325130,True,True,True,both
2511105000,212390,212390,True,True,True,both
2511200000,212390,212390,True,True,True,both
2512000000,212390,212390,True,True,True,both
2513100010,212390,212390,True,True,True,both
2513100080,327910,327910,True,True,True,both
2513201000,212390,212390,True,True,True,both
2513209000,327910,327910,True,True,True,both
2514000000,21231X,212311,False,True,True,both
2515110000,21231X,212311,False,True,True,both
2515121000,21231X,212311,False,True,True,both
2515122000,21231X,212311,False,True,True,both
2515200000,21231X,212311,False,True,True,both
2516110000,21231X,212311,False,True,True,both
2516120030,21231X,212311,False,True,True,both
2516120060,21231X,212311,False,True,True,both
2516201000,21231X,212311,False,True,True,both
2516202000,21231X,212311,False,True,True,both
2516900030,21231X,212311,False,True,True,both
2516900060,21231X,212311,False,True,True,both
2517100015,212321,212321,True,True,True,both
2517100020,21231X,212319,False,True,True,both
2517100055,21231X,212319,False,True,True,both
2517200000,324121,324121,True,True,True,both
2517300000,324121,324121,True,True,True,both
2517410000,21231X,212319,False,True,True,both
2517490000,21231X,212319,False,True,True,both
2518100000,21231X,212311,False,True,True,both
2518200000,327410,327410,True,True,True,both
2519100000,212323,212323,True,True,True,both
2519901000,327992,327992,True,True,True,both
2519902000,327992,327992,True,True,True,both
2519905000,327992,327992,True,True,True,both
2520100000,212390,212390,True,True,True,both
2520200000,327420,327420,True,True,True,both
2521000000,21231X,212319,False,True,True,both
2522100000,327410,327410,True,True,True,both
2522200000,327410,327410,True,True,True,both
2522300000,327410,327410,True,True,True,both
2523100000,327310,327310,True,True,True,both
2523210000,327310,327310,True,True,True,both
2523290000,327310,327310,True,True,True,both
2523300000,327310,327310,True,True,True,both
2523900000,327310,327310,True,True,True,both
2524100000,212390,212390,True,True,True,both
2524900010,212390,212390,True,True,True,both
2524900030,212390,212390,True,True,True,both
2524900040,212390,212390,True,True,True,both
2524900045,212390,212390,True,True,True,both
2524900055,212390,212390,True,True,True,both
2524900060,212390,212390,True,True,True,both
2525100010,212390,212390,True,True,True,both
2525100020,327999,327999,True,True,True,both
2525100050,212390,212390,True,True,True,both
2525200000,327992,327992,True,True,True,both
2525300000,910000,910000,True,True,True,both
2526100000,212390,212390,True,True,True,both
2526200000,327992,327992,True,True,True,both
2528000005,212390,212390,True,True,True,both
2528000010,212390,212390,True,True,True,both
2528000050,212390,212390,True,True,True,both
2529100000,212323,212323,True,True,True,both
2529210000,212390,212390,True,True,True,both
2529220000,212390,212390,True,True,True,both
2529300010,212323,212323,True,True,True,both
2529300050,212323,212323,True,True,True,both
2530100000,212390,212390,True,True,True,both
2530201000,212390,212390,True,True,True,both
2530202000,212390,212390,True,True,True,both
2530901000,212390,212390,True,True,True,both
2530902000,212390,212390,True,True,True,both
2530908010,212390,212390,True,True,True,both
2530908015,212390,212390,True,True,True,both
2530908050,212390,212390,True,True,True,both
2601110030,212210,212210,True,True,True,both
2601110060,212210,212210,True,True,True,both
2601110090,212210,212210,True,True,True,both
2601120030,212210,212210,True,True,True,both
2601120060,212210,212210,True,True,True,both
2601120090,212210,212210,True,True,True,both
2601200000,331110,331110,True,True,True,both
2602000040,212290,212290,True,True,True,both
2602000060,212290,212290,True,True,True,both
2603000010,212230,212230,True,True,True,both
2603000020,212230,212230,True,True,True,both
2603000030,212230,212230,True,True,True,both
2603000040,212230,212230,True,True,True,both
2603000050,212230,212230,True,True,True,both
2604000040,212230,212230,True,True,True,both
2604000080,212230,212230,True,True,True,both
2605000000,212290,212290,True,True,True,both
2606000030,212290,212290,True,True,True,both
2606000060,212290,212290,True,True,True,both
2606000090,212290,212290,True,True,True,both
2607000010,212230,212230,True,True,True,both
2607000020,212230,212230,True,True,True,both
2607000030,212230,212230,True,True,True,both
2607000040,212230,212230,True,True,True,both
2607000050,212230,212230,True,True,True,both
2608000010,212230,212230,True,True,True,both
2608000020,212230,212230,True,True,True,both
2608000030,212230,212230,True,True,True,both
2608000040,212230,212230,True,True,True,both
2608000050,212230,212230,True,True,True,both
2609000000,212290,212290,True,True,True,both
2610000020,212290,212290,True,True,True,both
2610000040,212290,212290,True,True,True,both
2610000060,212290,212290,True,True,True,both
2611003000,212290,212290,True,True,True,both
2611006000,212290,212290,True,True,True,both
2612100000,212290,212290,True,True,True,both
2612200000,212290,212290,True,True,True,both
2613100000,212290,212290,True,True,True,both
2613900000,212290,212290,True,True,True,both
2614003000,212290,212290,True,True,True,both
2614006020,212290,212290,True,True,True,both
2614006040,212290,212290,True,True,True,both
2615100000,212290,212290,True,True,True,both
2615903000,212290,212290,True,True,True,both
2615906030,212290,212290,True,True,True,both
2615906060,212290,212290,True,True,True,both
2615906090,212290,212290,True,True,True,both
2616100010,212220,212220,True,True,True,both
2616100020,212220,212220,True,True,True,both
2616100030,212220,212220,True,True,True,both
2616100040,212220,212220,True,True,True,both
2616100080,212220,212220,True,True,True,both
2616900010,212220,212220,True,True,True,both
2616900020,212220,212220,True,True,True,both
2616900030,212220,212220,True,True,True,both
2616900040,212220,212220,True,True,True,both
2616900050,212220,212220,True,True,True,both
2617100000,212290,212290,True,True,True,both
2617900030,212290,212290,True,True,True,both
2617900060,212290,212290,True,True,True,both
2618000000,331110,331110,True,True,True,both
2619003000,331110,331110,True,True,True,both
2619009000,331110,331110,True,True,True,both
2620110000,331410,331410,True,True,True,both
2620193000,331410,331410,True,True,True,both
2620196010,331410,331410,True,True,True,both
2620196020,331410,331410,True,True,True,both
2620196030,331410,331410,True,True,True,both
2620196040,331410,331410,True,True,True,both
2620196050,331410,331410,True,True,True,both
2620210010,331410,331410,True,True,True,both
2620210020,331410,331410,True,True,True,both
2620210030,331410,331410,True,True,True,both
2620210040,331410,331410,True,True,True,both
2620210050,331410,331410,True,True,True,both
2620290010,331410,331410,True,True,True,both
2620290020,331410,331410,True,True,True,both
2620290030,331410,331410,True,True,True,both
2620290040,331410,331410,True,True,True,both
2620290050,331410,331410,True,True,True,both
2620300010,331410,331410,True,True,True,both
2620300020,331410,331410,True,True,True,both
2620300030,331410,331410,True,True,True,both
2620300040,331410,331410,True,True,True,both
2620300050,331410,331410,True,True,True,both
2620400030,331410,331410,True,True,True,both
2620400060,331410,331410,True,True,True,both
2620601000,325199,325199,True,True,True,both
2620609000,910000,910000,True,True,True,both
2620910000,910000,910000,True,True,True,both
2620991000,331410,331410,True,True,True,both
2620992000,331410,331410,True,True,True,both
2620993000,331410,331410,True,True,True,both
2620995000,331410,331410,True,True,True,both
2620997520,331410,331410,True,True,True,both
2620997560,331410,331410,True,True,True,both
2620997580,331410,331410,True,True,True,both
2620997590,331410,331410,True,True,True,both
2620998500,910000,910000,True,True,True,both
2621100000,910000,910000,True,True,True,both
2621900000,910000,910000,True,True,True,both
2701110000,212114,212114,True,True,True,both
2701120010,212115,212115,True,True,True,both
2701120050,212115,212115,True,True,True,both
2701190010,212115,212115,True,True,True,both
2701190050,212115,212115,True,True,True,both
2701200000,324199,324199,True,True,True,both
2702100000,212114,212114,True,True,True,both
2702200000,212114,212114,True,True,True,both
2703000000,212390,212390,True,True,True,both
2704000011,331110,331110,True,True,True,both
2704000025,331110,331110,True,True,True,both
2704000050,331110,331110,True,True,True,both
2705000000,331110,331110,True,True,True,both
2706000000,331110,331110,True,True,True,both
2707100000,325194,325194,True,True,True,both
2707200000,325194,325194,True,True,True,both
2707300010,325194,325194,True,True,True,both
2707300020,325194,325194,True,True,True,both
2707300030,325194,325194,True,True,True,both
2707300040,325194,325194,True,True,True,both
2707400000,325194,325194,True,True,True,both
2707500000,325194,325194,True,True,True,both
2707910000,325194,325194,True,True,True,both
2707991000,325194,325194,True,True,True,both
2707992000,325194,325194,True,True,True,both
2707994000,325194,325194,True,True,True,both
2707995100,325194,325194,True,True,True,both
2707995500,325194,325194,True,True,True,both
2707995900,325194,325194,True,True,True,both
2707999010,324110,324110,True,True,True,both
2707999090,324199,324199,True,True,True,both
2708100000,325194,325194,True,True,True,both
2708200000,325194,325194,True,True,True,both
2709001000,211120,211120,True,True,True,both
2709002010,211130,211130,True,True,True,both
2709002090,211120,211120,True,True,True,both
2710121510,324110,324110,True,True,True,both
2710121514,324110,324110,True,True,True,both
2710121519,324110,324110,True,True,True,both
2710121520,324110,324110,True,True,True,both
2710121550,324110,324110,True,True,True,both
2710121805,324110,324110,True,True,True,both
2710121890,324110,324110,True,True,True,both
2710122500,324110,324110,True,True,True,both
2710124545,324110,324110,True,True,True,both
2710124590,324110,324110,True,True,True,both
2710129000,324110,324110,True,True,True,both
2710190605,324110,324110,True,True,True,both
2710190615,324110,324110,True,True,True,both
2710190625,324110,324110,True,True,True,both
2710190630,324110,324110,True,True,True,both
2710190635,324110,324110,True,True,True,both
2710190650,324110,324110,True,True,True,both
2710191102,324110,324110,True,True,True,both
2710191103,324110,324110,True,True,True,both
2710191104,324110,324110,True,True,True,both
2710191105,324110,324110,True,True,True,both
2710191107,324110,324110,True,True,True,both
2710191108,324110,324110,True,True,True,both
2710191111,324110,324110,True,True,True,both
2710191113,324110,324110,True,True,True,both
2710191114,324110,324110,True,True,True,both
2710191115,324110,324110,True,True,True,both
2710191125,324110,324110,True,True,True,both
2710191150,324110,324110,True,True,True,both
2710191600,324110,324110,True,True,True,both
2710192400,324110,324110,True,True,True,both
2710192500,324110,324110,True,True,True,both
2710192600,324110,324110,True,True,True,both
2710193010,324110,324110,True,True,True,both
2710193020,324110,324110,True,True,True,both
2710193030,324110,324110,True,True,True,both
2710193040,324110,324110,True,True,True,both
2710193050,324110,324110,True,True,True,both
2710193070,324110,324110,True,True,True,both
2710193080,324110,324110,True,True,True,both
2710193500,324110,324110,True,True,True,both
2710194000,324110,324110,True,True,True,both
2710194530,324110,324110,True,True,True,both
2710194540,324110,324110,True,True,True,both
2710194545,324110,324110,True,True,True,both
2710194590,324110,324110,True,True,True,both
2710199000,324110,324110,True,True,True,both
2710200510,324110,324110,True,True,True,both
2710200520,324110,324110,True,True,True,both
2710200550,324110,324110,True,True,True,both
2710201002,324110,324110,True,True,True,both
2710201003,324110,324110,True,True,True,both
2710201004,324110,324110,True,True,True,both
2710201005,324110,324110,True,True,True,both
2710201007,324110,324110,True,True,True,both
2710201008,324110,324110,True,True,True,both
2710201011,324110,324110,True,True,True,both
2710201013,324110,324110,True,True,True,both
2710201014,324110,324110,True,True,True,both
2710201015,324110,324110,True,True,True,both
2710201025,324110,324110,True,True,True,both
2710201050,324110,324110,True,True,True,both
2710201500,324110,324110,True,True,True,both
2710202500,324110,324110,True,True,True,both
2710910000,324110,324110,True,True,True,both
2710910010,324110,324110,True,True,True,both
2710910050,324110,324110,True,True,True,both
2710990500,324110,324110,True,True,True,both
2710991000,324110,324110,True,True,True,both
2710991600,324110,324110,True,True,True,both
2710992100,324110,324110,True,True,True,both
2710993100,324110,324110,True,True,True,both
2710993200,324110,324110,True,True,True,both
2710993900,324110,324110,True,True,True,both
2710994500,324110,324110,True,True,True,both
2710999000,324110,324110,True,True,True,both
2711110000,211130,211130,True,True,True,both
2711120010,211130,211130,True,True,True,both
2711120020,211130,211130,True,True,True,both
2711130010,211130,211130,True,True,True,both
2711130020,211130,211130,True,True,True,both
2711140010,325110,325110,True,True,True,both
2711140020,325110,325110,True,True,True,both
2711140030,325110,325110,True,True,True,both
2711140040,325110,325110,True,True,True,both
2711190010,211130,211130,True,True,True,both
2711190020,211130,211130,True,True,True,both
2711210000,211130,211130,True,True,True,both
2711290010,211130,211130,True,True,True,both
2711290015,211130,211130,True,True,True,both
2711290020,211130,211130,True,True,True,both
2711290025,211130,211130,True,True,True,both
2711290060,211130,211130,True,True,True,both
2712100000,324110,324110,True,True,True,both
2712200000,324110,324110,True,True,True,both
2712901000,324110,324110,True,True,True,both
2712902000,324110,324110,True,True,True,both
2713110000,324110,324110,True,True,True,both
2713120000,324110,324110,True,True,True,both
2713200000,324110,324110,True,True,True,both
2713900000,324110,324110,True,True,True,both
2714100000,211120,211120,True,True,True,both
2714900000,212390,212390,True,True,True,both
2715000000,324121,324121,True,True,True,both
2716000000,990000,990000,True,True,True,both
2801100000,325180,325180,True,True,True,both
2801200000,325180,325180,True,True,True,both
2801301000,325180,325180,True,True,True,both
2801302000,325180,325180,True,True,True,both
2802000000,325180,325180,True,True,True,both
2803000010,325180,325180,True,True,True,both
2803000050,325180,325180,True,True,True,both
2804100000,325120,325120,True,True,True,both
2804210000,325120,325120,True,True,True,both
2804290010,325120,325120,True,True,True,both
2804290050,325120,325120,True,True,True,both
2804300000,325120,325120,True,True,True,both
2804400000,325120,325120,True,True,True,both
2804500010,325120,325120,True,True,True,both
2804500020,331410,331410,True,True,True,both
2804610000,331410,331410,True,True,True,both
2804691000,331410,331410,True,True,True,both
2804695000,331410,331410,True,True,True,both
2804700000,325180,325180,True,True,True,both
2804800000,325180,325180,True,True,True,both
2804900000,331410,331410,True,True,True,both
2805110000,325180,325180,True,True,True,both
2805120000,325180,325180,True,True,True,both
2805191000,325180,325180,True,True,True,both
2805192000,325180,325180,True,True,True,both
2805199000,325180,325180,True,True,True,both
2805300005,325180,325180,True,True,True,both
2805300010,325180,325180,True,True,True,both
2805300015,325180,325180,True,True,True,both
2805300020,325180,325180,True,True,True,both
2805300050,325180,325180,True,True,True,both
2805300090,325180,325180,True,True,True,both
2805400000,325180,325180,True,True,True,both
2806100000,325180,325180,True,True,True,both
2806200000,325180,325180,True,True,True,both
2807000000,325180,325180,True,True,True,both
2808000010,32531X,325311,False,True,True,both
2808000020,325180,325180,True,True,True,both
2809100000,325180,325180,True,True,True,both
2809200010,32531X,325312,False,True,True,both
2809200020,32531X,325312,False,True,True,both
2809200030,32531X,325312,False,True,True,both
2809200040,32531X,325312,False,True,True,both
2810000000,325180,325180,True,True,True,both
2811110000,325180,325180,True,True,True,both
2811120000,325180,325180,True,True,True,both
2811191000,325180,325180,True,True,True,both
2811193000,325180,325180,True,True,True,both
2811196110,325180,325180,True,True,True,both
2811196190,325180,325180,True,True,True,both
2811210000,325120,325120,True,True,True,both
2811221000,325180,325180,True,True,True,both
2811225000,325180,325180,True,True,True,both
2811291000,325180,325180,True,True,True,both
2811292000,325180,325180,True,True,True,both
2811293000,325180,325180,True,True,True,both
2811295000,325180,325180,True,True,True,both
2812110000,325180,325180,True,True,True,both
2812120000,325180,325180,True,True,True,both
2812130000,325180,325180,True,True,True,both
2812140000,325180,325180,True,True,True,both
2812150000,325180,325180,True,True,True,both
2812160000,325180,325180,True,True,True,both
2812170000,325180,325180,True,True,True,both
2812190000,325180,325180,True,True,True,both
2812900010,325180,325180,True,True,True,both
2812900090,325180,325180,True,True,True,both
2813100000,325180,325180,True,True,True,both
2813901000,325180,325180,True,True,True,both
2813902000,325180,325180,True,True,True,both
2813905000,325180,325180,True,True,True,both
2814100000,32531X,325311,False,True,True,both
2814200000,32531X,325311,False,True,True,both
2815110000,325180,325180,True,True,True,both
2815120000,325180,325180,True,True,True,both
2815200050,325180,325180,True,True,True,both
2815200090,325180,325180,True,True,True,both
2815300000,325180,325180,True,True,True,both
2816100000,325180,325180,True,True,True,both
2816401000,325180,325180,True,True,True,both
2816402000,325180,325180,True,True,True,both
2817000000,325180,325180,True,True,True,both
2818101000,327910,327910,True,True,True,both
2818102010,327910,327910,True,True,True,both
2818102090,327910,327910,True,True,True,both
2818200000,331313,331313,True,True,True,both
2818300000,325180,325180,True,True,True,both
2819100000,325180,325180,True,True,True,both
2819900000,325180,325180,True,True,True,both
2820100000,325180,325180,True,True,True,both
2820900000,325180,325180,True,True,True,both
2821100010,325130,325130,True,True,True,both
2821100020,325130,325130,True,True,True,both
2821100030,325130,325130,True,True,True,both
2821100040,325130,325130,True,True,True,both
2821100050,325180,325180,True,True,True,both
2821200000,325130,325130,True,True,True,both
2822000000,325180,325180,True,True,True,both
2823000000,325130,325130,True,True,True,both
2824100000,325130,325130,True,True,True,both
2824901000,325130,325130,True,True,True,both
2824902000,325130,325130,True,True,True,both
2824905000,325130,325130,True,True,True,both
2825100000,325180,325180,True,True,True,both
2825200000,325180,325180,True,True,True,both
2825300010,325180,325180,True,True,True,both
2825300050,325180,325180,True,True,True,both
2825400000,325180,325180,True,True,True,both
2825501000,325180,325180,True,True,True,both
2825502000,325180,325180,True,True,True,both
2825503000,325180,325180,True,True,True,both
2825600000,325180,325180,True,True,True,both
2825700000,325180,325180,True,True,True,both
2825800000,325130,325130,True,True,True,both
2825901000,325180,325180,True,True,True,both
2825901500,325180,325180,True,True,True,both
2825902000,325180,325180,True,True,True,both
2825903000,325180,325180,True,True,True,both
2825907500,325180,325180,True,True,True,both
2825909000,325180,325180,True,True,True,both
2826120000,325180,325180,True,True,True,both
2826191000,325180,325180,True,True,True,both
2826192000,325180,325180,True,True,True,both
2826199000,325180,325180,True,True,True,both
2826300000,325180,325180,True,True,True,both
2826901000,325180,325180,True,True,True,both
2826909000,325180,325180,True,True,True,both
2827100000,325180,325180,True,True,True,both
2827200000,325180,325180,True,True,True,both
2827310000,325180,325180,True,True,True,both
2827320000,325180,325180,True,True,True,both
2827350000,325180,325180,True,True,True,both
2827391000,325180,325180,True,True,True,both
2827392500,325180,325180,True,True,True,both
2827393000,325180,325180,True,True,True,both
2827394000,325180,325180,True,True,True,both
2827394500,325180,325180,True,True,True,both
2827395500,325180,325180,True,True,True,both
2827396000,325180,325180,True,True,True,both
2827396500,325180,325180,True,True,True,both
2827399000,325180,325180,True,True,True,both
2827410000,325180,325180,True,True,True,both
2827491000,325180,325180,True,True,True,both
2827495000,325180,325180,True,True,True,both
2827510000,325180,325180,True,True,True,both
2827592500,325180,325180,True,True,True,both
2827595100,325180,325180,True,True,True,both
2827601000,325180,325180,True,True,True,both
2827602000,325180,325180,True,True,True,both
2827605100,325180,325180,True,True,True,both
2828100000,325180,325180,True,True,True,both
2828900000,325180,325180,True,True,True,both
2829110000,325180,325180,True,True,True,both
2829190100,325180,325180,True,True,True,both
2829900500,325180,325180,True,True,True,both
2829902500,325180,325180,True,True,True,both
2829904000,325180,325180,True,True,True,both
2829906100,325180,325180,True,True,True,both
2830100000,325180,325180,True,True,True,both
2830901000,325180,325180,True,True,True,both
2830901500,325180,325180,True,True,True,both
2830902000,325180,325180,True,True,True,both
2830909000,325180,325180,True,True,True,both
2831101000,325180,325180,True,True,True,both
2831105000,325180,325180,True,True,True,both
2831900000,325180,325180,True,True,True,both
2832100000,325180,325180,True,True,True,both
2832200000,325180,325180,True,True,True,both
2832301000,325180,325180,True,True,True,both
2832305000,325180,325180,True,True,True,both
2833111000,325180,325180,True,True,True,both
2833115010,325180,325180,True,True,True,both
2833115050,325180,325180,True,True,True,both
2833190000,325180,325180,True,True,True,both
2833210000,325180,325180,True,True,True,both
2833220000,325180,325180,True,True,True,both
2833240000,325180,325180,True,True,True,both
2833250000,325180,325180,True,True,True,both
2833270000,325180,325180,True,True,True,both
2833291000,325180,325180,True,True,True,both
2833292000,325180,325180,True,True,True,both
2833293000,325180,325180,True,True,True,both
2833294000,325180,325180,True,True,True,both
2833294500,325180,325180,True,True,True,both
2833295100,325180,325180,True,True,True,both
2833300000,325180,325180,True,True,True,both
2833402000,325180,325180,True,True,True,both
2833406010,325180,325180,True,True,True,both
2833406020,325180,325180,True,True,True,both
2833406050,325180,325180,True,True,True,both
2834101000,325180,325180,True,True,True,both
2834105000,325180,325180,True,True,True,both
2834210000,325180,325180,True,True,True,both
2834290500,325180,325180,True,True,True,both
2834291000,325180,325180,True,True,True,both
2834292000,325180,325180,True,True,True,both
2834295100,325180,325180,True,True,True,both
2835100000,325180,325180,True,True,True,both
2835220000,325180,325180,True,True,True,both
2835240000,325180,325180,True,True,True,both
2835250000,325180,325180,True,True,True,both
2835260000,325180,325180,True,True,True,both
2835291000,325180,325180,True,True,True,both
2835292000,32531X,325312,False,True,True,both
2835293000,325180,325180,True,True,True,both
2835295100,325180,325180,True,True,True,both
2835310000,325180,325180,True,True,True,both
2835391000,325180,325180,True,True,True,both
2835395000,325180,325180,True,True,True,both
2836200000,325180,325180,True,True,True,both
2836300000,325180,325180,True,True,True,both
2836401000,325180,325180,True,True,True,both
2836402000,325180,325180,True,True,True,both
2836500000,325180,325180,True,True,True,both
2836600000,325180,325180,True,True,True,both
2836910010,325180,325180,True,True,True,both
2836910050,325180,325180,True,True,True,both
2836920000,325180,325180,True,True,True,both
2836991000,325180,325180,True,True,True,both
2836992000,325180,325180,True,True,True,both
2836993000,32531X,325311,False,True,True,both
2836994000,325180,325180,True,True,True,both
2836995000,325180,325180,True,True,True,both
2837110000,325180,325180,True,True,True,both
2837190110,325180,325180,True,True,True,both
2837190115,325180,325180,True,True,True,both
2837190125,325180,325180,True,True,True,both
2837201000,325180,325180,True,True,True,both
2837205100,325180,325180,True,True,True,both
2839110000,325180,325180,True,True,True,both
2839190000,325180,325180,True,True,True,both
2839901000,325180,325180,True,True,True,both
2839905000,325180,325180,True,True,True,both
2840110000,325180,325180,True,True,True,both
2840190000,325180,325180,True,True,True,both
2840200000,325180,325180,True,True,True,both
2840300010,325180,325180,True,True,True,both
2840300050,325180,325180,True,True,True,both
2841300000,325180,325180,True,True,True,both
2841501000,325180,325180,True,True,True,both
2841509100,325180,325180,True,True,True,both
2841610000,325180,325180,True,True,True,both
2841690010,325180,325180,True,True,True,both
2841690090,325180,325180,True,True,True,both
2841701000,325180,325180,True,True,True,both
2841705000,325180,325180,True,True,True,both
2841800010,325180,325180,True,True,True,both
2841800020,325180,325180,True,True,True,both
2841800050,325180,325180,True,True,True,both
2841901000,325180,325180,True,True,True,both
2841902000,325180,325180,True,True,True,both
2841903000,325180,325180,True,True,True,both
2841904000,325180,325180,True,True,True,both
2841904500,325130,325130,True,True,True,both
2841905000,325180,325180,True,True,True,both
2842100000,325180,325180,True,True,True,both
2842901000,325180,325180,True,True,True,both
2842909000,325180,325180,True,True,True,both
2843100000,325180,325180,True,True,True,both
2843210000,325180,325180,True,True,True,both
2843290100,325180,325180,True,True,True,both
2843300000,325180,325180,True,True,True,both
2843900000,325180,325180,True,True,True,both
2844101000,325180,325180,True,True,True,both
2844102010,325180,325180,True,True,True,both
2844102025,325180,325180,True,True,True,both
2844102055,325180,325180,True,True,True,both
2844105000,325180,325180,True,True,True,both
2844200010,325180,325180,True,True,True,both
2844200020,325180,325180,True,True,True,both
2844200030,325180,325180,True,True,True,both
2844200050,325180,325180,True,True,True,both
2844301000,325180,325180,True,True,True,both
2844302010,325180,325180,True,True,True,both
2844302020,325180,325180,True,True,True,both
2844302050,325180,325180,True,True,True,both
2844305010,325180,325180,True,True,True,both
2844305050,325180,325180,True,True,True,both
2844410000,325180,325180,True,True,True,both
2844420000,325180,325180,True,True,True,both
2844430010,325180,325180,True,True,True,both
2844430021,325180,325180,True,True,True,both
2844430028,325180,325180,True,True,True,both
2844430050,325180,325180,True,True,True,both
2844440000,325180,325180,True,True,True,both
2844500000,325180,325180,True,True,True,both
2845100000,325180,325180,True,True,True,both
2845200000,325180,325180,True,True,True,both
2845300000,325180,325180,True,True,True,both
2845400000,325180,325180,True,True,True,both
2845900100,325180,325180,True,True,True,both
2846100010,325180,325180,True,True,True,both
2846100050,325180,325180,True,True,True,both
2846902005,325180,325180,True,True,True,both
2846902015,325180,325180,True,True,True,both
2846902040,325180,325180,True,True,True,both
2846902082,325180,325180,True,True,True,both
2846902084,325180,325180,True,True,True,both
2846904000,325180,325180,True,True,True,both
2846908070,325180,325180,True,True,True,both
2846908075,325180,325180,True,True,True,both
2846908090,325180,325180,True,True,True,both
2847000000,325180,325180,True,True,True,both
2849100000,325180,325180,True,True,True,both
2849201000,327910,327910,True,True,True,both
2849202000,327910,327910,True,True,True,both
2849901000,327910,327910,True,True,True,both
2849902000,327910,327910,True,True,True,both
2849903000,327910,327910,True,True,True,both
2849905000,327910,327910,True,True,True,both
2850000500,325180,325180,True,True,True,both
2850000700,325180,325180,True,True,True,both
2850001000,325180,325180,True,True,True,both
2850002000,325180,325180,True,True,True,both
2850005000,325180,325180,True,True,True,both
2852101000,325180,325180,True,True,True,both
2852109000,325180,325180,True,True,True,both
2852900500,325180,325180,True,True,True,both
2852909000,325180,325180,True,True,True,both
2853100000,325180,325180,True,True,True,both
2853901000,325180,325180,True,True,True,both
2853905000,325180,325180,True,True,True,both
2853909010,325180,325180,True,True,True,both
2853909090,325180,325180,True,True,True,both
2901101000,325110,325110,True,True,True,both
2901103000,325110,325110,True,True,True,both
2901104000,325110,325110,True,True,True,both
2901105000,325199,325199,True,True,True,both
2901210000,325110,325110,True,True,True,both
2901220000,325110,325110,True,True,True,both
2901230000,325110,325110,True,True,True,both
2901241000,325110,325110,True,True,True,both
2901242000,325110,325110,True,True,True,both
2901245000,325110,325110,True,True,True,both
2901291010,325110,325110,True,True,True,both
2901291050,325110,325110,True,True,True,both
2901295000,325199,325199,True,True,True,both
2902110000,325194,325194,True,True,True,both
2902190010,325194,325194,True,True,True,both
2902190050,325194,325194,True,True,True,both
2902200000,324110,324110,True,True,True,both
2902300000,324110,324110,True,True,True,both
2902410000,325194,325194,True,True,True,both
2902420000,325194,325194,True,True,True,both
2902430000,325194,325194,True,True,True,both
2902440000,324110,324110,True,True,True,both
2902500000,325194,325194,True,True,True,both
2902600000,325194,325194,True,True,True,both
2902700000,325194,325194,True,True,True,both
2902901000,325194,325194,True,True,True,both
2902902000,325194,325194,True,True,True,both
2902903010,325194,325194,True,True,True,both
2902903050,325194,325194,True,True,True,both
2902904000,325194,325194,True,True,True,both
2902906000,325194,325194,True,True,True,both
2902909000,325194,325194,True,True,True,both
2903110010,325199,325199,True,True,True,both
2903110020,325199,325199,True,True,True,both
2903120000,325199,325199,True,True,True,both
2903130000,325199,325199,True,True,True,both
2903140000,325199,325199,True,True,True,both
2903150000,325199,325199,True,True,True,both
2903190500,325199,325199,True,True,True,both
2903191000,325199,325199,True,True,True,both
2903193000,325199,325199,True,True,True,both
2903196010,325199,325199,True,True,True,both
2903196050,325199,325199,True,True,True,both
2903210000,325199,325199,True,True,True,both
2903220000,325199,325199,True,True,True,both
2903230000,325199,325199,True,True,True,both
2903290000,325199,325199,True,True,True,both
2903411000,325199,325199,True,True,True,both
2903421000,325199,325199,True,True,True,both
2903431000,325199,325199,True,True,True,both
2903441010,325199,325199,True,True,True,both
2903441020,325199,325199,True,True,True,both
2903441030,325199,325199,True,True,True,both
2903451000,325199,325199,True,True,True,both
2903461000,325199,325199,True,True,True,both
2903471000,325199,325199,True,True,True,both
2903480000,325199,325199,True,True,True,both
2903490000,325199,325199,True,True,True,both
2903511000,325199,325199,True,True,True,both
2903591010,325199,325199,True,True,True,both
2903599000,325199,325199,True,True,True,both
2903610000,325199,325199,True,True,True,both
2903621000,325180,325180,True,True,True,both
2903691000,325199,325199,True,True,True,both
2903699000,325199,325199,True,True,True,both
2903710100,325120,325120,True,True,True,both
2903720100,325199,325199,True,True,True,both
2903730100,325199,325199,True,True,True,both
2903740100,325199,325199,True,True,True,both
2903750100,325199,325199,True,True,True,both
2903760100,325120,325120,True,True,True,both
2903770010,325120,325120,True,True,True,both
2903770020,325120,325120,True,True,True,both
2903770030,325120,325120,True,True,True,both
2903770040,325120,325120,True,True,True,both
2903770050,325120,325120,True,True,True,both
2903770080,325120,325120,True,True,True,both
2903780000,325199,325199,True,True,True,both
2903791000,325199,325199,True,True,True,both
2903799030,325199,325199,True,True,True,both
2903799070,325199,325199,True,True,True,both
2903810000,325199,325199,True,True,True,both
2903820000,325199,325199,True,True,True,both
2903830000,325199,325199,True,True,True,both
2903890500,325199,325199,True,True,True,both
2903891100,325199,325199,True,True,True,both
2903891500,325199,325199,True,True,True,both
2903892000,325199,325199,True,True,True,both
2903893100,325199,325199,True,True,True,both
2903894000,325199,325199,True,True,True,both
2903896000,325199,325199,True,True,True,both
2903897000,325199,325199,True,True,True,both
2903897010,325199,325199,True,True,True,both
2903897090,325199,325199,True,True,True,both
2903911000,325199,325199,True,True,True,both
2903912000,325199,325199,True,True,True,both
2903913000,325199,325199,True,True,True,both
2903920000,325199,325199,True,True,True,both
2903930000,325199,325199,True,True,True,both
2903940000,325199,325199,True,True,True,both
2903990500,325199,325199,True,True,True,both
2903990800,325199,325199,True,True,True,both
2903991000,325199,325199,True,True,True,both
2903991500,325199,325199,True,True,True,both
2903992000,325199,325199,True,True,True,both
2903992300,325199,325199,True,True,True,both
2903992700,325199,325199,True,True,True,both
2903993000,325199,325199,True,True,True,both
2903998001,325199,325199,True,True,True,both
2904100400,325199,325199,True,True,True,both
2904100800,325199,325199,True,True,True,both
2904101000,325199,325199,True,True,True,both
2904101500,325199,325199,True,True,True,both
2904103200,325199,325199,True,True,True,both
2904103700,325199,325199,True,True,True,both
2904105000,325199,325199,True,True,True,both
2904201000,325199,325199,True,True,True,both
2904201500,325199,325199,True,True,True,both
2904202000,325199,325199,True,True,True,both
2904203000,325199,325199,True,True,True,both
2904203500,325199,325199,True,True,True,both
2904204000,325199,325199,True,True,True,both
2904204500,325199,325199,True,True,True,both
2904205000,325199,325199,True,True,True,both
2904310000,325199,325199,True,True,True,both
2904320000,325199,325199,True,True,True,both
2904330000,325199,325199,True,True,True,both
2904340000,325199,325199,True,True,True,both
2904350000,325199,325199,True,True,True,both
2904360000,325199,325199,True,True,True,both
2904910000,325199,325199,True,True,True,both
2904990400,325199,325199,True,True,True,both
2904990800,325199,325199,True,True,True,both
2904991500,325199,325199,True,True,True,both
2904992000,325199,325199,True,True,True,both
2904993000,325199,325199,True,True,True,both
2904993500,325199,325199,True,True,True,both
2904994000,325199,325199,True,True,True,both
2904994700,325199,325199,True,True,True,both
2904995000,325199,325199,True,True,True,both
2905111000,325199,325199,True,True,True,both
2905112010,325199,325199,True,True,True,both
2905112015,325199,325199,True,True,True,both
2905112085,325199,325199,True,True,True,both
2905120010,325199,325199,True,True,True,both
2905120050,325199,325199,True,True,True,both
2905130000,325199,325199,True,True,True,both
2905141000,325199,325199,True,True,True,both
2905145010,325199,325199,True,True,True,both
2905145050,325199,325199,True,True,True,both
2905160010,325199,325199,True,True,True,both
2905160050,325199,325199,True,True,True,both
2905170000,325199,325199,True,True,True,both
2905191000,325199,325199,True,True,True,both
2905199005,325199,325199,True,True,True,both
2905199010,325199,325199,True,True,True,both
2905199020,325199,325199,True,True,True,both
2905199090,325199,325199,True,True,True,both
2905221000,325199,325199,True,True,True,both
2905222000,325199,325199,True,True,True,both
2905225010,325199,325199,True,True,True,both
2905225050,325199,325199,True,True,True,both
2905291000,325199,325199,True,True,True,both
2905299000,325199,325199,True,True,True,both
2905310000,325199,325199,True,True,True,both
2905320000,325199,325199,True,True,True,both
2905391000,325199,325199,True,True,True,both
2905392000,325199,325199,True,True,True,both
2905396000,325199,325199,True,True,True,both
2905399000,325199,325199,True,True,True,both
2905410000,325199,325199,True,True,True,both
2905420000,325199,325199,True,True,True,both
2905430000,325199,325199,True,True,True,both
2905440000,325199,325199,True,True,True,both
2905450000,325199,325199,True,True,True,both
2905491000,325199,325199,True,True,True,both
2905492000,325199,325199,True,True,True,both
2905493000,325199,325199,True,True,True,both
2905494000,325199,325199,True,True,True,both
2905495001,325199,325199,True,True,True,both
2905510000,325199,325199,True,True,True,both
2905591000,325199,325199,True,True,True,both
2905593000,325199,325199,True,True,True,both
2905599000,325199,325199,True,True,True,both
2906110000,325199,325199,True,True,True,both
2906120000,325199,325199,True,True,True,both
2906131000,325199,325199,True,True,True,both
2906135000,325199,325199,True,True,True,both
2906191000,325199,325199,True,True,True,both
2906193000,325199,325199,True,True,True,both
2906195000,325199,325199,True,True,True,both
2906210000,325199,325199,True,True,True,both
2906291000,325199,325199,True,True,True,both
2906292000,325199,325199,True,True,True,both
2906293000,325199,325199,True,True,True,both
2906296000,325199,325199,True,True,True,both
2907110000,325199,325199,True,True,True,both
2907120000,325194,325194,True,True,True,both
2907130000,325194,325194,True,True,True,both
2907151000,325194,325194,True,True,True,both
2907153000,325194,325194,True,True,True,both
2907156000,325194,325194,True,True,True,both
2907191000,325194,325194,True,True,True,both
2907192000,325194,325194,True,True,True,both
2907194000,325411,325411,True,True,True,both
2907196100,325194,325194,True,True,True,both
2907198000,325194,325194,True,True,True,both
2907210000,325194,325194,True,True,True,both
2907221000,325194,325194,True,True,True,both
2907225000,325194,325194,True,True,True,both
2907230000,325211,325211,True,True,True,both
2907290500,325199,325199,True,True,True,both
2907291000,325199,325199,True,True,True,both
2907291500,325211,325211,True,True,True,both
2907292500,325194,325194,True,True,True,both
2907299000,325211,325211,True,True,True,both
2908110000,325199,325199,True,True,True,both
2908190500,325199,325199,True,True,True,both
2908191000,325199,325199,True,True,True,both
2908191500,325199,325199,True,True,True,both
2908192000,325199,325199,True,True,True,both
2908192500,325199,325199,True,True,True,both
2908193500,325199,325199,True,True,True,both
2908196000,325199,325199,True,True,True,both
2908910000,325199,325199,True,True,True,both
2908920000,325199,325199,True,True,True,both
2908990300,325199,325199,True,True,True,both
2908990600,325199,325199,True,True,True,both
2908990900,325199,325199,True,True,True,both
2908991200,325199,325199,True,True,True,both
2908991500,325199,325199,True,True,True,both
2908992000,325199,325199,True,True,True,both
2908992500,325199,325199,True,True,True,both
2908993300,325199,325199,True,True,True,both
2908994000,325199,325199,True,True,True,both
2908998000,325199,325199,True,True,True,both
2908999000,325199,325199,True,True,True,both
2909110000,325199,325199,True,True,True,both
2909191400,325199,325199,True,True,True,both
2909191800,325199,325199,True,True,True,both
2909193000,325199,325199,True,True,True,both
2909196000,325199,325199,True,True,True,both
2909200000,325199,325199,True,True,True,both
2909300500,325199,325199,True,True,True,both
2909300700,325199,325199,True,True,True,both
2909300900,325199,325199,True,True,True,both
2909301000,325199,325199,True,True,True,both
2909302000,325199,325199,True,True,True,both
2909303000,325199,325199,True,True,True,both
2909304000,325199,325199,True,True,True,both
2909306000,325199,325199,True,True,True,both
2909410000,325199,325199,True,True,True,both
2909430000,325199,325199,True,True,True,both
2909440110,325199,325199,True,True,True,both
2909440150,325199,325199,True,True,True,both
2909490500,325199,325199,True,True,True,both
2909491000,325199,325199,True,True,True,both
2909491500,325199,325199,True,True,True,both
2909492000,325199,325199,True,True,True,both
2909493000,325199,325199,True,True,True,both
2909496000,325199,325199,True,True,True,both
2909501000,325199,325199,True,True,True,both
2909502000,325199,325199,True,True,True,both
2909504010,325199,325199,True,True,True,both
2909504050,325199,325199,True,True,True,both
2909504500,325199,325199,True,True,True,both
2909505000,325199,325199,True,True,True,both
2909601000,325199,325199,True,True,True,both
2909602000,325199,325199,True,True,True,both
2909605000,325199,325199,True,True,True,both
2910100000,325199,325199,True,True,True,both
2910200000,325199,325199,True,True,True,both
2910300000,325199,325199,True,True,True,both
2910400000,325199,325199,True,True,True,both
2910500000,325199,325199,True,True,True,both
2910901000,325199,325199,True,True,True,both
2910902000,325199,325199,True,True,True,both
2910909100,325199,325199,True,True,True,both
2911001000,325199,325199,True,True,True,both
2911005000,325199,325199,True,True,True,both
2912110000,325199,325199,True,True,True,both
2912120000,325199,325199,True,True,True,both
2912191000,325199,325199,True,True,True,both
2912192000,325199,325199,True,True,True,both
2912192500,325199,325199,True,True,True,both
2912193000,325199,325199,True,True,True,both
2912194000,325199,325199,True,True,True,both
2912195000,325199,325199,True,True,True,both
2912210000,325199,325199,True,True,True,both
2912291000,325199,325199,True,True,True,both
2912293000,325199,325199,True,True,True,both
2912296010,325199,325199,True,True,True,both
2912296090,325199,325199,True,True,True,both
2912410000,325199,325199,True,True,True,both
2912420000,325199,325199,True,True,True,both
2912491000,325199,325199,True,True,True,both
2912491500,325199,325199,True,True,True,both
2912492600,325199,325199,True,True,True,both
2912495500,325199,325199,True,True,True,both
2912496000,325199,325199,True,True,True,both
2912499000,325199,325199,True,True,True,both
2912501000,325199,325199,True,True,True,both
2912505000,325199,325199,True,True,True,both
2912600000,325199,325199,True,True,True,both
2913002000,325199,325199,True,True,True,both
2913004000,325199,325199,True,True,True,both
2913005000,325199,325199,True,True,True,both
2914111000,325199,325199,True,True,True,both
2914115000,325199,325199,True,True,True,both
2914120000,325199,325199,True,True,True,both
2914130000,325199,325199,True,True,True,both
2914190000,325199,325199,True,True,True,both
2914221000,325199,325199,True,True,True,both
2914222000,325199,325199,True,True,True,both
2914230000,325199,325199,True,True,True,both
2914291000,325199,325199,True,True,True,both
2914293000,325199,325199,True,True,True,both
2914293100,325199,325199,True,True,True,both
2914295000,325199,325199,True,True,True,both
2914310000,325199,325199,True,True,True,both
2914391000,325199,325199,True,True,True,both
2914399000,325199,325199,True,True,True,both
2914401000,325199,325199,True,True,True,both
2914402000,325199,325199,True,True,True,both
2914404000,325199,325199,True,True,True,both
2914406000,325199,325199,True,True,True,both
2914409000,325199,325199,True,True,True,both
2914501000,325199,325199,True,True,True,both
2914503000,325199,325199,True,True,True,both
2914505000,325199,325199,True,True,True,both
2914610000,325199,325199,True,True,True,both
2914620000,325199,325199,True,True,True,both
2914691000,325199,325199,True,True,True,both
2914692100,325199,325199,True,True,True,both
2914696000,325199,325199,True,True,True,both
2914699000,325199,325199,True,True,True,both
2914710000,325199,325199,True,True,True,both
2914791000,325199,325199,True,True,True,both
2914793000,325199,325199,True,True,True,both
2914794000,325199,325199,True,True,True,both
2914796000,325199,325199,True,True,True,both
2914799000,325199,325199,True,True,True,both
2915110000,325199,325199,True,True,True,both
2915120000,325199,325199,True,True,True,both
2915131000,325199,325199,True,True,True,both
2915135000,325199,325199,True,True,True,both
2915210000,325199,325199,True,True,True,both
2915240000,325199,325199,True,True,True,both
2915291000,325199,325199,True,True,True,both
2915292000,325199,325199,True,True,True,both
2915293000,325199,325199,True,True,True,both
2915295000,325199,325199,True,True,True,both
2915310000,325199,325199,True,True,True,both
2915320000,325199,325199,True,True,True,both
2915330000,325199,325199,True,True,True,both
2915360000,325199,325199,True,True,True,both
2915391000,325199,325199,True,True,True,both
2915392000,325199,325199,True,True,True,both
2915393100,325199,325199,True,True,True,both
2915393500,325199,325199,True,True,True,both
2915394000,325199,325199,True,True,True,both
2915394510,325199,325199,True,True,True,both
2915394550,325199,325199,True,True,True,both
2915394700,325199,325199,True,True,True,both
2915396000,325199,325199,True,True,True,both
2915397000,325199,325199,True,True,True,both
2915398000,325199,325199,True,True,True,both
2915399000,325199,325199,True,True,True,both
2915401000,325199,325199,True,True,True,both
2915402000,325199,325199,True,True,True,both
2915403000,325199,325199,True,True,True,both
2915405010,325199,325199,True,True,True,both
2915405050,325199,325199,True,True,True,both
2915501000,325199,325199,True,True,True,both
2915502000,325199,325199,True,True,True,both
2915505000,325199,325199,True,True,True,both
2915601000,325199,325199,True,True,True,both
2915605000,325199,325199,True,True,True,both
2915700110,325199,325199,True,True,True,both
2915700120,325199,325199,True,True,True,both
2915700150,325199,325199,True,True,True,both
2915901010,325199,325199,True,True,True,both
2915901050,325199,325199,True,True,True,both
2915901400,325412,325412,True,True,True,both
2915901800,325199,325199,True,True,True,both
2915902000,325199,325199,True,True,True,both
2915905010,325199,325199,True,True,True,both
2915905050,325199,325199,True,True,True,both
2916110000,325199,325199,True,True,True,both
2916121000,325199,325199,True,True,True,both
2916125010,325199,325199,True,True,True,both
2916125020,325199,325199,True,True,True,both
2916125030,325199,325199,True,True,True,both
2916125040,325199,325199,True,True,True,both
2916125050,325199,325199,True,True,True,both
2916130000,325199,325199,True,True,True,both
2916141000,325199,325199,True,True,True,both
2916142010,325199,325199,True,True,True,both
2916142020,325199,325199,True,True,True,both
2916142050,325199,325199,True,True,True,both
2916151000,325199,325199,True,True,True,both
2916155100,325199,325199,True,True,True,both
2916160000,325199,325199,True,True,True,both
2916191000,325199,325199,True,True,True,both
2916192000,325199,325199,True,True,True,both
2916193000,325199,325199,True,True,True,both
2916195000,325199,325199,True,True,True,both
2916201000,325199,325199,True,True,True,both
2916205000,325199,325199,True,True,True,both
2916311105,325199,325199,True,True,True,both
2916311170,325199,325199,True,True,True,both
2916311190,325199,325199,True,True,True,both
2916312000,325199,325199,True,True,True,both
2916313000,325199,325199,True,True,True,both
2916315000,325199,325199,True,True,True,both
2916321000,325199,325199,True,True,True,both
2916322000,325199,325199,True,True,True,both
2916341000,325199,325199,True,True,True,both
2916341500,325199,325199,True,True,True,both
2916342500,325199,325199,True,True,True,both
2916345500,325199,325199,True,True,True,both
2916390300,325199,325199,True,True,True,both
2916390400,325199,325199,True,True,True,both
2916390600,325199,325199,True,True,True,both
2916390800,325199,325199,True,True,True,both
2916391200,325199,325199,True,True,True,both
2916391500,325412,325412,True,True,True,both
2916391600,325199,325199,True,True,True,both
2916391700,325199,325199,True,True,True,both
2916392100,325199,325199,True,True,True,both
2916394600,325199,325199,True,True,True,both
2916397700,325199,325199,True,True,True,both
2916397900,325199,325199,True,True,True,both
2917110000,325199,325199,True,True,True,both
2917121000,325199,325199,True,True,True,both
2917122000,325199,325199,True,True,True,both
2917125000,325199,325199,True,True,True,both
2917130030,325199,325199,True,True,True,both
2917130090,325199,325199,True,True,True,both
2917141000,325199,325199,True,True,True,both
2917145000,325199,325199,True,True,True,both
2917191000,325199,325199,True,True,True,both
2917191500,325199,325199,True,True,True,both
2917191700,325199,325199,True,True,True,both
2917192000,325199,325199,True,True,True,both
2917192300,325199,325199,True,True,True,both
2917192700,325199,325199,True,True,True,both
2917193000,325199,325199,True,True,True,both
2917193500,325199,325199,True,True,True,both
2917194000,325199,325199,True,True,True,both
2917197020,325199,325199,True,True,True,both
2917197050,325199,325199,True,True,True,both
2917200000,325199,325199,True,True,True,both
2917320000,325199,325199,True,True,True,both
2917330010,325199,325199,True,True,True,both
2917330050,325199,325199,True,True,True,both
2917340110,325199,325199,True,True,True,both
2917340150,325199,325199,True,True,True,both
2917350000,325199,325199,True,True,True,both
2917360000,325199,325199,True,True,True,both
2917370000,325199,325199,True,True,True,both
2917390400,325199,325199,True,True,True,both
2917390800,325199,325199,True,True,True,both
2917391200,325194,325194,True,True,True,both
2917391500,325199,325199,True,True,True,both
2917391700,325199,325199,True,True,True,both
2917392000,325199,325199,True,True,True,both
2917393000,325199,325199,True,True,True,both
2917397000,325194,325194,True,True,True,both
2918000000,325199,325199,True,True,True,both
2918111000,325199,325199,True,True,True,both
2918115100,325199,325199,True,True,True,both
2918120000,325199,325199,True,True,True,both
2918131000,325199,325199,True,True,True,both
2918132000,325199,325199,True,True,True,both
2918133000,325199,325199,True,True,True,both
2918135000,325199,325199,True,True,True,both
2918140000,325199,325199,True,True,True,both
2918151000,325199,325199,True,True,True,both
2918155000,325199,325199,True,True,True,both
2918161000,325199,325199,True,True,True,both
2918165010,325199,325199,True,True,True,both
2918165050,325199,325199,True,True,True,both
2918170001,325199,325199,True,True,True,both
2918180000,325199,325199,True,True,True,both
2918191100,325199,325199,True,True,True,both
2918191200,325199,325199,True,True,True,both
2918191500,325199,325199,True,True,True,both
2918192000,325199,325199,True,True,True,both
2918193100,325199,325199,True,True,True,both
2918196000,325199,325199,True,True,True,both
2918199000,325199,325199,True,True,True,both
2918211000,325411,325411,True,True,True,both
2918215000,325199,325199,True,True,True,both
2918221000,325412,325412,True,True,True,both
2918225000,325412,325412,True,True,True,both
2918231000,325411,325411,True,True,True,both
2918232000,325194,325194,True,True,True,both
2918233000,325194,325194,True,True,True,both
2918235000,325194,325194,True,True,True,both
2918290400,325199,325199,True,True,True,both
2918290600,325199,325199,True,True,True,both
2918290800,325199,325199,True,True,True,both
2918292000,325199,325199,True,True,True,both
2918292200,325199,325199,True,True,True,both
2918292500,325199,325199,True,True,True,both
2918293000,325199,325199,True,True,True,both
2918293900,325199,325199,True,True,True,both
2918296500,325199,325199,True,True,True,both
2918297500,325199,325199,True,True,True,both
2918301000,325199,325199,True,True,True,both
2918301500,325199,325199,True,True,True,both
2918302500,325199,325199,True,True,True,both
2918303000,325199,325199,True,True,True,both
2918307000,325199,325199,True,True,True,both
2918309000,325199,325199,True,True,True,both
2918910000,325199,325199,True,True,True,both
2918990500,325199,325199,True,True,True,both
2918990600,325199,325199,True,True,True,both
2918991400,325199,325199,True,True,True,both
2918991800,325199,325199,True,True,True,both
2918992010,325199,325199,True,True,True,both
2918992015,325199,325199,True,True,True,both
2918992050,325199,325199,True,True,True,both
2918993000,325411,325411,True,True,True,both
2918993500,325199,325199,True,True,True,both
2918994300,325199,325199,True,True,True,both
2918994700,325199,325199,True,True,True,both
2918995000,325199,325199,True,True,True,both
2919100000,325199,325199,True,True,True,both
2919901500,325199,325199,True,True,True,both
2919902500,325199,325199,True,True,True,both
2919903000,325199,325199,True,True,True,both
2919905010,325199,325199,True,True,True,both
2919905050,325199,325199,True,True,True,both
2920110000,325199,325199,True,True,True,both
2920191000,325199,325199,True,True,True,both
2920194000,325199,325199,True,True,True,both
2920195000,325199,325199,True,True,True,both
2920210000,325199,325199,True,True,True,both
2920220000,325199,325199,True,True,True,both
2920230000,325199,325199,True,True,True,both
2920240000,325199,325199,True,True,True,both
2920290000,325199,325199,True,True,True,both
2920300000,325199,325199,True,True,True,both
2920901000,325199,325199,True,True,True,both
2920902000,325199,325199,True,True,True,both
2920905100,325199,325199,True,True,True,both
2921110000,325199,325199,True,True,True,both
2921120100,325199,325199,True,True,True,both
2921130000,325199,325199,True,True,True,both
2921140000,325199,325199,True,True,True,both
2921191100,325199,325199,True,True,True,both
2921193100,325199,325199,True,True,True,both
2921196110,325199,325199,True,True,True,both
2921196190,325199,325199,True,True,True,both
2921210000,325199,325199,True,True,True,both
2921220500,325199,325199,True,True,True,both
2921221000,325199,325199,True,True,True,both
2921225000,325199,325199,True,True,True,both
2921290010,325199,325199,True,True,True,both
2921290020,325199,325199,True,True,True,both
2921290030,325199,325199,True,True,True,both
2921290055,325199,325199,True,True,True,both
2921300500,325199,325199,True,True,True,both
2921301000,325199,325199,True,True,True,both
2921303000,325199,325199,True,True,True,both
2921305000,325199,325199,True,True,True,both
2921411000,325194,325194,True,True,True,both
2921412000,325194,325194,True,True,True,both
2921421000,325194,325194,True,True,True,both
2921421500,325199,325199,True,True,True,both
2921421600,325194,325194,True,True,True,both
2921421800,325194,325194,True,True,True,both
2921422100,325194,325194,True,True,True,both
2921422200,325194,325194,True,True,True,both
2921422300,325199,325199,True,True,True,both
2921423600,325199,325199,True,True,True,both
2921425500,325130,325130,True,True,True,both
2921426500,325194,325194,True,True,True,both
2921429000,325199,325199,True,True,True,both
2921430400,325194,325194,True,True,True,both
2921430800,325194,325194,True,True,True,both
2921431500,325194,325194,True,True,True,both
2921431900,325194,325194,True,True,True,both
2921432200,325194,325194,True,True,True,both
2921432400,325194,325194,True,True,True,both
2921434000,325194,325194,True,True,True,both
2921439020,325194,325194,True,True,True,both
2921439040,325194,325194,True,True,True,both
2921439090,325194,325194,True,True,True,both
2921440500,325194,325194,True,True,True,both
2921441000,325194,325194,True,True,True,both
2921442000,325194,325194,True,True,True,both
2921447000,325194,325194,True,True,True,both
2921451000,325194,325194,True,True,True,both
2921452000,325194,325194,True,True,True,both
2921452500,325194,325194,True,True,True,both
2921456000,325194,325194,True,True,True,both
2921459010,325194,325194,True,True,True,both
2921459090,325194,325194,True,True,True,both
2921460000,325412,325412,True,True,True,both
2921491000,325194,325194,True,True,True,both
2921491500,325130,325130,True,True,True,both
2921493200,325130,325130,True,True,True,both
2921493800,325412,325412,True,True,True,both
2921494300,325411,325411,True,True,True,both
2921494500,325194,325194,True,True,True,both
2921495000,325194,325194,True,True,True,both
2921511000,325194,325194,True,True,True,both
2921512000,325194,325194,True,True,True,both
2921513000,325194,325194,True,True,True,both
2921515000,325194,325194,True,True,True,both
2921590400,325194,325194,True,True,True,both
2921590800,325194,325194,True,True,True,both
2921591700,325194,325194,True,True,True,both
2921592000,325194,325194,True,True,True,both
2921593000,325194,325194,True,True,True,both
2921594000,325194,325194,True,True,True,both
2921598010,325110,325110,True,True,True,both
2921598090,325194,325194,True,True,True,both
2922110000,325199,325199,True,True,True,both
2922120001,325199,325199,True,True,True,both
2922140000,325412,325412,True,True,True,both
2922150000,325199,325199,True,True,True,both
2922160000,325199,325199,True,True,True,both
2922170000,325199,325199,True,True,True,both
2922180000,325199,325199,True,True,True,both
2922190900,325411,325411,True,True,True,both
2922192000,325199,325199,True,True,True,both
2922193300,325199,325199,True,True,True,both
2922196000,325199,325199,True,True,True,both
2922197000,325199,325199,True,True,True,both
2922199000,325199,325199,True,True,True,both
2922199610,325199,325199,True,True,True,both
2922199619,325199,325199,True,True,True,both
2922199690,325199,325199,True,True,True,both
2922211000,325194,325194,True,True,True,both
2922212500,325194,325194,True,True,True,both
2922214000,325194,325194,True,True,True,both
2922215000,325194,325194,True,True,True,both
2922290300,325194,325194,True,True,True,both
2922290600,325130,325130,True,True,True,both
2922290800,325194,325194,True,True,True,both
2922291000,325194,325194,True,True,True,both
2922291300,325194,325194,True,True,True,both
2922291500,325194,325194,True,True,True,both
2922292000,325194,325194,True,True,True,both
2922292600,325130,325130,True,True,True,both
2922292700,325411,325411,True,True,True,both
2922292900,325194,325194,True,True,True,both
2922296100,325194,325194,True,True,True,both
2922298110,325194,325194,True,True,True,both
2922298190,325194,325194,True,True,True,both
2922310000,325412,325412,True,True,True,both
2922390500,325194,325194,True,True,True,both
2922391000,325194,325194,True,True,True,both
2922391400,325194,325194,True,True,True,both
2922391700,325194,325194,True,True,True,both
2922392500,325194,325194,True,True,True,both
2922394500,325194,325194,True,True,True,both
2922395000,325194,325194,True,True,True,both
2922410010,325411,325411,True,True,True,both
2922410090,325411,325411,True,True,True,both
2922421000,325199,325199,True,True,True,both
2922425000,325199,325199,True,True,True,both
2922431000,325199,325199,True,True,True,both
2922435000,325199,325199,True,True,True,both
2922440000,325412,325412,True,True,True,both
2922490500,325199,325199,True,True,True,both
2922491000,325199,325199,True,True,True,both
2922492600,325412,325412,True,True,True,both
2922493000,325199,325199,True,True,True,both
2922493700,325199,325199,True,True,True,both
2922494300,325199,325199,True,True,True,both
2922494910,325199,325199,True,True,True,both
2922494915,325199,325199,True,True,True,both
2922494950,325199,325199,True,True,True,both
2922496000,325199,325199,True,True,True,both
2922498000,325199,325199,True,True,True,both
2922500700,325199,325199,True,True,True,both
2922501000,325199,325199,True,True,True,both
2922501100,325412,325412,True,True,True,both
2922501300,325412,325412,True,True,True,both
2922501400,325412,325412,True,True,True,both
2922501700,325412,325412,True,True,True,both
2922501900,325411,325411,True,True,True,both
2922502500,325412,325412,True,True,True,both
2922503500,325199,325199,True,True,True,both
2922504000,325199,325199,True,True,True,both
2922505000,325199,325199,True,True,True,both
2923100000,325199,325199,True,True,True,both
2923201000,325199,325199,True,True,True,both
2923202010,325199,325199,True,True,True,both
2923202050,325199,325199,True,True,True,both
2923300000,325199,325199,True,True,True,both
2923400000,325199,325199,True,True,True,both
2923900100,325199,325199,True,True,True,both
2924110000,325412,325412,True,True,True,both
2924120000,325199,325199,True,True,True,both
2924191110,325199,325199,True,True,True,both
2924191120,325199,325199,True,True,True,both
2924191130,325199,325199,True,True,True,both
2924191150,325199,325199,True,True,True,both
2924198000,325199,325199,True,True,True,both
2924210400,325199,325199,True,True,True,both
2924210800,325199,325199,True,True,True,both
2924211200,325199,325199,True,True,True,both
2924211600,325199,325199,True,True,True,both
2924211800,325199,325199,True,True,True,both
2924212000,325199,325199,True,True,True,both
2924214500,325199,325199,True,True,True,both
2924215000,325199,325199,True,True,True,both
2924231000,325199,325199,True,True,True,both
2924237000,325199,325199,True,True,True,both
2924237500,325199,325199,True,True,True,both
2924240000,325412,325412,True,True,True,both
2924250000,325199,325199,True,True,True,both
2924290100,325199,325199,True,True,True,both
2924290300,325199,325199,True,True,True,both
2924290500,325199,325199,True,True,True,both
2924291000,325199,325199,True,True,True,both
2924292000,325199,325199,True,True,True,both
2924292300,325199,325199,True,True,True,both
2924292600,325199,325199,True,True,True,both
2924292800,325199,325199,True,True,True,both
2924293100,325199,325199,True,True,True,both
2924293300,325199,325199,True,True,True,both
2924293600,325199,325199,True,True,True,both
2924294300,325199,325199,True,True,True,both
2924294700,325199,325199,True,True,True,both
2924295200,325130,325130,True,True,True,both
2924295700,325412,325412,True,True,True,both
2924296210,325412,325412,True,True,True,both
2924296220,325412,325412,True,True,True,both
2924296250,325411,325411,True,True,True,both
2924296500,325412,325412,True,True,True,both
2924297100,325199,325199,True,True,True,both
2924297710,325199,325199,True,True,True,both
2924297720,325199,325199,True,True,True,both
2924297730,325199,325199,True,True,True,both
2924297790,325199,325199,True,True,True,both
2924298000,325199,325199,True,True,True,both
2924299500,325199,325199,True,True,True,both
2925110000,325199,325199,True,True,True,both
2925120000,325412,325412,True,True,True,both
2925191000,325199,325199,True,True,True,both
2925193000,325199,325199,True,True,True,both
2925194200,325199,325199,True,True,True,both
2925197000,325199,325199,True,True,True,both
2925199100,325199,325199,True,True,True,both
2925210000,325199,325199,True,True,True,both
2925291000,325412,325412,True,True,True,both
2925291800,325199,325199,True,True,True,both
2925292000,325411,325411,True,True,True,both
2925296000,325199,325199,True,True,True,both
2925297000,325199,325199,True,True,True,both
2925299000,325199,325199,True,True,True,both
2926100000,325199,325199,True,True,True,both
2926200000,325199,325199,True,True,True,both
2926301000,325199,325199,True,True,True,both
2926302000,325199,325199,True,True,True,both
2926400000,325199,325199,True,True,True,both
2926900100,325199,325199,True,True,True,both
2926900500,325199,325199,True,True,True,both
2926900800,325199,325199,True,True,True,both
2926901100,325199,325199,True,True,True,both
2926901200,325199,325199,True,True,True,both
2926901400,325199,325199,True,True,True,both
2926901600,325199,325199,True,True,True,both
2926901700,325199,325199,True,True,True,both
2926901900,325199,325199,True,True,True,both
2926902100,325199,325199,True,True,True,both
2926902300,325199,325199,True,True,True,both
2926902500,325199,325199,True,True,True,both
2926903000,325199,325199,True,True,True,both
2926904300,325199,325199,True,True,True,both
2926904801,325199,325199,True,True,True,both
2926905010,325199,325199,True,True,True,both
2926905050,325199,325199,True,True,True,both
2927000300,325199,325199,True,True,True,both
2927000600,325199,325199,True,True,True,both
2927001500,325199,325199,True,True,True,both
2927001800,325199,325199,True,True,True,both
2927002500,325199,325199,True,True,True,both
2927003000,325130,325130,True,True,True,both
2927004000,325199,325199,True,True,True,both
2927005000,325199,325199,True,True,True,both
2928001000,325199,325199,True,True,True,both
2928001500,325199,325199,True,True,True,both
2928002500,325199,325199,True,True,True,both
2928003000,325412,325412,True,True,True,both
2928005000,325199,325199,True,True,True,both
2929101000,325199,325199,True,True,True,both
2929101500,325199,325199,True,True,True,both
2929102000,325199,325199,True,True,True,both
2929102700,325199,325199,True,True,True,both
2929103000,325199,325199,True,True,True,both
2929103500,325199,325199,True,True,True,both
2929105500,325199,325199,True,True,True,both
2929108010,325199,325199,True,True,True,both
2929108090,325199,325199,True,True,True,both
2929900500,325199,325199,True,True,True,both
2929901500,325199,325199,True,True,True,both
2929902000,325199,325199,True,True,True,both
2929905010,325199,325199,True,True,True,both
2929905020,325199,325199,True,True,True,both
2929905090,325199,325199,True,True,True,both
2930100100,325199,325199,True,True,True,both
2930201000,325199,325199,True,True,True,both
2930202010,325199,325199,True,True,True,both
2930202050,325199,325199,True,True,True,both
2930207000,325199,325199,True,True,True,both
2930209010,325199,325199,True,True,True,both
2930209020,325199,325199,True,True,True,both
2930209050,325199,325199,True,True,True,both
2930303000,325199,325199,True,True,True,both
2930306000,325199,325199,True,True,True,both
2930400000,325199,325199,True,True,True,both
2930600000,325199,325199,True,True,True,both
2930700000,325199,325199,True,True,True,both
2930800000,325199,325199,True,True,True,both
2930901000,325199,325199,True,True,True,both
2930902400,325199,325199,True,True,True,both
2930902600,325199,325199,True,True,True,both
2930902900,325199,325199,True,True,True,both
2930903000,325199,325199,True,True,True,both
2930904200,325199,325199,True,True,True,both
2930904310,325199,325199,True,True,True,both
2930904315,325199,325199,True,True,True,both
2930904320,325199,325199,True,True,True,both
2930904391,325199,325199,True,True,True,both
2930904395,325199,325199,True,True,True,both
2930904600,325199,325199,True,True,True,both
2930904910,325199,325199,True,True,True,both
2930904920,325199,325199,True,True,True,both
2930904950,325199,325199,True,True,True,both
2930907100,325199,325199,True,True,True,both
2930909208,325199,325199,True,True,True,both
2930909210,325199,325199,True,True,True,both
2930909212,325199,325199,True,True,True,both
2930909224,325199,325199,True,True,True,both
2930909225,325199,325199,True,True,True,both
2930909230,325199,325199,True,True,True,both
2930909235,325411,325411,True,True,True,both
2930909250,325199,325199,True,True,True,both
2931100000,325199,325199,True,True,True,both
2931200000,325199,325199,True,True,True,both
2931410000,325199,325199,True,True,True,both
2931420000,325199,325199,True,True,True,both
2931430000,325199,325199,True,True,True,both
2931440000,325199,325199,True,True,True,both
2931450000,325199,325199,True,True,True,both
2931460000,325199,325199,True,True,True,both
2931470000,325199,325199,True,True,True,both
2931480000,325199,325199,True,True,True,both
2931490010,325199,325199,True,True,True,both
2931490020,325199,325199,True,True,True,both
2931490050,325199,325199,True,True,True,both
2931510000,325199,325199,True,True,True,both
2931520000,325199,325199,True,True,True,both
2931530000,325199,325199,True,True,True,both
2931540000,325199,325199,True,True,True,both
2931590000,325199,325199,True,True,True,both
2931900500,325199,325199,True,True,True,both
2931901000,325199,325199,True,True,True,both
2931901500,325199,325199,True,True,True,both
2931902200,325412,325412,True,True,True,both
2931902600,325199,325199,True,True,True,both
2931903000,325199,325199,True,True,True,both
2931906000,325199,325199,True,True,True,both
2931907000,325199,325199,True,True,True,both
2931909010,325199,325199,True,True,True,both
2931909021,325199,325199,True,True,True,both
2931909025,325199,325199,True,True,True,both
2931909029,325199,325199,True,True,True,both
2931909051,325199,325199,True,True,True,both
2932110000,325199,325199,True,True,True,both
2932120000,325199,325199,True,True,True,both
2932130000,325199,325199,True,True,True,both
2932140000,325199,325199,True,True,True,both
2932191000,325199,325199,True,True,True,both
2932195100,325199,325199,True,True,True,both
2932200500,325199,325199,True,True,True,both
2932201000,325199,325199,True,True,True,both
2932202000,325411,325411,True,True,True,both
2932202500,325412,325412,True,True,True,both
2932203000,325199,325199,True,True,True,both
2932204500,325199,325199,True,True,True,both
2932205010,325199,325199,True,True,True,both
2932205020,325199,325199,True,True,True,both
2932205030,325199,325199,True,True,True,both
2932205050,325199,325199,True,True,True,both
2932910000,325199,325199,True,True,True,both
2932920000,325199,325199,True,True,True,both
2932930000,325199,325199,True,True,True,both
2932940000,325199,325199,True,True,True,both
2932950000,325412,325412,True,True,True,both
2932960000,325199,325199,True,True,True,both
2932990400,325199,325199,True,True,True,both
2932990800,325199,325199,True,True,True,both
2932992100,325199,325199,True,True,True,both
2932993200,325199,325199,True,True,True,both
2932993500,325199,325199,True,True,True,both
2932993900,325199,325199,True,True,True,both
2932995500,325199,325199,True,True,True,both
2932996100,325199,325199,True,True,True,both
2932997000,325199,325199,True,True,True,both
2932999010,325412,325412,True,True,True,both
2932999090,325199,325199,True,True,True,both
2933110000,325412,325412,True,True,True,both
2933190400,325199,325199,True,True,True,both
2933190800,325199,325199,True,True,True,both
2933191500,325199,325199,True,True,True,both
2933191800,325199,325199,True,True,True,both
2933192300,325199,325199,True,True,True,both
2933193010,325199,325199,True,True,True,both
2933193095,32599X,325992,False,True,True,both
2933193500,325411,325411,True,True,True,both
2933193700,325199,325199,True,True,True,both
2933194300,325199,325199,True,True,True,both
2933194500,325411,325411,True,True,True,both
2933197000,325199,325199,True,True,True,both
2933199000,325199,325199,True,True,True,both
2933210000,325199,325199,True,True,True,both
2933290500,325199,325199,True,True,True,both
2933291000,325199,325199,True,True,True,both
2933292000,325411,325411,True,True,True,both
2933293500,325199,325199,True,True,True,both
2933294300,325199,325199,True,True,True,both
2933294500,325411,325411,True,True,True,both
2933296000,325199,325199,True,True,True,both
2933299000,325199,325199,True,True,True,both
2933310000,325199,325199,True,True,True,both
2933321000,325199,325199,True,True,True,both
2933325000,325199,325199,True,True,True,both
2933330100,325412,325412,True,True,True,both
2933340000,325411,325411,True,True,True,both
2933350000,325199,325199,True,True,True,both
2933360000,325199,325199,True,True,True,both
2933370000,325199,325199,True,True,True,both
2933390800,325199,325199,True,True,True,both
2933391000,325199,325199,True,True,True,both
2933392000,325199,325199,True,True,True,both
2933392100,325199,325199,True,True,True,both
2933392300,325199,325199,True,True,True,both
2933392500,325199,325199,True,True,True,both
2933392700,325199,325199,True,True,True,both
2933393100,325412,325412,True,True,True,both
2933394100,325411,325411,True,True,True,both
2933396110,325199,325199,True,True,True,both
2933396190,325199,325199,True,True,True,both
2933399200,325199,325199,True,True,True,both
2933410000,325412,325412,True,True,True,both
2933490800,325412,325412,True,True,True,both
2933491000,325199,325199,True,True,True,both
2933491500,325199,325199,True,True,True,both
2933491700,325199,325199,True,True,True,both
2933492000,325412,325412,True,True,True,both
2933492600,325412,325412,True,True,True,both
2933493000,325199,325199,True,True,True,both
2933496000,325199,325199,True,True,True,both
2933497000,325199,325199,True,True,True,both
2933521000,325199,325199,True,True,True,both
2933529000,325199,325199,True,True,True,both
2933530000,325199,325199,True,True,True,both
2933540000,325199,325199,True,True,True,both
2933550000,325412,325412,True,True,True,both
2933591000,325199,325199,True,True,True,both
2933591500,325199,325199,True,True,True,both
2933591800,325199,325199,True,True,True,both
2933592100,325412,325412,True,True,True,both
2933592200,325412,325412,True,True,True,both
2933593600,325412,325412,True,True,True,both
2933594600,325412,325412,True,True,True,both
2933595300,325411,325411,True,True,True,both
2933595900,325411,325411,True,True,True,both
2933597000,325199,325199,True,True,True,both
2933598000,325199,325199,True,True,True,both
2933598500,325199,325199,True,True,True,both
2933599500,325199,325199,True,True,True,both
2933610000,325199,325199,True,True,True,both
2933692000,325199,325199,True,True,True,both
2933695000,325199,325199,True,True,True,both
2933696010,325199,325199,True,True,True,both
2933696015,325199,325199,True,True,True,both
2933696021,325199,325199,True,True,True,both
2933696030,325199,325199,True,True,True,both
2933696050,325199,325199,True,True,True,both
2933710000,325199,325199,True,True,True,both
2933720000,325412,325412,True,True,True,both
2933790400,325199,325199,True,True,True,both
2933790800,325199,325199,True,True,True,both
2933791500,325199,325199,True,True,True,both
2933792000,325199,325199,True,True,True,both
2933793000,325199,325199,True,True,True,both
2933794000,325199,325199,True,True,True,both
2933798500,325199,325199,True,True,True,both
2933910000,325412,325412,True,True,True,both
2933920000,325199,325199,True,True,True,both
2933990100,325199,325199,True,True,True,both
2933990200,325199,325199,True,True,True,both
2933990500,325199,325199,True,True,True,both
2933990600,325199,325199,True,True,True,both
2933990800,325199,325199,True,True,True,both
2933991100,325199,325199,True,True,True,both
2933991200,325199,325199,True,True,True,both
2933991400,325199,325199,True,True,True,both
2933991600,325199,325199,True,True,True,both
2933991701,325199,325199,True,True,True,both
2933992200,325199,325199,True,True,True,both
2933992400,325199,325199,True,True,True,both
2933992600,325412,325412,True,True,True,both
2933994200,325412,325412,True,True,True,both
2933994600,325412,325412,True,True,True,both
2933995100,325412,325412,True,True,True,both
2933995300,325412,325412,True,True,True,both
2933995510,325412,325412,True,True,True,both
2933995520,325412,325412,True,True,True,both
2933995530,325412,325412,True,True,True,both
2933995590,325412,325412,True,True,True,both
2933995800,325412,325412,True,True,True,both
2933996100,325412,325412,True,True,True,both
2933996500,325412,325412,True,True,True,both
2933997000,325412,325412,True,True,True,both
2933997500,325411,325411,True,True,True,both
2933997900,325199,325199,True,True,True,both
2933998210,325199,325199,True,True,True,both
2933998220,325199,325199,True,True,True,both
2933998290,325199,325199,True,True,True,both
2933998500,325199,325199,True,True,True,both
2933998900,325199,325199,True,True,True,both
2933999000,325411,325411,True,True,True,both
2933999701,325199,325199,True,True,True,both
2934101000,325199,325199,True,True,True,both
2934102000,325199,325199,True,True,True,both
2934107000,325199,325199,True,True,True,both
2934109000,325199,325199,True,True,True,both
2934200500,325199,325199,True,True,True,both
2934201000,325199,325199,True,True,True,both
2934201500,325199,325199,True,True,True,both
2934202000,325199,325199,True,True,True,both
2934202500,325199,325199,True,True,True,both
2934203000,325199,325199,True,True,True,both
2934203500,325199,325199,True,True,True,both
2934204000,325199,325199,True,True,True,both
2934208000,325199,325199,True,True,True,both
2934301200,325199,325199,True,True,True,both
2934301800,325199,325199,True,True,True,both
2934302300,325412,325412,True,True,True,both
2934302700,325412,325412,True,True,True,both
2934304300,325199,325199,True,True,True,both
2934305000,325199,325199,True,True,True,both
2934910000,325412,325412,True,True,True,both
2934920000,325411,325411,True,True,True,both
2934990100,325412,325412,True,True,True,both
2934990300,325199,325199,True,True,True,both
2934990500,325199,325199,True,True,True,both
2934990600,325199,325199,True,True,True,both
2934990700,325199,325199,True,True,True,both
2934990800,325199,325199,True,True,True,both
2934990900,325199,325199,True,True,True,both
2934991100,325199,325199,True,True,True,both
2934991200,325199,325199,True,True,True,both
2934991500,325199,325199,True,True,True,both
2934991600,325199,325199,True,True,True,both
2934991800,325199,325199,True,True,True,both
2934992000,325199,325199,True,True,True,both
2934993000,325411,325411,True,True,True,both
2934993900,325199,325199,True,True,True,both
2934994400,325199,325199,True,True,True,both
2934994700,325411,325411,True,True,True,both
2934997000,325199,325199,True,True,True,both
2934999001,325199,325199,True,True,True,both
2935100000,325199,325199,True,True,True,both
2935200000,325199,325199,True,True,True,both
2935300000,325199,325199,True,True,True,both
2935400000,325199,325199,True,True,True,both
2935500000,325199,325199,True,True,True,both
2935900600,325199,325199,True,True,True,both
2935901000,325199,325199,True,True,True,both
2935901300,325199,325199,True,True,True,both
2935901500,325199,325199,True,True,True,both
2935902000,325130,325130,True,True,True,both
2935902900,325412,325412,True,True,True,both
2935903000,325412,325412,True,True,True,both
2935903200,325412,325412,True,True,True,both
2935903300,325412,325412,True,True,True,both
2935904200,325412,325412,True,True,True,both
2935904800,325412,325412,True,True,True,both
2935906000,325412,325412,True,True,True,both
2935907500,325199,325199,True,True,True,both
2935909500,325199,325199,True,True,True,both
2936210000,325411,325411,True,True,True,both
2936220000,325411,325411,True,True,True,both
2936230000,325411,325411,True,True,True,both
2936240100,325411,325411,True,True,True,both
2936250000,325411,325411,True,True,True,both
2936260000,325411,325411,True,True,True,both
2936270000,325411,325411,True,True,True,both
2936280000,325411,325411,True,True,True,both
2936291000,325411,325411,True,True,True,both
2936291610,325412,325412,True,True,True,both
2936291620,325411,325411,True,True,True,both
2936291630,325411,325411,True,True,True,both
2936292000,325411,325411,True,True,True,both
2936295020,325411,325411,True,True,True,both
2936295030,325411,325411,True,True,True,both
2936295050,325411,325411,True,True,True,both
2936900110,325411,325411,True,True,True,both
2936900150,325411,325411,True,True,True,both
2937110000,325412,325412,True,True,True,both
2937120000,325412,325412,True,True,True,both
2937190000,325412,325412,True,True,True,both
2937210010,325412,325412,True,True,True,both
2937210020,325412,325412,True,True,True,both
2937210030,325412,325412,True,True,True,both
2937210040,325412,325412,True,True,True,both
2937220000,325412,325412,True,True,True,both
2937231010,325412,325412,True,True,True,both
2937231020,325412,325412,True,True,True,both
2937231050,325412,325412,True,True,True,both
2937232500,325412,325412,True,True,True,both
2937235010,325412,325412,True,True,True,both
2937235020,325412,325412,True,True,True,both
2937235050,325412,325412,True,True,True,both
2937291000,325412,325412,True,True,True,both
2937299020,325412,325412,True,True,True,both
2937299030,325412,325412,True,True,True,both
2937299040,325412,325412,True,True,True,both
2937299050,325412,325412,True,True,True,both
2937299095,325412,325412,True,True,True,both
2937500000,325412,325412,True,True,True,both
2937900500,325412,325412,True,True,True,both
2937901000,325412,325412,True,True,True,both
2937902000,325412,325412,True,True,True,both
2937904000,325412,325412,True,True,True,both
2937904500,325412,325412,True,True,True,both
2937909000,325412,325412,True,True,True,both
2938100000,325411,325411,True,True,True,both
2938900000,325411,325411,True,True,True,both
2939110000,325412,325412,True,True,True,both
2939191000,325412,325412,True,True,True,both
2939192000,325412,325412,True,True,True,both
2939195000,325411,325411,True,True,True,both
2939200010,325411,325411,True,True,True,both
2939200050,325411,325411,True,True,True,both
2939300000,325412,325412,True,True,True,both
2939410000,325412,325412,True,True,True,both
2939420000,325412,325412,True,True,True,both
2939430000,325412,325412,True,True,True,both
2939440000,325412,325412,True,True,True,both
2939450000,325411,325411,True,True,True,both
2939490300,325412,325412,True,True,True,both
2939510000,325412,325412,True,True,True,both
2939590000,325412,325412,True,True,True,both
2939610000,325412,325412,True,True,True,both
2939620000,325412,325412,True,True,True,both
2939630000,325411,325411,True,True,True,both
2939690000,325411,325411,True,True,True,both
2939720000,325411,325411,True,True,True,both
2939790000,325411,325411,True,True,True,both
2939800000,325199,325199,True,True,True,both
2940002000,325199,325199,True,True,True,both
2940006000,325199,325199,True,True,True,both
2941101000,325412,325412,True,True,True,both
2941102000,325412,325412,True,True,True,both
2941103000,325412,325412,True,True,True,both
2941105000,325412,325412,True,True,True,both
2941201000,325412,325412,True,True,True,both
2941205000,325412,325412,True,True,True,both
2941300000,325412,325412,True,True,True,both
2941400000,325412,325412,True,True,True,both
2941500000,325412,325412,True,True,True,both
2941901010,325412,325412,True,True,True,both
2941901050,325411,325411,True,True,True,both
2941903000,325412,325412,True,True,True,both
2941905000,325412,325412,True,True,True,both
2942000300,325199,325199,True,True,True,both
2942000500,325411,325411,True,True,True,both
2942001000,325199,325199,True,True,True,both
2942003500,325199,325199,True,True,True,both
2942005000,325199,325199,True,True,True,both
3001200000,325411,325411,True,True,True,both
3001900110,325411,325411,True,True,True,both
3001900150,325411,325411,True,True,True,both
3001900190,325411,325411,True,True,True,both
3002120010,325414,325414,True,True,True,both
3002120020,325414,325414,True,True,True,both
3002120030,325414,325414,True,True,True,both
3002120040,325413,325413,True,True,True,both
3002120090,325414,325414,True,True,True,both
3002130010,325414,325414,True,True,True,both
3002130090,325414,325414,True,True,True,both
3002140010,325414,325414,True,True,True,both
3002140090,325414,325414,True,True,True,both
3002150011,325413,325413,True,True,True,both
3002150091,325414,325414,True,True,True,both
3002410000,325414,325414,True,True,True,both
3002420000,325414,325414,True,True,True,both
3002490000,325414,325414,True,True,True,both
3002510000,325414,325414,True,True,True,both
3002590000,325414,325414,True,True,True,both
3002901000,325414,325414,True,True,True,both
3002905210,325414,325414,True,True,True,both
3002905220,325414,325414,True,True,True,both
3002905250,325414,325414,True,True,True,both
3003100000,325412,325412,True,True,True,both
3003200000,325412,325412,True,True,True,both
3003310000,325412,325412,True,True,True,both
3003391000,325412,325412,True,True,True,both
3003395000,325412,325412,True,True,True,both
3003410000,325412,325412,True,True,True,both
3003420000,325412,325412,True,True,True,both
3003430000,325412,325412,True,True,True,both
3003490000,325412,325412,True,True,True,both
3003600000,325412,325412,True,True,True,both
3003900120,325412,325412,True,True,True,both
3003900140,325412,325412,True,True,True,both
3003900160,325412,325412,True,True,True,both
3003900180,325412,325412,True,True,True,both
3003900190,325412,325412,True,True,True,both
3004101010,325412,325412,True,True,True,both
3004101020,325412,325412,True,True,True,both
3004101045,325412,325412,True,True,True,both
3004105010,325412,325412,True,True,True,both
3004105045,325412,325412,True,True,True,both
3004105060,325412,325412,True,True,True,both
3004200010,325412,325412,True,True,True,both
3004200020,325412,325412,True,True,True,both
3004200030,325412,325412,True,True,True,both
3004200060,325412,325412,True,True,True,both
3004310000,325412,325412,True,True,True,both
3004320000,325412,325412,True,True,True,both
3004390010,325412,325412,True,True,True,both
3004390050,325412,325412,True,True,True,both
3004410000,325412,325412,True,True,True,both
3004420000,325412,325412,True,True,True,both
3004430000,325412,325412,True,True,True,both
3004490005,325412,325412,True,True,True,both
3004490010,325412,325412,True,True,True,both
3004490020,325412,325412,True,True,True,both
3004490030,325412,325412,True,True,True,both
3004490040,325412,325412,True,True,True,both
3004490050,325412,325412,True,True,True,both
3004490060,325412,325412,True,True,True,both
3004490070,325412,325412,True,True,True,both
3004501000,325412,325412,True,True,True,both
3004502000,325412,325412,True,True,True,both
3004503000,325412,325412,True,True,True,both
3004504000,325412,325412,True,True,True,both
3004505005,325412,325412,True,True,True,both
3004505010,325412,325412,True,True,True,both
3004505020,325412,325412,True,True,True,both
3004505030,325412,325412,True,True,True,both
3004505040,325412,325412,True,True,True,both
3004600000,325412,325412,True,True,True,both
3004901000,325412,325412,True,True,True,both
3004909203,325412,325412,True,True,True,both
3004909207,325412,325412,True,True,True,both
3004909209,325412,325412,True,True,True,both
3004909211,325412,325412,True,True,True,both
3004909213,325412,325412,True,True,True,both
3004909214,325412,325412,True,True,True,both
3004909215,325412,325412,True,True,True,both
3004909220,325412,325412,True,True,True,both
3004909222,325412,325412,True,True,True,both
3004909224,325412,325412,True,True,True,both
3004909226,325412,325412,True,True,True,both
3004909228,325412,325412,True,True,True,both
3004909230,325412,325412,True,True,True,both
3004909235,325412,325412,True,True,True,both
3004909240,325412,325412,True,True,True,both
3004909245,325412,325412,True,True,True,both
3004909250,325412,325412,True,True,True,both
3004909255,325412,325412,True,True,True,both
3004909260,325412,325412,True,True,True,both
3004909265,325412,325412,True,True,True,both
3004909270,325412,325412,True,True,True,both
3004909276,325412,325412,True,True,True,both
3004909280,325412,325412,True,True,True,both
3004909285,325412,325412,True,True,True,both
3004909291,325412,325412,True,True,True,both
3005101000,339113,339113,True,True,True,both
3005105000,339113,339113,True,True,True,both
3005901000,339113,339113,True,True,True,both
3005905010,339113,339113,True,True,True,both
3005905090,339113,339113,True,True,True,both
3006100100,339113,339113,True,True,True,both
3006301000,325413,325413,True,True,True,both
3006305000,325413,325413,True,True,True,both
3006400000,339114,339114,True,True,True,both
3006500000,339113,339113,True,True,True,both
3006600000,325412,325412,True,True,True,both
3006700000,325199,325199,True,True,True,both
3006910000,339112,339112,True,True,True,both
3006920000,325412,325412,True,True,True,both
3006931000,325412,325412,True,True,True,both
3006932000,325412,325412,True,True,True,both
3006935000,325412,325412,True,True,True,both
3006936000,312111,312111,True,True,True,both
3006938000,325412,325412,True,True,True,both
3101000000,32531X,325311,False,True,True,both
3102100010,32531X,325311,False,True,True,both
3102100030,32531X,325311,False,True,True,both
3102100050,32531X,325311,False,True,True,both
3102210000,32531X,325311,False,True,True,both
3102290000,32531X,325311,False,True,True,both
3102300000,32531X,325311,False,True,True,both
3102400000,32531X,325311,False,True,True,both
3102500000,32531X,325311,False,True,True,both
3102600000,32531X,325311,False,True,True,both
3102800000,32531X,325311,False,True,True,both
3102900100,32531X,325311,False,True,True,both
3103110000,32531X,325312,False,True,True,both
3103190000,32531X,325312,False,True,True,both
3103900100,32531X,325312,False,True,True,both
3104200010,32531X,325312,False,True,True,both
3104200050,32531X,325312,False,True,True,both
3104300000,32531X,325312,False,True,True,both
3104900100,32531X,325312,False,True,True,both
3105100000,32531X,325312,False,True,True,both
3105200000,32531X,325312,False,True,True,both
3105300000,32531X,325312,False,True,True,both
3105400010,32531X,325312,False,True,True,both
3105400050,32531X,325312,False,True,True,both
3105510000,32531X,325312,False,True,True,both
3105590000,32531X,325312,False,True,True,both
3105600000,32531X,325312,False,True,True,both
3105900010,32531X,325312,False,True,True,both
3105900050,32531X,325312,False,True,True,both
3201100000,325194,325194,True,True,True,both
3201200000,325194,325194,True,True,True,both
3201901000,325194,325194,True,True,True,both
3201902500,325194,325194,True,True,True,both
3201905000,325194,325194,True,True,True,both
3202101000,325613,325613,True,True,True,both
3202105000,325613,325613,True,True,True,both
3202901000,325613,325613,True,True,True,both
3202905000,325613,325613,True,True,True,both
3203001000,325194,325194,True,True,True,both
3203003000,325199,325199,True,True,True,both
3203008000,325194,325194,True,True,True,both
3204111000,325130,325130,True,True,True,both
3204111500,325130,325130,True,True,True,both
3204111800,325130,325130,True,True,True,both
3204113500,325130,325130,True,True,True,both
3204115000,325130,325130,True,True,True,both
3204120500,325130,325130,True,True,True,both
3204121300,325130,325130,True,True,True,both
3204121700,325130,325130,True,True,True,both
3204122000,325130,325130,True,True,True,both
3204123000,325130,325130,True,True,True,both
3204124500,325130,325130,True,True,True,both
3204125010,325130,325130,True,True,True,both
3204125020,325130,325130,True,True,True,both
3204125030,325130,325130,True,True,True,both
3204125090,325130,325130,True,True,True,both
3204131000,325130,325130,True,True,True,both
3204132000,325130,325130,True,True,True,both
3204132500,325130,325130,True,True,True,both
3204134500,325130,325130,True,True,True,both
3204136000,325130,325130,True,True,True,both
3204138000,325130,325130,True,True,True,both
3204141000,325130,325130,True,True,True,both
3204142000,325130,325130,True,True,True,both
3204142500,325130,325130,True,True,True,both
3204143000,325130,325130,True,True,True,both
3204145000,325130,325130,True,True,True,both
3204151000,325130,325130,True,True,True,both
3204152000,325130,325130,True,True,True,both
3204152500,325130,325130,True,True,True,both
3204153000,325130,325130,True,True,True,both
3204153500,325130,325130,True,True,True,both
3204154000,325130,325130,True,True,True,both
3204158000,325130,325130,True,True,True,both
3204161000,325130,325130,True,True,True,both
3204162000,325130,325130,True,True,True,both
3204163000,325130,325130,True,True,True,both
3204165000,325130,325130,True,True,True,both
3204170405,325130,325130,True,True,True,both
3204170415,325130,325130,True,True,True,both
3204170420,325130,325130,True,True,True,both
3204170425,325130,325130,True,True,True,both
3204170430,325130,325130,True,True,True,both
3204170435,325130,325130,True,True,True,both
3204170485,325130,325130,True,True,True,both
3204170800,325130,325130,True,True,True,both
3204172000,325130,325130,True,True,True,both
3204174015,325130,325130,True,True,True,both
3204174030,325130,325130,True,True,True,both
3204174090,325130,325130,True,True,True,both
3204176005,325130,325130,True,True,True,both
3204176010,325130,325130,True,True,True,both
3204176015,325130,325130,True,True,True,both
3204176020,325130,325130,True,True,True,both
3204176085,325130,325130,True,True,True,both
3204179002,325130,325130,True,True,True,both
3204179003,325130,325130,True,True,True,both
3204179006,325130,325130,True,True,True,both
3204179010,325130,325130,True,True,True,both
3204179015,325130,325130,True,True,True,both
3204179018,325130,325130,True,True,True,both
3204179019,325130,325130,True,True,True,both
3204179021,325130,325130,True,True,True,both
3204179025,325130,325130,True,True,True,both
3204179030,325130,325130,True,True,True,both
3204179035,325130,325130,True,True,True,both
3204179040,325130,325130,True,True,True,both
3204179046,325130,325130,True,True,True,both
3204179047,325130,325130,True,True,True,both
3204179050,325130,325130,True,True,True,both
3204179055,325130,325130,True,True,True,both
3204179060,325130,325130,True,True,True,both
3204179086,325130,325130,True,True,True,both
3204180000,325130,325130,True,True,True,both
3204190600,325130,325130,True,True,True,both
3204191100,325130,325130,True,True,True,both
3204192020,325130,325130,True,True,True,both
3204192040,325130,325130,True,True,True,both
3204192090,325130,325130,True,True,True,both
3204192520,325130,325130,True,True,True,both
3204192540,325130,325130,True,True,True,both
3204192560,325130,325130,True,True,True,both
3204192595,325130,325130,True,True,True,both
3204193000,325130,325130,True,True,True,both
3204194000,325130,325130,True,True,True,both
3204195000,325130,325130,True,True,True,both
3204201000,325130,325130,True,True,True,both
3204204000,325130,325130,True,True,True,both
3204208000,325130,325130,True,True,True,both
3204900000,325130,325130,True,True,True,both
3205000500,325130,325130,True,True,True,both
3205001500,325130,325130,True,True,True,both
3205004010,325130,325130,True,True,True,both
3205004020,325130,325130,True,True,True,both
3205004040,325130,325130,True,True,True,both
3205004055,325130,325130,True,True,True,both
3205005010,325130,325130,True,True,True,both
3205005020,325130,325130,True,True,True,both
3205005030,325130,325130,True,True,True,both
3205005040,325130,325130,True,True,True,both
3205005050,325130,325130,True,True,True,both
3206110000,325130,325130,True,True,True,both
3206190000,325130,325130,True,True,True,both
3206200010,325130,325130,True,True,True,both
3206200020,325130,325130,True,True,True,both
3206200030,325130,325130,True,True,True,both
3206200050,325130,325130,True,True,True,both
3206410000,325130,325130,True,True,True,both
3206420000,325130,325130,True,True,True,both
3206491000,325130,325130,True,True,True,both
3206492000,325130,325130,True,True,True,both
3206493000,325130,325130,True,True,True,both
3206494000,325130,325130,True,True,True,both
3206495500,325130,325130,True,True,True,both
3206496010,325130,325130,True,True,True,both
3206496050,325130,325130,True,True,True,both
3206500000,325130,325130,True,True,True,both
3207100000,325130,325130,True,True,True,both
3207200000,325510,325510,True,True,True,both
3207300000,32599X,325998,False,True,True,both
3207401000,325510,325510,True,True,True,both
3207405000,325510,325510,True,True,True,both
3208100000,325510,325510,True,True,True,both
3208200000,325510,325510,True,True,True,both
3208900000,325510,325510,True,True,True,both
3209100000,325510,325510,True,True,True,both
3209900000,325510,325510,True,True,True,both
3210000000,325510,325510,True,True,True,both
3211000000,325510,325510,True,True,True,both
3212100000,332XXX,332999,False,True,True,both
3212900010,325130,325130,True,True,True,both
3212900050,325510,325510,True,True,True,both
3213100000,339940,339940,True,True,True,both
3213900000,339940,339940,True,True,True,both
3214100010,325520,325520,True,True,True,both
3214100020,325520,325520,True,True,True,both
3214100090,325520,325520,True,True,True,both
3214901000,325520,325520,True,True,True,both
3214905000,325520,325520,True,True,True,both
3215111000,325910,325910,True,True,True,both
3215113000,325910,325910,True,True,True,both
3215119010,325910,325910,True,True,True,both
3215119020,325910,325910,True,True,True,both
3215119030,325910,325910,True,True,True,both
3215119040,325910,325910,True,True,True,both
3215119050,325910,325910,True,True,True,both
3215119060,325910,325910,True,True,True,both
3215191000,325910,325910,True,True,True,both
3215193000,325910,325910,True,True,True,both
3215199010,325910,325910,True,True,True,both
3215199020,325910,325910,True,True,True,both
3215199030,325910,325910,True,True,True,both
3215199040,325910,325910,True,True,True,both
3215199050,325910,325910,True,True,True,both
3215199060,325910,325910,True,True,True,both
3215901000,32599X,325998,False,True,True,both
3215905000,32599X,325998,False,True,True,both
3301120000,32599X,325998,False,True,True,both
3301130000,32599X,325998,False,True,True,both
3301191000,32599X,325998,False,True,True,both
3301195110,32599X,325998,False,True,True,both
3301195120,32599X,325998,False,True,True,both
3301195150,32599X,325998,False,True,True,both
3301240000,32599X,325998,False,True,True,both
3301250010,32599X,325998,False,True,True,both
3301250020,32599X,325998,False,True,True,both
3301250050,32599X,325998,False,True,True,both
3301291000,32599X,325998,False,True,True,both
3301292000,32599X,325998,False,True,True,both
3301295103,32599X,325998,False,True,True,both
3301295105,32599X,325998,False,True,True,both
3301295107,32599X,325998,False,True,True,both
3301295109,32599X,325998,False,True,True,both
3301295111,32599X,325998,False,True,True,both
3301295113,32599X,325998,False,True,True,both
3301295115,32599X,325998,False,True,True,both
3301295116,32599X,325998,False,True,True,both
3301295117,32599X,325998,False,True,True,both
3301295118,32599X,325998,False,True,True,both
3301295119,32599X,325998,False,True,True,both
3301295121,32599X,325998,False,True,True,both
3301295125,32599X,325998,False,True,True,both
3301295128,32599X,325998,False,True,True,both
3301295129,32599X,325998,False,True,True,both
3301295133,32599X,325998,False,True,True,both
3301295135,32599X,325998,False,True,True,both
3301295137,32599X,325998,False,True,True,both
3301295139,32599X,325998,False,True,True,both
3301295141,32599X,325998,False,True,True,both
3301295142,32599X,325998,False,True,True,both
3301295143,32599X,325998,False,True,True,both
3301295150,32599X,325998,False,True,True,both
3301300000,325211,325211,True,True,True,both
3301901010,32599X,325998,False,True,True,both
3301901020,32599X,325998,False,True,True,both
3301901050,32599X,325998,False,True,True,both
3301905000,32599X,325998,False,True,True,both
3302101000,325199,325199,True,True,True,both
3302102000,325199,325199,True,True,True,both
3302104000,325199,325199,True,True,True,both
3302105000,325199,325199,True,True,True,both
3302109000,325199,325199,True,True,True,both
3302901010,325620,325620,True,True,True,both
3302901050,325199,325199,True,True,True,both
3302902010,325620,325620,True,True,True,both
3302902050,325199,325199,True,True,True,both
3303001000,325620,325620,True,True,True,both
3303002000,325620,325620,True,True,True,both
3303003000,325620,325620,True,True,True,both
3304100000,325620,325620,True,True,True,both
3304200000,325620,325620,True,True,True,both
3304300000,325620,325620,True,True,True,both
3304910010,325620,325620,True,True,True,both
3304910050,325620,325620,True,True,True,both
3304991000,325620,325620,True,True,True,both
3304995000,325620,325620,True,True,True,both
3305100000,325620,325620,True,True,True,both
3305200000,325620,325620,True,True,True,both
3305300000,325620,325620,True,True,True,both
3305900000,325620,325620,True,True,True,both
3306100000,325611,325611,True,True,True,both
3306200000,325620,325620,True,True,True,both
3306900000,325620,325620,True,True,True,both
3307101000,325620,325620,True,True,True,both
3307102000,325620,325620,True,True,True,both
3307200000,325620,325620,True,True,True,both
3307301000,325620,325620,True,True,True,both
3307305000,325620,325620,True,True,True,both
3307410000,32599X,325998,False,True,True,both
3307490000,325611,325611,True,True,True,both
3307900000,325620,325620,True,True,True,both
3401111000,325611,325611,True,True,True,both
3401115000,325611,325611,True,True,True,both
3401190000,325611,325611,True,True,True,both
3401200000,325611,325611,True,True,True,both
3401301000,325613,325613,True,True,True,both
3401305000,325613,325613,True,True,True,both
3402311000,325613,325613,True,True,True,both
3402319000,325613,325613,True,True,True,both
3402391000,325613,325613,True,True,True,both
3402399010,325613,325613,True,True,True,both
3402399020,325613,325613,True,True,True,both
3402399050,325613,325613,True,True,True,both
3402411000,325613,325613,True,True,True,both
3402419000,325613,325613,True,True,True,both
3402421000,325613,325613,True,True,True,both
3402422010,325613,325613,True,True,True,both
3402422020,325613,325613,True,True,True,both
3402422050,325613,325613,True,True,True,both
3402429000,325613,325613,True,True,True,both
3402491000,325613,325613,True,True,True,both
3402499000,325613,325613,True,True,True,both
3402501100,325613,325613,True,True,True,both
3402505100,325613,325613,True,True,True,both
3402901000,325611,325611,True,True,True,both
3402903000,325613,325613,True,True,True,both
3402905010,325611,325611,True,True,True,both
3402905030,325611,325611,True,True,True,both
3402905050,325613,325613,True,True,True,both
3403112000,325613,325613,True,True,True,both
3403114000,325613,325613,True,True,True,both
3403115000,325613,325613,True,True,True,both
3403191000,325613,325613,True,True,True,both
3403195000,325613,325613,True,True,True,both
3403911000,325613,325613,True,True,True,both
3403915000,325613,325613,True,True,True,both
3403990000,325613,325613,True,True,True,both
3404200000,325612,325612,True,True,True,both
3404901000,325612,325612,True,True,True,both
3404905110,325612,325612,True,True,True,both
3404905150,325612,325612,True,True,True,both
3405100000,325612,325612,True,True,True,both
3405200000,325612,325612,True,True,True,both
3405300000,325612,325612,True,True,True,both
3405400000,325611,325611,True,True,True,both
3405900000,325612,325612,True,True,True,both
3406000000,339999,339999,True,True,True,both
3407002000,339940,339940,True,True,True,both
3407004000,339114,339114,True,True,True,both
3501101000,311514,311514,True,True,True,both
3501105000,311514,311514,True,True,True,both
3501902000,325520,325520,True,True,True,both
3501906000,325199,325199,True,True,True,both
3502110000,311999,311999,True,True,True,both
3502190000,311999,311999,True,True,True,both
3502200000,311514,311514,True,True,True,both
3502900000,325199,325199,True,True,True,both
3503001000,325520,325520,True,True,True,both
3503002000,325520,325520,True,True,True,both
3503004000,325520,325520,True,True,True,both
3503005510,32599X,325998,False,True,True,both
3503005520,32599X,325998,False,True,True,both
3503005550,32599X,325998,False,True,True,both
3504001000,311224,311224,True,True,True,both
3504005000,325199,325199,True,True,True,both
3505100015,311221,311221,True,True,True,both
3505100020,311221,311221,True,True,True,both
3505100040,311221,311221,True,True,True,both
3505100045,311221,311221,True,True,True,both
3505100092,311221,311221,True,True,True,both
3505200000,325520,325520,True,True,True,both
3506101000,325520,325520,True,True,True,both
3506105000,325520,325520,True,True,True,both
3506911000,325520,325520,True,True,True,both
3506915000,325520,325520,True,True,True,both
3506990000,325520,325520,True,True,True,both
3507100000,325199,325199,True,True,True,both
3507902000,325199,325199,True,True,True,both
3507907000,325199,325199,True,True,True,both
3601000000,325920,325920,True,True,True,both
3602000030,325920,325920,True,True,True,both
3602000060,325920,325920,True,True,True,both
3603100000,325920,325920,True,True,True,both
3603200000,325920,325920,True,True,True,both
3603300000,332XXX,332992,False,True,True,both
3603400000,325920,325920,True,True,True,both
3603500000,332XXX,332993,False,True,True,both
3603600000,332XXX,332993,False,True,True,both
3604101000,32599X,325998,False,True,True,both
3604109010,32599X,325998,False,True,True,both
3604109050,32599X,325998,False,True,True,both
3604900000,32599X,325998,False,True,True,both
3605000030,32599X,325998,False,True,True,both
3605000060,32599X,325998,False,True,True,both
3606100000,32599X,325998,False,True,True,both
3606903000,32599X,325998,False,True,True,both
3606904000,32599X,325998,False,True,True,both
3606908000,32599X,325998,False,True,True,both
3701100030,32599X,325992,False,True,True,both
3701100060,32599X,325992,False,True,True,both
3701200030,32599X,325992,False,True,True,both
3701200060,32599X,325992,False,True,True,both
3701300000,32599X,325992,False,True,True,both
3701910030,32599X,325992,False,True,True,both
3701910060,32599X,325992,False,True,True,both
3701993000,32599X,325992,False,True,True,both
3701996030,32599X,325992,False,True,True,both
3701996060,32599X,325992,False,True,True,both
3702100030,32599X,325992,False,True,True,both
3702100060,32599X,325992,False,True,True,both
3702310100,32599X,325992,False,True,True,both
3702320130,32599X,325992,False,True,True,both
3702320160,32599X,325992,False,True,True,both
3702390100,32599X,325992,False,True,True,both
3702410100,32599X,325992,False,True,True,both
3702420100,32599X,325992,False,True,True,both
3702430100,32599X,325992,False,True,True,both
3702440130,32599X,325992,False,True,True,both
3702440160,32599X,325992,False,True,True,both
3702520130,32599X,325992,False,True,True,both
3702520160,32599X,325992,False,True,True,both
3702530030,32599X,325992,False,True,True,both
3702530060,32599X,325992,False,True,True,both
3702540030,32599X,325992,False,True,True,both
3702540060,32599X,325992,False,True,True,both
3702550030,32599X,325992,False,True,True,both
3702550060,32599X,325992,False,True,True,both
3702560030,32599X,325992,False,True,True,both
3702560060,32599X,325992,False,True,True,both
3702960000,32599X,325992,False,True,True,both
3702970000,32599X,325992,False,True,True,both
3702980000,32599X,325992,False,True,True,both
3703103030,32599X,325992,False,True,True,both
3703103060,32599X,325992,False,True,True,both
3703103090,32599X,325992,False,True,True,both
3703106000,32599X,325992,False,True,True,both
3703203030,32599X,325992,False,True,True,both
3703203060,32599X,325992,False,True,True,both
3703206000,32599X,325992,False,True,True,both
3703903030,32599X,325992,False,True,True,both
3703903060,32599X,325992,False,True,True,both
3703903090,32599X,325992,False,True,True,both
3703906000,32599X,325992,False,True,True,both
3704000000,990000,990000,True,True,True,both
3705000000,990000,990000,True,True,True,both
3706103000,990000,990000,True,True,True,both
3706106030,990000,990000,True,True,True,both
3706106060,990000,990000,True,True,True,both
3706106090,990000,990000,True,True,True,both
3706900030,990000,990000,True,True,True,both
3706900060,990000,990000,True,True,True,both
3707100005,32599X,325992,False,True,True,both
3707100090,32599X,325992,False,True,True,both
3707903100,32599X,325992,False,True,True,both
3707903210,32599X,325992,False,True,True,both
3707903220,32599X,325992,False,True,True,both
3707903230,32599X,325992,False,True,True,both
3707903290,32599X,325992,False,True,True,both
3707906000,32599X,325992,False,True,True,both
3801101000,327999,327999,True,True,True,both
3801105000,327999,327999,True,True,True,both
3801200000,335991,335991,True,True,True,both
3801300000,335991,335991,True,True,True,both
3801900000,335991,335991,True,True,True,both
3802100010,32599X,325998,False,True,True,both
3802100020,32599X,325998,False,True,True,both
3802100050,32599X,325998,False,True,True,both
3802901000,325130,325130,True,True,True,both
3802902000,327992,327992,True,True,True,both
3802905000,325130,325130,True,True,True,both
3803000000,325194,325194,True,True,True,both
3804001000,322110,322110,True,True,True,both
3804005000,322110,322110,True,True,True,both
3805100000,325194,325194,True,True,True,both
3805901000,325194,325194,True,True,True,both
3805905000,325194,325194,True,True,True,both
3806100010,325194,325194,True,True,True,both
3806100050,325194,325194,True,True,True,both
3806200000,325194,325194,True,True,True,both
3806300000,325211,325211,True,True,True,both
3806900000,325194,325194,True,True,True,both
3807000000,325194,325194,True,True,True,both
3808520000,325320,325320,True,True,True,both
3808591000,325320,325320,True,True,True,both
3808594000,325612,325612,True,True,True,both
3808595000,325320,325320,True,True,True,both
3808611000,325320,325320,True,True,True,both
3808615000,325320,325320,True,True,True,both
3808621000,325320,325320,True,True,True,both
3808625000,325320,325320,True,True,True,both
3808691000,325320,325320,True,True,True,both
3808695000,325320,325320,True,True,True,both
3808911000,325320,325320,True,True,True,both
3808911500,325320,325320,True,True,True,both
3808912501,325320,325320,True,True,True,both
3808913000,325320,325320,True,True,True,both
3808915001,325320,325320,True,True,True,both
3808920500,325320,325320,True,True,True,both
3808921500,325320,325320,True,True,True,both
3808922400,325320,325320,True,True,True,both
3808922800,325320,325320,True,True,True,both
3808923000,325320,325320,True,True,True,both
3808925040,325320,325320,True,True,True,both
3808925080,325320,325320,True,True,True,both
3808930500,325320,325320,True,True,True,both
3808931500,325320,325320,True,True,True,both
3808932000,325320,325320,True,True,True,both
3808935010,325320,325320,True,True,True,both
3808935020,325320,325320,True,True,True,both
3808935040,325320,325320,True,True,True,both
3808941000,325612,325612,True,True,True,both
3808945010,325612,325612,True,True,True,both
3808945050,325612,325612,True,True,True,both
3808945080,325611,325611,True,True,True,both
3808945095,325612,325612,True,True,True,both
3808990400,325320,325320,True,True,True,both
3808990800,325320,325320,True,True,True,both
3808993000,325320,325320,True,True,True,both
3808997000,325320,325320,True,True,True,both
3808999501,325320,325320,True,True,True,both
3809100000,325613,325613,True,True,True,both
3809910000,325613,325613,True,True,True,both
3809921000,32599X,325998,False,True,True,both
3809925000,32599X,325998,False,True,True,both
3809931000,325613,325613,True,True,True,both
3809935000,325613,325613,True,True,True,both
3810100000,32599X,325998,False,True,True,both
3810901000,32599X,325998,False,True,True,both
3810902000,32599X,325998,False,True,True,both
3810905000,32599X,325998,False,True,True,both
3811111000,32599X,325998,False,True,True,both
3811115000,32599X,325998,False,True,True,both
3811190000,32599X,325998,False,True,True,both
3811210000,32599X,325998,False,True,True,both
3811290000,32599X,325998,False,True,True,both
3811900000,32599X,325998,False,True,True,both
3812101000,32599X,325998,False,True,True,both
3812105000,32599X,325998,False,True,True,both
3812201000,32599X,325998,False,True,True,both
3812205000,32599X,325998,False,True,True,both
3812310000,32599X,325998,False,True,True,both
3812392000,32599X,325998,False,True,True,both
3812393000,32599X,325998,False,True,True,both
3812396000,32599X,325998,False,True,True,both
3812397000,32599X,325998,False,True,True,both
3812399000,32599X,325998,False,True,True,both
3813001000,32599X,325998,False,True,True,both
3813005000,32599X,325998,False,True,True,both
3814001000,325510,325510,True,True,True,both
3814002000,325510,325510,True,True,True,both
3814005010,325510,325510,True,True,True,both
3814005090,325510,325510,True,True,True,both
3815110000,325180,325180,True,True,True,both
3815120000,325180,325180,True,True,True,both
3815190000,325180,325180,True,True,True,both
3815901000,325180,325180,True,True,True,both
3815902000,325180,325180,True,True,True,both
3815903000,325180,325180,True,True,True,both
3815905000,325180,325180,True,True,True,both
3816001000,327992,327992,True,True,True,both
3816002010,327120,327120,True,True,True,both
3816002050,327120,327120,True,True,True,both
3817001000,325194,325194,True,True,True,both
3817001500,325194,325194,True,True,True,both
3817002000,325194,325194,True,True,True,both
3818000010,334413,334413,True,True,True,both
3818000090,334413,334413,True,True,True,both
3819000010,324191,324191,True,True,True,both
3819000090,324191,324191,True,True,True,both
3820000000,32599X,325998,False,True,True,both
3821000010,325413,325413,True,True,True,both
3821000090,325413,325413,True,True,True,both
3822110000,325413,325413,True,True,True,both
3822120000,325413,325413,True,True,True,both
3822130000,325413,325413,True,True,True,both
3822190010,325413,325413,True,True,True,both
3822190030,325413,325413,True,True,True,both
3822190040,325413,325413,True,True,True,both
3822190080,325413,325413,True,True,True,both
3822900000,325413,325413,True,True,True,both
3823110000,325199,325199,True,True,True,both
3823120000,325199,325199,True,True,True,both
3823130020,325199,325199,True,True,True,both
3823130040,325199,325199,True,True,True,both
3823192000,325199,325199,True,True,True,both
3823194000,325199,325199,True,True,True,both
3823702000,325199,325199,True,True,True,both
3823704000,325199,325199,True,True,True,both
3823706000,325199,325199,True,True,True,both
3824100000,32599X,325998,False,True,True,both
3824300000,327910,327910,True,True,True,both
3824401000,32599X,325998,False,True,True,both
3824402000,32599X,325998,False,True,True,both
3824405000,32599X,325998,False,True,True,both
3824500010,327320,327320,True,True,True,both
3824500050,327999,327999,True,True,True,both
3824600000,325199,325199,True,True,True,both
3824810000,325199,325199,True,True,True,both
3824821000,325199,325199,True,True,True,both
3824829000,325199,325199,True,True,True,both
3824830000,325199,325199,True,True,True,both
3824840000,325194,325194,True,True,True,both
3824850000,325199,325199,True,True,True,both
3824860000,325194,325194,True,True,True,both
3824870000,325199,325199,True,True,True,both
3824880000,325194,325194,True,True,True,both
3824890000,325199,325199,True,True,True,both
3824910000,325411,325411,True,True,True,both
3824920000,325199,325199,True,True,True,both
3824991100,327999,327999,True,True,True,both
3824991900,327999,327999,True,True,True,both
3824992100,325194,325194,True,True,True,both
3824992500,325194,325194,True,True,True,both
3824992600,325194,325194,True,True,True,both
3824992900,325194,325194,True,True,True,both
3824993100,32599X,325998,False,True,True,both
3824993200,32599X,325998,False,True,True,both
3824993300,32599X,325998,False,True,True,both
3824993400,32599X,325998,False,True,True,both
3824993500,32599X,325998,False,True,True,both
3824993600,32599X,325998,False,True,True,both
3824993900,32599X,325998,False,True,True,both
3824994140,325199,325199,True,True,True,both
3824994190,325199,325199,True,True,True,both
3824994900,325199,325199,True,True,True,both
3824995000,325199,325199,True,True,True,both
3824995500,325199,325199,True,True,True,both
3824997000,325199,325199,True,True,True,both
3824997510,325199,325199,True,True,True,both
3824997550,325199,325199,True,True,True,both
3824999310,325199,325199,True,True,True,both
3824999320,325199,325199,True,True,True,both
3824999330,325199,325199,True,True,True,both
3824999361,325199,325199,True,True,True,both
3824999386,325199,325199,True,True,True,both
3824999397,325199,325199,True,True,True,both
3825100100,325199,325199,True,True,True,both
3825200000,325199,325199,True,True,True,both
3825300000,325199,325199,True,True,True,both
3825410000,325199,325199,True,True,True,both
3825490000,325199,325199,True,True,True,both
3825500000,325199,325199,True,True,True,both
3825610000,325199,325199,True,True,True,both
3825690000,325199,325199,True,True,True,both
3825900100,325199,325199,True,True,True,both
3826001000,325199,325199,True,True,True,both
3826003000,325199,325199,True,True,True,both
3827110000,325199,325199,True,True,True,both
3827120000,325199,325199,True,True,True,both
3827130000,325199,325199,True,True,True,both
3827140000,325199,325199,True,True,True,both
3827200000,325199,325199,True,True,True,both
3827310000,325199,325199,True,True,True,both
3827320000,325199,325199,True,True,True,both
3827390000,325199,325199,True,True,True,both
3827400000,325199,325199,True,True,True,both
3827510000,325199,325199,True,True,True,both
3827590000,325199,325199,True,True,True,both
3827610000,325199,325199,True,True,True,both
3827620000,325199,325199,True,True,True,both
3827630000,325199,325199,True,True,True,both
3827640000,325199,325199,True,True,True,both
3827650000,325199,325199,True,True,True,both
3827680000,325199,325199,True,True,True,both
3827690000,325199,325199,True,True,True,both
3827901000,325199,325199,True,True,True,both
3827909000,325199,325199,True,True,True,both
3901101000,325211,325211,True,True,True,both
3901105010,325211,325211,True,True,True,both
3901105020,325211,325211,True,True,True,both
3901105030,325211,325211,True,True,True,both
3901201000,325211,325211,True,True,True,both
3901205000,325211,325211,True,True,True,both
3901302000,325211,325211,True,True,True,both
3901306000,325211,325211,True,True,True,both
3901400000,325211,325211,True,True,True,both
3901901000,325212,325212,True,True,True,both
3901905501,325211,325211,True,True,True,both
3901909000,325211,325211,True,True,True,both
3902100000,325211,325211,True,True,True,both
3902201000,325212,325212,True,True,True,both
3902205000,325211,325211,True,True,True,both
3902300000,325211,325211,True,True,True,both
3902900010,325211,325211,True,True,True,both
3902900050,325211,325211,True,True,True,both
3903110000,325211,325211,True,True,True,both
3903190000,325211,325211,True,True,True,both
3903200000,325211,325211,True,True,True,both
3903300000,325211,325211,True,True,True,both
3903901000,325211,325211,True,True,True,both
3903905000,325211,325211,True,True,True,both
3904100000,325211,325211,True,True,True,both
3904210000,325211,325211,True,True,True,both
3904220000,325211,325211,True,True,True,both
3904302000,325211,325211,True,True,True,both
3904306000,325211,325211,True,True,True,both
3904400000,325211,325211,True,True,True,both
3904500000,325211,325211,True,True,True,both
3904610010,325211,325211,True,True,True,both
3904610090,325211,325211,True,True,True,both
3904691000,325212,325212,True,True,True,both
3904695000,325211,325211,True,True,True,both
3904901000,325212,325212,True,True,True,both
3904905000,325211,325211,True,True,True,both
3905120000,325211,325211,True,True,True,both
3905190000,325211,325211,True,True,True,both
3905210000,325211,325211,True,True,True,both
3905290000,325211,325211,True,True,True,both
3905300000,325211,325211,True,True,True,both
3905911000,325211,325211,True,True,True,both
3905915000,325211,325211,True,True,True,both
3905993000,325211,325211,True,True,True,both
3905998000,325211,325211,True,True,True,both
3906100000,325211,325211,True,True,True,both
3906901000,325212,325212,True,True,True,both
3906902000,325211,325211,True,True,True,both
3906905000,325211,325211,True,True,True,both
3907100000,325211,325211,True,True,True,both
3907210000,325211,325211,True,True,True,both
3907290000,325211,325211,True,True,True,both
3907300000,325211,325211,True,True,True,both
3907400000,325211,325211,True,True,True,both
3907500000,325211,325211,True,True,True,both
3907610010,325211,325211,True,True,True,both
3907610050,325211,325211,True,True,True,both
3907690010,325211,325211,True,True,True,both
3907690050,325211,325211,True,True,True,both
3907700000,325211,325211,True,True,True,both
3907912000,325211,325211,True,True,True,both
3907914000,325211,325211,True,True,True,both
3907915000,325211,325211,True,True,True,both
3907992000,325211,325211,True,True,True,both
3907995010,325211,325211,True,True,True,both
3907995050,325211,325211,True,True,True,both
3908100000,325211,325211,True,True,True,both
3908902000,325211,325211,True,True,True,both
3908907000,325211,325211,True,True,True,both
3909100000,325211,325211,True,True,True,both
3909200000,325211,325211,True,True,True,both
3909310000,325211,325211,True,True,True,both
3909390000,325211,325211,True,True,True,both
3909400000,325211,325211,True,True,True,both
3909501000,325212,325212,True,True,True,both
3909502000,325211,325211,True,True,True,both
3909505000,325211,325211,True,True,True,both
3910000000,325212,325212,True,True,True,both
3911100000,325211,325211,True,True,True,both
3911200000,325211,325211,True,True,True,both
3911901000,325212,325212,True,True,True,both
3911901500,325211,325211,True,True,True,both
3911902500,325211,325211,True,True,True,both
3911903500,325211,325211,True,True,True,both
3911904500,325211,325211,True,True,True,both
3911907000,325212,325212,True,True,True,both
3911909110,325211,325211,True,True,True,both
3911909150,325211,325211,True,True,True,both
3912110000,325199,325199,True,True,True,both
3912120000,325211,325211,True,True,True,both
3912200000,325211,325211,True,True,True,both
3912310010,325199,325199,True,True,True,both
3912310090,325199,325199,True,True,True,both
3912390000,325199,325199,True,True,True,both
3912900010,325212,325212,True,True,True,both
3912900090,325199,325199,True,True,True,both
3913100000,325199,325199,True,True,True,both
3913901000,325212,325212,True,True,True,both
3913902015,325212,325212,True,True,True,both
3913902090,325212,325212,True,True,True,both
3913905000,325212,325212,True,True,True,both
3914002000,325211,325211,True,True,True,both
3914006000,325211,325211,True,True,True,both
3915100000,910000,910000,True,True,True,both
3915200000,910000,910000,True,True,True,both
3915300000,910000,910000,True,True,True,both
3915900010,910000,910000,True,True,True,both
3915900090,910000,910000,True,True,True,both
3916100000,3261XX,326121,False,True,True,both
3916200010,3261XX,326199,False,True,True,both
3916200020,3261XX,326121,False,True,True,both
3916200091,3261XX,326121,False,True,True,both
3916901000,3261XX,326121,False,True,True,both
3916902000,339920,339920,True,True,True,both
3916903000,3261XX,326121,False,True,True,both
3916905000,3261XX,326121,False,True,True,both
3917101000,3261XX,326121,False,True,True,both
3917106000,311612,311612,True,True,True,both
3917109000,3261XX,326121,False,True,True,both
3917210000,3261XX,326122,False,True,True,both
3917220000,3261XX,326122,False,True,True,both
3917230000,3261XX,326122,False,True,True,both
3917290050,3261XX,326122,False,True,True,both
3917290090,3261XX,326122,False,True,True,both
3917310000,326220,326220,True,True,True,both
3917320010,326220,326220,True,True,True,both
3917320020,326220,326220,True,True,True,both
3917320050,326220,326220,True,True,True,both
3917330000,326220,326220,True,True,True,both
3917390010,326220,326220,True,True,True,both
3917390020,326220,326220,True,True,True,both
3917390050,326220,326220,True,True,True,both
3917400010,3261XX,326122,False,True,True,both
3917400020,3261XX,326122,False,True,True,both
3917400030,3261XX,326122,False,True,True,both
3917400050,3261XX,326122,False,True,True,both
3917400060,3261XX,326122,False,True,True,both
3917400080,3261XX,326122,False,True,True,both
3917400090,3261XX,326122,False,True,True,both
3917400095,3261XX,326122,False,True,True,both
3918101020,3261XX,326199,False,True,True,both
3918101030,3261XX,326199,False,True,True,both
3918101040,3261XX,326199,False,True,True,both
3918102000,3261XX,326199,False,True,True,both
3918103110,322220,322220,True,True,True,both
3918103150,322220,322220,True,True,True,both
3918103210,322220,322220,True,True,True,both
3918103250,322220,322220,True,True,True,both
3918104010,322220,322220,True,True,True,both
3918104050,322220,322220,True,True,True,both
3918105000,322220,322220,True,True,True,both
3918901000,3261XX,326199,False,True,True,both
3918902000,322220,322220,True,True,True,both
3918903000,322220,322220,True,True,True,both
3918905000,322220,322220,True,True,True,both
3919101010,322220,322220,True,True,True,both
3919101050,322220,322220,True,True,True,both
3919102010,322220,322220,True,True,True,both
3919102020,322220,322220,True,True,True,both
3919102030,322220,322220,True,True,True,both
3919102040,322220,322220,True,True,True,both
3919102055,322220,322220,True,True,True,both
3919901000,322220,322220,True,True,True,both
3919905010,322220,322220,True,True,True,both
3919905020,322220,322220,True,True,True,both
3919905030,322220,322220,True,True,True,both
3919905040,322220,322220,True,True,True,both
3919905060,322220,322220,True,True,True,both
3920100000,3261XX,326113,False,True,True,both
3920200015,3261XX,326113,False,True,True,both
3920200020,3261XX,326113,False,True,True,both
3920200055,3261XX,326113,False,True,True,both
3920300000,3261XX,326113,False,True,True,both
3920431000,3261XX,326113,False,True,True,both
3920435000,3261XX,326113,False,True,True,both
3920490000,3261XX,326113,False,True,True,both
3920511000,3261XX,326113,False,True,True,both
3920515050,3261XX,326113,False,True,True,both
3920515090,3261XX,326113,False,True,True,both
3920591000,3261XX,326113,False,True,True,both
3920594000,3261XX,326113,False,True,True,both
3920598000,3261XX,326113,False,True,True,both
3920610000,3261XX,326113,False,True,True,both
3920620020,3261XX,326113,False,True,True,both
3920620050,3261XX,326113,False,True,True,both
3920620090,3261XX,326113,False,True,True,both
3920631000,3261XX,326113,False,True,True,both
3920632000,3261XX,326113,False,True,True,both
3920690000,3261XX,326113,False,True,True,both
3920710000,3261XX,326113,False,True,True,both
3920730000,3261XX,326113,False,True,True,both
3920790500,3261XX,326113,False,True,True,both
3920791000,3261XX,326113,False,True,True,both
3920795000,3261XX,326113,False,True,True,both
3920910000,3261XX,326113,False,True,True,both
3920920000,3261XX,326113,False,True,True,both
3920930000,3261XX,326113,False,True,True,both
3920940000,3261XX,326113,False,True,True,both
3920991000,3261XX,326113,False,True,True,both
3920992000,3261XX,326113,False,True,True,both
3920995000,3261XX,326113,False,True,True,both
3921110000,3261XX,326113,False,True,True,both
3921121100,3261XX,326113,False,True,True,both
3921121500,3261XX,326113,False,True,True,both
3921121910,3261XX,326113,False,True,True,both
3921121950,3261XX,326113,False,True,True,both
3921125000,3261XX,326113,False,True,True,both
3921131100,3261XX,326113,False,True,True,both
3921131500,3261XX,326113,False,True,True,both
3921131910,3261XX,326113,False,True,True,both
3921131950,3261XX,326113,False,True,True,both
3921135000,3261XX,326113,False,True,True,both
3921140000,3261XX,326113,False,True,True,both
3921190000,3261XX,326113,False,True,True,both
3921901100,3261XX,326113,False,True,True,both
3921901500,3261XX,326113,False,True,True,both
3921901910,3261XX,326113,False,True,True,both
3921901950,3261XX,326113,False,True,True,both
3921902100,3261XX,326113,False,True,True,both
3921902510,3261XX,326113,False,True,True,both
3921902550,3261XX,326113,False,True,True,both
3921902900,3261XX,326113,False,True,True,both
3921904010,3261XX,326113,False,True,True,both
3921904090,3261XX,326113,False,True,True,both
3921905010,3261XX,326113,False,True,True,both
3921905050,3261XX,326113,False,True,True,both
3922100000,3261XX,326191,False,True,True,both
3922200000,3261XX,326199,False,True,True,both
3922900000,3261XX,326191,False,True,True,both
3923102000,3261XX,326199,False,True,True,both
3923109000,3261XX,326199,False,True,True,both
3923210011,3261XX,326111,False,True,True,both
3923210020,3261XX,326111,False,True,True,both
3923210030,3261XX,326111,False,True,True,both
3923210080,3261XX,326111,False,True,True,both
3923210085,3261XX,326111,False,True,True,both
3923210095,3261XX,326111,False,True,True,both
3923290000,3261XX,326111,False,True,True,both
3923300010,3261XX,326160,False,True,True,both
3923300090,3261XX,326160,False,True,True,both
3923400010,3261XX,326199,False,True,True,both
3923400050,3261XX,326199,False,True,True,both
3923500000,3261XX,326199,False,True,True,both
3923900012,3261XX,326199,False,True,True,both
3923900014,3261XX,326199,False,True,True,both
3923900016,3261XX,326199,False,True,True,both
3923900080,3261XX,326199,False,True,True,both
3924101000,3261XX,326199,False,True,True,both
3924102000,3261XX,326199,False,True,True,both
3924103000,3261XX,326199,False,True,True,both
3924104000,3261XX,326199,False,True,True,both
3924900500,3261XX,326199,False,True,True,both
3924901010,314120,314120,True,True,True,both
3924901050,314120,314120,True,True,True,both
3924902000,3261XX,326199,False,True,True,both
3924905610,3261XX,326199,False,True,True,both
3924905650,3261XX,326199,False,True,True,both
3925100000,3261XX,326199,False,True,True,both
3925200010,3261XX,326199,False,True,True,both
3925200020,3261XX,326199,False,True,True,both
3925200091,3261XX,326199,False,True,True,both
3925301000,337920,337920,True,True,True,both
3925305000,3261XX,326199,False,True,True,both
3925900000,3261XX,326199,False,True,True,both
3926100000,3261XX,326199,False,True,True,both
3926201010,3261XX,326199,False,True,True,both
3926201020,3261XX,326199,False,True,True,both
3926201050,3261XX,326199,False,True,True,both
3926202000,339920,339920,True,True,True,both
3926203000,339920,339920,True,True,True,both
3926204010,3261XX,326199,False,True,True,both
3926204050,3261XX,326199,False,True,True,both
3926206000,3152XX,315250,False,True,True,both
3926209010,3152XX,315250,False,True,True,both
3926209050,3152XX,315250,False,True,True,both
3926301000,3261XX,326199,False,True,True,both
3926305000,3261XX,326199,False,True,True,both
3926400010,3261XX,326199,False,True,True,both
3926400090,3261XX,326199,False,True,True,both
3926901000,3261XX,326199,False,True,True,both
3926901600,3261XX,326199,False,True,True,both
3926902100,3261XX,326199,False,True,True,both
3926902500,3261XX,326199,False,True,True,both
3926903000,3261XX,326199,False,True,True,both
3926903300,316990,316990,True,True,True,both
3926903500,339999,339999,True,True,True,both
3926904000,339910,339910,True,True,True,both
3926904510,339991,339991,True,True,True,both
3926904590,339991,339991,True,True,True,both
3926904800,3261XX,326199,False,True,True,both
3926905000,3261XX,326199,False,True,True,both
3926905500,326220,326220,True,True,True,both
3926905600,326220,326220,True,True,True,both
3926905700,326220,326220,True,True,True,both
3926905900,326220,326220,True,True,True,both
3926906010,326220,326220,True,True,True,both
3926906090,326220,326220,True,True,True,both
3926906510,3261XX,326199,False,True,True,both
3926906520,3261XX,326199,False,True,True,both
3926906530,3261XX,326199,False,True,True,both
3926906550,3261XX,326199,False,True,True,both
3926907000,3261XX,326199,False,True,True,both
3926907500,3261XX,326199,False,True,True,both
3926907700,3261XX,326199,False,True,True,both
3926908300,3261XX,326199,False,True,True,both
3926908500,3261XX,326199,False,True,True,both
3926908700,32311X,323111,False,True,True,both
3926909400,3261XX,326199,False,True,True,both
3926909600,326220,326220,True,True,True,both
3926909905,3261XX,326199,False,True,True,both
3926909910,3261XX,326199,False,True,True,both
3926909925,3261XX,326199,False,True,True,both
3926909930,3261XX,326199,False,True,True,both
3926909940,3261XX,326199,False,True,True,both
3926909950,3261XX,326199,False,True,True,both
3926909985,3261XX,326199,False,True,True,both
4001100000,113XXX,113210,False,True,True,both
4001210010,113XXX,113210,False,True,True,both
4001210020,113XXX,113210,False,True,True,both
4001210030,113XXX,113210,False,True,True,both
4001210050,113XXX,113210,False,True,True,both
4001220005,113XXX,113210,False,True,True,both
4001220010,113XXX,113210,False,True,True,both
4001220015,113XXX,113210,False,True,True,both
4001220020,113XXX,113210,False,True,True,both
4001220025,113XXX,113210,False,True,True,both
4001220050,113XXX,113210,False,True,True,both
4001290000,113XXX,113210,False,True,True,both
4001300005,113XXX,113210,False,True,True,both
4001300010,113XXX,113210,False,True,True,both
4001300020,113XXX,113210,False,True,True,both
4001300055,113XXX,113210,False,True,True,both
4002110000,325212,325212,True,True,True,both
4002190014,325212,325212,True,True,True,both
4002190015,325212,325212,True,True,True,both
4002190016,325212,325212,True,True,True,both
4002190019,325212,325212,True,True,True,both
4002190020,325212,325212,True,True,True,both
4002200000,325212,325212,True,True,True,both
4002310000,325212,325212,True,True,True,both
4002390000,325212,325212,True,True,True,both
4002410000,325212,325212,True,True,True,both
4002490000,325212,325212,True,True,True,both
4002510000,325212,325212,True,True,True,both
4002590000,325212,325212,True,True,True,both
4002600000,325212,325212,True,True,True,both
4002700000,325212,325212,True,True,True,both
4002800000,325212,325212,True,True,True,both
4002910000,325212,325212,True,True,True,both
4002990000,325212,325212,True,True,True,both
4003000000,326299,326299,True,True,True,both
4004000000,910000,910000,True,True,True,both
4005100000,326299,326299,True,True,True,both
4005200000,326299,326299,True,True,True,both
4005910000,326299,326299,True,True,True,both
4005990000,326299,326299,True,True,True,both
4006100000,326211,326211,True,True,True,both
4006901000,326299,326299,True,True,True,both
4006905000,326299,326299,True,True,True,both
4007000000,326299,326299,True,True,True,both
4008111000,326299,326299,True,True,True,both
4008115000,326299,326299,True,True,True,both
4008192000,326299,326299,True,True,True,both
4008194000,326299,326299,True,True,True,both
4008196000,326299,326299,True,True,True,both
4008198000,326299,326299,True,True,True,both
4008210000,326299,326299,True,True,True,both
4008292000,326299,326299,True,True,True,both
4008294000,326299,326299,True,True,True,both
4009110000,326220,326220,True,True,True,both
4009120020,336340,336340,True,True,True,both
4009120050,326220,326220,True,True,True,both
4009210000,326220,326220,True,True,True,both
4009220020,336340,336340,True,True,True,both
4009220050,326220,326220,True,True,True,both
4009310000,326220,326220,True,True,True,both
4009320020,336340,336340,True,True,True,both
4009320050,326220,326220,True,True,True,both
4009410000,326220,326220,True,True,True,both
4009420020,336340,336340,True,True,True,both
4009420050,326220,326220,True,True,True,both
4010110000,326220,326220,True,True,True,both
4010121000,326220,326220,True,True,True,both
4010125000,326220,326220,True,True,True,both
4010125500,326220,326220,True,True,True,both
4010129000,326220,326220,True,True,True,both
4010191000,326220,326220,True,True,True,both
4010195000,326220,326220,True,True,True,both
4010195500,326220,326220,True,True,True,both
4010198000,326220,326220,True,True,True,both
4010199100,326220,326220,True,True,True,both
4010313000,326220,326220,True,True,True,both
4010316000,326220,326220,True,True,True,both
4010323000,326220,326220,True,True,True,both
4010326000,326220,326220,True,True,True,both
4010333000,326220,326220,True,True,True,both
4010336000,326220,326220,True,True,True,both
4010343000,326220,326220,True,True,True,both
4010346000,326220,326220,True,True,True,both
4010353000,326220,326220,True,True,True,both
4010354100,326220,326220,True,True,True,both
4010354500,326220,326220,True,True,True,both
4010355000,326220,326220,True,True,True,both
4010359000,326220,326220,True,True,True,both
4010363000,326220,326220,True,True,True,both
4010364100,326220,326220,True,True,True,both
4010364500,326220,326220,True,True,True,both
4010365000,326220,326220,True,True,True,both
4010369000,326220,326220,True,True,True,both
4010391000,326220,326220,True,True,True,both
4010392000,326220,326220,True,True,True,both
4010393000,326220,326220,True,True,True,both
4010394100,326220,326220,True,True,True,both
4010394500,326220,326220,True,True,True,both
4010395000,326220,326220,True,True,True,both
4010399000,326220,326220,True,True,True,both
4011101010,326211,326211,True,True,True,both
4011101020,326211,326211,True,True,True,both
4011101030,326211,326211,True,True,True,both
4011101040,326211,326211,True,True,True,both
4011101050,326211,326211,True,True,True,both
4011101060,326211,326211,True,True,True,both
4011101070,326211,326211,True,True,True,both
4011105000,326211,326211,True,True,True,both
4011201005,326211,326211,True,True,True,both
4011201015,326211,326211,True,True,True,both
4011201025,326211,326211,True,True,True,both
4011201035,326211,326211,True,True,True,both
4011205010,326211,326211,True,True,True,both
4011205020,326211,326211,True,True,True,both
4011205030,326211,326211,True,True,True,both
4011205050,326211,326211,True,True,True,both
4011300010,326211,326211,True,True,True,both
4011300050,326211,326211,True,True,True,both
4011400000,326211,326211,True,True,True,both
4011500000,326211,326211,True,True,True,both
4011700010,326211,326211,True,True,True,both
4011700050,326211,326211,True,True,True,both
4011801010,326211,326211,True,True,True,both
4011801020,326211,326211,True,True,True,both
4011802010,326211,326211,True,True,True,both
4011802020,326211,326211,True,True,True,both
4011808010,326211,326211,True,True,True,both
4011808020,326211,326211,True,True,True,both
4011901010,326211,326211,True,True,True,both
4011901050,326211,326211,True,True,True,both
4011902010,326211,326211,True,True,True,both
4011902050,326211,326211,True,True,True,both
4011908010,326211,326211,True,True,True,both
4011908050,326211,326211,True,True,True,both
4012114000,326212,326212,True,True,True,both
4012118000,326212,326212,True,True,True,both
4012124015,326212,326212,True,True,True,both
4012124025,326212,326212,True,True,True,both
4012124035,326212,326212,True,True,True,both
4012128019,326212,326212,True,True,True,both
4012128029,326212,326212,True,True,True,both
4012128050,326212,326212,True,True,True,both
4012130010,326212,326212,True,True,True,both
4012130050,326212,326212,True,True,True,both
4012192000,326212,326212,True,True,True,both
4012194000,326212,326212,True,True,True,both
4012198000,326212,326212,True,True,True,both
4012201010,930000,930000,True,True,True,both
4012201050,930000,930000,True,True,True,both
4012201500,930000,930000,True,True,True,both
4012204500,930000,930000,True,True,True,both
4012206000,930000,930000,True,True,True,both
4012208000,930000,930000,True,True,True,both
4012901000,326211,326211,True,True,True,both
4012903000,326211,326211,True,True,True,both
4012904500,326211,326211,True,True,True,both
4012907000,326211,326211,True,True,True,both
4012909000,326211,326211,True,True,True,both
4013100010,326211,326211,True,True,True,both
4013100020,326211,326211,True,True,True,both
4013200000,326211,326211,True,True,True,both
4013901000,326211,326211,True,True,True,both
4013905010,326211,326211,True,True,True,both
4013905050,326211,326211,True,True,True,both
4014100000,326299,326299,True,True,True,both
4014901000,326299,326299,True,True,True,both
4014905000,326299,326299,True,True,True,both
4015121010,339113,339113,True,True,True,both
4015121020,339113,339113,True,True,True,both
4015129000,339113,339113,True,True,True,both
4015191110,339113,339113,True,True,True,both
4015191150,339113,339113,True,True,True,both
4015195100,339113,339113,True,True,True,both
4015900010,3152XX,315250,False,True,True,both
4015900050,3152XX,315250,False,True,True,both
4016100000,326299,326299,True,True,True,both
4016910000,326299,326299,True,True,True,both
4016920000,326299,326299,True,True,True,both
4016931010,339991,339991,True,True,True,both
4016931020,339991,339991,True,True,True,both
4016931050,339991,339991,True,True,True,both
4016935010,339991,339991,True,True,True,both
4016935020,339991,339991,True,True,True,both
4016935050,339991,339991,True,True,True,both
4016940000,326299,326299,True,True,True,both
4016950000,326299,326299,True,True,True,both
4016990300,326299,326299,True,True,True,both
4016990500,326299,326299,True,True,True,both
4016991000,326299,326299,True,True,True,both
4016991500,326299,326299,True,True,True,both
4016992000,326299,326299,True,True,True,both
4016993000,326299,326299,True,True,True,both
4016993510,326299,326299,True,True,True,both
4016993550,326299,326299,True,True,True,both
4016995500,326299,326299,True,True,True,both
4016996010,326291,326291,True,True,True,both
4016996050,326299,326299,True,True,True,both
4017000000,326299,326299,True,True,True,both
4101201010,311611,311611,True,True,True,both
4101201020,311611,311611,True,True,True,both
4101202000,316110,316110,True,True,True,both
4101203000,316110,316110,True,True,True,both
4101203500,316110,316110,True,True,True,both
4101204000,316110,316110,True,True,True,both
4101205000,316110,316110,True,True,True,both
4101207000,316110,316110,True,True,True,both
4101501010,311611,311611,True,True,True,both
4101501020,311611,311611,True,True,True,both
4101501091,311611,311611,True,True,True,both
4101502000,316110,316110,True,True,True,both
4101503000,316110,316110,True,True,True,both
4101503500,316110,316110,True,True,True,both
4101504000,316110,316110,True,True,True,both
4101505000,316110,316110,True,True,True,both
4101507000,316110,316110,True,True,True,both
4101901010,311611,311611,True,True,True,both
4101901020,311611,311611,True,True,True,both
4101901030,311611,311611,True,True,True,both
4101901040,311611,311611,True,True,True,both
4101903500,316110,316110,True,True,True,both
4101904000,316110,316110,True,True,True,both
4101905000,316110,316110,True,True,True,both
4101907000,316110,316110,True,True,True,both
4102101000,311611,311611,True,True,True,both
4102102000,316110,316110,True,True,True,both
4102103000,316110,316110,True,True,True,both
4102210065,311611,311611,True,True,True,both
4102210095,311611,311611,True,True,True,both
4102291010,311611,311611,True,True,True,both
4102291090,311611,311611,True,True,True,both
4102292000,316110,316110,True,True,True,both
4102293000,316110,316110,True,True,True,both
4103201000,311611,311611,True,True,True,both
4103202000,316110,316110,True,True,True,both
4103203000,316110,316110,True,True,True,both
4103301000,311611,311611,True,True,True,both
4103302000,316110,316110,True,True,True,both
4103901130,311611,311611,True,True,True,both
4103901140,311611,311611,True,True,True,both
4103901190,311611,311611,True,True,True,both
4103901200,316110,316110,True,True,True,both
4103901300,316110,316110,True,True,True,both
4103902000,316110,316110,True,True,True,both
4104111020,316110,316110,True,True,True,both
4104111040,316110,316110,True,True,True,both
4104112000,316110,316110,True,True,True,both
4104113010,316110,316110,True,True,True,both
4104113060,316110,316110,True,True,True,both
4104114010,316110,316110,True,True,True,both
4104114060,316110,316110,True,True,True,both
4104115030,316110,316110,True,True,True,both
4104115040,316110,316110,True,True,True,both
4104115070,316110,316110,True,True,True,both
4104115080,316110,316110,True,True,True,both
4104191020,316110,316110,True,True,True,both
4104191040,316110,316110,True,True,True,both
4104192000,316110,316110,True,True,True,both
4104193000,316110,316110,True,True,True,both
4104194010,316110,316110,True,True,True,both
4104194060,316110,316110,True,True,True,both
4104195030,316110,316110,True,True,True,both
4104195040,316110,316110,True,True,True,both
4104195070,316110,316110,True,True,True,both
4104195080,316110,316110,True,True,True,both
4104411020,316110,316110,True,True,True,both
4104411040,316110,316110,True,True,True,both
4104412000,316110,316110,True,True,True,both
4104413010,316110,316110,True,True,True,both
4104413060,316110,316110,True,True,True,both
4104414010,316110,316110,True,True,True,both
4104414060,316110,316110,True,True,True,both
4104415000,316110,316110,True,True,True,both
4104491020,316110,316110,True,True,True,both
4104491040,316110,316110,True,True,True,both
4104492000,316110,316110,True,True,True,both
4104493010,316110,316110,True,True,True,both
4104493060,316110,316110,True,True,True,both
4104494010,316110,316110,True,True,True,both
4104494060,316110,316110,True,True,True,both
4104495000,316110,316110,True,True,True,both
4105101000,316110,316110,True,True,True,both
4105109000,316110,316110,True,True,True,both
4105300000,316110,316110,True,True,True,both
4106211000,316110,316110,True,True,True,both
4106219000,316110,316110,True,True,True,both
4106220000,316110,316110,True,True,True,both
4106311000,316110,316110,True,True,True,both
4106319000,316110,316110,True,True,True,both
4106320000,316110,316110,True,True,True,both
4106400000,316110,316110,True,True,True,both
4106910000,316110,316110,True,True,True,both
4106920000,316110,316110,True,True,True,both
4107111020,316110,316110,True,True,True,both
4107111040,316110,316110,True,True,True,both
4107112000,316110,316110,True,True,True,both
4107113000,316110,316110,True,True,True,both
4107114000,316110,316110,True,True,True,both
4107115000,316110,316110,True,True,True,both
4107116010,316110,316110,True,True,True,both
4107116060,316110,316110,True,True,True,both
4107117030,316110,316110,True,True,True,both
4107117040,316110,316110,True,True,True,both
4107117050,316110,316110,True,True,True,both
4107117090,316110,316110,True,True,True,both
4107118000,316110,316110,True,True,True,both
4107121020,316110,316110,True,True,True,both
4107121040,316110,316110,True,True,True,both
4107122000,316110,316110,True,True,True,both
4107123000,316110,316110,True,True,True,both
4107124000,316110,316110,True,True,True,both
4107125000,316110,316110,True,True,True,both
4107126010,316110,316110,True,True,True,both
4107126060,316110,316110,True,True,True,both
4107127030,316110,316110,True,True,True,both
4107127040,316110,316110,True,True,True,both
4107127050,316110,316110,True,True,True,both
4107127090,316110,316110,True,True,True,both
4107128000,316110,316110,True,True,True,both
4107191020,316110,316110,True,True,True,both
4107191040,316110,316110,True,True,True,both
4107192000,316110,316110,True,True,True,both
4107193000,316110,316110,True,True,True,both
4107194000,316110,316110,True,True,True,both
4107195000,316110,316110,True,True,True,both
4107196010,316110,316110,True,True,True,both
4107196050,316110,316110,True,True,True,both
4107197030,316110,316110,True,True,True,both
4107197040,316110,316110,True,True,True,both
4107197050,316110,316110,True,True,True,both
4107197090,316110,316110,True,True,True,both
4107198000,316110,316110,True,True,True,both
4107914000,316110,316110,True,True,True,both
4107915000,316110,316110,True,True,True,both
4107916010,316110,316110,True,True,True,both
4107916050,316110,316110,True,True,True,both
4107917030,316110,316110,True,True,True,both
4107917040,316110,316110,True,True,True,both
4107917050,316110,316110,True,True,True,both
4107917090,316110,316110,True,True,True,both
4107918000,316110,316110,True,True,True,both
4107924000,316110,316110,True,True,True,both
4107925000,316110,316110,True,True,True,both
4107926010,316110,316110,True,True,True,both
4107926050,316110,316110,True,True,True,both
4107927030,316110,316110,True,True,True,both
4107927040,316110,316110,True,True,True,both
4107927050,316110,316110,True,True,True,both
4107927090,316110,316110,True,True,True,both
4107928000,316110,316110,True,True,True,both
4107994000,316110,316110,True,True,True,both
4107995000,316110,316110,True,True,True,both
4107996010,316110,316110,True,True,True,both
4107996050,316110,316110,True,True,True,both
4107997030,316110,316110,True,True,True,both
4107997040,316110,316110,True,True,True,both
4107997050,316110,316110,True,True,True,both
4107997090,316110,316110,True,True,True,both
4107998000,316110,316110,True,True,True,both
4112003030,316110,316110,True,True,True,both
4112003060,316110,316110,True,True,True,both
4112006000,316110,316110,True,True,True,both
4113103000,316110,316110,True,True,True,both
4113106000,316110,316110,True,True,True,both
4113200000,316110,316110,True,True,True,both
4113303000,316110,316110,True,True,True,both
4113306000,316110,316110,True,True,True,both
4113903000,316110,316110,True,True,True,both
4113906000,316110,316110,True,True,True,both
4114100000,316110,316110,True,True,True,both
4114203000,316110,316110,True,True,True,both
4114204000,316110,316110,True,True,True,both
4114207000,316110,316110,True,True,True,both
4115100000,316110,316110,True,True,True,both
4115200000,910000,910000,True,True,True,both
4201003000,316990,316990,True,True,True,both
4201006000,316990,316990,True,True,True,both
4202110030,316990,316990,True,True,True,both
4202110090,316990,316990,True,True,True,both
4202122120,316990,316990,True,True,True,both
4202122150,316990,316990,True,True,True,both
4202122910,316990,316990,True,True,True,both
4202122925,316990,316990,True,True,True,both
4202122935,316990,316990,True,True,True,both
4202122985,316990,316990,True,True,True,both
4202124000,316990,316990,True,True,True,both
4202126000,316990,316990,True,True,True,both
4202128130,316990,316990,True,True,True,both
4202128170,316990,316990,True,True,True,both
4202128910,316990,316990,True,True,True,both
4202128920,316990,316990,True,True,True,both
4202128940,316990,316990,True,True,True,both
4202128950,316990,316990,True,True,True,both
4202128960,316990,316990,True,True,True,both
4202128980,316990,316990,True,True,True,both
4202190000,316990,316990,True,True,True,both
4202213000,316990,316990,True,True,True,both
4202216000,316990,316990,True,True,True,both
4202219000,316990,316990,True,True,True,both
4202221500,316990,316990,True,True,True,both
4202223500,316990,316990,True,True,True,both
4202224010,316990,316990,True,True,True,both
4202224020,316990,316990,True,True,True,both
4202224030,316990,316990,True,True,True,both
4202224040,316990,316990,True,True,True,both
4202224500,316990,316990,True,True,True,both
4202226000,316990,316990,True,True,True,both
4202227000,316990,316990,True,True,True,both
4202228100,316990,316990,True,True,True,both
4202228930,316990,316990,True,True,True,both
4202228970,316990,316990,True,True,True,both
4202228980,316990,316990,True,True,True,both
4202291000,316990,316990,True,True,True,both
4202292000,316990,316990,True,True,True,both
4202295000,316990,316990,True,True,True,both
4202299000,316990,316990,True,True,True,both
4202313000,316990,316990,True,True,True,both
4202316000,316990,316990,True,True,True,both
4202321000,316990,316990,True,True,True,both
4202322000,316990,316990,True,True,True,both
4202324000,316990,316990,True,True,True,both
4202328000,316990,316990,True,True,True,both
4202328500,316990,316990,True,True,True,both
4202329100,316990,316990,True,True,True,both
4202329300,316990,316990,True,True,True,both
4202329900,316990,316990,True,True,True,both
4202391000,316990,316990,True,True,True,both
4202392000,316990,316990,True,True,True,both
4202395000,316990,316990,True,True,True,both
4202399000,316990,316990,True,True,True,both
4202911000,339920,339920,True,True,True,both
4202919030,316990,316990,True,True,True,both
4202919090,316990,316990,True,True,True,both
4202920400,314910,314910,True,True,True,both
4202920805,314910,314910,True,True,True,both
4202920807,314910,314910,True,True,True,both
4202920809,314910,314910,True,True,True,both
4202921000,3261XX,326199,False,True,True,both
4202921500,316990,316990,True,True,True,both
4202922000,316990,316990,True,True,True,both
4202923120,316990,316990,True,True,True,both
4202923131,316990,316990,True,True,True,both
4202923305,316990,316990,True,True,True,both
4202923310,316990,316990,True,True,True,both
4202923316,316990,316990,True,True,True,both
4202923900,316990,316990,True,True,True,both
4202924500,316990,316990,True,True,True,both
4202925000,316990,316990,True,True,True,both
4202926010,316990,316990,True,True,True,both
4202926091,314910,314910,True,True,True,both
4202929100,314910,314910,True,True,True,both
4202929310,314910,314910,True,True,True,both
4202929315,316990,316990,True,True,True,both
4202929336,314910,314910,True,True,True,both
4202929400,316990,316990,True,True,True,both
4202929700,316990,316990,True,True,True,both
4202991000,316990,316990,True,True,True,both
4202992000,316990,316990,True,True,True,both
4202993000,316990,316990,True,True,True,both
4202995000,316990,316990,True,True,True,both
4202999000,316990,316990,True,True,True,both
4203102000,3152XX,315250,False,True,True,both
4203104010,3152XX,315250,False,True,True,both
4203104030,3152XX,315250,False,True,True,both
4203104060,3152XX,315250,False,True,True,both
4203104085,3152XX,315250,False,True,True,both
4203104095,3152XX,315250,False,True,True,both
4203212000,339920,339920,True,True,True,both
4203214000,339920,339920,True,True,True,both
4203215500,339920,339920,True,True,True,both
4203216000,339920,339920,True,True,True,both
4203217000,339920,339920,True,True,True,both
4203218030,339920,339920,True,True,True,both
4203218060,339920,339920,True,True,True,both
4203290500,315990,315990,True,True,True,both
4203290800,315990,315990,True,True,True,both
4203291500,315990,315990,True,True,True,both
4203291800,315990,315990,True,True,True,both
4203292000,315990,315990,True,True,True,both
4203293010,315990,315990,True,True,True,both
4203293020,315990,315990,True,True,True,both
4203294000,315990,315990,True,True,True,both
4203295000,315990,315990,True,True,True,both
4203300000,315990,315990,True,True,True,both
4203403000,315990,315990,True,True,True,both
4203406000,315990,315990,True,True,True,both
4205000500,316990,316990,True,True,True,both
4205001000,316990,316990,True,True,True,both
4205002000,316990,316990,True,True,True,both
4205004000,316990,316990,True,True,True,both
4205006000,316990,316990,True,True,True,both
4205008000,316990,316990,True,True,True,both
4206001300,339113,339113,True,True,True,both
4206001910,339920,339920,True,True,True,both
4206001930,339992,339992,True,True,True,both
4206009000,339992,339992,True,True,True,both
4301100010,112930,112930,True,True,True,both
4301100020,112930,112930,True,True,True,both
4301300000,112930,112930,True,True,True,both
4301603000,112930,112930,True,True,True,both
4301606000,112930,112930,True,True,True,both
4301800201,112930,112930,True,True,True,both
4301800202,112930,112930,True,True,True,both
4301800203,112930,112930,True,True,True,both
4301800204,112930,112930,True,True,True,both
4301800210,112930,112930,True,True,True,both
4301800220,112930,112930,True,True,True,both
4301800240,112930,112930,True,True,True,both
4301800260,112930,112930,True,True,True,both
4301800270,112930,112930,True,True,True,both
4301800275,112930,112930,True,True,True,both
4301800280,112930,112930,True,True,True,both
4301800290,112930,112930,True,True,True,both
4301900000,112930,112930,True,True,True,both
4302110010,316110,316110,True,True,True,both
4302110020,316110,316110,True,True,True,both
4302191300,316110,316110,True,True,True,both
4302191500,316110,316110,True,True,True,both
4302193030,316110,316110,True,True,True,both
4302193040,316110,316110,True,True,True,both
4302193070,316110,316110,True,True,True,both
4302194530,316110,316110,True,True,True,both
4302194540,316110,316110,True,True,True,both
4302194570,316110,316110,True,True,True,both
4302195500,316110,316110,True,True,True,both
4302196000,316110,316110,True,True,True,both
4302197500,316110,316110,True,True,True,both
4302203000,316110,316110,True,True,True,both
4302206000,316110,316110,True,True,True,both
4302209000,316110,316110,True,True,True,both
4302300000,316110,316110,True,True,True,both
4303100030,3152XX,315250,False,True,True,both
4303100060,3152XX,315250,False,True,True,both
4303900000,3152XX,315250,False,True,True,both
4304000000,315990,315990,True,True,True,both
4401110000,113XXX,113310,False,True,True,both
4401120000,113XXX,113310,False,True,True,both
4401210000,321113,321113,True,True,True,both
4401220000,321113,321113,True,True,True,both
4401310000,321999,321999,True,True,True,both
4401320000,321999,321999,True,True,True,both
4401392000,321999,321999,True,True,True,both
4401394210,321999,321999,True,True,True,both
4401394220,321999,321999,True,True,True,both
4401394290,321999,321999,True,True,True,both
4401410000,321999,321999,True,True,True,both
4401490020,321999,321999,True,True,True,both
4401490090,321999,321999,True,True,True,both
4402100000,325194,325194,True,True,True,both
4402200000,325194,325194,True,True,True,both
4402900100,325194,325194,True,True,True,both
4403110020,321114,321114,True,True,True,both
4403110040,321114,321114,True,True,True,both
4403110050,321114,321114,True,True,True,both
4403110060,321114,321114,True,True,True,both
4403120020,321114,321114,True,True,True,both
4403120040,321114,321114,True,True,True,both
4403120050,321114,321114,True,True,True,both
4403120060,321114,321114,True,True,True,both
4403210112,113XXX,113310,False,True,True,both
4403210115,113XXX,113310,False,True,True,both
4403210116,113XXX,113310,False,True,True,both
4403210120,113XXX,113310,False,True,True,both
4403210125,113XXX,113310,False,True,True,both
4403210130,113XXX,113310,False,True,True,both
4403210165,113XXX,113310,False,True,True,both
4403220108,113XXX,113310,False,True,True,both
4403220112,113XXX,113310,False,True,True,both
4403220115,113XXX,113310,False,True,True,both
4403220116,113XXX,113310,False,True,True,both
4403220120,113XXX,113310,False,True,True,both
4403220125,113XXX,113310,False,True,True,both
4403220130,113XXX,113310,False,True,True,both
4403220165,113XXX,113310,False,True,True,both
4403230112,113XXX,113310,False,True,True,both
4403230115,113XXX,113310,False,True,True,both
4403230116,113XXX,113310,False,True,True,both
4403230135,113XXX,113310,False,True,True,both
4403230142,113XXX,113310,False,True,True,both
4403230165,113XXX,113310,False,True,True,both
4403240104,113XXX,113310,False,True,True,both
4403240112,113XXX,113310,False,True,True,both
4403240115,113XXX,113310,False,True,True,both
4403240116,113XXX,113310,False,True,True,both
4403240135,113XXX,113310,False,True,True,both
4403240142,113XXX,113310,False,True,True,both
4403240165,113XXX,113310,False,True,True,both
4403250112,113XXX,113310,False,True,True,both
4403250115,113XXX,113310,False,True,True,both
4403250116,113XXX,113310,False,True,True,both
4403250140,113XXX,113310,False,True,True,both
4403250150,113XXX,113310,False,True,True,both
4403250152,113XXX,113310,False,True,True,both
4403250155,113XXX,113310,False,True,True,both
4403250157,113XXX,113310,False,True,True,both
4403250164,113XXX,113310,False,True,True,both
4403250165,113XXX,113310,False,True,True,both
4403260108,113XXX,113310,False,True,True,both
4403260112,113XXX,113310,False,True,True,both
4403260115,113XXX,113310,False,True,True,both
4403260116,113XXX,113310,False,True,True,both
4403260140,113XXX,113310,False,True,True,both
4403260150,113XXX,113310,False,True,True,both
4403260152,113XXX,113310,False,True,True,both
4403260155,113XXX,113310,False,True,True,both
4403260157,113XXX,113310,False,True,True,both
4403260164,113XXX,113310,False,True,True,both
4403260165,113XXX,113310,False,True,True,both
4403410000,113XXX,113310,False,True,True,both
4403420000,113XXX,113310,False,True,True,both
4403490200,113XXX,113310,False,True,True,both
4403910020,113XXX,113310,False,True,True,both
4403910040,113XXX,113310,False,True,True,both
4403930100,113XXX,113310,False,True,True,both
4403940100,113XXX,113310,False,True,True,both
4403950127,113XXX,113310,False,True,True,both
4403950130,113XXX,113310,False,True,True,both
4403960123,113XXX,113310,False,True,True,both
4403960127,113XXX,113310,False,True,True,both
4403960130,113XXX,113310,False,True,True,both
4403970022,113XXX,113310,False,True,True,both
4403970026,113XXX,113310,False,True,True,both
4403970065,113XXX,113310,False,True,True,both
4403970067,113XXX,113310,False,True,True,both
4403980023,113XXX,113310,False,True,True,both
4403980028,113XXX,113310,False,True,True,both
4403980095,113XXX,113310,False,True,True,both
4403990123,113XXX,113310,False,True,True,both
4403990128,113XXX,113310,False,True,True,both
4403990140,113XXX,113310,False,True,True,both
4403990150,113XXX,113310,False,True,True,both
4403990155,113XXX,113310,False,True,True,both
4403990160,113XXX,113310,False,True,True,both
4403990170,113XXX,113310,False,True,True,both
4403990175,113XXX,113310,False,True,True,both
4403990195,113XXX,113310,False,True,True,both
4404100040,113XXX,113310,False,True,True,both
4404100080,113XXX,113310,False,True,True,both
4404100090,113XXX,113310,False,True,True,both
4404200040,113XXX,113310,False,True,True,both
4404200080,113XXX,113310,False,True,True,both
4404200090,113XXX,113310,False,True,True,both
4405000000,321999,321999,True,True,True,both
4406110000,321113,321113,True,True,True,both
4406120000,321113,321113,True,True,True,both
4406910000,321114,321114,True,True,True,both
4406920000,321114,321114,True,True,True,both
4407110001,321113,321113,True,True,True,both
4407110002,321114,321114,True,True,True,both
4407110042,321113,321113,True,True,True,both
4407110043,321113,321113,True,True,True,both
4407110044,321113,321113,True,True,True,both
4407110045,321113,321113,True,True,True,both
4407110046,321113,321113,True,True,True,both
4407110047,321113,321113,True,True,True,both
4407110048,321113,321113,True,True,True,both
4407110049,321113,321113,True,True,True,both
4407110052,321113,321113,True,True,True,both
4407110053,321113,321113,True,True,True,both
4407120001,321113,321113,True,True,True,both
4407120002,321114,321114,True,True,True,both
4407120017,321113,321113,True,True,True,both
4407120018,321113,321113,True,True,True,both
4407120019,321113,321113,True,True,True,both
4407120020,321113,321113,True,True,True,both
4407120058,321113,321113,True,True,True,both
4407120059,321113,321113,True,True,True,both
4407130000,321113,321113,True,True,True,both
4407140000,321113,321113,True,True,True,both
4407190001,321113,321113,True,True,True,both
4407190002,321114,321114,True,True,True,both
4407190054,321113,321113,True,True,True,both
4407190055,321113,321113,True,True,True,both
4407190056,321113,321113,True,True,True,both
4407190057,321113,321113,True,True,True,both
4407190064,321113,321113,True,True,True,both
4407190065,321113,321113,True,True,True,both
4407190066,321113,321113,True,True,True,both
4407190067,321113,321113,True,True,True,both
4407190068,321113,321113,True,True,True,both
4407190069,321113,321113,True,True,True,both
4407190074,321113,321113,True,True,True,both
4407190075,321113,321113,True,True,True,both
4407190076,321113,321113,True,True,True,both
4407190077,321113,321113,True,True,True,both
4407190082,321113,321113,True,True,True,both
4407190083,321113,321113,True,True,True,both
4407190092,321113,321113,True,True,True,both
4407190093,321113,321113,True,True,True,both
4407210000,321113,321113,True,True,True,both
4407220006,321113,321113,True,True,True,both
4407220091,321113,321113,True,True,True,both
4407230100,321113,321113,True,True,True,both
4407250000,321113,321113,True,True,True,both
4407260000,321113,321113,True,True,True,both
4407270000,321113,321113,True,True,True,both
4407280000,321113,321113,True,True,True,both
4407290206,321113,321113,True,True,True,both
4407290211,321113,321113,True,True,True,both
4407290216,321113,321113,True,True,True,both
4407290220,321113,321113,True,True,True,both
4407290240,321113,321113,True,True,True,both
4407290260,321113,321113,True,True,True,both
4407290285,321113,321113,True,True,True,both
4407290296,321113,321113,True,True,True,both
4407910022,321113,321113,True,True,True,both
4407910063,321113,321113,True,True,True,both
4407920000,321113,321113,True,True,True,both
4407930010,321113,321113,True,True,True,both
4407930020,321113,321113,True,True,True,both
4407940000,321113,321113,True,True,True,both
4407950000,321113,321113,True,True,True,both
4407960011,321113,321113,True,True,True,both
4407960013,321113,321113,True,True,True,both
4407960019,321113,321113,True,True,True,both
4407970072,321113,321113,True,True,True,both
4407970079,321113,321113,True,True,True,both
4407990242,321113,321113,True,True,True,both
4407990261,321113,321113,True,True,True,both
4407990263,321113,321113,True,True,True,both
4407990295,321113,321113,True,True,True,both
4408100125,321212,321212,True,True,True,both
4408100145,321212,321212,True,True,True,both
4408310100,321211,321211,True,True,True,both
4408390210,321211,321211,True,True,True,both
4408390220,321211,321211,True,True,True,both
4408390230,321211,321211,True,True,True,both
4408390240,321211,321211,True,True,True,both
4408390250,321211,321211,True,True,True,both
4408390260,321211,321211,True,True,True,both
4408390270,321211,321211,True,True,True,both
4408390291,321211,321211,True,True,True,both
4408900105,321211,321211,True,True,True,both
4408900110,321211,321211,True,True,True,both
4408900115,321211,321211,True,True,True,both
4408900121,321211,321211,True,True,True,both
4408900131,321211,321211,True,True,True,both
4408900137,321211,321211,True,True,True,both
4408900145,321211,321211,True,True,True,both
4408900151,321211,321211,True,True,True,both
4408900156,321211,321211,True,True,True,both
4408900161,321211,321211,True,True,True,both
4408900166,321211,321211,True,True,True,both
4408900171,321211,321211,True,True,True,both
4408900176,321211,321211,True,True,True,both
4408900181,321211,321211,True,True,True,both
4408900187,321211,321211,True,True,True,both
4408900197,321211,321211,True,True,True,both
4409100500,321999,321999,True,True,True,both
4409101020,321113,321113,True,True,True,both
4409101040,321113,321113,True,True,True,both
4409101060,321113,321113,True,True,True,both
4409101080,321113,321113,True,True,True,both
4409102000,32191X,321918,False,True,True,both
4409104010,32191X,321918,False,True,True,both
4409104090,32191X,321918,False,True,True,both
4409104500,32191X,321918,False,True,True,both
4409105000,32191X,321918,False,True,True,both
4409106000,321999,321999,True,True,True,both
4409106500,321999,321999,True,True,True,both
4409109020,321999,321999,True,True,True,both
4409109040,321999,321999,True,True,True,both
4409210500,321999,321999,True,True,True,both
4409219000,321999,321999,True,True,True,both
4409220515,32191X,321918,False,True,True,both
4409220520,32191X,321918,False,True,True,both
4409220535,32191X,321918,False,True,True,both
4409220545,32191X,321918,False,True,True,both
4409220560,32191X,321918,False,True,True,both
4409220590,321999,321999,True,True,True,both
4409221000,321113,321113,True,True,True,both
4409222500,32191X,321918,False,True,True,both
4409224000,32191X,321918,False,True,True,both
4409225020,32191X,321918,False,True,True,both
4409225040,32191X,321918,False,True,True,both
4409225060,32191X,321918,False,True,True,both
4409225090,32191X,321918,False,True,True,both
4409226000,321999,321999,True,True,True,both
4409226500,321999,321999,True,True,True,both
4409229020,321999,321999,True,True,True,both
4409229030,321999,321999,True,True,True,both
4409229045,321999,321999,True,True,True,both
4409229060,321999,321999,True,True,True,both
4409229090,321999,321999,True,True,True,both
4409290655,32191X,321918,False,True,True,both
4409290665,321999,321999,True,True,True,both
4409291100,321113,321113,True,True,True,both
4409292630,32191X,321918,False,True,True,both
4409292650,32191X,321918,False,True,True,both
4409292660,32191X,321918,False,True,True,both
4409294100,32191X,321918,False,True,True,both
4409295100,32191X,321918,False,True,True,both
4409296100,321999,321999,True,True,True,both
4409296600,321999,321999,True,True,True,both
4409299100,321999,321999,True,True,True,both
4410110010,321219,321219,True,True,True,both
4410110020,321219,321219,True,True,True,both
4410110030,321219,321219,True,True,True,both
4410110060,321219,321219,True,True,True,both
4410120010,321219,321219,True,True,True,both
4410120020,321219,321219,True,True,True,both
4410190010,321219,321219,True,True,True,both
4410190020,321219,321219,True,True,True,both
4410190030,321219,321219,True,True,True,both
4410190060,321219,321219,True,True,True,both
4410900000,321219,321219,True,True,True,both
4411121000,321219,321219,True,True,True,both
4411122000,321219,321219,True,True,True,both
4411123000,321219,321219,True,True,True,both
4411126000,321219,321219,True,True,True,both
4411129010,321219,321219,True,True,True,both
4411129090,321219,321219,True,True,True,both
4411131000,321219,321219,True,True,True,both
4411132000,321219,321219,True,True,True,both
4411133000,321219,321219,True,True,True,both
4411136000,321219,321219,True,True,True,both
4411139010,321219,321219,True,True,True,both
4411139090,321219,321219,True,True,True,both
4411141000,321219,321219,True,True,True,both
4411142000,321219,321219,True,True,True,both
4411143000,321219,321219,True,True,True,both
4411146000,321219,321219,True,True,True,both
4411149010,321219,321219,True,True,True,both
4411149090,321219,321219,True,True,True,both
4411921000,321219,321219,True,True,True,both
4411922000,321219,321219,True,True,True,both
4411923000,321219,321219,True,True,True,both
4411924000,321219,321219,True,True,True,both
4411931000,321219,321219,True,True,True,both
4411932000,321219,321219,True,True,True,both
4411933000,321219,321219,True,True,True,both
4411936000,321219,321219,True,True,True,both
4411939010,321219,321219,True,True,True,both
4411939090,321219,321219,True,True,True,both
4411940010,321219,321219,True,True,True,both
4411940020,321219,321219,True,True,True,both
4411940030,321219,321219,True,True,True,both
4411940040,321219,321219,True,True,True,both
4411940050,321219,321219,True,True,True,both
4411940060,321219,321219,True,True,True,both
4411940070,321219,321219,True,True,True,both
4411940080,321219,321219,True,True,True,both
4412100500,321212,321212,True,True,True,both
4412109000,321212,321212,True,True,True,both
4412310620,321211,321211,True,True,True,both
4412310640,321211,321211,True,True,True,both
4412310660,321211,321211,True,True,True,both
4412312610,321211,321211,True,True,True,both
4412312620,321211,321211,True,True,True,both
4412314200,321211,321211,True,True,True,both
4412314500,321211,321211,True,True,True,both
4412314850,321211,321211,True,True,True,both
4412314860,321211,321211,True,True,True,both
4412314863,321211,321211,True,True,True,both
4412314866,321211,321211,True,True,True,both
4412314869,321211,321211,True,True,True,both
4412314875,321211,321211,True,True,True,both
4412314880,321211,321211,True,True,True,both
4412315225,32191X,321918,False,True,True,both
4412315235,321211,321211,True,True,True,both
4412315255,321211,321211,True,True,True,both
4412315260,321211,321211,True,True,True,both
4412315262,321211,321211,True,True,True,both
4412315264,321211,321211,True,True,True,both
4412315266,321211,321211,True,True,True,both
4412315268,321211,321211,True,True,True,both
4412315270,321211,321211,True,True,True,both
4412315275,321211,321211,True,True,True,both
4412316100,321211,321211,True,True,True,both
4412319200,321211,321211,True,True,True,both
4412330620,321211,321211,True,True,True,both
4412330640,321211,321211,True,True,True,both
4412330665,321211,321211,True,True,True,both
4412330670,321211,321211,True,True,True,both
4412332625,321211,321211,True,True,True,both
4412332630,321211,321211,True,True,True,both
4412333225,321211,321211,True,True,True,both
4412333235,321211,321211,True,True,True,both
4412333255,321211,321211,True,True,True,both
4412333265,321211,321211,True,True,True,both
4412333275,321211,321211,True,True,True,both
4412333285,321211,321211,True,True,True,both
4412335700,321211,321211,True,True,True,both
4412342600,321211,321211,True,True,True,both
4412343225,321211,321211,True,True,True,both
4412343235,321211,321211,True,True,True,both
4412343255,321211,321211,True,True,True,both
4412343265,321211,321211,True,True,True,both
4412343275,321211,321211,True,True,True,both
4412343285,321211,321211,True,True,True,both
4412345700,321211,321211,True,True,True,both
4412391000,321212,321212,True,True,True,both
4412393000,321212,321212,True,True,True,both
4412394011,321212,321212,True,True,True,both
4412394012,321212,321212,True,True,True,both
4412394019,321212,321212,True,True,True,both
4412394031,321212,321212,True,True,True,both
4412394032,321212,321212,True,True,True,both
4412394039,321212,321212,True,True,True,both
4412394051,321212,321212,True,True,True,both
4412394052,321212,321212,True,True,True,both
4412394059,321212,321212,True,True,True,both
4412394061,321212,321212,True,True,True,both
4412394062,321212,321212,True,True,True,both
4412394069,321212,321212,True,True,True,both
4412395010,321212,321212,True,True,True,both
4412395030,321212,321212,True,True,True,both
4412395050,321212,321212,True,True,True,both
4412410000,321211,321211,True,True,True,both
4412420000,321211,321211,True,True,True,both
4412490000,321212,321212,True,True,True,both
4412511030,321211,321211,True,True,True,both
4412511050,321211,321211,True,True,True,both
4412513105,32191X,321918,False,True,True,both
4412513111,321211,321211,True,True,True,both
4412513121,321211,321211,True,True,True,both
4412513141,321211,321211,True,True,True,both
4412513161,321211,321211,True,True,True,both
4412513175,321211,321211,True,True,True,both
4412514100,321211,321211,True,True,True,both
4412515100,321211,321211,True,True,True,both
4412521030,321211,321211,True,True,True,both
4412521050,321211,321211,True,True,True,both
4412523105,32191X,321918,False,True,True,both
4412523121,321211,321211,True,True,True,both
4412523161,321211,321211,True,True,True,both
4412523175,321211,321211,True,True,True,both
4412524100,321211,321211,True,True,True,both
4412525100,321211,321211,True,True,True,both
4412596000,321212,321212,True,True,True,both
4412597000,321212,321212,True,True,True,both
4412598000,321212,321212,True,True,True,both
4412599000,321212,321212,True,True,True,both
4412599500,321212,321212,True,True,True,both
4412910600,321211,321211,True,True,True,both
4412911020,321211,321211,True,True,True,both
4412911030,321211,321211,True,True,True,both
4412911040,321211,321211,True,True,True,both
4412913110,321211,321211,True,True,True,both
4412913120,321211,321211,True,True,True,both
4412913130,321211,321211,True,True,True,both
4412913140,321211,321211,True,True,True,both
4412913150,321211,321211,True,True,True,both
4412913160,321211,321211,True,True,True,both
4412913170,321211,321211,True,True,True,both
4412914100,321211,321211,True,True,True,both
4412915105,321211,321211,True,True,True,both
4412915115,321211,321211,True,True,True,both
4412920700,321211,321211,True,True,True,both
4412921120,321211,321211,True,True,True,both
4412921130,321211,321211,True,True,True,both
4412921140,321211,321211,True,True,True,both
4412923120,321211,321211,True,True,True,both
4412923150,321211,321211,True,True,True,both
4412923160,321211,321211,True,True,True,both
4412923170,321211,321211,True,True,True,both
4412924200,321211,321211,True,True,True,both
4412925205,321211,321211,True,True,True,both
4412925215,321211,321211,True,True,True,both
4412995800,321212,321212,True,True,True,both
4412996100,321212,321212,True,True,True,both
4412997100,321212,321212,True,True,True,both
4412998100,321212,321212,True,True,True,both
4412999100,321212,321212,True,True,True,both
4412999700,321212,321212,True,True,True,both
4413000000,321219,321219,True,True,True,both
4414100000,339999,339999,True,True,True,both
4414900000,339999,339999,True,True,True,both
4415103000,321920,321920,True,True,True,both
4415106000,321920,321920,True,True,True,both
4415109000,321920,321920,True,True,True,both
4415204000,321920,321920,True,True,True,both
4415208000,321920,321920,True,True,True,both
4416003010,321920,321920,True,True,True,both
4416003020,321920,321920,True,True,True,both
4416003030,321920,321920,True,True,True,both
4416006010,321920,321920,True,True,True,both
4416006020,321920,321920,True,True,True,both
4416006030,321920,321920,True,True,True,both
4416006040,321920,321920,True,True,True,both
4416006050,321920,321920,True,True,True,both
4416009020,321920,321920,True,True,True,both
4416009040,321920,321920,True,True,True,both
4417002000,321999,321999,True,True,True,both
4417004000,321999,321999,True,True,True,both
4417006000,321999,321999,True,True,True,both
4417008010,321999,321999,True,True,True,both
4417008090,321999,321999,True,True,True,both
4418110000,32191X,321911,False,True,True,both
4418190000,32191X,321911,False,True,True,both
4418214000,32191X,321911,False,True,True,both
4418218030,32191X,321911,False,True,True,both
4418218060,32191X,321911,False,True,True,both
4418294000,32191X,321911,False,True,True,both
4418298030,32191X,321911,False,True,True,both
4418298060,32191X,321911,False,True,True,both
4418300100,321215,321215,True,True,True,both
4418400000,321215,321215,True,True,True,both
4418500010,321113,321113,True,True,True,both
4418500030,321113,321113,True,True,True,both
4418500050,321113,321113,True,True,True,both
4418731000,32191X,321918,False,True,True,both
4418732000,32191X,321918,False,True,True,both
4418733000,32191X,321918,False,True,True,both
4418734000,32191X,321918,False,True,True,both
4418736000,32191X,321918,False,True,True,both
4418737000,32191X,321918,False,True,True,both
4418739000,32191X,321918,False,True,True,both
4418741000,32191X,321918,False,True,True,both
4418742000,32191X,321918,False,True,True,both
4418749000,32191X,321918,False,True,True,both
4418754000,32191X,321918,False,True,True,both
4418757000,32191X,321918,False,True,True,both
4418790100,32191X,321918,False,True,True,both
4418810000,321215,321215,True,True,True,both
4418820000,321215,321215,True,True,True,both
4418830000,321215,321215,True,True,True,both
4418890000,321215,321215,True,True,True,both
4418911000,321113,321113,True,True,True,both
4418919105,32191X,321918,False,True,True,both
4418919110,321215,321215,True,True,True,both
4418919120,321215,321215,True,True,True,both
4418919140,321215,321215,True,True,True,both
4418919150,321992,321992,True,True,True,both
4418919195,321215,321215,True,True,True,both
4418920000,321215,321215,True,True,True,both
4418991000,321113,321113,True,True,True,both
4418999105,32191X,321918,False,True,True,both
4418999110,321215,321215,True,True,True,both
4418999120,321215,321215,True,True,True,both
4418999140,321215,321215,True,True,True,both
4418999150,321992,321992,True,True,True,both
4418999195,321215,321215,True,True,True,both
4419110000,321999,321999,True,True,True,both
4419120000,321999,321999,True,True,True,both
4419191000,321999,321999,True,True,True,both
4419199000,321999,321999,True,True,True,both
4419201000,321999,321999,True,True,True,both
4419209000,321999,321999,True,True,True,both
4419901100,321999,321999,True,True,True,both
4419909100,321999,321999,True,True,True,both
4420110000,321999,321999,True,True,True,both
4420190000,321999,321999,True,True,True,both
4420902000,321920,321920,True,True,True,both
4420904500,321920,321920,True,True,True,both
4420906500,321920,321920,True,True,True,both
4420908000,321999,321999,True,True,True,both
4421100000,321999,321999,True,True,True,both
4421201000,339995,339995,True,True,True,both
4421202000,339995,339995,True,True,True,both
4421911000,321999,321999,True,True,True,both
4421912000,321999,321999,True,True,True,both
4421913000,32191X,321918,False,True,True,both
4421914000,337920,337920,True,True,True,both
4421915000,321999,321999,True,True,True,both
4421916000,321999,321999,True,True,True,both
4421917020,321999,321999,True,True,True,both
4421917040,321999,321999,True,True,True,both
4421918024,321999,321999,True,True,True,both
4421918027,321999,321999,True,True,True,both
4421918030,321999,321999,True,True,True,both
4421918033,321999,321999,True,True,True,both
4421918500,321999,321999,True,True,True,both
4421918800,321999,321999,True,True,True,both
4421919300,321999,321999,True,True,True,both
4421919400,321215,321215,True,True,True,both
4421919820,321999,321999,True,True,True,both
4421919870,321999,321999,True,True,True,both
4421919880,321999,321999,True,True,True,both
4421991000,321999,321999,True,True,True,both
4421991500,321999,321999,True,True,True,both
4421992000,321999,321999,True,True,True,both
4421993000,32191X,321918,False,True,True,both
4421994000,337920,337920,True,True,True,both
4421995000,321999,321999,True,True,True,both
4421996000,321999,321999,True,True,True,both
4421997020,321999,321999,True,True,True,both
4421997040,321999,321999,True,True,True,both
4421998024,321999,321999,True,True,True,both
4421998027,321999,321999,True,True,True,both
4421998030,321999,321999,True,True,True,both
4421998033,321999,321999,True,True,True,both
4421998500,321999,321999,True,True,True,both
4421998800,321999,321999,True,True,True,both
4421999300,321999,321999,True,True,True,both
4421999400,321215,321215,True,True,True,both
4421999820,321999,321999,True,True,True,both
4421999870,321999,321999,True,True,True,both
4421999880,321999,321999,True,True,True,both
4501100000,321999,321999,True,True,True,both
4501902000,321999,321999,True,True,True,both
4501904000,321999,321999,True,True,True,both
4502000000,321999,321999,True,True,True,both
4503102000,321999,321999,True,True,True,both
4503103000,321999,321999,True,True,True,both
4503104000,321999,321999,True,True,True,both
4503106000,321999,321999,True,True,True,both
4503902000,321999,321999,True,True,True,both
4503904000,321999,321999,True,True,True,both
4503906000,321999,321999,True,True,True,both
4504101000,321999,321999,True,True,True,both
4504102000,321999,321999,True,True,True,both
4504103000,321999,321999,True,True,True,both
4504104000,321999,321999,True,True,True,both
4504104500,321999,321999,True,True,True,both
4504104700,321999,321999,True,True,True,both
4504105000,321999,321999,True,True,True,both
4504900000,321999,321999,True,True,True,both
4601214000,321999,321999,True,True,True,both
4601218000,321999,321999,True,True,True,both
4601219000,321999,321999,True,True,True,both
4601224000,321999,321999,True,True,True,both
4601228000,321999,321999,True,True,True,both
4601229000,321999,321999,True,True,True,both
4601294000,321999,321999,True,True,True,both
4601296000,321999,321999,True,True,True,both
4601298000,321999,321999,True,True,True,both
4601299000,321999,321999,True,True,True,both
4601920500,321999,321999,True,True,True,both
4601922000,321999,321999,True,True,True,both
4601930100,321999,321999,True,True,True,both
4601930500,321999,321999,True,True,True,both
4601932000,321999,321999,True,True,True,both
4601940500,321999,321999,True,True,True,both
4601942000,321999,321999,True,True,True,both
4601944000,321999,321999,True,True,True,both
4601990500,321999,321999,True,True,True,both
4601999000,321999,321999,True,True,True,both
4602110500,339920,339920,True,True,True,both
4602110700,321999,321999,True,True,True,both
4602110900,321999,321999,True,True,True,both
4602112100,316990,316990,True,True,True,both
4602113500,321999,321999,True,True,True,both
4602114500,321999,321999,True,True,True,both
4602120500,339920,339920,True,True,True,both
4602121400,321999,321999,True,True,True,both
4602121600,321999,321999,True,True,True,both
4602122300,316990,316990,True,True,True,both
4602122500,316990,316990,True,True,True,both
4602123500,321999,321999,True,True,True,both
4602124500,321999,321999,True,True,True,both
4602190500,339920,339920,True,True,True,both
4602191200,321999,321999,True,True,True,both
4602191400,321999,321999,True,True,True,both
4602191600,321999,321999,True,True,True,both
4602191700,321999,321999,True,True,True,both
4602191800,321999,321999,True,True,True,both
4602192200,316990,316990,True,True,True,both
4602192300,316990,316990,True,True,True,both
4602192500,316990,316990,True,True,True,both
4602192920,316990,316990,True,True,True,both
4602192940,316990,316990,True,True,True,both
4602193500,321999,321999,True,True,True,both
4602194500,321999,321999,True,True,True,both
4602196000,321999,321999,True,True,True,both
4602198000,321999,321999,True,True,True,both
4602900000,321999,321999,True,True,True,both
4701000000,322110,322110,True,True,True,both
4702000020,322110,322110,True,True,True,both
4702000040,322110,322110,True,True,True,both
4703110000,322110,322110,True,True,True,both
4703190000,322110,322110,True,True,True,both
4703210020,322110,322110,True,True,True,both
4703210040,322110,322110,True,True,True,both
4703290020,322110,322110,True,True,True,both
4703290040,322110,322110,True,True,True,both
4704110000,322110,322110,True,True,True,both
4704190000,322110,322110,True,True,True,both
4704210000,322110,322110,True,True,True,both
4704290000,322110,322110,True,True,True,both
4705000000,322110,322110,True,True,True,both
4706100000,322110,322110,True,True,True,both
4706200000,322110,322110,True,True,True,both
4706300000,322110,322110,True,True,True,both
4706910000,322110,322110,True,True,True,both
4706920100,322110,322110,True,True,True,both
4706930100,322110,322110,True,True,True,both
4707100000,910000,910000,True,True,True,both
4707200020,910000,910000,True,True,True,both
4707200040,910000,910000,True,True,True,both
4707300020,910000,910000,True,True,True,both
4707300040,910000,910000,True,True,True,both
4707900000,910000,910000,True,True,True,both
4801000120,322120,322120,True,True,True,both
4801000140,322120,322120,True,True,True,both
4802100000,322230,322230,True,True,True,both
4802201000,322120,322120,True,True,True,both
4802202000,322120,322120,True,True,True,both
4802204020,322120,322120,True,True,True,both
4802204040,322120,322120,True,True,True,both
4802400000,322120,322120,True,True,True,both
4802541000,322120,322120,True,True,True,both
4802542000,322120,322120,True,True,True,both
4802543100,322120,322120,True,True,True,both
4802545000,322120,322120,True,True,True,both
4802546100,322299,322299,True,True,True,both
4802551000,322120,322120,True,True,True,both
4802552000,322120,322120,True,True,True,both
4802553000,322120,322120,True,True,True,both
4802554000,322120,322120,True,True,True,both
4802556000,322120,322120,True,True,True,both
4802557020,322120,322120,True,True,True,both
4802557040,322120,322120,True,True,True,both
4802561000,322120,322120,True,True,True,both
4802562000,322120,322120,True,True,True,both
4802563000,322120,322120,True,True,True,both
4802564000,322120,322120,True,True,True,both
4802566000,322120,322120,True,True,True,both
4802567020,322120,322120,True,True,True,both
4802567050,322120,322120,True,True,True,both
4802567090,322120,322120,True,True,True,both
4802571020,322120,322120,True,True,True,both
4802571040,322120,322120,True,True,True,both
4802571090,322120,322120,True,True,True,both
4802572000,322120,322120,True,True,True,both
4802573000,322120,322120,True,True,True,both
4802574020,322120,322120,True,True,True,both
4802574040,322120,322120,True,True,True,both
4802574090,322120,322120,True,True,True,both
4802581000,322120,322120,True,True,True,both
4802582020,322120,322120,True,True,True,both
4802582040,322130,322130,True,True,True,both
4802582080,322130,322130,True,True,True,both
4802585000,322130,322130,True,True,True,both
4802586020,322130,322130,True,True,True,both
4802586040,322130,322130,True,True,True,both
4802611000,322120,322120,True,True,True,both
4802612000,322120,322120,True,True,True,both
4802613110,322120,322120,True,True,True,both
4802613135,322120,322120,True,True,True,both
4802613191,322120,322120,True,True,True,both
4802615000,322120,322120,True,True,True,both
4802616020,322120,322120,True,True,True,both
4802616040,322120,322120,True,True,True,both
4802621000,322120,322120,True,True,True,both
4802622000,322120,322120,True,True,True,both
4802623000,322120,322120,True,True,True,both
4802625000,322120,322120,True,True,True,both
4802626120,322120,322120,True,True,True,both
4802626140,322120,322120,True,True,True,both
4802691000,322120,322120,True,True,True,both
4802692000,322120,322120,True,True,True,both
4802693000,322120,322120,True,True,True,both
4803002000,322120,322120,True,True,True,both
4803004000,322120,322120,True,True,True,both
4804110000,322130,322130,True,True,True,both
4804190000,322130,322130,True,True,True,both
4804210000,322120,322120,True,True,True,both
4804290000,322120,322120,True,True,True,both
4804311000,322120,322120,True,True,True,both
4804312000,322120,322120,True,True,True,both
4804314020,322120,322120,True,True,True,both
4804314040,322120,322120,True,True,True,both
4804316000,322120,322120,True,True,True,both
4804392000,322120,322120,True,True,True,both
4804394020,322120,322120,True,True,True,both
4804394041,322120,322120,True,True,True,both
4804394049,322120,322120,True,True,True,both
4804396020,322120,322120,True,True,True,both
4804396040,322130,322130,True,True,True,both
4804412000,322120,322120,True,True,True,both
4804414000,322130,322130,True,True,True,both
4804420010,322130,322130,True,True,True,both
4804420020,322130,322130,True,True,True,both
4804420030,322130,322130,True,True,True,both
4804420040,322130,322130,True,True,True,both
4804420050,322130,322130,True,True,True,both
4804490000,322130,322130,True,True,True,both
4804510000,322130,322130,True,True,True,both
4804520010,322130,322130,True,True,True,both
4804520020,322130,322130,True,True,True,both
4804520030,322130,322130,True,True,True,both
4804520040,322130,322130,True,True,True,both
4804520050,322130,322130,True,True,True,both
4804590000,322130,322130,True,True,True,both
4805110000,322130,322130,True,True,True,both
4805121000,322120,322120,True,True,True,both
4805122000,322120,322120,True,True,True,both
4805191000,322120,322120,True,True,True,both
4805192000,322120,322120,True,True,True,both
4805245000,322130,322130,True,True,True,both
4805247000,322130,322130,True,True,True,both
4805249000,322130,322130,True,True,True,both
4805250000,322130,322130,True,True,True,both
4805300000,322220,322220,True,True,True,both
4805400000,322299,322299,True,True,True,both
4805500000,322120,322120,True,True,True,both
4805911010,322130,322130,True,True,True,both
4805911090,322130,322130,True,True,True,both
4805912000,322120,322120,True,True,True,both
4805915000,322120,322120,True,True,True,both
4805917000,322120,322120,True,True,True,both
4805919000,322120,322120,True,True,True,both
4805922000,322130,322130,True,True,True,both
4805924010,322130,322130,True,True,True,both
4805924020,322120,322120,True,True,True,both
4805924030,322130,322130,True,True,True,both
4805924040,322130,322130,True,True,True,both
4805932000,322130,322130,True,True,True,both
4805934010,322130,322130,True,True,True,both
4805934015,322130,322130,True,True,True,both
4805934020,322120,322120,True,True,True,both
4805934030,322130,322130,True,True,True,both
4805934050,322130,322130,True,True,True,both
4805934060,322130,322130,True,True,True,both
4806100000,322120,322120,True,True,True,both
4806200000,322120,322120,True,True,True,both
4806300000,322120,322120,True,True,True,both
4806400000,322120,322120,True,True,True,both
4807001000,322130,322130,True,True,True,both
4807009100,322120,322120,True,True,True,both
4807009200,322120,322120,True,True,True,both
4807009400,322130,322130,True,True,True,both
4808100000,322211,322211,True,True,True,both
4808400000,322120,322120,True,True,True,both
4808902000,322120,322120,True,True,True,both
4808904000,322120,322120,True,True,True,both
4808906000,322120,322120,True,True,True,both
4809202000,322120,322120,True,True,True,both
4809204000,322120,322120,True,True,True,both
4809902000,339940,339940,True,True,True,both
4809904000,339940,339940,True,True,True,both
4809906000,339940,339940,True,True,True,both
4809907100,339940,339940,True,True,True,both
4809908000,339940,339940,True,True,True,both
4810131120,322120,322120,True,True,True,both
4810131140,322120,322120,True,True,True,both
4810131300,322120,322120,True,True,True,both
4810131900,322120,322120,True,True,True,both
4810132010,322130,322130,True,True,True,both
4810132090,322130,322130,True,True,True,both
4810135000,322299,322299,True,True,True,both
4810136000,322120,322120,True,True,True,both
4810137020,322120,322120,True,True,True,both
4810137040,322120,322120,True,True,True,both
4810141120,322120,322120,True,True,True,both
4810141140,322120,322120,True,True,True,both
4810141300,322120,322120,True,True,True,both
4810141900,322120,322120,True,True,True,both
4810142010,322130,322130,True,True,True,both
4810142090,322130,322130,True,True,True,both
4810145000,322299,322299,True,True,True,both
4810146000,322120,322120,True,True,True,both
4810147020,322120,322120,True,True,True,both
4810147040,322120,322120,True,True,True,both
4810191100,322120,322120,True,True,True,both
4810191300,322120,322120,True,True,True,both
4810191900,322120,322120,True,True,True,both
4810192010,322130,322130,True,True,True,both
4810192090,322130,322130,True,True,True,both
4810221000,322120,322120,True,True,True,both
4810225044,322230,322230,True,True,True,both
4810225080,322299,322299,True,True,True,both
4810226000,322120,322120,True,True,True,both
4810227020,322120,322120,True,True,True,both
4810227040,322120,322120,True,True,True,both
4810291025,322120,322120,True,True,True,both
4810291035,322120,322120,True,True,True,both
4810295000,322299,322299,True,True,True,both
4810296000,322120,322120,True,True,True,both
4810297020,322120,322120,True,True,True,both
4810297025,322120,322120,True,True,True,both
4810297035,322120,322120,True,True,True,both
4810311020,322130,322130,True,True,True,both
4810311040,322130,322130,True,True,True,both
4810311050,322120,322120,True,True,True,both
4810311080,322130,322130,True,True,True,both
4810313000,322299,322299,True,True,True,both
4810316500,322120,322120,True,True,True,both
4810321020,322130,322130,True,True,True,both
4810321040,322130,322130,True,True,True,both
4810321060,322130,322130,True,True,True,both
4810323000,322299,322299,True,True,True,both
4810326500,322130,322130,True,True,True,both
4810391200,322130,322130,True,True,True,both
4810391400,322130,322130,True,True,True,both
4810393000,322120,322120,True,True,True,both
4810396500,322130,322130,True,True,True,both
4810921225,322130,322130,True,True,True,both
4810921235,322130,322130,True,True,True,both
4810921425,322130,322130,True,True,True,both
4810921435,322130,322130,True,True,True,both
4810923000,322299,322299,True,True,True,both
4810926525,322130,322130,True,True,True,both
4810926535,322130,322130,True,True,True,both
4810991010,322220,322220,True,True,True,both
4810991050,322130,322130,True,True,True,both
4810991060,322130,322130,True,True,True,both
4810993000,322299,322299,True,True,True,both
4810996500,322130,322130,True,True,True,both
4811101100,322220,322220,True,True,True,both
4811102100,322220,322220,True,True,True,both
4811411000,322220,322220,True,True,True,both
4811412100,322220,322220,True,True,True,both
4811413000,322220,322220,True,True,True,both
4811491000,322220,322220,True,True,True,both
4811492100,322220,322220,True,True,True,both
4811493000,322220,322220,True,True,True,both
4811512010,322220,322220,True,True,True,both
4811512020,322220,322220,True,True,True,both
4811512030,322220,322220,True,True,True,both
4811512040,322220,322220,True,True,True,both
4811512050,322220,322220,True,True,True,both
4811514000,322220,322220,True,True,True,both
4811516000,322220,322220,True,True,True,both
4811592000,322220,322220,True,True,True,both
4811594020,322130,322130,True,True,True,both
4811594040,322220,322220,True,True,True,both
4811596000,322220,322220,True,True,True,both
4811604000,322220,322220,True,True,True,both
4811606000,322220,322220,True,True,True,both
4811901000,322120,322120,True,True,True,both
4811902000,322220,322220,True,True,True,both
4811903000,322220,322220,True,True,True,both
4811904010,322120,322120,True,True,True,both
4811904090,322220,322220,True,True,True,both
4811906010,322120,322120,True,True,True,both
4811906090,322220,322220,True,True,True,both
4811908020,322220,322220,True,True,True,both
4811908030,322120,322120,True,True,True,both
4811908050,322220,322220,True,True,True,both
4811909010,322120,322120,True,True,True,both
4811909030,322120,322120,True,True,True,both
4811909035,322120,322120,True,True,True,both
4811909080,322220,322220,True,True,True,both
4812000000,322120,322120,True,True,True,both
4813100000,322299,322299,True,True,True,both
4813200000,322120,322120,True,True,True,both
4813900000,322120,322120,True,True,True,both
4814200000,322220,322220,True,True,True,both
4814900200,322220,322220,True,True,True,both
4816200000,339940,339940,True,True,True,both
4816900100,339940,339940,True,True,True,both
4817100000,322230,322230,True,True,True,both
4817202000,322230,322230,True,True,True,both
4817204000,322230,322230,True,True,True,both
4817300000,322230,322230,True,True,True,both
4818100000,322291,322291,True,True,True,both
4818200020,322291,322291,True,True,True,both
4818200040,322291,322291,True,True,True,both
4818300000,322291,322291,True,True,True,both
4818500020,3152XX,315250,False,True,True,both
4818500080,315990,315990,True,True,True,both
4818900020,322291,322291,True,True,True,both
4818900080,322291,322291,True,True,True,both
4819100020,322211,322211,True,True,True,both
4819100040,322211,322211,True,True,True,both
4819200020,322212,322212,True,True,True,both
4819200040,322212,322212,True,True,True,both
4819300020,322220,322220,True,True,True,both
4819300040,322220,322220,True,True,True,both
4819400020,322220,322220,True,True,True,both
4819400040,322220,322220,True,True,True,both
4819502000,322219,322219,True,True,True,both
4819503000,322299,322299,True,True,True,both
4819504020,322219,322219,True,True,True,both
4819504040,322212,322212,True,True,True,both
4819504060,322299,322299,True,True,True,both
4819600000,322212,322212,True,True,True,both
4820102010,32311X,323111,False,True,True,both
4820102020,322230,322230,True,True,True,both
4820102030,322230,322230,True,True,True,both
4820102040,32311X,323111,False,True,True,both
4820102060,32311X,323111,False,True,True,both
4820104000,32311X,323111,False,True,True,both
4820200000,322230,322230,True,True,True,both
4820300020,32311X,323111,False,True,True,both
4820300040,32311X,323111,False,True,True,both
4820400000,32311X,323111,False,True,True,both
4820500000,32311X,323111,False,True,True,both
4820900000,32311X,323111,False,True,True,both
4821102000,32311X,323111,False,True,True,both
4821104000,32311X,323111,False,True,True,both
4821902000,322220,322220,True,True,True,both
4821904000,322299,322299,True,True,True,both
4822100000,322219,322219,True,True,True,both
4822900000,322219,322219,True,True,True,both
4823201000,322299,322299,True,True,True,both
4823209000,322299,322299,True,True,True,both
4823400000,32311X,323111,False,True,True,both
4823610020,322219,322219,True,True,True,both
4823610040,322219,322219,True,True,True,both
4823690020,322219,322219,True,True,True,both
4823690040,322219,322219,True,True,True,both
4823700020,322299,322299,True,True,True,both
4823700040,322299,322299,True,True,True,both
4823901000,322299,322299,True,True,True,both
4823902000,327999,327999,True,True,True,both
4823903100,322299,322299,True,True,True,both
4823904000,322299,322299,True,True,True,both
4823905000,322299,322299,True,True,True,both
4823906000,339991,339991,True,True,True,both
4823906700,322299,322299,True,True,True,both
4823907000,322299,322299,True,True,True,both
4823908000,339991,339991,True,True,True,both
4823908620,322299,322299,True,True,True,both
4823908680,322299,322299,True,True,True,both
4901100020,323120,323120,True,True,True,both
4901100040,32311X,323111,False,True,True,both
4901910020,32311X,323117,False,True,True,both
4901910040,32311X,323117,False,True,True,both
4901990010,32311X,323117,False,True,True,both
4901990020,323120,323120,True,True,True,both
4901990030,32311X,323111,False,True,True,both
4901990040,32311X,323117,False,True,True,both
4901990050,32311X,323117,False,True,True,both
4901990060,32311X,323117,False,True,True,both
4901990065,32311X,323117,False,True,True,both
4901990070,32311X,323117,False,True,True,both
4901990075,32311X,323117,False,True,True,both
4901990091,32311X,323117,False,True,True,both
4901990092,32311X,323117,False,True,True,both
4901990093,32311X,323117,False,True,True,both
4902100000,32311X,323111,False,True,True,both
4902901000,32311X,323111,False,True,True,both
4902902020,32311X,323111,False,True,True,both
4902902040,32311X,323111,False,True,True,both
4902902060,32311X,323111,False,True,True,both
4903000000,32311X,323117,False,True,True,both
4904000020,32311X,323111,False,True,True,both
4904000040,32311X,323117,False,True,True,both
4905200000,32311X,323111,False,True,True,both
4905902000,32311X,323111,False,True,True,both
4905906000,32311X,323111,False,True,True,both
4906000000,990000,990000,True,True,True,both
4907000000,32311X,323111,False,True,True,both
4908100000,32311X,323111,False,True,True,both
4908900000,32311X,323111,False,True,True,both
4909002000,32311X,323111,False,True,True,both
4909004000,32311X,323111,False,True,True,both
4910002000,32311X,323111,False,True,True,both
4910004000,32311X,323111,False,True,True,both
4910006000,32311X,323111,False,True,True,both
4911100020,32311X,323111,False,True,True,both
4911100040,32311X,323111,False,True,True,both
4911100060,32311X,323111,False,True,True,both
4911100080,32311X,323111,False,True,True,both
4911911000,930000,930000,True,True,True,both
4911911500,32311X,323111,False,True,True,both
4911912020,32311X,323111,False,True,True,both
4911912040,32311X,323111,False,True,True,both
4911913000,32311X,323111,False,True,True,both
4911914020,32311X,323111,False,True,True,both
4911914040,32311X,323111,False,True,True,both
4911992000,32311X,323111,False,True,True,both
4911996000,32311X,323111,False,True,True,both
4911998000,32311X,323111,False,True,True,both
5001000000,112990,112990,True,True,True,both
5002000000,112990,112990,True,True,True,both
5003001000,112990,112990,True,True,True,both
5003009000,314999,314999,True,True,True,both
5004000000,313110,313110,True,True,True,both
5005000010,313110,313110,True,True,True,both
5005000090,313110,313110,True,True,True,both
5006001000,313110,313110,True,True,True,both
5006009000,313110,313110,True,True,True,both
5007103020,313210,313210,True,True,True,both
5007103040,313210,313210,True,True,True,both
5007103090,313210,313210,True,True,True,both
5007106010,313210,313210,True,True,True,both
5007106020,313210,313210,True,True,True,both
5007106030,313210,313210,True,True,True,both
5007106090,313210,313210,True,True,True,both
5007200015,313210,313210,True,True,True,both
5007200025,313210,313210,True,True,True,both
5007200035,313210,313210,True,True,True,both
5007200055,313210,313210,True,True,True,both
5007200065,313210,313210,True,True,True,both
5007200085,313210,313210,True,True,True,both
5007200095,313210,313210,True,True,True,both
5007903020,313210,313210,True,True,True,both
5007903040,313210,313210,True,True,True,both
5007903090,313210,313210,True,True,True,both
5007906010,313210,313210,True,True,True,both
5007906020,313210,313210,True,True,True,both
5007906030,313210,313210,True,True,True,both
5007906090,313210,313210,True,True,True,both
5101111000,112410,112410,True,True,True,both
5101112000,112410,112410,True,True,True,both
5101114000,112410,112410,True,True,True,both
5101115000,112410,112410,True,True,True,both
5101116030,112410,112410,True,True,True,both
5101116060,112410,112410,True,True,True,both
5101191000,311611,311611,True,True,True,both
5101192000,311611,311611,True,True,True,both
5101194000,311611,311611,True,True,True,both
5101195000,311611,311611,True,True,True,both
5101196030,311611,311611,True,True,True,both
5101196060,311611,311611,True,True,True,both
5101211000,313110,313110,True,True,True,both
5101211500,313110,313110,True,True,True,both
5101213000,313110,313110,True,True,True,both
5101213500,313110,313110,True,True,True,both
5101214030,313110,313110,True,True,True,both
5101214060,313110,313110,True,True,True,both
5101216500,313110,313110,True,True,True,both
5101217000,313110,313110,True,True,True,both
5101291000,313110,313110,True,True,True,both
5101291500,313110,313110,True,True,True,both
5101293000,313110,313110,True,True,True,both
5101293500,313110,313110,True,True,True,both
5101294030,313110,313110,True,True,True,both
5101294060,313110,313110,True,True,True,both
5101296500,313110,313110,True,True,True,both
5101297000,313110,313110,True,True,True,both
5101301000,313110,313110,True,True,True,both
5101301500,313110,313110,True,True,True,both
5101303000,313110,313110,True,True,True,both
5101304000,313110,313110,True,True,True,both
5101306500,313110,313110,True,True,True,both
5101307000,313110,313110,True,True,True,both
5102111000,112420,112420,True,True,True,both
5102119000,112420,112420,True,True,True,both
5102192000,112420,112420,True,True,True,both
5102196030,112420,112420,True,True,True,both
5102196060,112420,112420,True,True,True,both
5102198000,112420,112420,True,True,True,both
5102199000,112420,112420,True,True,True,both
5102200000,112920,112920,True,True,True,both
5103100000,314999,314999,True,True,True,both
5103200000,314999,314999,True,True,True,both
5103300000,314999,314999,True,True,True,both
5104000000,314999,314999,True,True,True,both
5105100000,313110,313110,True,True,True,both
5105210000,313110,313110,True,True,True,both
5105290000,313110,313110,True,True,True,both
5105310000,313110,313110,True,True,True,both
5105390000,313110,313110,True,True,True,both
5105400000,313110,313110,True,True,True,both
5106100010,313110,313110,True,True,True,both
5106100090,313110,313110,True,True,True,both
5106200000,313110,313110,True,True,True,both
5107103000,313110,313110,True,True,True,both
5107106000,313110,313110,True,True,True,both
5107203000,313110,313110,True,True,True,both
5107206000,313110,313110,True,True,True,both
5108103000,313110,313110,True,True,True,both
5108104000,313110,313110,True,True,True,both
5108108000,313110,313110,True,True,True,both
5108203000,313110,313110,True,True,True,both
5108204000,313110,313110,True,True,True,both
5108208000,313110,313110,True,True,True,both
5109102000,313110,313110,True,True,True,both
5109104000,313110,313110,True,True,True,both
5109108000,313110,313110,True,True,True,both
5109109000,313110,313110,True,True,True,both
5109902000,313110,313110,True,True,True,both
5109904000,313110,313110,True,True,True,both
5109908000,313110,313110,True,True,True,both
5109909000,313110,313110,True,True,True,both
5110000000,313110,313110,True,True,True,both
5111112000,313210,313210,True,True,True,both
5111113000,313210,313210,True,True,True,both
5111117030,313210,313210,True,True,True,both
5111117060,313210,313210,True,True,True,both
5111191000,313210,313210,True,True,True,both
5111192000,313210,313210,True,True,True,both
5111196020,313210,313210,True,True,True,both
5111196040,313210,313210,True,True,True,both
5111196060,313210,313210,True,True,True,both
5111196080,313210,313210,True,True,True,both
5111200500,313210,313210,True,True,True,both
5111201000,313210,313210,True,True,True,both
5111209000,313210,313210,True,True,True,both
5111300500,313210,313210,True,True,True,both
5111301000,313210,313210,True,True,True,both
5111309000,313210,313210,True,True,True,both
5111903000,313210,313210,True,True,True,both
5111904000,313210,313210,True,True,True,both
5111905000,313210,313210,True,True,True,both
5111909000,313210,313210,True,True,True,both
5112111000,313210,313210,True,True,True,both
5112113030,313210,313210,True,True,True,both
5112113060,313210,313210,True,True,True,both
5112116030,313210,313210,True,True,True,both
5112116060,313210,313210,True,True,True,both
5112192000,313210,313210,True,True,True,both
5112196010,313210,313210,True,True,True,both
5112196020,313210,313210,True,True,True,both
5112196030,313210,313210,True,True,True,both
5112196040,313210,313210,True,True,True,both
5112196050,313210,313210,True,True,True,both
5112196060,313210,313210,True,True,True,both
5112199510,313210,313210,True,True,True,both
5112199520,313210,313210,True,True,True,both
5112199530,313210,313210,True,True,True,both
5112199540,313210,313210,True,True,True,both
5112199550,313210,313210,True,True,True,both
5112199560,313210,313210,True,True,True,both
5112201000,313210,313210,True,True,True,both
5112202000,313210,313210,True,True,True,both
5112203000,313210,313210,True,True,True,both
5112301000,313210,313210,True,True,True,both
5112302000,313210,313210,True,True,True,both
5112303000,313210,313210,True,True,True,both
5112903000,313210,313210,True,True,True,both
5112904000,313210,313210,True,True,True,both
5112905000,313210,313210,True,True,True,both
5112909010,313210,313210,True,True,True,both
5112909090,313210,313210,True,True,True,both
5113000000,313210,313210,True,True,True,both
5201000500,111920,111920,True,True,True,both
5201001200,111920,111920,True,True,True,both
5201001400,111920,111920,True,True,True,both
5201001800,111920,111920,True,True,True,both
5201002200,111920,111920,True,True,True,both
5201002400,111920,111920,True,True,True,both
5201002800,111920,111920,True,True,True,both
5201003400,111920,111920,True,True,True,both
5201003800,111920,111920,True,True,True,both
5201005500,111920,111920,True,True,True,both
5201006000,111920,111920,True,True,True,both
5201008000,111920,111920,True,True,True,both
5202100000,314999,314999,True,True,True,both
5202910000,314999,314999,True,True,True,both
5202990500,314999,314999,True,True,True,both
5202991000,314999,314999,True,True,True,both
5202993000,314999,314999,True,True,True,both
5202995000,314999,314999,True,True,True,both
5203000500,313110,313110,True,True,True,both
5203001000,313110,313110,True,True,True,both
5203003000,313110,313110,True,True,True,both
5203005000,313110,313110,True,True,True,both
5204110000,313110,313110,True,True,True,both
5204190000,313110,313110,True,True,True,both
5204200000,313110,313110,True,True,True,both
5205111000,313110,313110,True,True,True,both
5205112000,313110,313110,True,True,True,both
5205121000,313110,313110,True,True,True,both
5205122000,313110,313110,True,True,True,both
5205131000,313110,313110,True,True,True,both
5205132000,313110,313110,True,True,True,both
5205141000,313110,313110,True,True,True,both
5205142000,313110,313110,True,True,True,both
5205151000,313110,313110,True,True,True,both
5205152000,313110,313110,True,True,True,both
5205210020,313110,313110,True,True,True,both
5205210090,313110,313110,True,True,True,both
5205220020,313110,313110,True,True,True,both
5205220090,313110,313110,True,True,True,both
5205230020,313110,313110,True,True,True,both
5205230090,313110,313110,True,True,True,both
5205240020,313110,313110,True,True,True,both
5205240090,313110,313110,True,True,True,both
5205260020,313110,313110,True,True,True,both
5205260090,313110,313110,True,True,True,both
5205270020,313110,313110,True,True,True,both
5205270090,313110,313110,True,True,True,both
5205280020,313110,313110,True,True,True,both
5205280090,313110,313110,True,True,True,both
5205310000,313110,313110,True,True,True,both
5205320000,313110,313110,True,True,True,both
5205330000,313110,313110,True,True,True,both
5205340000,313110,313110,True,True,True,both
5205350000,313110,313110,True,True,True,both
5205410020,313110,313110,True,True,True,both
5205410090,313110,313110,True,True,True,both
5205420021,313110,313110,True,True,True,both
5205420029,313110,313110,True,True,True,both
5205420090,313110,313110,True,True,True,both
5205430021,313110,313110,True,True,True,both
5205430029,313110,313110,True,True,True,both
5205430090,313110,313110,True,True,True,both
5205440021,313110,313110,True,True,True,both
5205440029,313110,313110,True,True,True,both
5205440090,313110,313110,True,True,True,both
5205460021,313110,313110,True,True,True,both
5205460029,313110,313110,True,True,True,both
5205460090,313110,313110,True,True,True,both
5205470021,313110,313110,True,True,True,both
5205470029,313110,313110,True,True,True,both
5205470090,313110,313110,True,True,True,both
5205480020,313110,313110,True,True,True,both
5205480090,313110,313110,True,True,True,both
5206110000,313110,313110,True,True,True,both
5206120000,313110,313110,True,True,True,both
5206130000,313110,313110,True,True,True,both
5206140000,313110,313110,True,True,True,both
5206150000,313110,313110,True,True,True,both
5206210000,313110,313110,True,True,True,both
5206220000,313110,313110,True,True,True,both
5206230000,313110,313110,True,True,True,both
5206240000,313110,313110,True,True,True,both
5206250000,313110,313110,True,True,True,both
5206310000,313110,313110,True,True,True,both
5206320000,313110,313110,True,True,True,both
5206330000,313110,313110,True,True,True,both
5206340000,313110,313110,True,True,True,both
5206350000,313110,313110,True,True,True,both
5206410000,313110,313110,True,True,True,both
5206420000,313110,313110,True,True,True,both
5206430000,313110,313110,True,True,True,both
5206440000,313110,313110,True,True,True,both
5206450000,313110,313110,True,True,True,both
5207100000,313110,313110,True,True,True,both
5207900000,313110,313110,True,True,True,both
5208112020,313210,313210,True,True,True,both
5208112040,313210,313210,True,True,True,both
5208112090,313210,313210,True,True,True,both
5208114020,313210,313210,True,True,True,both
5208114040,313210,313210,True,True,True,both
5208114060,313210,313210,True,True,True,both
5208114090,313210,313210,True,True,True,both
5208116000,313220,313220,True,True,True,both
5208118020,313210,313210,True,True,True,both
5208118090,313210,313210,True,True,True,both
5208124020,313210,313210,True,True,True,both
5208124040,313210,313210,True,True,True,both
5208124090,313210,313210,True,True,True,both
5208126020,313210,313210,True,True,True,both
5208126040,313210,313210,True,True,True,both
5208126060,313210,313210,True,True,True,both
5208126090,313210,313210,True,True,True,both
5208128020,313210,313210,True,True,True,both
5208128090,313210,313210,True,True,True,both
5208130000,313210,313210,True,True,True,both
5208192020,313210,313210,True,True,True,both
5208192090,313210,313210,True,True,True,both
5208194020,313210,313210,True,True,True,both
5208194090,313210,313210,True,True,True,both
5208196020,313210,313210,True,True,True,both
5208196090,313210,313210,True,True,True,both
5208198020,313210,313210,True,True,True,both
5208198090,313210,313210,True,True,True,both
5208212020,313210,313210,True,True,True,both
5208212040,313210,313210,True,True,True,both
5208212090,313210,313210,True,True,True,both
5208214020,313210,313210,True,True,True,both
5208214040,313210,313210,True,True,True,both
5208214060,313210,313210,True,True,True,both
5208214090,313210,313210,True,True,True,both
5208216020,313210,313210,True,True,True,both
5208216090,313210,313210,True,True,True,both
5208224020,313210,313210,True,True,True,both
5208224040,313210,313210,True,True,True,both
5208224090,313210,313210,True,True,True,both
5208226020,313210,313210,True,True,True,both
5208226040,313210,313210,True,True,True,both
5208226060,313210,313210,True,True,True,both
5208226090,313210,313210,True,True,True,both
5208228020,313210,313210,True,True,True,both
5208228090,313210,313210,True,True,True,both
5208230000,313210,313210,True,True,True,both
5208292020,313210,313210,True,True,True,both
5208292090,313210,313210,True,True,True,both
5208294020,313210,313210,True,True,True,both
5208294090,313210,313210,True,True,True,both
5208296020,313210,313210,True,True,True,both
5208296090,313210,313210,True,True,True,both
5208298020,313210,313210,True,True,True,both
5208298090,313210,313210,True,True,True,both
5208312000,313210,313210,True,True,True,both
5208314020,313210,313210,True,True,True,both
5208314040,313210,313210,True,True,True,both
5208314090,313210,313210,True,True,True,both
5208316020,313210,313210,True,True,True,both
5208316040,313210,313210,True,True,True,both
5208316060,313210,313210,True,True,True,both
5208316090,313210,313210,True,True,True,both
5208318020,313210,313210,True,True,True,both
5208318090,313210,313210,True,True,True,both
5208321000,313210,313210,True,True,True,both
5208323020,313210,313210,True,True,True,both
5208323040,313210,313210,True,True,True,both
5208323090,313210,313210,True,True,True,both
5208324020,313210,313210,True,True,True,both
5208324040,313210,313210,True,True,True,both
5208324060,313210,313210,True,True,True,both
5208324090,313210,313210,True,True,True,both
5208325020,313210,313210,True,True,True,both
5208325090,313210,313210,True,True,True,both
5208330000,313210,313210,True,True,True,both
5208392020,313210,313210,True,True,True,both
5208392090,313210,313210,True,True,True,both
5208394020,313210,313210,True,True,True,both
5208394090,313210,313210,True,True,True,both
5208396020,313210,313210,True,True,True,both
5208396090,313210,313210,True,True,True,both
5208398020,313210,313210,True,True,True,both
5208398090,313210,313210,True,True,True,both
5208412000,313210,313210,True,True,True,both
5208414000,313210,313210,True,True,True,both
5208416000,313210,313210,True,True,True,both
5208418000,313210,313210,True,True,True,both
5208421000,313210,313210,True,True,True,both
5208423000,313210,313210,True,True,True,both
5208424000,313210,313210,True,True,True,both
5208425000,313210,313210,True,True,True,both
5208430000,313210,313210,True,True,True,both
5208492000,313210,313210,True,True,True,both
5208494010,313210,313210,True,True,True,both
5208494020,313210,313210,True,True,True,both
5208494090,313210,313210,True,True,True,both
5208496010,313210,313210,True,True,True,both
5208496020,313210,313210,True,True,True,both
5208496030,313210,313210,True,True,True,both
5208496090,313210,313210,True,True,True,both
5208498020,313210,313210,True,True,True,both
5208498090,313210,313210,True,True,True,both
5208512000,313210,313210,True,True,True,both
5208514020,313210,313210,True,True,True,both
5208514040,313210,313210,True,True,True,both
5208514090,313210,313210,True,True,True,both
5208516020,313210,313210,True,True,True,both
5208516040,313210,313210,True,True,True,both
5208516060,313210,313210,True,True,True,both
5208516090,313210,313210,True,True,True,both
5208518020,313210,313210,True,True,True,both
5208518090,313210,313210,True,True,True,both
5208521000,313210,313210,True,True,True,both
5208523020,313210,313210,True,True,True,both
5208523035,313210,313210,True,True,True,both
5208523045,313210,313210,True,True,True,both
5208523090,313210,313210,True,True,True,both
5208524020,313210,313210,True,True,True,both
5208524035,313210,313210,True,True,True,both
5208524045,313210,313210,True,True,True,both
5208524055,313210,313210,True,True,True,both
5208524065,313210,313210,True,True,True,both
5208524090,313210,313210,True,True,True,both
5208525020,313210,313210,True,True,True,both
5208525090,313210,313210,True,True,True,both
5208591000,313210,313210,True,True,True,both
5208592015,313210,313210,True,True,True,both
5208592025,313210,313210,True,True,True,both
5208592085,313210,313210,True,True,True,both
5208592095,313210,313210,True,True,True,both
5208594020,313210,313210,True,True,True,both
5208594090,313210,313210,True,True,True,both
5208596020,313210,313210,True,True,True,both
5208596090,313210,313210,True,True,True,both
5208598020,313210,313210,True,True,True,both
5208598090,313210,313210,True,True,True,both
5209110020,313210,313210,True,True,True,both
5209110025,313210,313210,True,True,True,both
5209110035,313210,313210,True,True,True,both
5209110050,313210,313210,True,True,True,both
5209110090,313210,313210,True,True,True,both
5209120020,313210,313210,True,True,True,both
5209120040,313210,313210,True,True,True,both
5209190020,313210,313210,True,True,True,both
5209190040,313210,313210,True,True,True,both
5209190060,313210,313210,True,True,True,both
5209190090,313210,313210,True,True,True,both
5209210020,313210,313210,True,True,True,both
5209210025,313210,313210,True,True,True,both
5209210035,313210,313210,True,True,True,both
5209210050,313210,313210,True,True,True,both
5209210090,313210,313210,True,True,True,both
5209220020,313210,313210,True,True,True,both
5209220040,313210,313210,True,True,True,both
5209290020,313210,313210,True,True,True,both
5209290040,313210,313210,True,True,True,both
5209290060,313210,313210,True,True,True,both
5209290090,313210,313210,True,True,True,both
5209313000,313210,313210,True,True,True,both
5209316020,313210,313210,True,True,True,both
5209316025,313210,313210,True,True,True,both
5209316035,313210,313210,True,True,True,both
5209316050,313210,313210,True,True,True,both
5209316090,313210,313210,True,True,True,both
5209320020,313210,313210,True,True,True,both
5209320040,313210,313210,True,True,True,both
5209390020,313210,313210,True,True,True,both
5209390040,313210,313210,True,True,True,both
5209390060,313210,313210,True,True,True,both
5209390080,313210,313210,True,True,True,both
5209390090,313210,313210,True,True,True,both
5209413000,313210,313210,True,True,True,both
5209416020,313210,313210,True,True,True,both
5209416040,313210,313210,True,True,True,both
5209420020,313210,313210,True,True,True,both
5209420040,313210,313210,True,True,True,both
5209420060,313210,313210,True,True,True,both
5209420080,313210,313210,True,True,True,both
5209430030,313210,313210,True,True,True,both
5209430050,313210,313210,True,True,True,both
5209490020,313210,313210,True,True,True,both
5209490040,313210,313210,True,True,True,both
5209490090,313210,313210,True,True,True,both
5209513000,313210,313210,True,True,True,both
5209516015,313210,313210,True,True,True,both
5209516025,313210,313210,True,True,True,both
5209516032,313210,313210,True,True,True,both
5209516035,313210,313210,True,True,True,both
5209516050,313210,313210,True,True,True,both
5209516090,313210,313210,True,True,True,both
5209520020,313210,313210,True,True,True,both
5209520040,313210,313210,True,True,True,both
5209590015,313210,313210,True,True,True,both
5209590025,313210,313210,True,True,True,both
5209590040,313210,313210,True,True,True,both
5209590060,313210,313210,True,True,True,both
5209590090,313210,313210,True,True,True,both
5210114020,313210,313210,True,True,True,both
5210114040,313210,313210,True,True,True,both
5210114090,313210,313210,True,True,True,both
5210116020,313210,313210,True,True,True,both
5210116040,313210,313210,True,True,True,both
5210116060,313210,313210,True,True,True,both
5210116090,313210,313210,True,True,True,both
5210118020,313210,313210,True,True,True,both
5210118090,313210,313210,True,True,True,both
5210191000,313210,313210,True,True,True,both
5210192020,313210,313210,True,True,True,both
5210192090,313210,313210,True,True,True,both
5210194020,313210,313210,True,True,True,both
5210194090,313210,313210,True,True,True,both
5210196020,313210,313210,True,True,True,both
5210196090,313210,313210,True,True,True,both
5210198020,313210,313210,True,True,True,both
5210198090,313210,313210,True,True,True,both
5210214020,313210,313210,True,True,True,both
5210214040,313210,313210,True,True,True,both
5210214090,313210,313210,True,True,True,both
5210216020,313210,313210,True,True,True,both
5210216040,313210,313210,True,True,True,both
5210216060,313210,313210,True,True,True,both
5210216090,313210,313210,True,True,True,both
5210218020,313210,313210,True,True,True,both
5210218090,313210,313210,True,True,True,both
5210291000,313210,313210,True,True,True,both
5210292020,313210,313210,True,True,True,both
5210292090,313210,313210,True,True,True,both
5210294020,313210,313210,True,True,True,both
5210294090,313210,313210,True,True,True,both
5210296020,313210,313210,True,True,True,both
5210296090,313210,313210,True,True,True,both
5210298020,313210,313210,True,True,True,both
5210298090,313210,313210,True,True,True,both
5210314020,313210,313210,True,True,True,both
5210314040,313210,313210,True,True,True,both
5210314090,313210,313210,True,True,True,both
5210316020,313210,313210,True,True,True,both
5210316040,313210,313210,True,True,True,both
5210316060,313210,313210,True,True,True,both
5210316090,313210,313210,True,True,True,both
5210318020,313210,313210,True,True,True,both
5210318090,313210,313210,True,True,True,both
5210320000,313210,313210,True,True,True,both
5210392020,313210,313210,True,True,True,both
5210392090,313210,313210,True,True,True,both
5210394020,313210,313210,True,True,True,both
5210394090,313210,313210,True,True,True,both
5210396020,313210,313210,True,True,True,both
5210396090,313210,313210,True,True,True,both
5210398020,313210,313210,True,True,True,both
5210398090,313210,313210,True,True,True,both
5210414000,313210,313210,True,True,True,both
5210416000,313210,313210,True,True,True,both
5210418000,313210,313210,True,True,True,both
5210491000,313210,313210,True,True,True,both
5210492000,313210,313210,True,True,True,both
5210494010,313210,313210,True,True,True,both
5210494020,313210,313210,True,True,True,both
5210494090,313210,313210,True,True,True,both
5210496010,313210,313210,True,True,True,both
5210496020,313210,313210,True,True,True,both
5210496090,313210,313210,True,True,True,both
5210498020,313210,313210,True,True,True,both
5210498090,313210,313210,True,True,True,both
5210514020,313210,313210,True,True,True,both
5210514040,313210,313210,True,True,True,both
5210514090,313210,313210,True,True,True,both
5210516020,313210,313210,True,True,True,both
5210516040,313210,313210,True,True,True,both
5210516060,313210,313210,True,True,True,both
5210516090,313210,313210,True,True,True,both
5210518020,313210,313210,True,True,True,both
5210518090,313210,313210,True,True,True,both
5210591000,313210,313210,True,True,True,both
5210592020,313210,313210,True,True,True,both
5210592090,313210,313210,True,True,True,both
5210594020,313210,313210,True,True,True,both
5210594090,313210,313210,True,True,True,both
5210596020,313210,313210,True,True,True,both
5210596090,313210,313210,True,True,True,both
5210598020,313210,313210,True,True,True,both
5210598090,313210,313210,True,True,True,both
5211110020,313210,313210,True,True,True,both
5211110025,313210,313210,True,True,True,both
5211110035,313210,313210,True,True,True,both
5211110050,313210,313210,True,True,True,both
5211110090,313210,313210,True,True,True,both
5211120020,313210,313210,True,True,True,both
5211120040,313210,313210,True,True,True,both
5211190020,313210,313210,True,True,True,both
5211190040,313210,313210,True,True,True,both
5211190060,313210,313210,True,True,True,both
5211190090,313210,313210,True,True,True,both
5211202120,313210,313210,True,True,True,both
5211202125,313210,313210,True,True,True,both
5211202135,313210,313210,True,True,True,both
5211202150,313210,313210,True,True,True,both
5211202190,313210,313210,True,True,True,both
5211202220,313210,313210,True,True,True,both
5211202240,313210,313210,True,True,True,both
5211202920,313210,313210,True,True,True,both
5211202940,313210,313210,True,True,True,both
5211202960,313210,313210,True,True,True,both
5211202990,313210,313210,True,True,True,both
5211310020,313210,313210,True,True,True,both
5211310025,313210,313210,True,True,True,both
5211310035,313210,313210,True,True,True,both
5211310050,313210,313210,True,True,True,both
5211310090,313210,313210,True,True,True,both
5211320020,313210,313210,True,True,True,both
5211320040,313210,313210,True,True,True,both
5211390020,313210,313210,True,True,True,both
5211390040,313210,313210,True,True,True,both
5211390060,313210,313210,True,True,True,both
5211390090,313210,313210,True,True,True,both
5211410020,313210,313210,True,True,True,both
5211410040,313210,313210,True,True,True,both
5211420020,313210,313210,True,True,True,both
5211420040,313210,313210,True,True,True,both
5211420060,313210,313210,True,True,True,both
5211420080,313210,313210,True,True,True,both
5211430030,313210,313210,True,True,True,both
5211430050,313210,313210,True,True,True,both
5211490020,313210,313210,True,True,True,both
5211490090,313210,313210,True,True,True,both
5211510020,313210,313210,True,True,True,both
5211510030,313210,313210,True,True,True,both
5211510050,313210,313210,True,True,True,both
5211510090,313210,313210,True,True,True,both
5211520020,313210,313210,True,True,True,both
5211520040,313210,313210,True,True,True,both
5211590015,313210,313210,True,True,True,both
5211590025,313210,313210,True,True,True,both
5211590040,313210,313210,True,True,True,both
5211590060,313210,313210,True,True,True,both
5211590090,313210,313210,True,True,True,both
5212111010,313210,313210,True,True,True,both
5212111020,313210,313210,True,True,True,both
5212116010,313210,313210,True,True,True,both
5212116020,313210,313210,True,True,True,both
5212116030,313210,313210,True,True,True,both
5212116040,313210,313210,True,True,True,both
5212116050,313210,313210,True,True,True,both
5212116060,313210,313210,True,True,True,both
5212116070,313210,313210,True,True,True,both
5212116080,313210,313210,True,True,True,both
5212116090,313210,313210,True,True,True,both
5212121010,313210,313210,True,True,True,both
5212121020,313210,313210,True,True,True,both
5212126010,313210,313210,True,True,True,both
5212126020,313210,313210,True,True,True,both
5212126030,313210,313210,True,True,True,both
5212126040,313210,313210,True,True,True,both
5212126050,313210,313210,True,True,True,both
5212126060,313210,313210,True,True,True,both
5212126070,313210,313210,True,True,True,both
5212126080,313210,313210,True,True,True,both
5212126090,313210,313210,True,True,True,both
5212131010,313210,313210,True,True,True,both
5212131020,313210,313210,True,True,True,both
5212136010,313210,313210,True,True,True,both
5212136020,313210,313210,True,True,True,both
5212136030,313210,313210,True,True,True,both
5212136040,313210,313210,True,True,True,both
5212136050,313210,313210,True,True,True,both
5212136060,313210,313210,True,True,True,both
5212136070,313210,313210,True,True,True,both
5212136080,313210,313210,True,True,True,both
5212136090,313210,313210,True,True,True,both
5212141010,313210,313210,True,True,True,both
5212141020,313210,313210,True,True,True,both
5212146010,313210,313210,True,True,True,both
5212146020,313210,313210,True,True,True,both
5212146030,313210,313210,True,True,True,both
5212146090,313210,313210,True,True,True,both
5212151010,313210,313210,True,True,True,both
5212151020,313210,313210,True,True,True,both
5212156010,313210,313210,True,True,True,both
5212156020,313210,313210,True,True,True,both
5212156030,313210,313210,True,True,True,both
5212156040,313210,313210,True,True,True,both
5212156050,313210,313210,True,True,True,both
5212156060,313210,313210,True,True,True,both
5212156070,313210,313210,True,True,True,both
5212156080,313210,313210,True,True,True,both
5212156090,313210,313210,True,True,True,both
5212211010,313210,313210,True,True,True,both
5212211020,313210,313210,True,True,True,both
5212216010,313210,313210,True,True,True,both
5212216020,313210,313210,True,True,True,both
5212216030,313210,313210,True,True,True,both
5212216040,313210,313210,True,True,True,both
5212216050,313210,313210,True,True,True,both
5212216060,313210,313210,True,True,True,both
5212216090,313210,313210,True,True,True,both
5212221010,313210,313210,True,True,True,both
5212221020,313210,313210,True,True,True,both
5212226010,313210,313210,True,True,True,both
5212226020,313210,313210,True,True,True,both
5212226030,313210,313210,True,True,True,both
5212226040,313210,313210,True,True,True,both
5212226050,313210,313210,True,True,True,both
5212226060,313210,313210,True,True,True,both
5212226090,313210,313210,True,True,True,both
5212231010,313210,313210,True,True,True,both
5212231020,313210,313210,True,True,True,both
5212236010,313210,313210,True,True,True,both
5212236020,313210,313210,True,True,True,both
5212236030,313210,313210,True,True,True,both
5212236040,313210,313210,True,True,True,both
5212236050,313210,313210,True,True,True,both
5212236060,313210,313210,True,True,True,both
5212236090,313210,313210,True,True,True,both
5212241010,313210,313210,True,True,True,both
5212241020,313210,313210,True,True,True,both
5212246010,313210,313210,True,True,True,both
5212246020,313210,313210,True,True,True,both
5212246030,313210,313210,True,True,True,both
5212246040,313210,313210,True,True,True,both
5212246090,313210,313210,True,True,True,both
5212251010,313210,313210,True,True,True,both
5212251020,313210,313210,True,True,True,both
5212256010,313210,313210,True,True,True,both
5212256020,313210,313210,True,True,True,both
5212256030,313210,313210,True,True,True,both
5212256040,313210,313210,True,True,True,both
5212256050,313210,313210,True,True,True,both
5212256060,313210,313210,True,True,True,both
5212256090,313210,313210,True,True,True,both
5301100000,111998,111998,True,True,True,both
5301210000,111998,111998,True,True,True,both
5301290000,111998,111998,True,True,True,both
5301300000,314999,314999,True,True,True,both
5302100000,111998,111998,True,True,True,both
5302900000,314999,314999,True,True,True,both
5303100000,111998,111998,True,True,True,both
5303900000,314999,314999,True,True,True,both
5305000000,314999,314999,True,True,True,both
5306100000,313110,313110,True,True,True,both
5306200000,313110,313110,True,True,True,both
5307100000,313110,313110,True,True,True,both
5307200000,313110,313110,True,True,True,both
5308100000,313110,313110,True,True,True,both
5308200000,313110,313110,True,True,True,both
5308901000,313110,313110,True,True,True,both
5308909000,313110,313110,True,True,True,both
5309110010,313210,313210,True,True,True,both
5309110090,313210,313210,True,True,True,both
5309190010,313210,313210,True,True,True,both
5309190090,313210,313210,True,True,True,both
5309212000,313210,313210,True,True,True,both
5309213005,313210,313210,True,True,True,both
5309213010,313210,313210,True,True,True,both
5309213015,313210,313210,True,True,True,both
5309213020,313210,313210,True,True,True,both
5309213055,313210,313210,True,True,True,both
5309213060,313210,313210,True,True,True,both
5309213065,313210,313210,True,True,True,both
5309213070,313210,313210,True,True,True,both
5309213090,313210,313210,True,True,True,both
5309214010,313210,313210,True,True,True,both
5309214090,313210,313210,True,True,True,both
5309292000,313210,313210,True,True,True,both
5309293005,313210,313210,True,True,True,both
5309293010,313210,313210,True,True,True,both
5309293015,313210,313210,True,True,True,both
5309293020,313210,313210,True,True,True,both
5309293055,313210,313210,True,True,True,both
5309293060,313210,313210,True,True,True,both
5309293065,313210,313210,True,True,True,both
5309293070,313210,313210,True,True,True,both
5309293090,313210,313210,True,True,True,both
5309294010,313210,313210,True,True,True,both
5309294090,313210,313210,True,True,True,both
5310100020,313210,313210,True,True,True,both
5310100040,313210,313210,True,True,True,both
5310100060,313210,313210,True,True,True,both
5310900000,313210,313210,True,True,True,both
5311002000,313210,313210,True,True,True,both
5311003005,313210,313210,True,True,True,both
5311003010,313210,313210,True,True,True,both
5311003015,313210,313210,True,True,True,both
5311003020,313210,313210,True,True,True,both
5311003055,313210,313210,True,True,True,both
5311003060,313210,313210,True,True,True,both
5311003065,313210,313210,True,True,True,both
5311003070,313210,313210,True,True,True,both
5311003090,313210,313210,True,True,True,both
5311004010,313210,313210,True,True,True,both
5311004020,313210,313210,True,True,True,both
5311006000,313210,313210,True,True,True,both
5401100000,313110,313110,True,True,True,both
5401200000,313110,313110,True,True,True,both
5402113010,325220,325220,True,True,True,both
5402113030,325220,325220,True,True,True,both
5402113050,325220,325220,True,True,True,both
5402113070,325220,325220,True,True,True,both
5402116000,325220,325220,True,True,True,both
5402193010,325220,325220,True,True,True,both
5402193030,325220,325220,True,True,True,both
5402193050,325220,325220,True,True,True,both
5402193070,325220,325220,True,True,True,both
5402196000,325220,325220,True,True,True,both
5402203010,325220,325220,True,True,True,both
5402203030,325220,325220,True,True,True,both
5402203050,325220,325220,True,True,True,both
5402203070,325220,325220,True,True,True,both
5402206000,325220,325220,True,True,True,both
5402313000,325220,325220,True,True,True,both
5402316000,325220,325220,True,True,True,both
5402323000,325220,325220,True,True,True,both
5402326000,325220,325220,True,True,True,both
5402333000,325220,325220,True,True,True,both
5402336000,325220,325220,True,True,True,both
5402343000,325220,325220,True,True,True,both
5402346000,325220,325220,True,True,True,both
5402393110,325220,325220,True,True,True,both
5402393190,325220,325220,True,True,True,both
5402396110,325220,325220,True,True,True,both
5402396190,325220,325220,True,True,True,both
5402440005,325220,325220,True,True,True,both
5402440040,325220,325220,True,True,True,both
5402451000,325220,325220,True,True,True,both
5402459010,325220,325220,True,True,True,both
5402459030,325220,325220,True,True,True,both
5402459040,325220,325220,True,True,True,both
5402460000,325220,325220,True,True,True,both
5402471020,325220,325220,True,True,True,both
5402471040,325220,325220,True,True,True,both
5402479020,325220,325220,True,True,True,both
5402479040,325220,325220,True,True,True,both
5402480010,325220,325220,True,True,True,both
5402480070,325220,325220,True,True,True,both
5402491100,325220,325220,True,True,True,both
5402499115,325220,325220,True,True,True,both
5402499140,325220,325220,True,True,True,both
5402499175,325220,325220,True,True,True,both
5402499180,325220,325220,True,True,True,both
5402510000,325220,325220,True,True,True,both
5402521000,325220,325220,True,True,True,both
5402529000,325220,325220,True,True,True,both
5402530000,325220,325220,True,True,True,both
5402590100,325220,325220,True,True,True,both
5402610000,325220,325220,True,True,True,both
5402620000,325220,325220,True,True,True,both
5402630000,325220,325220,True,True,True,both
5402690100,325220,325220,True,True,True,both
5403103020,325220,325220,True,True,True,both
5403103040,325220,325220,True,True,True,both
5403106000,325220,325220,True,True,True,both
5403310020,325220,325220,True,True,True,both
5403310040,325220,325220,True,True,True,both
5403320000,325220,325220,True,True,True,both
5403330020,325220,325220,True,True,True,both
5403330040,325220,325220,True,True,True,both
5403391000,325220,325220,True,True,True,both
5403399020,325220,325220,True,True,True,both
5403399040,325220,325220,True,True,True,both
5403410000,325220,325220,True,True,True,both
5403420000,325220,325220,True,True,True,both
5403491000,325220,325220,True,True,True,both
5403499000,325220,325220,True,True,True,both
5404110000,325220,325220,True,True,True,both
5404121000,325220,325220,True,True,True,both
5404129000,325220,325220,True,True,True,both
5404191000,339920,339920,True,True,True,both
5404198020,325220,325220,True,True,True,both
5404198040,325220,325220,True,True,True,both
5404198080,325220,325220,True,True,True,both
5404900000,325220,325220,True,True,True,both
5405003000,325220,325220,True,True,True,both
5405006000,325220,325220,True,True,True,both
5406001020,325220,325220,True,True,True,both
5406001040,325220,325220,True,True,True,both
5406001090,325220,325220,True,True,True,both
5406002000,325220,325220,True,True,True,both
5407100010,313210,313210,True,True,True,both
5407100090,313210,313210,True,True,True,both
5407200000,313210,313210,True,True,True,both
5407301000,313210,313210,True,True,True,both
5407309000,313210,313210,True,True,True,both
5407410010,313220,313220,True,True,True,both
5407410020,313220,313220,True,True,True,both
5407410030,313210,313210,True,True,True,both
5407410060,313210,313210,True,True,True,both
5407420030,313210,313210,True,True,True,both
5407420060,313210,313210,True,True,True,both
5407431000,313210,313210,True,True,True,both
5407432030,313210,313210,True,True,True,both
5407432060,313210,313210,True,True,True,both
5407440030,313210,313210,True,True,True,both
5407440060,313210,313210,True,True,True,both
5407510020,313210,313210,True,True,True,both
5407510040,313210,313210,True,True,True,both
5407510060,313210,313210,True,True,True,both
5407520500,313210,313210,True,True,True,both
5407522020,313210,313210,True,True,True,both
5407522040,313210,313210,True,True,True,both
5407522060,313210,313210,True,True,True,both
5407531000,313210,313210,True,True,True,both
5407532020,313210,313210,True,True,True,both
5407532040,313210,313210,True,True,True,both
5407532060,313210,313210,True,True,True,both
5407540020,313210,313210,True,True,True,both
5407540040,313210,313210,True,True,True,both
5407540060,313210,313210,True,True,True,both
5407611100,313210,313210,True,True,True,both
5407611900,313210,313210,True,True,True,both
5407612100,313210,313210,True,True,True,both
5407612900,313210,313210,True,True,True,both
5407619100,313210,313210,True,True,True,both
5407619905,313210,313210,True,True,True,both
5407619910,313210,313210,True,True,True,both
5407619915,313210,313210,True,True,True,both
5407619925,313210,313210,True,True,True,both
5407619930,313210,313210,True,True,True,both
5407619935,313210,313210,True,True,True,both
5407619945,313210,313210,True,True,True,both
5407619950,313210,313210,True,True,True,both
5407619955,313210,313210,True,True,True,both
5407619965,313210,313210,True,True,True,both
5407619970,313210,313210,True,True,True,both
5407619975,313210,313210,True,True,True,both
5407691010,313210,313210,True,True,True,both
5407691060,313210,313210,True,True,True,both
5407692010,313210,313210,True,True,True,both
5407692060,313210,313210,True,True,True,both
5407693000,313210,313210,True,True,True,both
5407694010,313210,313210,True,True,True,both
5407694060,313210,313210,True,True,True,both
5407699010,313210,313210,True,True,True,both
5407699060,313210,313210,True,True,True,both
5407710015,313210,313210,True,True,True,both
5407710060,313210,313210,True,True,True,both
5407720015,313210,313210,True,True,True,both
5407720060,313210,313210,True,True,True,both
5407731000,313210,313210,True,True,True,both
5407732015,313210,313210,True,True,True,both
5407732060,313210,313210,True,True,True,both
5407740015,313210,313210,True,True,True,both
5407740060,313210,313210,True,True,True,both
5407810010,313210,313210,True,True,True,both
5407810020,313210,313210,True,True,True,both
5407810030,313210,313210,True,True,True,both
5407810040,313210,313210,True,True,True,both
5407810090,313210,313210,True,True,True,both
5407820010,313210,313210,True,True,True,both
5407820020,313210,313210,True,True,True,both
5407820030,313210,313210,True,True,True,both
5407820040,313210,313210,True,True,True,both
5407820090,313210,313210,True,True,True,both
5407830010,313210,313210,True,True,True,both
5407830020,313210,313210,True,True,True,both
5407830030,313210,313210,True,True,True,both
5407830040,313210,313210,True,True,True,both
5407830090,313210,313210,True,True,True,both
5407840010,313210,313210,True,True,True,both
5407840020,313210,313210,True,True,True,both
5407840030,313210,313210,True,True,True,both
5407840040,313210,313210,True,True,True,both
5407840090,313210,313210,True,True,True,both
5407910510,313210,313210,True,True,True,both
5407910520,313210,313210,True,True,True,both
5407911000,313210,313210,True,True,True,both
5407912010,313210,313210,True,True,True,both
5407912020,313210,313210,True,True,True,both
5407912030,313210,313210,True,True,True,both
5407912040,313210,313210,True,True,True,both
5407912050,313210,313210,True,True,True,both
5407912090,313210,313210,True,True,True,both
5407920510,313210,313210,True,True,True,both
5407920520,313210,313210,True,True,True,both
5407921010,313210,313210,True,True,True,both
5407921020,313210,313210,True,True,True,both
5407922010,313210,313210,True,True,True,both
5407922020,313210,313210,True,True,True,both
5407922030,313210,313210,True,True,True,both
5407922040,313210,313210,True,True,True,both
5407922050,313210,313210,True,True,True,both
5407922090,313210,313210,True,True,True,both
5407930510,313210,313210,True,True,True,both
5407930520,313210,313210,True,True,True,both
5407931000,313210,313210,True,True,True,both
5407931500,313210,313210,True,True,True,both
5407932010,313210,313210,True,True,True,both
5407932020,313210,313210,True,True,True,both
5407932030,313210,313210,True,True,True,both
5407932040,313210,313210,True,True,True,both
5407932050,313210,313210,True,True,True,both
5407932090,313210,313210,True,True,True,both
5407940510,313210,313210,True,True,True,both
5407940520,313210,313210,True,True,True,both
5407941000,313210,313210,True,True,True,both
5407942010,313210,313210,True,True,True,both
5407942020,313210,313210,True,True,True,both
5407942030,313210,313210,True,True,True,both
5407942040,313210,313210,True,True,True,both
5407942050,313210,313210,True,True,True,both
5407942090,313210,313210,True,True,True,both
5408100000,313210,313210,True,True,True,both
5408210030,313210,313210,True,True,True,both
5408210060,313210,313210,True,True,True,both
5408221000,313210,313210,True,True,True,both
5408229030,313210,313210,True,True,True,both
5408229060,313210,313210,True,True,True,both
5408231100,313210,313210,True,True,True,both
5408231900,313210,313210,True,True,True,both
5408232100,313210,313210,True,True,True,both
5408232930,313210,313210,True,True,True,both
5408232960,313210,313210,True,True,True,both
5408241000,313210,313210,True,True,True,both
5408249010,313210,313210,True,True,True,both
5408249020,313210,313210,True,True,True,both
5408249040,313210,313210,True,True,True,both
5408249050,313210,313210,True,True,True,both
5408310510,313210,313210,True,True,True,both
5408310520,313210,313210,True,True,True,both
5408311000,313210,313210,True,True,True,both
5408312010,313210,313210,True,True,True,both
5408312020,313210,313210,True,True,True,both
5408312030,313210,313210,True,True,True,both
5408312040,313210,313210,True,True,True,both
5408312050,313210,313210,True,True,True,both
5408312090,313210,313210,True,True,True,both
5408320510,313210,313210,True,True,True,both
5408320520,313210,313210,True,True,True,both
5408321000,313210,313210,True,True,True,both
5408323000,313210,313210,True,True,True,both
5408329010,313210,313210,True,True,True,both
5408329020,313210,313210,True,True,True,both
5408329030,313210,313210,True,True,True,both
5408329040,313210,313210,True,True,True,both
5408329050,313210,313210,True,True,True,both
5408329090,313210,313210,True,True,True,both
5408330510,313210,313210,True,True,True,both
5408330520,313210,313210,True,True,True,both
5408331000,313210,313210,True,True,True,both
5408331500,313210,313210,True,True,True,both
5408333000,313210,313210,True,True,True,both
5408339010,313210,313210,True,True,True,both
5408339020,313210,313210,True,True,True,both
5408339030,313210,313210,True,True,True,both
5408339040,313210,313210,True,True,True,both
5408339050,313210,313210,True,True,True,both
5408339090,313210,313210,True,True,True,both
5408340510,313210,313210,True,True,True,both
5408340520,313210,313210,True,True,True,both
5408341000,313210,313210,True,True,True,both
5408343000,313210,313210,True,True,True,both
5408349010,313210,313210,True,True,True,both
5408349020,313210,313210,True,True,True,both
5408349030,313210,313210,True,True,True,both
5408349040,313210,313210,True,True,True,both
5408349050,313210,313210,True,True,True,both
5408349085,313210,313210,True,True,True,both
5408349095,313210,313210,True,True,True,both
5501110000,325220,325220,True,True,True,both
5501190000,325220,325220,True,True,True,both
5501200000,325220,325220,True,True,True,both
5501300010,325220,325220,True,True,True,both
5501300090,325220,325220,True,True,True,both
5501400000,325220,325220,True,True,True,both
5501900100,325220,325220,True,True,True,both
5502100000,325220,325220,True,True,True,both
5502900000,325220,325220,True,True,True,both
5503110000,325220,325220,True,True,True,both
5503191000,325220,325220,True,True,True,both
5503199000,325220,325220,True,True,True,both
5503200015,325220,325220,True,True,True,both
5503200025,325220,325220,True,True,True,both
5503200045,325220,325220,True,True,True,both
5503200065,325220,325220,True,True,True,both
5503300000,325220,325220,True,True,True,both
5503400000,325220,325220,True,True,True,both
5503901000,325220,325220,True,True,True,both
5503909000,325220,325220,True,True,True,both
5504100000,325220,325220,True,True,True,both
5504900000,325220,325220,True,True,True,both
5505100020,325220,325220,True,True,True,both
5505100040,325220,325220,True,True,True,both
5505100060,325220,325220,True,True,True,both
5505200000,325220,325220,True,True,True,both
5506100000,313110,313110,True,True,True,both
5506200000,313110,313110,True,True,True,both
5506300000,313110,313110,True,True,True,both
5506400000,313110,313110,True,True,True,both
5506900100,313110,313110,True,True,True,both
5507000000,313110,313110,True,True,True,both
5508100000,313110,313110,True,True,True,both
5508200000,313110,313110,True,True,True,both
5509110000,313110,313110,True,True,True,both
5509120000,313110,313110,True,True,True,both
5509210000,313110,313110,True,True,True,both
5509220010,313110,313110,True,True,True,both
5509220090,313110,313110,True,True,True,both
5509310000,313110,313110,True,True,True,both
5509320000,313110,313110,True,True,True,both
5509410010,313110,313110,True,True,True,both
5509410090,313110,313110,True,True,True,both
5509420010,313110,313110,True,True,True,both
5509420090,313110,313110,True,True,True,both
5509513000,313110,313110,True,True,True,both
5509516000,313110,313110,True,True,True,both
5509520000,313110,313110,True,True,True,both
5509530030,313110,313110,True,True,True,both
5509530060,313110,313110,True,True,True,both
5509590000,313110,313110,True,True,True,both
5509610000,313110,313110,True,True,True,both
5509620000,313110,313110,True,True,True,both
5509692000,313110,313110,True,True,True,both
5509694000,313110,313110,True,True,True,both
5509696000,313110,313110,True,True,True,both
5509910000,313110,313110,True,True,True,both
5509920000,313110,313110,True,True,True,both
5509992000,313110,313110,True,True,True,both
5509994000,313110,313110,True,True,True,both
5509996000,313110,313110,True,True,True,both
5510110000,313110,313110,True,True,True,both
5510120000,313110,313110,True,True,True,both
5510200000,313110,313110,True,True,True,both
5510300000,313110,313110,True,True,True,both
5510902000,313110,313110,True,True,True,both
5510904000,313110,313110,True,True,True,both
5510906000,313110,313110,True,True,True,both
5511100030,313110,313110,True,True,True,both
5511100060,313110,313110,True,True,True,both
5511200000,313110,313110,True,True,True,both
5511300000,313110,313110,True,True,True,both
5512110010,313210,313210,True,True,True,both
5512110022,313210,313210,True,True,True,both
5512110027,313210,313210,True,True,True,both
5512110030,313210,313210,True,True,True,both
5512110040,313210,313210,True,True,True,both
5512110050,313210,313210,True,True,True,both
5512110060,313210,313210,True,True,True,both
5512110070,313210,313210,True,True,True,both
5512110090,313210,313210,True,True,True,both
5512190005,313210,313210,True,True,True,both
5512190010,313210,313210,True,True,True,both
5512190015,313210,313210,True,True,True,both
5512190022,313210,313210,True,True,True,both
5512190027,313210,313210,True,True,True,both
5512190030,313210,313210,True,True,True,both
5512190035,313210,313210,True,True,True,both
5512190040,313210,313210,True,True,True,both
5512190045,313210,313210,True,True,True,both
5512190050,313210,313210,True,True,True,both
5512190090,313210,313210,True,True,True,both
5512210010,313210,313210,True,True,True,both
5512210020,313210,313210,True,True,True,both
5512210030,313210,313210,True,True,True,both
5512210040,313210,313210,True,True,True,both
5512210050,313210,313210,True,True,True,both
5512210060,313210,313210,True,True,True,both
5512210070,313210,313210,True,True,True,both
5512210090,313210,313210,True,True,True,both
5512290005,313210,313210,True,True,True,both
5512290010,313210,313210,True,True,True,both
5512290015,313210,313210,True,True,True,both
5512290020,313210,313210,True,True,True,both
5512290025,313210,313210,True,True,True,both
5512290030,313210,313210,True,True,True,both
5512290035,313210,313210,True,True,True,both
5512290040,313210,313210,True,True,True,both
5512290045,313210,313210,True,True,True,both
5512290090,313210,313210,True,True,True,both
5512910010,313210,313210,True,True,True,both
5512910020,313210,313210,True,True,True,both
5512910030,313210,313210,True,True,True,both
5512910040,313210,313210,True,True,True,both
5512910050,313210,313210,True,True,True,both
5512910060,313210,313210,True,True,True,both
5512910070,313210,313210,True,True,True,both
5512910090,313210,313210,True,True,True,both
5512990005,313210,313210,True,True,True,both
5512990010,313210,313210,True,True,True,both
5512990015,313210,313210,True,True,True,both
5512990020,313210,313210,True,True,True,both
5512990025,313210,313210,True,True,True,both
5512990030,313210,313210,True,True,True,both
5512990035,313210,313210,True,True,True,both
5512990040,313210,313210,True,True,True,both
5512990045,313210,313210,True,True,True,both
5512990090,313210,313210,True,True,True,both
5513110020,313210,313210,True,True,True,both
5513110040,313210,313210,True,True,True,both
5513110060,313210,313210,True,True,True,both
5513110090,313210,313210,True,True,True,both
5513120000,313210,313210,True,True,True,both
5513130020,313210,313210,True,True,True,both
5513130040,313210,313210,True,True,True,both
5513130090,313210,313210,True,True,True,both
5513190010,313210,313210,True,True,True,both
5513190020,313210,313210,True,True,True,both
5513190030,313210,313210,True,True,True,both
5513190040,313210,313210,True,True,True,both
5513190050,313210,313210,True,True,True,both
5513190060,313210,313210,True,True,True,both
5513190090,313210,313210,True,True,True,both
5513210020,313210,313210,True,True,True,both
5513210040,313210,313210,True,True,True,both
5513210060,313210,313210,True,True,True,both
5513210090,313210,313210,True,True,True,both
5513230121,313210,313210,True,True,True,both
5513230141,313210,313210,True,True,True,both
5513230191,313210,313210,True,True,True,both
5513290010,313210,313210,True,True,True,both
5513290020,313210,313210,True,True,True,both
5513290030,313210,313210,True,True,True,both
5513290040,313210,313210,True,True,True,both
5513290050,313210,313210,True,True,True,both
5513290060,313210,313210,True,True,True,both
5513290090,313210,313210,True,True,True,both
5513310000,313210,313210,True,True,True,both
5513390111,313210,313210,True,True,True,both
5513390115,313210,313210,True,True,True,both
5513390191,313210,313210,True,True,True,both
5513410020,313210,313210,True,True,True,both
5513410040,313210,313210,True,True,True,both
5513410060,313210,313210,True,True,True,both
5513410090,313210,313210,True,True,True,both
5513491000,313210,313210,True,True,True,both
5513492020,313210,313210,True,True,True,both
5513492040,313210,313210,True,True,True,both
5513492090,313210,313210,True,True,True,both
5513499010,313210,313210,True,True,True,both
5513499020,313210,313210,True,True,True,both
5513499030,313210,313210,True,True,True,both
5513499040,313210,313210,True,True,True,both
5513499050,313210,313210,True,True,True,both
5513499060,313210,313210,True,True,True,both
5513499090,313210,313210,True,True,True,both
5514110020,313210,313210,True,True,True,both
5514110030,313210,313210,True,True,True,both
5514110050,313210,313210,True,True,True,both
5514110090,313210,313210,True,True,True,both
5514120020,313210,313210,True,True,True,both
5514120040,313210,313210,True,True,True,both
5514191020,313210,313210,True,True,True,both
5514191040,313210,313210,True,True,True,both
5514191090,313210,313210,True,True,True,both
5514199010,313210,313210,True,True,True,both
5514199020,313210,313210,True,True,True,both
5514199030,313210,313210,True,True,True,both
5514199040,313210,313210,True,True,True,both
5514199090,313210,313210,True,True,True,both
5514210020,313210,313210,True,True,True,both
5514210030,313210,313210,True,True,True,both
5514210050,313210,313210,True,True,True,both
5514210090,313210,313210,True,True,True,both
5514220020,313210,313210,True,True,True,both
5514220040,313210,313210,True,True,True,both
5514230020,313210,313210,True,True,True,both
5514230040,313210,313210,True,True,True,both
5514230090,313210,313210,True,True,True,both
5514290010,313210,313210,True,True,True,both
5514290020,313210,313210,True,True,True,both
5514290030,313210,313210,True,True,True,both
5514290040,313210,313210,True,True,True,both
5514290090,313210,313210,True,True,True,both
5514303100,313210,313210,True,True,True,both
5514303210,313210,313210,True,True,True,both
5514303215,313210,313210,True,True,True,both
5514303280,313210,313210,True,True,True,both
5514303310,313210,313210,True,True,True,both
5514303390,313210,313210,True,True,True,both
5514303910,313210,313210,True,True,True,both
5514303920,313210,313210,True,True,True,both
5514303990,313210,313210,True,True,True,both
5514410020,313210,313210,True,True,True,both
5514410030,313210,313210,True,True,True,both
5514410050,313210,313210,True,True,True,both
5514410090,313210,313210,True,True,True,both
5514420020,313210,313210,True,True,True,both
5514420040,313210,313210,True,True,True,both
5514430020,313210,313210,True,True,True,both
5514430040,313210,313210,True,True,True,both
5514430090,313210,313210,True,True,True,both
5514490010,313210,313210,True,True,True,both
5514490020,313210,313210,True,True,True,both
5514490030,313210,313210,True,True,True,both
5514490040,313210,313210,True,True,True,both
5514490090,313210,313210,True,True,True,both
5515110005,313210,313210,True,True,True,both
5515110010,313210,313210,True,True,True,both
5515110015,313210,313210,True,True,True,both
5515110020,313210,313210,True,True,True,both
5515110025,313210,313210,True,True,True,both
5515110030,313210,313210,True,True,True,both
5515110035,313210,313210,True,True,True,both
5515110040,313210,313210,True,True,True,both
5515110045,313210,313210,True,True,True,both
5515110090,313210,313210,True,True,True,both
5515120010,313210,313210,True,True,True,both
5515120022,313210,313210,True,True,True,both
5515120027,313210,313210,True,True,True,both
5515120030,313210,313210,True,True,True,both
5515120040,313210,313210,True,True,True,both
5515120090,313210,313210,True,True,True,both
5515130510,313210,313210,True,True,True,both
5515130520,313210,313210,True,True,True,both
5515131010,313210,313210,True,True,True,both
5515131020,313210,313210,True,True,True,both
5515190005,313210,313210,True,True,True,both
5515190010,313210,313210,True,True,True,both
5515190015,313210,313210,True,True,True,both
5515190020,313210,313210,True,True,True,both
5515190025,313210,313210,True,True,True,both
5515190030,313210,313210,True,True,True,both
5515190035,313210,313210,True,True,True,both
5515190040,313210,313210,True,True,True,both
5515190045,313210,313210,True,True,True,both
5515190090,313210,313210,True,True,True,both
5515210010,313210,313210,True,True,True,both
5515210020,313210,313210,True,True,True,both
5515210030,313210,313210,True,True,True,both
5515210040,313210,313210,True,True,True,both
5515210090,313210,313210,True,True,True,both
5515220510,313210,313210,True,True,True,both
5515220520,313210,313210,True,True,True,both
5515221000,313210,313210,True,True,True,both
5515290005,313210,313210,True,True,True,both
5515290010,313210,313210,True,True,True,both
5515290015,313210,313210,True,True,True,both
5515290020,313210,313210,True,True,True,both
5515290025,313210,313210,True,True,True,both
5515290030,313210,313210,True,True,True,both
5515290035,313210,313210,True,True,True,both
5515290040,313210,313210,True,True,True,both
5515290045,313210,313210,True,True,True,both
5515290090,313210,313210,True,True,True,both
5515910010,313210,313210,True,True,True,both
5515910020,313210,313210,True,True,True,both
5515910030,313210,313210,True,True,True,both
5515910040,313210,313210,True,True,True,both
5515910090,313210,313210,True,True,True,both
5515990510,313210,313210,True,True,True,both
5515990520,313210,313210,True,True,True,both
5515991010,313210,313210,True,True,True,both
5515991020,313210,313210,True,True,True,both
5515999005,313210,313210,True,True,True,both
5515999010,313210,313210,True,True,True,both
5515999015,313210,313210,True,True,True,both
5515999020,313210,313210,True,True,True,both
5515999025,313210,313210,True,True,True,both
5515999030,313210,313210,True,True,True,both
5515999035,313210,313210,True,True,True,both
5515999040,313210,313210,True,True,True,both
5515999045,313210,313210,True,True,True,both
5515999090,313210,313210,True,True,True,both
5516110010,313210,313210,True,True,True,both
5516110020,313210,313210,True,True,True,both
5516110090,313210,313210,True,True,True,both
5516120010,313210,313210,True,True,True,both
5516120020,313210,313210,True,True,True,both
5516120090,313210,313210,True,True,True,both
5516130000,313210,313210,True,True,True,both
5516140005,313210,313210,True,True,True,both
5516140015,313210,313210,True,True,True,both
5516140025,313210,313210,True,True,True,both
5516140030,313210,313210,True,True,True,both
5516140085,313210,313210,True,True,True,both
5516140095,313210,313210,True,True,True,both
5516210010,313210,313210,True,True,True,both
5516210020,313210,313210,True,True,True,both
5516210030,313210,313210,True,True,True,both
5516210040,313210,313210,True,True,True,both
5516210090,313210,313210,True,True,True,both
5516220010,313210,313210,True,True,True,both
5516220020,313210,313210,True,True,True,both
5516220030,313210,313210,True,True,True,both
5516220040,313210,313210,True,True,True,both
5516220090,313210,313210,True,True,True,both
5516230010,313210,313210,True,True,True,both
5516230020,313210,313210,True,True,True,both
5516230030,313210,313210,True,True,True,both
5516230040,313210,313210,True,True,True,both
5516230090,313210,313210,True,True,True,both
5516240010,313210,313210,True,True,True,both
5516240020,313210,313210,True,True,True,both
5516240030,313210,313210,True,True,True,both
5516240040,313210,313210,True,True,True,both
5516240085,313210,313210,True,True,True,both
5516240095,313210,313210,True,True,True,both
5516310510,313210,313210,True,True,True,both
5516310520,313210,313210,True,True,True,both
5516311000,313210,313210,True,True,True,both
5516320510,313210,313210,True,True,True,both
5516320520,313210,313210,True,True,True,both
5516321000,313210,313210,True,True,True,both
5516330510,313210,313210,True,True,True,both
5516330520,313210,313210,True,True,True,both
5516331000,313210,313210,True,True,True,both
5516340510,313210,313210,True,True,True,both
5516340520,313210,313210,True,True,True,both
5516341000,313210,313210,True,True,True,both
5516410010,313210,313210,True,True,True,both
5516410022,313210,313210,True,True,True,both
5516410027,313210,313210,True,True,True,both
5516410030,313210,313210,True,True,True,both
5516410040,313210,313210,True,True,True,both
5516410050,313210,313210,True,True,True,both
5516410060,313210,313210,True,True,True,both
5516410070,313210,313210,True,True,True,both
5516410090,313210,313210,True,True,True,both
5516420010,313210,313210,True,True,True,both
5516420022,313210,313210,True,True,True,both
5516420027,313210,313210,True,True,True,both
5516420030,313210,313210,True,True,True,both
5516420040,313210,313210,True,True,True,both
5516420050,313210,313210,True,True,True,both
5516420060,313210,313210,True,True,True,both
5516420070,313210,313210,True,True,True,both
5516420090,313210,313210,True,True,True,both
5516430010,313210,313210,True,True,True,both
5516430015,313210,313210,True,True,True,both
5516430020,313210,313210,True,True,True,both
5516430035,313210,313210,True,True,True,both
5516430080,313210,313210,True,True,True,both
5516440010,313210,313210,True,True,True,both
5516440022,313210,313210,True,True,True,both
5516440027,313210,313210,True,True,True,both
5516440030,313210,313210,True,True,True,both
5516440040,313210,313210,True,True,True,both
5516440050,313210,313210,True,True,True,both
5516440060,313210,313210,True,True,True,both
5516440070,313210,313210,True,True,True,both
5516440090,313210,313210,True,True,True,both
5516910010,313210,313210,True,True,True,both
5516910020,313210,313210,True,True,True,both
5516910030,313210,313210,True,True,True,both
5516910040,313210,313210,True,True,True,both
5516910050,313210,313210,True,True,True,both
5516910060,313210,313210,True,True,True,both
5516910070,313210,313210,True,True,True,both
5516910090,313210,313210,True,True,True,both
5516920010,313210,313210,True,True,True,both
5516920020,313210,313210,True,True,True,both
5516920030,313210,313210,True,True,True,both
5516920040,313210,313210,True,True,True,both
5516920050,313210,313210,True,True,True,both
5516920060,313210,313210,True,True,True,both
5516920070,313210,313210,True,True,True,both
5516920090,313210,313210,True,True,True,both
5516930010,313210,313210,True,True,True,both
5516930020,313210,313210,True,True,True,both
5516930090,313210,313210,True,True,True,both
5516940010,313210,313210,True,True,True,both
5516940020,313210,313210,True,True,True,both
5516940030,313210,313210,True,True,True,both
5516940040,313210,313210,True,True,True,both
5516940050,313210,313210,True,True,True,both
5516940060,313210,313210,True,True,True,both
5516940070,313210,313210,True,True,True,both
5516940090,313210,313210,True,True,True,both
5601210010,314999,314999,True,True,True,both
5601210090,314999,314999,True,True,True,both
5601220010,314999,314999,True,True,True,both
5601220050,314999,314999,True,True,True,both
5601220091,314999,314999,True,True,True,both
5601290010,314999,314999,True,True,True,both
5601290020,314999,314999,True,True,True,both
5601290090,314999,314999,True,True,True,both
5601300000,314999,314999,True,True,True,both
5602101000,313230,313230,True,True,True,both
5602109010,313230,313230,True,True,True,both
5602109090,313230,313230,True,True,True,both
5602210000,313230,313230,True,True,True,both
5602290000,313230,313230,True,True,True,both
5602903000,313230,313230,True,True,True,both
5602906000,313230,313230,True,True,True,both
5602909000,313230,313230,True,True,True,both
5603110010,313230,313230,True,True,True,both
5603110070,313230,313230,True,True,True,both
5603110095,313230,313230,True,True,True,both
5603120010,313230,313230,True,True,True,both
5603120070,313230,313230,True,True,True,both
5603120095,313230,313230,True,True,True,both
5603130010,313230,313230,True,True,True,both
5603130070,313230,313230,True,True,True,both
5603130095,313230,313230,True,True,True,both
5603143000,313230,313230,True,True,True,both
5603149010,313230,313230,True,True,True,both
5603149090,313230,313230,True,True,True,both
5603910010,313230,313230,True,True,True,both
5603910090,313230,313230,True,True,True,both
5603920010,313230,313230,True,True,True,both
5603920070,313230,313230,True,True,True,both
5603920095,313230,313230,True,True,True,both
5603930010,313230,313230,True,True,True,both
5603930090,313230,313230,True,True,True,both
5603941010,313230,313230,True,True,True,both
5603941090,313230,313230,True,True,True,both
5603943000,313230,313230,True,True,True,both
5603949010,313230,313230,True,True,True,both
5603949030,313230,313230,True,True,True,both
5603949050,313230,313230,True,True,True,both
5603949070,313230,313230,True,True,True,both
5603949090,313230,313230,True,True,True,both
5604100000,313220,313220,True,True,True,both
5604902000,314994,314994,True,True,True,both
5604909000,313220,313220,True,True,True,both
5605001000,314999,314999,True,True,True,both
5605009000,314999,314999,True,True,True,both
5606000010,313110,313110,True,True,True,both
5606000090,313110,313110,True,True,True,both
5607210000,314994,314994,True,True,True,both
5607290000,314994,314994,True,True,True,both
5607411000,314994,314994,True,True,True,both
5607413000,314994,314994,True,True,True,both
5607491000,314994,314994,True,True,True,both
5607491500,314994,314994,True,True,True,both
5607492500,314994,314994,True,True,True,both
5607493000,314994,314994,True,True,True,both
5607502500,314994,314994,True,True,True,both
5607503500,314994,314994,True,True,True,both
5607504000,314994,314994,True,True,True,both
5607901000,314994,314994,True,True,True,both
5607901500,314994,314994,True,True,True,both
5607902500,314994,314994,True,True,True,both
5607903500,314994,314994,True,True,True,both
5607909000,314994,314994,True,True,True,both
5608110010,314994,314994,True,True,True,both
5608110090,314994,314994,True,True,True,both
5608191010,314994,314994,True,True,True,both
5608191020,314994,314994,True,True,True,both
5608192010,314994,314994,True,True,True,both
5608192090,314994,314994,True,True,True,both
5608901000,314994,314994,True,True,True,both
5608902300,314994,314994,True,True,True,both
5608902700,314994,314994,True,True,True,both
5608903000,314994,314994,True,True,True,both
5609001000,314994,314994,True,True,True,both
5609002000,314994,314994,True,True,True,both
5609003000,314994,314994,True,True,True,both
5609004000,314994,314994,True,True,True,both
5701101300,314110,314110,True,True,True,both
5701101600,314110,314110,True,True,True,both
5701104000,314110,314110,True,True,True,both
5701109000,314110,314110,True,True,True,both
5701901010,314110,314110,True,True,True,both
5701901020,314110,314110,True,True,True,both
5701901030,314110,314110,True,True,True,both
5701901090,314110,314110,True,True,True,both
5701902010,314110,314110,True,True,True,both
5701902020,314110,314110,True,True,True,both
5701902030,314110,314110,True,True,True,both
5701902090,314110,314110,True,True,True,both
5702101000,314110,314110,True,True,True,both
5702109010,314110,314110,True,True,True,both
5702109020,314110,314110,True,True,True,both
5702109030,314110,314110,True,True,True,both
5702109090,314110,314110,True,True,True,both
5702201000,314110,314110,True,True,True,both
5702202000,314110,314110,True,True,True,both
5702311000,314110,314110,True,True,True,both
5702312000,314110,314110,True,True,True,both
5702321000,314110,314110,True,True,True,both
5702322000,314110,314110,True,True,True,both
5702391000,314110,314110,True,True,True,both
5702392010,314110,314110,True,True,True,both
5702392090,314110,314110,True,True,True,both
5702411000,314110,314110,True,True,True,both
5702412000,314110,314110,True,True,True,both
5702421000,314110,314110,True,True,True,both
5702422020,314110,314110,True,True,True,both
5702422080,314110,314110,True,True,True,both
5702491020,314110,314110,True,True,True,both
5702491080,314110,314110,True,True,True,both
5702491500,314110,314110,True,True,True,both
5702492000,314110,314110,True,True,True,both
5702502000,314110,314110,True,True,True,both
5702504000,314110,314110,True,True,True,both
5702505200,314110,314110,True,True,True,both
5702505600,314110,314110,True,True,True,both
5702505900,314110,314110,True,True,True,both
5702912000,314110,314110,True,True,True,both
5702913000,314110,314110,True,True,True,both
5702914000,314110,314110,True,True,True,both
5702921000,314110,314110,True,True,True,both
5702929000,314110,314110,True,True,True,both
5702990500,314110,314110,True,True,True,both
5702991500,314110,314110,True,True,True,both
5702992000,314110,314110,True,True,True,both
5703102000,314110,314110,True,True,True,both
5703108000,314110,314110,True,True,True,both
5703210010,314110,314110,True,True,True,both
5703210090,314110,314110,True,True,True,both
5703291000,314110,314110,True,True,True,both
5703292010,314110,314110,True,True,True,both
5703292090,314110,314110,True,True,True,both
5703310030,314110,314110,True,True,True,both
5703310060,314110,314110,True,True,True,both
5703310085,314110,314110,True,True,True,both
5703391000,314110,314110,True,True,True,both
5703392030,314110,314110,True,True,True,both
5703392090,314110,314110,True,True,True,both
5703900000,314110,314110,True,True,True,both
5704100010,314110,314110,True,True,True,both
5704100090,314110,314110,True,True,True,both
5704200010,314110,314110,True,True,True,both
5704200090,314110,314110,True,True,True,both
5704900110,314110,314110,True,True,True,both
5704900190,314110,314110,True,True,True,both
5705001000,314110,314110,True,True,True,both
5705002005,314110,314110,True,True,True,both
5705002015,314110,314110,True,True,True,both
5705002020,314110,314110,True,True,True,both
5705002030,314110,314110,True,True,True,both
5705002090,314110,314110,True,True,True,both
5801100000,313210,313210,True,True,True,both
5801210000,313210,313210,True,True,True,both
5801221000,313210,313210,True,True,True,both
5801229000,313210,313210,True,True,True,both
5801230000,313210,313210,True,True,True,both
5801260010,313210,313210,True,True,True,both
5801260020,313210,313210,True,True,True,both
5801271000,313210,313210,True,True,True,both
5801275010,313210,313210,True,True,True,both
5801275020,313210,313210,True,True,True,both
5801310000,313210,313210,True,True,True,both
5801320000,313210,313210,True,True,True,both
5801330000,313210,313210,True,True,True,both
5801360010,313210,313210,True,True,True,both
5801360020,313210,313210,True,True,True,both
5801371000,313210,313210,True,True,True,both
5801375010,313210,313210,True,True,True,both
5801375020,313210,313210,True,True,True,both
5801901000,313210,313210,True,True,True,both
5801902010,313210,313210,True,True,True,both
5801902090,313210,313210,True,True,True,both
5802101000,313210,313210,True,True,True,both
5802109000,313210,313210,True,True,True,both
5802200010,313210,313210,True,True,True,both
5802200020,313210,313210,True,True,True,both
5802200090,313210,313210,True,True,True,both
5802300010,313210,313210,True,True,True,both
5802300020,313210,313210,True,True,True,both
5802300030,313210,313210,True,True,True,both
5802300090,313210,313210,True,True,True,both
5803001000,313210,313210,True,True,True,both
5803002000,313210,313210,True,True,True,both
5803003000,313210,313210,True,True,True,both
5803004000,314999,314999,True,True,True,both
5803005000,313210,313210,True,True,True,both
5803009010,313210,313210,True,True,True,both
5803009090,313210,313210,True,True,True,both
5804101000,313240,313240,True,True,True,both
5804109010,313240,313240,True,True,True,both
5804109090,313240,313240,True,True,True,both
5804210000,313240,313240,True,True,True,both
5804291000,313240,313240,True,True,True,both
5804299010,313240,313240,True,True,True,both
5804299090,313240,313240,True,True,True,both
5804300010,313240,313240,True,True,True,both
5804300020,313240,313240,True,True,True,both
5804300090,313240,313240,True,True,True,both
5805001000,990000,990000,True,True,True,both
5805002000,990000,990000,True,True,True,both
5805002500,990000,990000,True,True,True,both
5805003000,990000,990000,True,True,True,both
5805004010,990000,990000,True,True,True,both
5805004090,990000,990000,True,True,True,both
5806101000,313220,313220,True,True,True,both
5806102400,313220,313220,True,True,True,both
5806102800,313220,313220,True,True,True,both
5806103010,313220,313220,True,True,True,both
5806103020,313220,313220,True,True,True,both
5806103090,313220,313220,True,True,True,both
5806200010,313220,313220,True,True,True,both
5806200090,313220,313220,True,True,True,both
5806310000,313220,313220,True,True,True,both
5806321010,313220,313220,True,True,True,both
5806321020,313220,313220,True,True,True,both
5806321030,313220,313220,True,True,True,both
5806321040,313220,313220,True,True,True,both
5806321050,313220,313220,True,True,True,both
5806321060,313220,313220,True,True,True,both
5806321070,313220,313220,True,True,True,both
5806321080,313220,313220,True,True,True,both
5806321095,313220,313220,True,True,True,both
5806322000,313220,313220,True,True,True,both
5806391000,313220,313220,True,True,True,both
5806392000,313220,313220,True,True,True,both
5806393010,313220,313220,True,True,True,both
5806393020,313220,313220,True,True,True,both
5806393080,313220,313220,True,True,True,both
5806400000,313220,313220,True,True,True,both
5807100510,313220,313220,True,True,True,both
5807100520,313220,313220,True,True,True,both
5807101500,313220,313220,True,True,True,both
5807102010,314999,314999,True,True,True,both
5807102020,314999,314999,True,True,True,both
5807102090,314999,314999,True,True,True,both
5807900510,314999,314999,True,True,True,both
5807900520,314999,314999,True,True,True,both
5807901500,314999,314999,True,True,True,both
5807902010,314999,314999,True,True,True,both
5807902020,314999,314999,True,True,True,both
5807902090,314999,314999,True,True,True,both
5808101000,315990,315990,True,True,True,both
5808104000,315990,315990,True,True,True,both
5808105000,315990,315990,True,True,True,both
5808107000,315990,315990,True,True,True,both
5808109000,315990,315990,True,True,True,both
5808900010,315990,315990,True,True,True,both
5808900090,315990,315990,True,True,True,both
5809000000,314999,314999,True,True,True,both
5810100000,314999,314999,True,True,True,both
5810910010,314999,314999,True,True,True,both
5810910020,314999,314999,True,True,True,both
5810921000,314999,314999,True,True,True,both
5810929030,314999,314999,True,True,True,both
5810929050,314999,314999,True,True,True,both
5810929080,314999,314999,True,True,True,both
5810991000,314999,314999,True,True,True,both
5810999000,314999,314999,True,True,True,both
5811001000,314999,314999,True,True,True,both
5811002000,314999,314999,True,True,True,both
5811003000,314999,314999,True,True,True,both
5811004000,314999,314999,True,True,True,both
5901101000,3133XX,313320,False,True,True,both
5901102000,3133XX,313320,False,True,True,both
5901902000,3133XX,313320,False,True,True,both
5901904000,3133XX,313320,False,True,True,both
5902100000,314994,314994,True,True,True,both
5902200000,314994,314994,True,True,True,both
5902900000,314994,314994,True,True,True,both
5903101000,3133XX,313320,False,True,True,both
5903101500,3133XX,313320,False,True,True,both
5903101800,3133XX,313320,False,True,True,both
5903102010,3133XX,313320,False,True,True,both
5903102090,3133XX,313320,False,True,True,both
5903102500,3133XX,313320,False,True,True,both
5903103000,3133XX,313320,False,True,True,both
5903201000,3133XX,313320,False,True,True,both
5903201500,3133XX,313320,False,True,True,both
5903201800,3133XX,313320,False,True,True,both
5903202000,3133XX,313320,False,True,True,both
5903202500,3133XX,313320,False,True,True,both
5903203010,3133XX,313320,False,True,True,both
5903203090,3133XX,313320,False,True,True,both
5903901000,3133XX,313320,False,True,True,both
5903901500,3133XX,313320,False,True,True,both
5903901800,3133XX,313320,False,True,True,both
5903902000,3133XX,313320,False,True,True,both
5903902500,3133XX,313320,False,True,True,both
5903903010,3133XX,313320,False,True,True,both
5903903090,3133XX,313320,False,True,True,both
5904100000,3261XX,326199,False,True,True,both
5904901000,3261XX,326199,False,True,True,both
5904909000,3261XX,326199,False,True,True,both
5905001000,322220,322220,True,True,True,both
5905009000,322220,322220,True,True,True,both
5906100000,3133XX,313320,False,True,True,both
5906911000,3133XX,313320,False,True,True,both
5906912000,3133XX,313320,False,True,True,both
5906912500,3133XX,313320,False,True,True,both
5906913000,3133XX,313320,False,True,True,both
5906991000,3133XX,313320,False,True,True,both
5906992000,3133XX,313320,False,True,True,both
5906992500,3133XX,313320,False,True,True,both
5906993000,3133XX,313320,False,True,True,both
5907000500,339999,339999,True,True,True,both
5907001500,3133XX,313320,False,True,True,both
5907002500,339999,339999,True,True,True,both
5907003500,3133XX,313320,False,True,True,both
5907006000,3133XX,313320,False,True,True,both
5907008010,3133XX,313320,False,True,True,both
5907008090,3133XX,313320,False,True,True,both
5908000000,313220,313220,True,True,True,both
5909001000,313220,313220,True,True,True,both
5909002000,313220,313220,True,True,True,both
5910001010,313220,313220,True,True,True,both
5910001020,313220,313220,True,True,True,both
5910001030,313220,313220,True,True,True,both
5910001060,313220,313220,True,True,True,both
5910001070,313220,313220,True,True,True,both
5910001090,313220,313220,True,True,True,both
5910009000,313220,313220,True,True,True,both
5911101000,3133XX,313320,False,True,True,both
5911102000,3133XX,313320,False,True,True,both
5911201000,313210,313210,True,True,True,both
5911202000,313210,313210,True,True,True,both
5911203000,313210,313210,True,True,True,both
5911310010,313210,313210,True,True,True,both
5911310020,313210,313210,True,True,True,both
5911310030,313210,313210,True,True,True,both
5911310080,313210,313210,True,True,True,both
5911320010,313210,313210,True,True,True,both
5911320020,313210,313210,True,True,True,both
5911320030,313210,313210,True,True,True,both
5911320080,313210,313210,True,True,True,both
5911400100,313210,313210,True,True,True,both
5911900040,313220,313220,True,True,True,both
5911900080,313220,313220,True,True,True,both
6001102000,313240,313240,True,True,True,both
6001106000,313240,313240,True,True,True,both
6001210000,313240,313240,True,True,True,both
6001220000,313240,313240,True,True,True,both
6001290000,313240,313240,True,True,True,both
6001910010,313240,313240,True,True,True,both
6001910020,313240,313240,True,True,True,both
6001920010,313240,313240,True,True,True,both
6001920020,313240,313240,True,True,True,both
6001920030,313240,313240,True,True,True,both
6001920040,313240,313240,True,True,True,both
6001991000,313240,313240,True,True,True,both
6001999000,313240,313240,True,True,True,both
6002404000,313240,313240,True,True,True,both
6002408020,313240,313240,True,True,True,both
6002408080,313240,313240,True,True,True,both
6002904000,313240,313240,True,True,True,both
6002908020,313240,313240,True,True,True,both
6002908080,313240,313240,True,True,True,both
6003101000,313240,313240,True,True,True,both
6003109000,313240,313240,True,True,True,both
6003201000,313240,313240,True,True,True,both
6003203000,313240,313240,True,True,True,both
6003301000,313240,313240,True,True,True,both
6003306000,313240,313240,True,True,True,both
6003401000,313240,313240,True,True,True,both
6003406000,313240,313240,True,True,True,both
6003901000,313240,313240,True,True,True,both
6003909000,313240,313240,True,True,True,both
6004100010,313240,313240,True,True,True,both
6004100025,313240,313240,True,True,True,both
6004100085,313240,313240,True,True,True,both
6004902010,313240,313240,True,True,True,both
6004902025,313240,313240,True,True,True,both
6004902085,313240,313240,True,True,True,both
6004909000,313240,313240,True,True,True,both
6005210000,313240,313240,True,True,True,both
6005220000,313240,313240,True,True,True,both
6005230000,313240,313240,True,True,True,both
6005240000,313240,313240,True,True,True,both
6005350000,313240,313240,True,True,True,both
6005360010,313240,313240,True,True,True,both
6005360020,313240,313240,True,True,True,both
6005360080,313240,313240,True,True,True,both
6005370010,313240,313240,True,True,True,both
6005370020,313240,313240,True,True,True,both
6005370080,313240,313240,True,True,True,both
6005380010,313240,313240,True,True,True,both
6005380020,313240,313240,True,True,True,both
6005380080,313240,313240,True,True,True,both
6005390010,313240,313240,True,True,True,both
6005390020,313240,313240,True,True,True,both
6005390080,313240,313240,True,True,True,both
6005410010,313240,313240,True,True,True,both
6005410020,313240,313240,True,True,True,both
6005410080,313240,313240,True,True,True,both
6005420010,313240,313240,True,True,True,both
6005420020,313240,313240,True,True,True,both
6005420080,313240,313240,True,True,True,both
6005430010,313240,313240,True,True,True,both
6005430020,313240,313240,True,True,True,both
6005430080,313240,313240,True,True,True,both
6005440010,313240,313240,True,True,True,both
6005440020,313240,313240,True,True,True,both
6005440080,313240,313240,True,True,True,both
6005901000,313240,313240,True,True,True,both
6005909000,313240,313240,True,True,True,both
6006100000,313240,313240,True,True,True,both
6006211000,313240,313240,True,True,True,both
6006219020,313240,313240,True,True,True,both
6006219080,313240,313240,True,True,True,both
6006221000,313240,313240,True,True,True,both
6006229020,313240,313240,True,True,True,both
6006229080,313240,313240,True,True,True,both
6006231000,313240,313240,True,True,True,both
6006239020,313240,313240,True,True,True,both
6006239080,313240,313240,True,True,True,both
6006241000,313240,313240,True,True,True,both
6006249020,313240,313240,True,True,True,both
6006249080,313240,313240,True,True,True,both
6006310020,313240,313240,True,True,True,both
6006310040,313240,313240,True,True,True,both
6006310060,313240,313240,True,True,True,both
6006310080,313240,313240,True,True,True,both
6006320020,313240,313240,True,True,True,both
6006320040,313240,313240,True,True,True,both
6006320060,313240,313240,True,True,True,both
6006320080,313240,313240,True,True,True,both
6006330020,313240,313240,True,True,True,both
6006330040,313240,313240,True,True,True,both
6006330060,313240,313240,True,True,True,both
6006330080,313240,313240,True,True,True,both
6006340020,313240,313240,True,True,True,both
6006340040,313240,313240,True,True,True,both
6006340060,313240,313240,True,True,True,both
6006340080,313240,313240,True,True,True,both
6006410025,313240,313240,True,True,True,both
6006410085,313240,313240,True,True,True,both
6006420025,313240,313240,True,True,True,both
6006420085,313240,313240,True,True,True,both
6006430025,313240,313240,True,True,True,both
6006430085,313240,313240,True,True,True,both
6006440025,313240,313240,True,True,True,both
6006440085,313240,313240,True,True,True,both
6006901000,313240,313240,True,True,True,both
6006909000,313240,313240,True,True,True,both
6101200010,3152XX,315250,False,True,True,both
6101200020,3152XX,315250,False,True,True,both
6101301000,3152XX,315250,False,True,True,both
6101301500,3152XX,315250,False,True,True,both
6101302010,3152XX,315250,False,True,True,both
6101302020,3152XX,315250,False,True,True,both
6101900500,3152XX,315250,False,True,True,both
6101901000,3152XX,315250,False,True,True,both
6101909010,3152XX,315250,False,True,True,both
6101909020,3152XX,315250,False,True,True,both
6101909030,3152XX,315250,False,True,True,both
6101909060,3152XX,315250,False,True,True,both
6102100000,3152XX,315250,False,True,True,both
6102200010,3152XX,315250,False,True,True,both
6102200020,3152XX,315250,False,True,True,both
6102300500,3152XX,315250,False,True,True,both
6102301000,3152XX,315250,False,True,True,both
6102302010,3152XX,315250,False,True,True,both
6102302020,3152XX,315250,False,True,True,both
6102901000,3152XX,315250,False,True,True,both
6102909005,3152XX,315250,False,True,True,both
6102909010,3152XX,315250,False,True,True,both
6102909015,3152XX,315250,False,True,True,both
6102909030,3152XX,315250,False,True,True,both
6103101000,3152XX,315250,False,True,True,both
6103102000,3152XX,315250,False,True,True,both
6103103000,3152XX,315250,False,True,True,both
6103104000,3152XX,315250,False,True,True,both
6103105000,3152XX,315250,False,True,True,both
6103106010,3152XX,315250,False,True,True,both
6103106015,3152XX,315250,False,True,True,both
6103106030,3152XX,315250,False,True,True,both
6103107000,3152XX,315250,False,True,True,both
6103109010,3152XX,315250,False,True,True,both
6103109020,3152XX,315250,False,True,True,both
6103109030,3152XX,315250,False,True,True,both
6103109040,3152XX,315250,False,True,True,both
6103109050,3152XX,315250,False,True,True,both
6103109080,3152XX,315250,False,True,True,both
6103220010,3152XX,315250,False,True,True,both
6103220020,3152XX,315250,False,True,True,both
6103220030,3152XX,315250,False,True,True,both
6103220040,3152XX,315250,False,True,True,both
6103220050,3152XX,315250,False,True,True,both
6103220070,3152XX,315250,False,True,True,both
6103220080,3152XX,315250,False,True,True,both
6103230005,3152XX,315250,False,True,True,both
6103230007,3152XX,315250,False,True,True,both
6103230010,3152XX,315250,False,True,True,both
6103230025,3152XX,315250,False,True,True,both
6103230030,3152XX,315250,False,True,True,both
6103230035,3152XX,315250,False,True,True,both
6103230036,3152XX,315250,False,True,True,both
6103230037,3152XX,315250,False,True,True,both
6103230040,3152XX,315250,False,True,True,both
6103230045,3152XX,315250,False,True,True,both
6103230055,3152XX,315250,False,True,True,both
6103230070,3152XX,315250,False,True,True,both
6103230075,3152XX,315250,False,True,True,both
6103230080,3152XX,315250,False,True,True,both
6103290510,3152XX,315250,False,True,True,both
6103290520,3152XX,315250,False,True,True,both
6103290530,3152XX,315250,False,True,True,both
6103290550,3152XX,315250,False,True,True,both
6103290560,3152XX,315250,False,True,True,both
6103290570,3152XX,315250,False,True,True,both
6103291010,3152XX,315250,False,True,True,both
6103291015,3152XX,315250,False,True,True,both
6103291020,3152XX,315250,False,True,True,both
6103291030,3152XX,315250,False,True,True,both
6103291040,3152XX,315250,False,True,True,both
6103291050,3152XX,315250,False,True,True,both
6103291060,3152XX,315250,False,True,True,both
6103292028,3152XX,315250,False,True,True,both
6103292030,3152XX,315250,False,True,True,both
6103292034,3152XX,315250,False,True,True,both
6103292036,3152XX,315250,False,True,True,both
6103292040,3152XX,315250,False,True,True,both
6103292044,3152XX,315250,False,True,True,both
6103292048,3152XX,315250,False,True,True,both
6103292052,3152XX,315250,False,True,True,both
6103292054,3152XX,315250,False,True,True,both
6103292058,3152XX,315250,False,True,True,both
6103292060,3152XX,315250,False,True,True,both
6103292062,3152XX,315250,False,True,True,both
6103292064,3152XX,315250,False,True,True,both
6103292066,3152XX,315250,False,True,True,both
6103292068,3152XX,315250,False,True,True,both
6103292070,3152XX,315250,False,True,True,both
6103292074,3152XX,315250,False,True,True,both
6103292080,3152XX,315250,False,True,True,both
6103292082,3152XX,315250,False,True,True,both
6103310000,3152XX,315250,False,True,True,both
6103320000,3152XX,315250,False,True,True,both
6103331000,3152XX,315250,False,True,True,both
6103332000,3152XX,315250,False,True,True,both
6103391000,3152XX,315250,False,True,True,both
6103394000,3152XX,315250,False,True,True,both
6103398010,3152XX,315250,False,True,True,both
6103398020,3152XX,315250,False,True,True,both
6103398030,3152XX,315250,False,True,True,both
6103398060,3152XX,315250,False,True,True,both
6103411010,3152XX,315250,False,True,True,both
6103411020,3152XX,315250,False,True,True,both
6103412000,3152XX,315250,False,True,True,both
6103421020,3152XX,315250,False,True,True,both
6103421035,3152XX,315250,False,True,True,both
6103421040,3152XX,315250,False,True,True,both
6103421050,3152XX,315250,False,True,True,both
6103421065,3152XX,315250,False,True,True,both
6103421070,3152XX,315250,False,True,True,both
6103422010,3152XX,315250,False,True,True,both
6103422015,3152XX,315250,False,True,True,both
6103422025,3152XX,315250,False,True,True,both
6103431010,3152XX,315250,False,True,True,both
6103431020,3152XX,315250,False,True,True,both
6103431520,3152XX,315250,False,True,True,both
6103431535,3152XX,315250,False,True,True,both
6103431540,3152XX,315250,False,True,True,both
6103431550,3152XX,315250,False,True,True,both
6103431565,3152XX,315250,False,True,True,both
6103431570,3152XX,315250,False,True,True,both
6103432010,3152XX,315250,False,True,True,both
6103432015,3152XX,315250,False,True,True,both
6103432020,3152XX,315250,False,True,True,both
6103432025,3152XX,315250,False,True,True,both
6103491010,3152XX,315250,False,True,True,both
6103491020,3152XX,315250,False,True,True,both
6103491060,3152XX,315250,False,True,True,both
6103492000,3152XX,315250,False,True,True,both
6103494010,3152XX,315250,False,True,True,both
6103494020,3152XX,315250,False,True,True,both
6103498010,3152XX,315250,False,True,True,both
6103498012,3152XX,315250,False,True,True,both
6103498014,3152XX,315250,False,True,True,both
6103498024,3152XX,315250,False,True,True,both
6103498026,3152XX,315250,False,True,True,both
6103498034,3152XX,315250,False,True,True,both
6103498036,3152XX,315250,False,True,True,both
6103498038,3152XX,315250,False,True,True,both
6103498060,3152XX,315250,False,True,True,both
6104131000,3152XX,315250,False,True,True,both
6104132000,3152XX,315250,False,True,True,both
6104191000,3152XX,315250,False,True,True,both
6104191500,3152XX,315250,False,True,True,both
6104194000,3152XX,315250,False,True,True,both
6104195000,3152XX,315250,False,True,True,both
6104196010,3152XX,315250,False,True,True,both
6104196020,3152XX,315250,False,True,True,both
6104196030,3152XX,315250,False,True,True,both
6104196040,3152XX,315250,False,True,True,both
6104198010,3152XX,315250,False,True,True,both
6104198020,3152XX,315250,False,True,True,both
6104198030,3152XX,315250,False,True,True,both
6104198040,3152XX,315250,False,True,True,both
6104198050,3152XX,315250,False,True,True,both
6104198060,3152XX,315250,False,True,True,both
6104198090,3152XX,315250,False,True,True,both
6104220010,3152XX,315250,False,True,True,both
6104220030,3152XX,315250,False,True,True,both
6104220040,3152XX,315250,False,True,True,both
6104220050,3152XX,315250,False,True,True,both
6104220060,3152XX,315250,False,True,True,both
6104220080,3152XX,315250,False,True,True,both
6104220090,3152XX,315250,False,True,True,both
6104230010,3152XX,315250,False,True,True,both
6104230014,3152XX,315250,False,True,True,both
6104230016,3152XX,315250,False,True,True,both
6104230020,3152XX,315250,False,True,True,both
6104230022,3152XX,315250,False,True,True,both
6104230024,3152XX,315250,False,True,True,both
6104230026,3152XX,315250,False,True,True,both
6104230030,3152XX,315250,False,True,True,both
6104230032,3152XX,315250,False,True,True,both
6104230034,3152XX,315250,False,True,True,both
6104230036,3152XX,315250,False,True,True,both
6104230040,3152XX,315250,False,True,True,both
6104230042,3152XX,315250,False,True,True,both
6104290510,3152XX,315250,False,True,True,both
6104290530,3152XX,315250,False,True,True,both
6104290540,3152XX,315250,False,True,True,both
6104290560,3152XX,315250,False,True,True,both
6104290570,3152XX,315250,False,True,True,both
6104290580,3152XX,315250,False,True,True,both
6104291010,3152XX,315250,False,True,True,both
6104291020,3152XX,315250,False,True,True,both
6104291030,3152XX,315250,False,True,True,both
6104291040,3152XX,315250,False,True,True,both
6104291050,3152XX,315250,False,True,True,both
6104291060,3152XX,315250,False,True,True,both
6104291070,3152XX,315250,False,True,True,both
6104292010,3152XX,315250,False,True,True,both
6104292012,3152XX,315250,False,True,True,both
6104292014,3152XX,315250,False,True,True,both
6104292016,3152XX,315250,False,True,True,both
6104292018,3152XX,315250,False,True,True,both
6104292020,3152XX,315250,False,True,True,both
6104292022,3152XX,315250,False,True,True,both
6104292024,3152XX,315250,False,True,True,both
6104292026,3152XX,315250,False,True,True,both
6104292028,3152XX,315250,False,True,True,both
6104292030,3152XX,315250,False,True,True,both
6104292032,3152XX,315250,False,True,True,both
6104292034,3152XX,315250,False,True,True,both
6104292036,3152XX,315250,False,True,True,both
6104292038,3152XX,315250,False,True,True,both
6104292040,3152XX,315250,False,True,True,both
6104292041,3152XX,315250,False,True,True,both
6104292043,3152XX,315250,False,True,True,both
6104292045,3152XX,315250,False,True,True,both
6104292047,3152XX,315250,False,True,True,both
6104292049,3152XX,315250,False,True,True,both
6104292051,3152XX,315250,False,True,True,both
6104292055,3152XX,315250,False,True,True,both
6104292057,3152XX,315250,False,True,True,both
6104292061,3152XX,315250,False,True,True,both
6104292063,3152XX,315250,False,True,True,both
6104292065,3152XX,315250,False,True,True,both
6104292067,3152XX,315250,False,True,True,both
6104292069,3152XX,315250,False,True,True,both
6104292071,3152XX,315250,False,True,True,both
6104292073,3152XX,315250,False,True,True,both
6104292075,3152XX,315250,False,True,True,both
6104292077,3152XX,315250,False,True,True,both
6104292079,3152XX,315250,False,True,True,both
6104292081,3152XX,315250,False,True,True,both
6104292083,3152XX,315250,False,True,True,both
6104292085,3152XX,315250,False,True,True,both
6104292086,3152XX,315250,False,True,True,both
6104292087,3152XX,315250,False,True,True,both
6104292090,3152XX,315250,False,True,True,both
6104310000,3152XX,315250,False,True,True,both
6104320000,3152XX,315250,False,True,True,both
6104331000,3152XX,315250,False,True,True,both
6104332000,3152XX,315250,False,True,True,both
6104391000,3152XX,315250,False,True,True,both
6104392010,3152XX,315250,False,True,True,both
6104392020,3152XX,315250,False,True,True,both
6104392030,3152XX,315250,False,True,True,both
6104392040,3152XX,315250,False,True,True,both
6104392050,3152XX,315250,False,True,True,both
6104392090,3152XX,315250,False,True,True,both
6104410010,3152XX,315250,False,True,True,both
6104410020,3152XX,315250,False,True,True,both
6104420010,3152XX,315250,False,True,True,both
6104420020,3152XX,315250,False,True,True,both
6104431010,3152XX,315250,False,True,True,both
6104431020,3152XX,315250,False,True,True,both
6104432010,3152XX,315250,False,True,True,both
6104432020,3152XX,315250,False,True,True,both
6104441000,3152XX,315250,False,True,True,both
6104442010,3152XX,315250,False,True,True,both
6104442020,3152XX,315250,False,True,True,both
6104491000,3152XX,315250,False,True,True,both
6104499010,3152XX,315250,False,True,True,both
6104499020,3152XX,315250,False,True,True,both
6104499030,3152XX,315250,False,True,True,both
6104499060,3152XX,315250,False,True,True,both
6104510000,3152XX,315250,False,True,True,both
6104520010,3152XX,315250,False,True,True,both
6104520020,3152XX,315250,False,True,True,both
6104531000,3152XX,315250,False,True,True,both
6104532010,3152XX,315250,False,True,True,both
6104532020,3152XX,315250,False,True,True,both
6104591005,3152XX,315250,False,True,True,both
6104591030,3152XX,315250,False,True,True,both
6104591060,3152XX,315250,False,True,True,both
6104594000,3152XX,315250,False,True,True,both
6104598010,3152XX,315250,False,True,True,both
6104598020,3152XX,315250,False,True,True,both
6104598030,3152XX,315250,False,True,True,both
6104598090,3152XX,315250,False,True,True,both
6104610010,3152XX,315250,False,True,True,both
6104610020,3152XX,315250,False,True,True,both
6104610030,3152XX,315250,False,True,True,both
6104621010,3152XX,315250,False,True,True,both
6104621020,3152XX,315250,False,True,True,both
6104621030,3152XX,315250,False,True,True,both
6104622006,3152XX,315250,False,True,True,both
6104622011,3152XX,315250,False,True,True,both
6104622016,3152XX,315250,False,True,True,both
6104622021,3152XX,315250,False,True,True,both
6104622026,3152XX,315250,False,True,True,both
6104622028,3152XX,315250,False,True,True,both
6104622030,3152XX,315250,False,True,True,both
6104622050,3152XX,315250,False,True,True,both
6104622060,3152XX,315250,False,True,True,both
6104631010,3152XX,315250,False,True,True,both
6104631020,3152XX,315250,False,True,True,both
6104631030,3152XX,315250,False,True,True,both
6104631510,3152XX,315250,False,True,True,both
6104631520,3152XX,315250,False,True,True,both
6104632006,3152XX,315250,False,True,True,both
6104632011,3152XX,315250,False,True,True,both
6104632016,3152XX,315250,False,True,True,both
6104632021,3152XX,315250,False,True,True,both
6104632026,3152XX,315250,False,True,True,both
6104632028,3152XX,315250,False,True,True,both
6104632030,3152XX,315250,False,True,True,both
6104632050,3152XX,315250,False,True,True,both
6104632060,3152XX,315250,False,True,True,both
6104691000,3152XX,315250,False,True,True,both
6104692005,3152XX,315250,False,True,True,both
6104692030,3152XX,315250,False,True,True,both
6104692060,3152XX,315250,False,True,True,both
6104694010,3152XX,315250,False,True,True,both
6104694020,3152XX,315250,False,True,True,both
6104698010,3152XX,315250,False,True,True,both
6104698012,3152XX,315250,False,True,True,both
6104698014,3152XX,315250,False,True,True,both
6104698020,3152XX,315250,False,True,True,both
6104698022,3152XX,315250,False,True,True,both
6104698024,3152XX,315250,False,True,True,both
6104698026,3152XX,315250,False,True,True,both
6104698038,3152XX,315250,False,True,True,both
6104698040,3152XX,315250,False,True,True,both
6105100010,3152XX,315250,False,True,True,both
6105100020,3152XX,315250,False,True,True,both
6105100030,3152XX,315250,False,True,True,both
6105201000,3152XX,315250,False,True,True,both
6105202010,3152XX,315250,False,True,True,both
6105202020,3152XX,315250,False,True,True,both
6105202030,3152XX,315250,False,True,True,both
6105901000,3152XX,315250,False,True,True,both
6105904000,3152XX,315250,False,True,True,both
6105908010,3152XX,315250,False,True,True,both
6105908020,3152XX,315250,False,True,True,both
6105908030,3152XX,315250,False,True,True,both
6105908060,3152XX,315250,False,True,True,both
6106100010,3152XX,315250,False,True,True,both
6106100020,3152XX,315250,False,True,True,both
6106100030,3152XX,315250,False,True,True,both
6106201010,3152XX,315250,False,True,True,both
6106201020,3152XX,315250,False,True,True,both
6106202010,3152XX,315250,False,True,True,both
6106202020,3152XX,315250,False,True,True,both
6106202030,3152XX,315250,False,True,True,both
6106901010,3152XX,315250,False,True,True,both
6106901020,3152XX,315250,False,True,True,both
6106901500,3152XX,315250,False,True,True,both
6106902510,3152XX,315250,False,True,True,both
6106902520,3152XX,315250,False,True,True,both
6106902530,3152XX,315250,False,True,True,both
6106902550,3152XX,315250,False,True,True,both
6106903010,3152XX,315250,False,True,True,both
6106903020,3152XX,315250,False,True,True,both
6106903030,3152XX,315250,False,True,True,both
6106903040,3152XX,315250,False,True,True,both
6107110010,3152XX,315250,False,True,True,both
6107110020,3152XX,315250,False,True,True,both
6107120010,3152XX,315250,False,True,True,both
6107120020,3152XX,315250,False,True,True,both
6107191000,3152XX,315250,False,True,True,both
6107199000,3152XX,315250,False,True,True,both
6107210010,3152XX,315250,False,True,True,both
6107210020,3152XX,315250,False,True,True,both
6107220010,3152XX,315250,False,True,True,both
6107220015,3152XX,315250,False,True,True,both
6107220025,3152XX,315250,False,True,True,both
6107292000,3152XX,315250,False,True,True,both
6107295000,3152XX,315250,False,True,True,both
6107299000,3152XX,315250,False,True,True,both
6107910030,3152XX,315250,False,True,True,both
6107910040,3152XX,315250,False,True,True,both
6107910090,3152XX,315250,False,True,True,both
6107991030,3152XX,315250,False,True,True,both
6107991040,3152XX,315250,False,True,True,both
6107991090,3152XX,315250,False,True,True,both
6107992000,3152XX,315250,False,True,True,both
6107995013,3152XX,315250,False,True,True,both
6107995015,3152XX,315250,False,True,True,both
6107999000,3152XX,315250,False,True,True,both
6108110010,3152XX,315250,False,True,True,both
6108110020,3152XX,315250,False,True,True,both
6108191000,3152XX,315250,False,True,True,both
6108199010,3152XX,315250,False,True,True,both
6108199030,3152XX,315250,False,True,True,both
6108210010,3152XX,315250,False,True,True,both
6108210020,3152XX,315250,False,True,True,both
6108221000,3152XX,315250,False,True,True,both
6108229020,3152XX,315250,False,True,True,both
6108229030,3152XX,315250,False,True,True,both
6108291000,3152XX,315250,False,True,True,both
6108299000,3152XX,315250,False,True,True,both
6108310010,3152XX,315250,False,True,True,both
6108310020,3152XX,315250,False,True,True,both
6108320010,3152XX,315250,False,True,True,both
6108320015,3152XX,315250,False,True,True,both
6108320025,3152XX,315250,False,True,True,both
6108391000,3152XX,315250,False,True,True,both
6108394000,3152XX,315250,False,True,True,both
6108398000,3152XX,315250,False,True,True,both
6108910005,3152XX,315250,False,True,True,both
6108910015,3152XX,315250,False,True,True,both
6108910025,3152XX,315250,False,True,True,both
6108910030,3152XX,315250,False,True,True,both
6108910040,3152XX,315250,False,True,True,both
6108920005,3152XX,315250,False,True,True,both
6108920015,3152XX,315250,False,True,True,both
6108920025,3152XX,315250,False,True,True,both
6108920030,3152XX,315250,False,True,True,both
6108920040,3152XX,315250,False,True,True,both
6108992000,3152XX,315250,False,True,True,both
6108995013,3152XX,315250,False,True,True,both
6108995015,3152XX,315250,False,True,True,both
6108999000,3152XX,315250,False,True,True,both
6109100004,3152XX,315250,False,True,True,both
6109100007,3152XX,315250,False,True,True,both
6109100011,3152XX,315250,False,True,True,both
6109100012,3152XX,315250,False,True,True,both
6109100014,3152XX,315250,False,True,True,both
6109100018,3152XX,315250,False,True,True,both
6109100023,3152XX,315250,False,True,True,both
6109100027,3152XX,315250,False,True,True,both
6109100037,3152XX,315250,False,True,True,both
6109100040,3152XX,315250,False,True,True,both
6109100045,3152XX,315250,False,True,True,both
6109100060,3152XX,315250,False,True,True,both
6109100065,3152XX,315250,False,True,True,both
6109100070,3152XX,315250,False,True,True,both
6109901007,3152XX,315250,False,True,True,both
6109901009,3152XX,315250,False,True,True,both
6109901013,3152XX,315250,False,True,True,both
6109901025,3152XX,315250,False,True,True,both
6109901047,3152XX,315250,False,True,True,both
6109901049,3152XX,315250,False,True,True,both
6109901050,3152XX,315250,False,True,True,both
6109901060,3152XX,315250,False,True,True,both
6109901065,3152XX,315250,False,True,True,both
6109901070,3152XX,315250,False,True,True,both
6109901075,3152XX,315250,False,True,True,both
6109901090,3152XX,315250,False,True,True,both
6109901510,3152XX,315250,False,True,True,both
6109901520,3152XX,315250,False,True,True,both
6109901530,3152XX,315250,False,True,True,both
6109901540,3152XX,315250,False,True,True,both
6109904010,3152XX,315250,False,True,True,both
6109904020,3152XX,315250,False,True,True,both
6109908010,3152XX,315250,False,True,True,both
6109908020,3152XX,315250,False,True,True,both
6109908030,3152XX,315250,False,True,True,both
6110110015,3152XX,315250,False,True,True,both
6110110025,3152XX,315250,False,True,True,both
6110110030,3152XX,315250,False,True,True,both
6110110040,3152XX,315250,False,True,True,both
6110110050,3152XX,315250,False,True,True,both
6110110060,3152XX,315250,False,True,True,both
6110110070,3152XX,315250,False,True,True,both
6110110080,3152XX,315250,False,True,True,both
6110121010,3152XX,315250,False,True,True,both
6110121020,3152XX,315250,False,True,True,both
6110121030,3152XX,315250,False,True,True,both
6110121040,3152XX,315250,False,True,True,both
6110121050,3152XX,315250,False,True,True,both
6110121060,3152XX,315250,False,True,True,both
6110122010,3152XX,315250,False,True,True,both
6110122020,3152XX,315250,False,True,True,both
6110122030,3152XX,315250,False,True,True,both
6110122040,3152XX,315250,False,True,True,both
6110122050,3152XX,315250,False,True,True,both
6110122060,3152XX,315250,False,True,True,both
6110122070,3152XX,315250,False,True,True,both
6110122080,3152XX,315250,False,True,True,both
6110190015,3152XX,315250,False,True,True,both
6110190025,3152XX,315250,False,True,True,both
6110190030,3152XX,315250,False,True,True,both
6110190040,3152XX,315250,False,True,True,both
6110190050,3152XX,315250,False,True,True,both
6110190060,3152XX,315250,False,True,True,both
6110190070,3152XX,315250,False,True,True,both
6110190080,3152XX,315250,False,True,True,both
6110201010,3152XX,315250,False,True,True,both
6110201020,3152XX,315250,False,True,True,both
6110201022,3152XX,315250,False,True,True,both
6110201024,3152XX,315250,False,True,True,both
6110201026,3152XX,315250,False,True,True,both
6110201029,3152XX,315250,False,True,True,both
6110201031,3152XX,315250,False,True,True,both
6110201033,3152XX,315250,False,True,True,both
6110202005,3152XX,315250,False,True,True,both
6110202010,3152XX,315250,False,True,True,both
6110202015,3152XX,315250,False,True,True,both
6110202020,3152XX,315250,False,True,True,both
6110202025,3152XX,315250,False,True,True,both
6110202030,3152XX,315250,False,True,True,both
6110202035,3152XX,315250,False,True,True,both
6110202041,3152XX,315250,False,True,True,both
6110202044,3152XX,315250,False,True,True,both
6110202046,3152XX,315250,False,True,True,both
6110202049,3152XX,315250,False,True,True,both
6110202067,3152XX,315250,False,True,True,both
6110202069,3152XX,315250,False,True,True,both
6110202077,3152XX,315250,False,True,True,both
6110202079,3152XX,315250,False,True,True,both
6110301010,3152XX,315250,False,True,True,both
6110301020,3152XX,315250,False,True,True,both
6110301030,3152XX,315250,False,True,True,both
6110301040,3152XX,315250,False,True,True,both
6110301050,3152XX,315250,False,True,True,both
6110301060,3152XX,315250,False,True,True,both
6110301510,3152XX,315250,False,True,True,both
6110301520,3152XX,315250,False,True,True,both
6110301530,3152XX,315250,False,True,True,both
6110301540,3152XX,315250,False,True,True,both
6110301550,3152XX,315250,False,True,True,both
6110301560,3152XX,315250,False,True,True,both
6110302010,3152XX,315250,False,True,True,both
6110302020,3152XX,315250,False,True,True,both
6110302030,3152XX,315250,False,True,True,both
6110302040,3152XX,315250,False,True,True,both
6110302051,3152XX,315250,False,True,True,both
6110302053,3152XX,315250,False,True,True,both
6110302061,3152XX,315250,False,True,True,both
6110302063,3152XX,315250,False,True,True,both
6110303005,3152XX,315250,False,True,True,both
6110303010,3152XX,315250,False,True,True,both
6110303015,3152XX,315250,False,True,True,both
6110303020,3152XX,315250,False,True,True,both
6110303025,3152XX,315250,False,True,True,both
6110303030,3152XX,315250,False,True,True,both
6110303035,3152XX,315250,False,True,True,both
6110303041,3152XX,315250,False,True,True,both
6110303044,3152XX,315250,False,True,True,both
6110303045,3152XX,315250,False,True,True,both
6110303051,3152XX,315250,False,True,True,both
6110303053,3152XX,315250,False,True,True,both
6110303057,3152XX,315250,False,True,True,both
6110303059,3152XX,315250,False,True,True,both
6110901010,3152XX,315250,False,True,True,both
6110901020,3152XX,315250,False,True,True,both
6110901030,3152XX,315250,False,True,True,both
6110901040,3152XX,315250,False,True,True,both
6110901050,3152XX,315250,False,True,True,both
6110901060,3152XX,315250,False,True,True,both
6110909010,3152XX,315250,False,True,True,both
6110909012,3152XX,315250,False,True,True,both
6110909014,3152XX,315250,False,True,True,both
6110909015,3152XX,315250,False,True,True,both
6110909023,3152XX,315250,False,True,True,both
6110909026,3152XX,315250,False,True,True,both
6110909028,3152XX,315250,False,True,True,both
6110909030,3152XX,315250,False,True,True,both
6110909034,3152XX,315250,False,True,True,both
6110909041,3152XX,315250,False,True,True,both
6110909044,3152XX,315250,False,True,True,both
6110909046,3152XX,315250,False,True,True,both
6110909048,3152XX,315250,False,True,True,both
6110909050,3152XX,315250,False,True,True,both
6110909052,3152XX,315250,False,True,True,both
6110909054,3152XX,315250,False,True,True,both
6110909064,3152XX,315250,False,True,True,both
6110909066,3152XX,315250,False,True,True,both
6110909067,3152XX,315250,False,True,True,both
6110909069,3152XX,315250,False,True,True,both
6110909071,3152XX,315250,False,True,True,both
6110909073,3152XX,315250,False,True,True,both
6110909075,3152XX,315250,False,True,True,both
6110909077,3152XX,315250,False,True,True,both
6110909079,3152XX,315250,False,True,True,both
6110909080,3152XX,315250,False,True,True,both
6110909081,3152XX,315250,False,True,True,both
6110909082,3152XX,315250,False,True,True,both
6110909088,3152XX,315250,False,True,True,both
6110909090,3152XX,315250,False,True,True,both
6111201000,3152XX,315250,False,True,True,both
6111202000,3152XX,315250,False,True,True,both
6111203000,3152XX,315250,False,True,True,both
6111204000,3152XX,315250,False,True,True,both
6111205000,3152XX,315250,False,True,True,both
6111206010,3152XX,315250,False,True,True,both
6111206020,3152XX,315250,False,True,True,both
6111206030,3152XX,315250,False,True,True,both
6111206050,315120,315120,True,True,True,both
6111206070,3152XX,315250,False,True,True,both
6111301000,3152XX,315250,False,True,True,both
6111302000,3152XX,315250,False,True,True,both
6111303000,3152XX,315250,False,True,True,both
6111304000,3152XX,315250,False,True,True,both
6111305010,3152XX,315250,False,True,True,both
6111305015,3152XX,315250,False,True,True,both
6111305020,3152XX,315250,False,True,True,both
6111305030,3152XX,315250,False,True,True,both
6111305050,315120,315120,True,True,True,both
6111305070,3152XX,315250,False,True,True,both
6111900510,3152XX,315250,False,True,True,both
6111900530,3152XX,315250,False,True,True,both
6111901000,3152XX,315250,False,True,True,both
6111902000,3152XX,315250,False,True,True,both
6111903000,3152XX,315250,False,True,True,both
6111904000,3152XX,315250,False,True,True,both
6111905010,3152XX,315250,False,True,True,both
6111905020,3152XX,315250,False,True,True,both
6111905030,3152XX,315250,False,True,True,both
6111905050,3152XX,315250,False,True,True,both
6111905070,3152XX,315250,False,True,True,both
6111907000,3152XX,315250,False,True,True,both
6111909000,3152XX,315250,False,True,True,both
6112110010,3152XX,315250,False,True,True,both
6112110020,3152XX,315250,False,True,True,both
6112110030,3152XX,315250,False,True,True,both
6112110040,3152XX,315250,False,True,True,both
6112110050,3152XX,315250,False,True,True,both
6112110060,3152XX,315250,False,True,True,both
6112120010,3152XX,315250,False,True,True,both
6112120020,3152XX,315250,False,True,True,both
6112120030,3152XX,315250,False,True,True,both
6112120040,3152XX,315250,False,True,True,both
6112120050,3152XX,315250,False,True,True,both
6112120060,3152XX,315250,False,True,True,both
6112191010,3152XX,315250,False,True,True,both
6112191020,3152XX,315250,False,True,True,both
6112191030,3152XX,315250,False,True,True,both
6112191040,3152XX,315250,False,True,True,both
6112191050,3152XX,315250,False,True,True,both
6112191060,3152XX,315250,False,True,True,both
6112194010,3152XX,315250,False,True,True,both
6112194020,3152XX,315250,False,True,True,both
6112194030,3152XX,315250,False,True,True,both
6112194040,3152XX,315250,False,True,True,both
6112194050,3152XX,315250,False,True,True,both
6112194060,3152XX,315250,False,True,True,both
6112198010,3152XX,315250,False,True,True,both
6112198020,3152XX,315250,False,True,True,both
6112198030,3152XX,315250,False,True,True,both
6112198040,3152XX,315250,False,True,True,both
6112198050,3152XX,315250,False,True,True,both
6112198060,3152XX,315250,False,True,True,both
6112201010,3152XX,315250,False,True,True,both
6112201020,3152XX,315250,False,True,True,both
6112201030,3152XX,315250,False,True,True,both
6112201040,3152XX,315250,False,True,True,both
6112201050,3152XX,315250,False,True,True,both
6112201060,3152XX,315250,False,True,True,both
6112201070,3152XX,315250,False,True,True,both
6112201080,3152XX,315250,False,True,True,both
6112201090,3152XX,315250,False,True,True,both
6112202010,3152XX,315250,False,True,True,both
6112202020,3152XX,315250,False,True,True,both
6112202030,3152XX,315250,False,True,True,both
6112310010,3152XX,315250,False,True,True,both
6112310020,3152XX,315250,False,True,True,both
6112390010,3152XX,315250,False,True,True,both
6112390015,3152XX,315250,False,True,True,both
6112390090,3152XX,315250,False,True,True,both
6112410010,3152XX,315250,False,True,True,both
6112410020,3152XX,315250,False,True,True,both
6112410030,3152XX,315250,False,True,True,both
6112410040,3152XX,315250,False,True,True,both
6112490010,3152XX,315250,False,True,True,both
6112490015,3152XX,315250,False,True,True,both
6112490090,3152XX,315250,False,True,True,both
6113001005,3152XX,315250,False,True,True,both
6113001010,3152XX,315250,False,True,True,both
6113001012,3152XX,315250,False,True,True,both
6113009015,3152XX,315250,False,True,True,both
6113009020,3152XX,315250,False,True,True,both
6113009025,3152XX,315250,False,True,True,both
6113009030,3152XX,315250,False,True,True,both
6113009038,3152XX,315250,False,True,True,both
6113009042,3152XX,315250,False,True,True,both
6113009044,3152XX,315250,False,True,True,both
6113009052,3152XX,315250,False,True,True,both
6113009055,3152XX,315250,False,True,True,both
6113009060,3152XX,315250,False,True,True,both
6113009065,3152XX,315250,False,True,True,both
6113009070,3152XX,315250,False,True,True,both
6113009074,3152XX,315250,False,True,True,both
6113009082,3152XX,315250,False,True,True,both
6113009084,3152XX,315250,False,True,True,both
6113009086,3152XX,315250,False,True,True,both
6114200005,3152XX,315250,False,True,True,both
6114200010,3152XX,315250,False,True,True,both
6114200015,3152XX,315250,False,True,True,both
6114200020,3152XX,315250,False,True,True,both
6114200035,3152XX,315250,False,True,True,both
6114200040,3152XX,315250,False,True,True,both
6114200042,3152XX,315250,False,True,True,both
6114200044,3152XX,315250,False,True,True,both
6114200046,3152XX,315250,False,True,True,both
6114200048,3152XX,315250,False,True,True,both
6114200052,3152XX,315250,False,True,True,both
6114200055,3152XX,315250,False,True,True,both
6114200060,3152XX,315250,False,True,True,both
6114301010,3152XX,315250,False,True,True,both
6114301020,3152XX,315250,False,True,True,both
6114302010,3152XX,315250,False,True,True,both
6114302030,3152XX,315250,False,True,True,both
6114302060,3152XX,315250,False,True,True,both
6114303012,3152XX,315250,False,True,True,both
6114303014,3152XX,315250,False,True,True,both
6114303020,3152XX,315250,False,True,True,both
6114303030,3152XX,315250,False,True,True,both
6114303042,3152XX,315250,False,True,True,both
6114303044,3152XX,315250,False,True,True,both
6114303052,3152XX,315250,False,True,True,both
6114303054,3152XX,315250,False,True,True,both
6114303060,3152XX,315250,False,True,True,both
6114303070,3152XX,315250,False,True,True,both
6114900520,3152XX,315250,False,True,True,both
6114900540,3152XX,315250,False,True,True,both
6114900550,3152XX,315250,False,True,True,both
6114900560,3152XX,315250,False,True,True,both
6114900570,3152XX,315250,False,True,True,both
6114901010,3152XX,315250,False,True,True,both
6114901020,3152XX,315250,False,True,True,both
6114901030,3152XX,315250,False,True,True,both
6114901040,3152XX,315250,False,True,True,both
6114901050,3152XX,315250,False,True,True,both
6114901060,3152XX,315250,False,True,True,both
6114909010,3152XX,315250,False,True,True,both
6114909020,3152XX,315250,False,True,True,both
6114909030,3152XX,315250,False,True,True,both
6114909040,3152XX,315250,False,True,True,both
6114909045,3152XX,315250,False,True,True,both
6114909050,3152XX,315250,False,True,True,both
6114909055,3152XX,315250,False,True,True,both
6114909070,3152XX,315250,False,True,True,both
6115100500,339113,339113,True,True,True,both
6115101000,339113,339113,True,True,True,both
6115101510,339113,339113,True,True,True,both
6115101520,339113,339113,True,True,True,both
6115101540,339113,339113,True,True,True,both
6115103000,339113,339113,True,True,True,both
6115104000,339113,339113,True,True,True,both
6115105500,339113,339113,True,True,True,both
6115106000,339113,339113,True,True,True,both
6115210010,315120,315120,True,True,True,both
6115210020,315120,315120,True,True,True,both
6115220000,315120,315120,True,True,True,both
6115294000,315120,315120,True,True,True,both
6115298010,315120,315120,True,True,True,both
6115298020,315120,315120,True,True,True,both
6115298040,315120,315120,True,True,True,both
6115301000,315120,315120,True,True,True,both
6115309010,315120,315120,True,True,True,both
6115309030,315120,315120,True,True,True,both
6115940000,315120,315120,True,True,True,both
6115956000,315120,315120,True,True,True,both
6115959000,315120,315120,True,True,True,both
6115966010,315120,315120,True,True,True,both
6115966020,315120,315120,True,True,True,both
6115969010,315120,315120,True,True,True,both
6115969020,315120,315120,True,True,True,both
6115991410,315120,315120,True,True,True,both
6115991420,315120,315120,True,True,True,both
6115991910,315120,315120,True,True,True,both
6115991920,315120,315120,True,True,True,both
6115994000,315120,315120,True,True,True,both
6115999000,315120,315120,True,True,True,both
6116100500,339920,339920,True,True,True,both
6116100800,339920,339920,True,True,True,both
6116101300,3152XX,315250,False,True,True,both
6116101720,315990,315990,True,True,True,both
6116101730,315990,315990,True,True,True,both
6116101740,315990,315990,True,True,True,both
6116104400,315990,315990,True,True,True,both
6116104810,315990,315990,True,True,True,both
6116104820,315990,315990,True,True,True,both
6116104830,315990,315990,True,True,True,both
6116105510,315990,315990,True,True,True,both
6116105520,315990,315990,True,True,True,both
6116105530,315990,315990,True,True,True,both
6116106500,315990,315990,True,True,True,both
6116107510,315990,315990,True,True,True,both
6116107520,315990,315990,True,True,True,both
6116107530,315990,315990,True,True,True,both
6116109500,315990,315990,True,True,True,both
6116910000,315990,315990,True,True,True,both
6116920500,339920,339920,True,True,True,both
6116920800,339920,339920,True,True,True,both
6116926410,315990,315990,True,True,True,both
6116926420,315990,315990,True,True,True,both
6116926430,315990,315990,True,True,True,both
6116926440,315990,315990,True,True,True,both
6116927450,315990,315990,True,True,True,both
6116927460,315990,315990,True,True,True,both
6116927470,315990,315990,True,True,True,both
6116928800,315990,315990,True,True,True,both
6116929400,315990,315990,True,True,True,both
6116930500,339920,339920,True,True,True,both
6116930800,339920,339920,True,True,True,both
6116936400,315990,315990,True,True,True,both
6116937400,315990,315990,True,True,True,both
6116938800,315990,315990,True,True,True,both
6116939400,315990,315990,True,True,True,both
6116992000,339920,339920,True,True,True,both
6116993500,339920,339920,True,True,True,both
6116994800,315990,315990,True,True,True,both
6116995400,315990,315990,True,True,True,both
6116997500,315990,315990,True,True,True,both
6116999510,315990,315990,True,True,True,both
6116999520,315990,315990,True,True,True,both
6116999530,315990,315990,True,True,True,both
6116999560,315990,315990,True,True,True,both
6117101000,315120,315120,True,True,True,both
6117102010,315120,315120,True,True,True,both
6117102030,315120,315120,True,True,True,both
6117104000,315120,315120,True,True,True,both
6117106010,315120,315120,True,True,True,both
6117106020,315120,315120,True,True,True,both
6117802000,315120,315120,True,True,True,both
6117803010,315120,315120,True,True,True,both
6117803090,315120,315120,True,True,True,both
6117808500,315120,315120,True,True,True,both
6117808710,315120,315120,True,True,True,both
6117808720,315120,315120,True,True,True,both
6117808730,315120,315120,True,True,True,both
6117808770,315120,315120,True,True,True,both
6117809510,315990,315990,True,True,True,both
6117809520,315990,315990,True,True,True,both
6117809530,315990,315990,True,True,True,both
6117809540,315990,315990,True,True,True,both
6117809570,315990,315990,True,True,True,both
6117901010,315990,315990,True,True,True,both
6117901020,315990,315990,True,True,True,both
6117901030,315990,315990,True,True,True,both
6117901040,315990,315990,True,True,True,both
6117901060,315990,315990,True,True,True,both
6117909003,315990,315990,True,True,True,both
6117909005,315990,315990,True,True,True,both
6117909010,315990,315990,True,True,True,both
6117909015,315990,315990,True,True,True,both
6117909020,315990,315990,True,True,True,both
6117909025,315990,315990,True,True,True,both
6117909030,315990,315990,True,True,True,both
6117909035,315990,315990,True,True,True,both
6117909040,315990,315990,True,True,True,both
6117909045,315990,315990,True,True,True,both
6117909050,315990,315990,True,True,True,both
6117909055,315990,315990,True,True,True,both
6117909060,315990,315990,True,True,True,both
6117909065,315990,315990,True,True,True,both
6117909070,315990,315990,True,True,True,both
6117909075,315990,315990,True,True,True,both
6117909080,315990,315990,True,True,True,both
6117909085,315990,315990,True,True,True,both
6117909090,315990,315990,True,True,True,both
6117909095,315990,315990,True,True,True,both
6201201110,3152XX,315250,False,True,True,both
6201201120,3152XX,315250,False,True,True,both
6201201900,3152XX,315250,False,True,True,both
6201202911,3152XX,315250,False,True,True,both
6201202921,3152XX,315250,False,True,True,both
6201203500,3152XX,315250,False,True,True,both
6201204011,3152XX,315250,False,True,True,both
6201204021,3152XX,315250,False,True,True,both
6201301200,3152XX,315250,False,True,True,both
6201302010,3152XX,315250,False,True,True,both
6201302020,3152XX,315250,False,True,True,both
6201302025,3152XX,315250,False,True,True,both
6201302035,3152XX,315250,False,True,True,both
6201302050,3152XX,315250,False,True,True,both
6201302060,3152XX,315250,False,True,True,both
6201303000,3152XX,315250,False,True,True,both
6201304000,3152XX,315250,False,True,True,both
6201305005,3152XX,315250,False,True,True,both
6201305010,3152XX,315250,False,True,True,both
6201305021,3152XX,315250,False,True,True,both
6201305031,3152XX,315250,False,True,True,both
6201305041,3152XX,315250,False,True,True,both
6201305051,3152XX,315250,False,True,True,both
6201305061,3152XX,315250,False,True,True,both
6201306000,3152XX,315250,False,True,True,both
6201307000,3152XX,315250,False,True,True,both
6201308005,3152XX,315250,False,True,True,both
6201308010,3152XX,315250,False,True,True,both
6201308021,3152XX,315250,False,True,True,both
6201308031,3152XX,315250,False,True,True,both
6201308041,3152XX,315250,False,True,True,both
6201308051,3152XX,315250,False,True,True,both
6201308061,3152XX,315250,False,True,True,both
6201401000,3152XX,315250,False,True,True,both
6201401510,3152XX,315250,False,True,True,both
6201401520,3152XX,315250,False,True,True,both
6201402015,3152XX,315250,False,True,True,both
6201402020,3152XX,315250,False,True,True,both
6201402030,3152XX,315250,False,True,True,both
6201402040,3152XX,315250,False,True,True,both
6201402500,3152XX,315250,False,True,True,both
6201403510,3152XX,315250,False,True,True,both
6201403520,3152XX,315250,False,True,True,both
6201404011,3152XX,315250,False,True,True,both
6201404021,3152XX,315250,False,True,True,both
6201404500,3152XX,315250,False,True,True,both
6201405011,3152XX,315250,False,True,True,both
6201405021,3152XX,315250,False,True,True,both
6201405500,3152XX,315250,False,True,True,both
6201406010,3152XX,315250,False,True,True,both
6201406020,3152XX,315250,False,True,True,both
6201406511,3152XX,315250,False,True,True,both
6201406521,3152XX,315250,False,True,True,both
6201407000,3152XX,315250,False,True,True,both
6201407511,3152XX,315250,False,True,True,both
6201407521,3152XX,315250,False,True,True,both
6201901900,3152XX,315250,False,True,True,both
6201902910,3152XX,315250,False,True,True,both
6201902920,3152XX,315250,False,True,True,both
6201902930,3152XX,315250,False,True,True,both
6201902960,3152XX,315250,False,True,True,both
6201903900,3152XX,315250,False,True,True,both
6201904910,3152XX,315250,False,True,True,both
6201904920,3152XX,315250,False,True,True,both
6201904930,3152XX,315250,False,True,True,both
6201904960,3152XX,315250,False,True,True,both
6201905900,3152XX,315250,False,True,True,both
6201906910,3152XX,315250,False,True,True,both
6201906920,3152XX,315250,False,True,True,both
6201906930,3152XX,315250,False,True,True,both
6201906960,3152XX,315250,False,True,True,both
6202201110,3152XX,315250,False,True,True,both
6202201120,3152XX,315250,False,True,True,both
6202201900,3152XX,315250,False,True,True,both
6202202911,3152XX,315250,False,True,True,both
6202202921,3152XX,315250,False,True,True,both
6202203500,3152XX,315250,False,True,True,both
6202204011,3152XX,315250,False,True,True,both
6202204021,3152XX,315250,False,True,True,both
6202301200,3152XX,315250,False,True,True,both
6202302010,3152XX,315250,False,True,True,both
6202302020,3152XX,315250,False,True,True,both
6202302025,3152XX,315250,False,True,True,both
6202302035,3152XX,315250,False,True,True,both
6202302050,3152XX,315250,False,True,True,both
6202302060,3152XX,315250,False,True,True,both
6202303000,3152XX,315250,False,True,True,both
6202304000,3152XX,315250,False,True,True,both
6202305010,3152XX,315250,False,True,True,both
6202305020,3152XX,315250,False,True,True,both
6202305026,3152XX,315250,False,True,True,both
6202305031,3152XX,315250,False,True,True,both
6202305061,3152XX,315250,False,True,True,both
6202305071,3152XX,315250,False,True,True,both
6202306000,3152XX,315250,False,True,True,both
6202307000,3152XX,315250,False,True,True,both
6202308010,3152XX,315250,False,True,True,both
6202308020,3152XX,315250,False,True,True,both
6202308026,3152XX,315250,False,True,True,both
6202308031,3152XX,315250,False,True,True,both
6202308061,3152XX,315250,False,True,True,both
6202308071,3152XX,315250,False,True,True,both
6202401000,3152XX,315250,False,True,True,both
6202401510,3152XX,315250,False,True,True,both
6202401520,3152XX,315250,False,True,True,both
6202402005,3152XX,315250,False,True,True,both
6202402010,3152XX,315250,False,True,True,both
6202402020,3152XX,315250,False,True,True,both
6202402030,3152XX,315250,False,True,True,both
6202402500,3152XX,315250,False,True,True,both
6202403510,3152XX,315250,False,True,True,both
6202403520,3152XX,315250,False,True,True,both
6202404011,3152XX,315250,False,True,True,both
6202404021,3152XX,315250,False,True,True,both
6202404500,3152XX,315250,False,True,True,both
6202405011,3152XX,315250,False,True,True,both
6202405021,3152XX,315250,False,True,True,both
6202405500,3152XX,315250,False,True,True,both
6202406010,3152XX,315250,False,True,True,both
6202406020,3152XX,315250,False,True,True,both
6202406511,3152XX,315250,False,True,True,both
6202406521,3152XX,315250,False,True,True,both
6202407000,3152XX,315250,False,True,True,both
6202407511,3152XX,315250,False,True,True,both
6202407521,3152XX,315250,False,True,True,both
6202901900,3152XX,315250,False,True,True,both
6202902910,3152XX,315250,False,True,True,both
6202902920,3152XX,315250,False,True,True,both
6202902930,3152XX,315250,False,True,True,both
6202902960,3152XX,315250,False,True,True,both
6202903900,3152XX,315250,False,True,True,both
6202904911,3152XX,315250,False,True,True,both
6202904921,3152XX,315250,False,True,True,both
6202904931,3152XX,315250,False,True,True,both
6202904961,3152XX,315250,False,True,True,both
6202905900,3152XX,315250,False,True,True,both
6202906911,3152XX,315250,False,True,True,both
6202906921,3152XX,315250,False,True,True,both
6202906931,3152XX,315250,False,True,True,both
6202906961,3152XX,315250,False,True,True,both
6203111500,3152XX,315250,False,True,True,both
6203113000,3152XX,315250,False,True,True,both
6203116000,3152XX,315250,False,True,True,both
6203119000,3152XX,315250,False,True,True,both
6203121000,3152XX,315250,False,True,True,both
6203122010,3152XX,315250,False,True,True,both
6203122020,3152XX,315250,False,True,True,both
6203191010,3152XX,315250,False,True,True,both
6203191020,3152XX,315250,False,True,True,both
6203191030,3152XX,315250,False,True,True,both
6203192000,3152XX,315250,False,True,True,both
6203193000,3152XX,315250,False,True,True,both
6203195000,3152XX,315250,False,True,True,both
6203199010,3152XX,315250,False,True,True,both
6203199020,3152XX,315250,False,True,True,both
6203199030,3152XX,315250,False,True,True,both
6203199040,3152XX,315250,False,True,True,both
6203199050,3152XX,315250,False,True,True,both
6203199080,3152XX,315250,False,True,True,both
6203221000,3152XX,315250,False,True,True,both
6203223010,3152XX,315250,False,True,True,both
6203223015,3152XX,315250,False,True,True,both
6203223020,3152XX,315250,False,True,True,both
6203223030,3152XX,315250,False,True,True,both
6203223050,3152XX,315250,False,True,True,both
6203223060,3152XX,315250,False,True,True,both
6203230010,3152XX,315250,False,True,True,both
6203230015,3152XX,315250,False,True,True,both
6203230020,3152XX,315250,False,True,True,both
6203230030,3152XX,315250,False,True,True,both
6203230040,3152XX,315250,False,True,True,both
6203230050,3152XX,315250,False,True,True,both
6203230055,3152XX,315250,False,True,True,both
6203230060,3152XX,315250,False,True,True,both
6203230070,3152XX,315250,False,True,True,both
6203230080,3152XX,315250,False,True,True,both
6203230090,3152XX,315250,False,True,True,both
6203291010,3152XX,315250,False,True,True,both
6203291015,3152XX,315250,False,True,True,both
6203291020,3152XX,315250,False,True,True,both
6203291510,3152XX,315250,False,True,True,both
6203291515,3152XX,315250,False,True,True,both
6203291520,3152XX,315250,False,True,True,both
6203291530,3152XX,315250,False,True,True,both
6203291560,3152XX,315250,False,True,True,both
6203292010,3152XX,315250,False,True,True,both
6203292020,3152XX,315250,False,True,True,both
6203292030,3152XX,315250,False,True,True,both
6203292035,3152XX,315250,False,True,True,both
6203292050,3152XX,315250,False,True,True,both
6203292060,3152XX,315250,False,True,True,both
6203293010,3152XX,315250,False,True,True,both
6203293020,3152XX,315250,False,True,True,both
6203293026,3152XX,315250,False,True,True,both
6203293028,3152XX,315250,False,True,True,both
6203293030,3152XX,315250,False,True,True,both
6203293046,3152XX,315250,False,True,True,both
6203293048,3152XX,315250,False,True,True,both
6203293050,3152XX,315250,False,True,True,both
6203293060,3152XX,315250,False,True,True,both
6203293070,3152XX,315250,False,True,True,both
6203293080,3152XX,315250,False,True,True,both
6203315010,3152XX,315250,False,True,True,both
6203315020,3152XX,315250,False,True,True,both
6203319010,3152XX,315250,False,True,True,both
6203319020,3152XX,315250,False,True,True,both
6203321000,3152XX,315250,False,True,True,both
6203322010,3152XX,315250,False,True,True,both
6203322020,3152XX,315250,False,True,True,both
6203322030,3152XX,315250,False,True,True,both
6203322040,3152XX,315250,False,True,True,both
6203322050,3152XX,315250,False,True,True,both
6203331030,3152XX,315250,False,True,True,both
6203331040,3152XX,315250,False,True,True,both
6203331050,3152XX,315250,False,True,True,both
6203331060,3152XX,315250,False,True,True,both
6203332010,3152XX,315250,False,True,True,both
6203332020,3152XX,315250,False,True,True,both
6203391010,3152XX,315250,False,True,True,both
6203391020,3152XX,315250,False,True,True,both
6203392010,3152XX,315250,False,True,True,both
6203392020,3152XX,315250,False,True,True,both
6203395000,3152XX,315250,False,True,True,both
6203399010,3152XX,315250,False,True,True,both
6203399020,3152XX,315250,False,True,True,both
6203399030,3152XX,315250,False,True,True,both
6203399060,3152XX,315250,False,True,True,both
6203410110,3152XX,315250,False,True,True,both
6203410120,3152XX,315250,False,True,True,both
6203410310,3152XX,315250,False,True,True,both
6203410320,3152XX,315250,False,True,True,both
6203410610,3152XX,315250,False,True,True,both
6203410620,3152XX,315250,False,True,True,both
6203410630,3152XX,315250,False,True,True,both
6203410800,3152XX,315250,False,True,True,both
6203412510,3152XX,315250,False,True,True,both
6203412520,3152XX,315250,False,True,True,both
6203413010,3152XX,315250,False,True,True,both
6203413020,3152XX,315250,False,True,True,both
6203416010,3152XX,315250,False,True,True,both
6203416020,3152XX,315250,False,True,True,both
6203416030,3152XX,315250,False,True,True,both
6203418000,3152XX,315250,False,True,True,both
6203420300,3152XX,315250,False,True,True,both
6203420505,3152XX,315250,False,True,True,both
6203420510,3152XX,315250,False,True,True,both
6203420525,3152XX,315250,False,True,True,both
6203420550,3152XX,315250,False,True,True,both
6203420590,3152XX,315250,False,True,True,both
6203420703,3152XX,315250,False,True,True,both
6203420706,3152XX,315250,False,True,True,both
6203420711,3152XX,315250,False,True,True,both
6203420716,3152XX,315250,False,True,True,both
6203420721,3152XX,315250,False,True,True,both
6203420726,3152XX,315250,False,True,True,both
6203420731,3152XX,315250,False,True,True,both
6203420736,3152XX,315250,False,True,True,both
6203420741,3152XX,315250,False,True,True,both
6203420746,3152XX,315250,False,True,True,both
6203420751,3152XX,315250,False,True,True,both
6203420756,3152XX,315250,False,True,True,both
6203420761,3152XX,315250,False,True,True,both
6203421700,3152XX,315250,False,True,True,both
6203422505,3152XX,315250,False,True,True,both
6203422510,3152XX,315250,False,True,True,both
6203422525,3152XX,315250,False,True,True,both
6203422550,3152XX,315250,False,True,True,both
6203422590,3152XX,315250,False,True,True,both
6203424503,3152XX,315250,False,True,True,both
6203424506,3152XX,315250,False,True,True,both
6203424511,3152XX,315250,False,True,True,both
6203424514,3152XX,315250,False,True,True,both
6203424516,3152XX,315250,False,True,True,both
6203424518,3152XX,315250,False,True,True,both
6203424521,3152XX,315250,False,True,True,both
6203424526,3152XX,315250,False,True,True,both
6203424531,3152XX,315250,False,True,True,both
6203424536,3152XX,315250,False,True,True,both
6203424541,3152XX,315250,False,True,True,both
6203424546,3152XX,315250,False,True,True,both
6203424551,3152XX,315250,False,True,True,both
6203424556,3152XX,315250,False,True,True,both
6203424561,3152XX,315250,False,True,True,both
6203430100,3152XX,315250,False,True,True,both
6203430300,3152XX,315250,False,True,True,both
6203430505,3152XX,315250,False,True,True,both
6203430510,3152XX,315250,False,True,True,both
6203430525,3152XX,315250,False,True,True,both
6203430550,3152XX,315250,False,True,True,both
6203430590,3152XX,315250,False,True,True,both
6203430910,3152XX,315250,False,True,True,both
6203430920,3152XX,315250,False,True,True,both
6203430930,3152XX,315250,False,True,True,both
6203431110,3152XX,315250,False,True,True,both
6203431190,3152XX,315250,False,True,True,both
6203431310,3152XX,315250,False,True,True,both
6203431315,3152XX,315250,False,True,True,both
6203431320,3152XX,315250,False,True,True,both
6203431330,3152XX,315250,False,True,True,both
6203431335,3152XX,315250,False,True,True,both
6203431340,3152XX,315250,False,True,True,both
6203434500,3152XX,315250,False,True,True,both
6203435500,3152XX,315250,False,True,True,both
6203436005,3152XX,315250,False,True,True,both
6203436010,3152XX,315250,False,True,True,both
6203436025,3152XX,315250,False,True,True,both
6203436050,3152XX,315250,False,True,True,both
6203436090,3152XX,315250,False,True,True,both
6203436500,3152XX,315250,False,True,True,both
6203437010,3152XX,315250,False,True,True,both
6203437020,3152XX,315250,False,True,True,both
6203437030,3152XX,315250,False,True,True,both
6203437510,3152XX,315250,False,True,True,both
6203437590,3152XX,315250,False,True,True,both
6203439009,3152XX,315250,False,True,True,both
6203439010,3152XX,315250,False,True,True,both
6203439011,3152XX,315250,False,True,True,both
6203439015,3152XX,315250,False,True,True,both
6203439020,3152XX,315250,False,True,True,both
6203439030,3152XX,315250,False,True,True,both
6203439035,3152XX,315250,False,True,True,both
6203439040,3152XX,315250,False,True,True,both
6203490105,3152XX,315250,False,True,True,both
6203490110,3152XX,315250,False,True,True,both
6203490125,3152XX,315250,False,True,True,both
6203490150,3152XX,315250,False,True,True,both
6203490190,3152XX,315250,False,True,True,both
6203490505,3152XX,315250,False,True,True,both
6203490515,3152XX,315250,False,True,True,both
6203490520,3152XX,315250,False,True,True,both
6203490530,3152XX,315250,False,True,True,both
6203490545,3152XX,315250,False,True,True,both
6203490550,3152XX,315250,False,True,True,both
6203490560,3152XX,315250,False,True,True,both
6203490710,3152XX,315250,False,True,True,both
6203490720,3152XX,315250,False,True,True,both
6203490730,3152XX,315250,False,True,True,both
6203490910,3152XX,315250,False,True,True,both
6203490920,3152XX,315250,False,True,True,both
6203490925,3152XX,315250,False,True,True,both
6203490930,3152XX,315250,False,True,True,both
6203490945,3152XX,315250,False,True,True,both
6203490960,3152XX,315250,False,True,True,both
6203492505,3152XX,315250,False,True,True,both
6203492510,3152XX,315250,False,True,True,both
6203492525,3152XX,315250,False,True,True,both
6203492550,3152XX,315250,False,True,True,both
6203492590,3152XX,315250,False,True,True,both
6203493500,3152XX,315250,False,True,True,both
6203495005,3152XX,315250,False,True,True,both
6203495015,3152XX,315250,False,True,True,both
6203495020,3152XX,315250,False,True,True,both
6203495030,3152XX,315250,False,True,True,both
6203495045,3152XX,315250,False,True,True,both
6203495050,3152XX,315250,False,True,True,both
6203495060,3152XX,315250,False,True,True,both
6203496010,3152XX,315250,False,True,True,both
6203496020,3152XX,315250,False,True,True,both
6203496030,3152XX,315250,False,True,True,both
6203499010,3152XX,315250,False,True,True,both
6203499020,3152XX,315250,False,True,True,both
6203499025,3152XX,315250,False,True,True,both
6203499030,3152XX,315250,False,True,True,both
6203499045,3152XX,315250,False,True,True,both
6203499060,3152XX,315250,False,True,True,both
6204110000,3152XX,315250,False,True,True,both
6204120010,3152XX,315250,False,True,True,both
6204120020,3152XX,315250,False,True,True,both
6204120030,3152XX,315250,False,True,True,both
6204120040,3152XX,315250,False,True,True,both
6204131000,3152XX,315250,False,True,True,both
6204132010,3152XX,315250,False,True,True,both
6204132020,3152XX,315250,False,True,True,both
6204191000,3152XX,315250,False,True,True,both
6204192000,3152XX,315250,False,True,True,both
6204194000,3152XX,315250,False,True,True,both
6204198010,3152XX,315250,False,True,True,both
6204198020,3152XX,315250,False,True,True,both
6204198030,3152XX,315250,False,True,True,both
6204198040,3152XX,315250,False,True,True,both
6204198050,3152XX,315250,False,True,True,both
6204198060,3152XX,315250,False,True,True,both
6204198090,3152XX,315250,False,True,True,both
6204210010,3152XX,315250,False,True,True,both
6204210030,3152XX,315250,False,True,True,both
6204210040,3152XX,315250,False,True,True,both
6204210060,3152XX,315250,False,True,True,both
6204210070,3152XX,315250,False,True,True,both
6204221000,3152XX,315250,False,True,True,both
6204223010,3152XX,315250,False,True,True,both
6204223030,3152XX,315250,False,True,True,both
6204223040,3152XX,315250,False,True,True,both
6204223050,3152XX,315250,False,True,True,both
6204223060,3152XX,315250,False,True,True,both
6204223065,3152XX,315250,False,True,True,both
6204223070,3152XX,315250,False,True,True,both
6204230005,3152XX,315250,False,True,True,both
6204230010,3152XX,315250,False,True,True,both
6204230015,3152XX,315250,False,True,True,both
6204230020,3152XX,315250,False,True,True,both
6204230025,3152XX,315250,False,True,True,both
6204230030,3152XX,315250,False,True,True,both
6204230035,3152XX,315250,False,True,True,both
6204230040,3152XX,315250,False,True,True,both
6204230045,3152XX,315250,False,True,True,both
6204230050,3152XX,315250,False,True,True,both
6204230055,3152XX,315250,False,True,True,both
6204230060,3152XX,315250,False,True,True,both
6204292010,3152XX,315250,False,True,True,both
6204292015,3152XX,315250,False,True,True,both
6204292020,3152XX,315250,False,True,True,both
6204292025,3152XX,315250,False,True,True,both
6204292030,3152XX,315250,False,True,True,both
6204292040,3152XX,315250,False,True,True,both
6204292050,3152XX,315250,False,True,True,both
6204294010,3152XX,315250,False,True,True,both
6204294012,3152XX,315250,False,True,True,both
6204294014,3152XX,315250,False,True,True,both
6204294016,3152XX,315250,False,True,True,both
6204294018,3152XX,315250,False,True,True,both
6204294020,3152XX,315250,False,True,True,both
6204294022,3152XX,315250,False,True,True,both
6204294024,3152XX,315250,False,True,True,both
6204294026,3152XX,315250,False,True,True,both
6204294028,3152XX,315250,False,True,True,both
6204294030,3152XX,315250,False,True,True,both
6204294032,3152XX,315250,False,True,True,both
6204294034,3152XX,315250,False,True,True,both
6204294036,3152XX,315250,False,True,True,both
6204294038,3152XX,315250,False,True,True,both
6204294040,3152XX,315250,False,True,True,both
6204294041,3152XX,315250,False,True,True,both
6204294043,3152XX,315250,False,True,True,both
6204294047,3152XX,315250,False,True,True,both
6204294049,3152XX,315250,False,True,True,both
6204294070,3152XX,315250,False,True,True,both
6204294072,3152XX,315250,False,True,True,both
6204294074,3152XX,315250,False,True,True,both
6204294076,3152XX,315250,False,True,True,both
6204294078,3152XX,315250,False,True,True,both
6204294080,3152XX,315250,False,True,True,both
6204294082,3152XX,315250,False,True,True,both
6204294084,3152XX,315250,False,True,True,both
6204294086,3152XX,315250,False,True,True,both
6204294088,3152XX,315250,False,True,True,both
6204294090,3152XX,315250,False,True,True,both
6204294092,3152XX,315250,False,True,True,both
6204311010,3152XX,315250,False,True,True,both
6204311020,3152XX,315250,False,True,True,both
6204312010,3152XX,315250,False,True,True,both
6204312020,3152XX,315250,False,True,True,both
6204321000,3152XX,315250,False,True,True,both
6204322010,3152XX,315250,False,True,True,both
6204322020,3152XX,315250,False,True,True,both
6204322030,3152XX,315250,False,True,True,both
6204322040,3152XX,315250,False,True,True,both
6204331000,3152XX,315250,False,True,True,both
6204332000,3152XX,315250,False,True,True,both
6204334010,3152XX,315250,False,True,True,both
6204334020,3152XX,315250,False,True,True,both
6204335010,3152XX,315250,False,True,True,both
6204335020,3152XX,315250,False,True,True,both
6204392010,3152XX,315250,False,True,True,both
6204392020,3152XX,315250,False,True,True,both
6204393010,3152XX,315250,False,True,True,both
6204393020,3152XX,315250,False,True,True,both
6204396000,3152XX,315250,False,True,True,both
6204398010,3152XX,315250,False,True,True,both
6204398020,3152XX,315250,False,True,True,both
6204398030,3152XX,315250,False,True,True,both
6204398050,3152XX,315250,False,True,True,both
6204398060,3152XX,315250,False,True,True,both
6204411000,3152XX,315250,False,True,True,both
6204412010,3152XX,315250,False,True,True,both
6204412020,3152XX,315250,False,True,True,both
6204421000,3152XX,315250,False,True,True,both
6204422000,3152XX,315250,False,True,True,both
6204423010,3152XX,315250,False,True,True,both
6204423020,3152XX,315250,False,True,True,both
6204423030,3152XX,315250,False,True,True,both
6204423040,3152XX,315250,False,True,True,both
6204423050,3152XX,315250,False,True,True,both
6204423060,3152XX,315250,False,True,True,both
6204431000,3152XX,315250,False,True,True,both
6204432000,3152XX,315250,False,True,True,both
6204433010,3152XX,315250,False,True,True,both
6204433020,3152XX,315250,False,True,True,both
6204434010,3152XX,315250,False,True,True,both
6204434020,3152XX,315250,False,True,True,both
6204434030,3152XX,315250,False,True,True,both
6204434040,3152XX,315250,False,True,True,both
6204442000,3152XX,315250,False,True,True,both
6204443010,3152XX,315250,False,True,True,both
6204443020,3152XX,315250,False,True,True,both
6204444010,3152XX,315250,False,True,True,both
6204444020,3152XX,315250,False,True,True,both
6204491000,3152XX,315250,False,True,True,both
6204495010,3152XX,315250,False,True,True,both
6204495020,3152XX,315250,False,True,True,both
6204495030,3152XX,315250,False,True,True,both
6204495050,3152XX,315250,False,True,True,both
6204495060,3152XX,315250,False,True,True,both
6204510010,3152XX,315250,False,True,True,both
6204510020,3152XX,315250,False,True,True,both
6204521000,3152XX,315250,False,True,True,both
6204522010,3152XX,315250,False,True,True,both
6204522020,3152XX,315250,False,True,True,both
6204522030,3152XX,315250,False,True,True,both
6204522040,3152XX,315250,False,True,True,both
6204522070,3152XX,315250,False,True,True,both
6204522080,3152XX,315250,False,True,True,both
6204531000,3152XX,315250,False,True,True,both
6204532010,3152XX,315250,False,True,True,both
6204532020,3152XX,315250,False,True,True,both
6204533010,3152XX,315250,False,True,True,both
6204533020,3152XX,315250,False,True,True,both
6204591000,3152XX,315250,False,True,True,both
6204592010,3152XX,315250,False,True,True,both
6204592020,3152XX,315250,False,True,True,both
6204593010,3152XX,315250,False,True,True,both
6204593020,3152XX,315250,False,True,True,both
6204594010,3152XX,315250,False,True,True,both
6204594020,3152XX,315250,False,True,True,both
6204594030,3152XX,315250,False,True,True,both
6204594040,3152XX,315250,False,True,True,both
6204594050,3152XX,315250,False,True,True,both
6204594060,3152XX,315250,False,True,True,both
6204610510,3152XX,315250,False,True,True,both
6204610520,3152XX,315250,False,True,True,both
6204611510,3152XX,315250,False,True,True,both
6204611520,3152XX,315250,False,True,True,both
6204611530,3152XX,315250,False,True,True,both
6204611540,3152XX,315250,False,True,True,both
6204616010,3152XX,315250,False,True,True,both
6204616020,3152XX,315250,False,True,True,both
6204618010,3152XX,315250,False,True,True,both
6204618020,3152XX,315250,False,True,True,both
6204618030,3152XX,315250,False,True,True,both
6204618040,3152XX,315250,False,True,True,both
6204620300,3152XX,315250,False,True,True,both
6204620505,3152XX,315250,False,True,True,both
6204620510,3152XX,315250,False,True,True,both
6204620525,3152XX,315250,False,True,True,both
6204620550,3152XX,315250,False,True,True,both
6204621503,3152XX,315250,False,True,True,both
6204621506,3152XX,315250,False,True,True,both
6204621511,3152XX,315250,False,True,True,both
6204621521,3152XX,315250,False,True,True,both
6204621526,3152XX,315250,False,True,True,both
6204621531,3152XX,315250,False,True,True,both
6204621536,3152XX,315250,False,True,True,both
6204621541,3152XX,315250,False,True,True,both
6204621546,3152XX,315250,False,True,True,both
6204621551,3152XX,315250,False,True,True,both
6204621556,3152XX,315250,False,True,True,both
6204621561,3152XX,315250,False,True,True,both
6204621566,3152XX,315250,False,True,True,both
6204625000,3152XX,315250,False,True,True,both
6204626005,3152XX,315250,False,True,True,both
6204626010,3152XX,315250,False,True,True,both
6204626025,3152XX,315250,False,True,True,both
6204626050,3152XX,315250,False,True,True,both
6204627000,3152XX,315250,False,True,True,both
6204628003,3152XX,315250,False,True,True,both
6204628006,3152XX,315250,False,True,True,both
6204628011,3152XX,315250,False,True,True,both
6204628014,3152XX,315250,False,True,True,both
6204628018,3152XX,315250,False,True,True,both
6204628021,3152XX,315250,False,True,True,both
6204628026,3152XX,315250,False,True,True,both
6204628031,3152XX,315250,False,True,True,both
6204628036,3152XX,315250,False,True,True,both
6204628041,3152XX,315250,False,True,True,both
6204628046,3152XX,315250,False,True,True,both
6204628051,3152XX,315250,False,True,True,both
6204628056,3152XX,315250,False,True,True,both
6204628061,3152XX,315250,False,True,True,both
6204628066,3152XX,315250,False,True,True,both
6204630100,3152XX,315250,False,True,True,both
6204630200,3152XX,315250,False,True,True,both
6204630305,3152XX,315250,False,True,True,both
6204630310,3152XX,315250,False,True,True,both
6204630325,3152XX,315250,False,True,True,both
6204630350,3152XX,315250,False,True,True,both
6204630810,3152XX,315250,False,True,True,both
6204630820,3152XX,315250,False,True,True,both
6204630910,3152XX,315250,False,True,True,both
6204630990,3152XX,315250,False,True,True,both
6204631110,3152XX,315250,False,True,True,both
6204631125,3152XX,315250,False,True,True,both
6204631130,3152XX,315250,False,True,True,both
6204631132,3152XX,315250,False,True,True,both
6204631135,3152XX,315250,False,True,True,both
6204631140,3152XX,315250,False,True,True,both
6204635000,3152XX,315250,False,True,True,both
6204635500,3152XX,315250,False,True,True,both
6204636005,3152XX,315250,False,True,True,both
6204636010,3152XX,315250,False,True,True,both
6204636025,3152XX,315250,False,True,True,both
6204636050,3152XX,315250,False,True,True,both
6204636500,3152XX,315250,False,True,True,both
6204637010,3152XX,315250,False,True,True,both
6204637020,3152XX,315250,False,True,True,both
6204637510,3152XX,315250,False,True,True,both
6204637590,3152XX,315250,False,True,True,both
6204639009,3152XX,315250,False,True,True,both
6204639010,3152XX,315250,False,True,True,both
6204639011,3152XX,315250,False,True,True,both
6204639025,3152XX,315250,False,True,True,both
6204639030,3152XX,315250,False,True,True,both
6204639032,3152XX,315250,False,True,True,both
6204639035,3152XX,315250,False,True,True,both
6204639040,3152XX,315250,False,True,True,both
6204690105,3152XX,315250,False,True,True,both
6204690110,3152XX,315250,False,True,True,both
6204690125,3152XX,315250,False,True,True,both
6204690150,3152XX,315250,False,True,True,both
6204690210,3152XX,315250,False,True,True,both
6204690220,3152XX,315250,False,True,True,both
6204690230,3152XX,315250,False,True,True,both
6204690310,3152XX,315250,False,True,True,both
6204690320,3152XX,315250,False,True,True,both
6204690330,3152XX,315250,False,True,True,both
6204690340,3152XX,315250,False,True,True,both
6204690350,3152XX,315250,False,True,True,both
6204690360,3152XX,315250,False,True,True,both
6204690410,3152XX,315250,False,True,True,both
6204690420,3152XX,315250,False,True,True,both
6204690510,3152XX,315250,False,True,True,both
6204690520,3152XX,315250,False,True,True,both
6204690530,3152XX,315250,False,True,True,both
6204690540,3152XX,315250,False,True,True,both
6204690550,3152XX,315250,False,True,True,both
6204690570,3152XX,315250,False,True,True,both
6204690610,3152XX,315250,False,True,True,both
6204690620,3152XX,315250,False,True,True,both
6204690630,3152XX,315250,False,True,True,both
6204690644,3152XX,315250,False,True,True,both
6204690646,3152XX,315250,False,True,True,both
6204690650,3152XX,315250,False,True,True,both
6204691505,3152XX,315250,False,True,True,both
6204691510,3152XX,315250,False,True,True,both
6204691525,3152XX,315250,False,True,True,both
6204691550,3152XX,315250,False,True,True,both
6204692210,3152XX,315250,False,True,True,both
6204692220,3152XX,315250,False,True,True,both
6204692230,3152XX,315250,False,True,True,both
6204692810,3152XX,315250,False,True,True,both
6204692820,3152XX,315250,False,True,True,both
6204692830,3152XX,315250,False,True,True,both
6204692840,3152XX,315250,False,True,True,both
6204692850,3152XX,315250,False,True,True,both
6204692860,3152XX,315250,False,True,True,both
6204694510,3152XX,315250,False,True,True,both
6204694520,3152XX,315250,False,True,True,both
6204696510,3152XX,315250,False,True,True,both
6204696520,3152XX,315250,False,True,True,both
6204696530,3152XX,315250,False,True,True,both
6204696540,3152XX,315250,False,True,True,both
6204696550,3152XX,315250,False,True,True,both
6204696570,3152XX,315250,False,True,True,both
6204698010,3152XX,315250,False,True,True,both
6204698020,3152XX,315250,False,True,True,both
6204698030,3152XX,315250,False,True,True,both
6204698044,3152XX,315250,False,True,True,both
6204698046,3152XX,315250,False,True,True,both
6204698050,3152XX,315250,False,True,True,both
6205201000,3152XX,315250,False,True,True,both
6205202003,3152XX,315250,False,True,True,both
6205202016,3152XX,315250,False,True,True,both
6205202021,3152XX,315250,False,True,True,both
6205202026,3152XX,315250,False,True,True,both
6205202031,3152XX,315250,False,True,True,both
6205202036,3152XX,315250,False,True,True,both
6205202041,3152XX,315250,False,True,True,both
6205202044,3152XX,315250,False,True,True,both
6205202047,3152XX,315250,False,True,True,both
6205202051,3152XX,315250,False,True,True,both
6205202056,3152XX,315250,False,True,True,both
6205202061,3152XX,315250,False,True,True,both
6205202063,3152XX,315250,False,True,True,both
6205202066,3152XX,315250,False,True,True,both
6205202067,3152XX,315250,False,True,True,both
6205202071,3152XX,315250,False,True,True,both
6205202076,3152XX,315250,False,True,True,both
6205301000,3152XX,315250,False,True,True,both
6205301510,3152XX,315250,False,True,True,both
6205301520,3152XX,315250,False,True,True,both
6205302010,3152XX,315250,False,True,True,both
6205302020,3152XX,315250,False,True,True,both
6205302030,3152XX,315250,False,True,True,both
6205302040,3152XX,315250,False,True,True,both
6205302050,3152XX,315250,False,True,True,both
6205302055,3152XX,315250,False,True,True,both
6205302060,3152XX,315250,False,True,True,both
6205302070,3152XX,315250,False,True,True,both
6205302071,3152XX,315250,False,True,True,both
6205302073,3152XX,315250,False,True,True,both
6205302075,3152XX,315250,False,True,True,both
6205302080,3152XX,315250,False,True,True,both
6205900500,3152XX,315250,False,True,True,both
6205900710,3152XX,315250,False,True,True,both
6205900720,3152XX,315250,False,True,True,both
6205901000,3152XX,315250,False,True,True,both
6205903010,3152XX,315250,False,True,True,both
6205903020,3152XX,315250,False,True,True,both
6205903030,3152XX,315250,False,True,True,both
6205903050,3152XX,315250,False,True,True,both
6205904010,3152XX,315250,False,True,True,both
6205904020,3152XX,315250,False,True,True,both
6205904030,3152XX,315250,False,True,True,both
6205904040,3152XX,315250,False,True,True,both
6206100010,3152XX,315250,False,True,True,both
6206100020,3152XX,315250,False,True,True,both
6206100030,3152XX,315250,False,True,True,both
6206100040,3152XX,315250,False,True,True,both
6206100050,3152XX,315250,False,True,True,both
6206201000,3152XX,315250,False,True,True,both
6206202010,3152XX,315250,False,True,True,both
6206202020,3152XX,315250,False,True,True,both
6206203010,3152XX,315250,False,True,True,both
6206203020,3152XX,315250,False,True,True,both
6206301000,3152XX,315250,False,True,True,both
6206302000,3152XX,315250,False,True,True,both
6206303003,3152XX,315250,False,True,True,both
6206303011,3152XX,315250,False,True,True,both
6206303021,3152XX,315250,False,True,True,both
6206303031,3152XX,315250,False,True,True,both
6206303041,3152XX,315250,False,True,True,both
6206303043,3152XX,315250,False,True,True,both
6206303045,3152XX,315250,False,True,True,both
6206303051,3152XX,315250,False,True,True,both
6206303061,3152XX,315250,False,True,True,both
6206401000,3152XX,315250,False,True,True,both
6206402000,3152XX,315250,False,True,True,both
6206402510,3152XX,315250,False,True,True,both
6206402520,3152XX,315250,False,True,True,both
6206403010,3152XX,315250,False,True,True,both
6206403020,3152XX,315250,False,True,True,both
6206403025,3152XX,315250,False,True,True,both
6206403030,3152XX,315250,False,True,True,both
6206403033,3152XX,315250,False,True,True,both
6206403035,3152XX,315250,False,True,True,both
6206403040,3152XX,315250,False,True,True,both
6206403050,3152XX,315250,False,True,True,both
6206900010,3152XX,315250,False,True,True,both
6206900020,3152XX,315250,False,True,True,both
6206900030,3152XX,315250,False,True,True,both
6206900040,3152XX,315250,False,True,True,both
6207110000,3152XX,315250,False,True,True,both
6207191000,3152XX,315250,False,True,True,both
6207199010,3152XX,315250,False,True,True,both
6207199030,3152XX,315250,False,True,True,both
6207210010,3152XX,315250,False,True,True,both
6207210020,3152XX,315250,False,True,True,both
6207210030,3152XX,315250,False,True,True,both
6207210040,3152XX,315250,False,True,True,both
6207220000,3152XX,315250,False,True,True,both
6207291000,3152XX,315250,False,True,True,both
6207299010,3152XX,315250,False,True,True,both
6207299030,3152XX,315250,False,True,True,both
6207911000,3152XX,315250,False,True,True,both
6207913010,3152XX,315250,False,True,True,both
6207913020,3152XX,315250,False,True,True,both
6207992000,3152XX,315250,False,True,True,both
6207994000,3152XX,315250,False,True,True,both
6207997010,3152XX,315250,False,True,True,both
6207997020,3152XX,315250,False,True,True,both
6207997030,3152XX,315250,False,True,True,both
6207997510,3152XX,315250,False,True,True,both
6207997520,3152XX,315250,False,True,True,both
6207998510,3152XX,315250,False,True,True,both
6207998520,3152XX,315250,False,True,True,both
6207999010,3152XX,315250,False,True,True,both
6207999040,3152XX,315250,False,True,True,both
6208110000,3152XX,315250,False,True,True,both
6208192000,3152XX,315250,False,True,True,both
6208195000,3152XX,315250,False,True,True,both
6208199000,3152XX,315250,False,True,True,both
6208210010,3152XX,315250,False,True,True,both
6208210020,3152XX,315250,False,True,True,both
6208210030,3152XX,315250,False,True,True,both
6208220000,3152XX,315250,False,True,True,both
6208291000,3152XX,315250,False,True,True,both
6208299010,3152XX,315250,False,True,True,both
6208299030,3152XX,315250,False,True,True,both
6208911010,3152XX,315250,False,True,True,both
6208911020,3152XX,315250,False,True,True,both
6208913010,3152XX,315250,False,True,True,both
6208913020,3152XX,315250,False,True,True,both
6208920010,3152XX,315250,False,True,True,both
6208920020,3152XX,315250,False,True,True,both
6208920030,3152XX,315250,False,True,True,both
6208920040,3152XX,315250,False,True,True,both
6208992010,3152XX,315250,False,True,True,both
6208992020,3152XX,315250,False,True,True,both
6208993010,3152XX,315250,False,True,True,both
6208993020,3152XX,315250,False,True,True,both
6208995010,3152XX,315250,False,True,True,both
6208995020,3152XX,315250,False,True,True,both
6208998010,3152XX,315250,False,True,True,both
6208998020,3152XX,315250,False,True,True,both
6209201000,3152XX,315250,False,True,True,both
6209202000,3152XX,315250,False,True,True,both
6209203000,3152XX,315250,False,True,True,both
6209205030,3152XX,315250,False,True,True,both
6209205035,3152XX,315250,False,True,True,both
6209205045,3152XX,315250,False,True,True,both
6209205050,3152XX,315250,False,True,True,both
6209301000,3152XX,315250,False,True,True,both
6209302000,3152XX,315250,False,True,True,both
6209303010,3152XX,315250,False,True,True,both
6209303020,3152XX,315250,False,True,True,both
6209303030,3152XX,315250,False,True,True,both
6209303040,3152XX,315250,False,True,True,both
6209900500,3152XX,315250,False,True,True,both
6209901000,3152XX,315250,False,True,True,both
6209902000,3152XX,315250,False,True,True,both
6209903010,3152XX,315250,False,True,True,both
6209903015,3152XX,315250,False,True,True,both
6209903020,3152XX,315250,False,True,True,both
6209903030,3152XX,315250,False,True,True,both
6209903040,3152XX,315250,False,True,True,both
6209905000,3152XX,315250,False,True,True,both
6209909000,3152XX,315250,False,True,True,both
6210102000,315990,315990,True,True,True,both
6210105010,3152XX,315250,False,True,True,both
6210105090,3152XX,315250,False,True,True,both
6210107000,322291,322291,True,True,True,both
6210109010,315990,315990,True,True,True,both
6210109040,315990,315990,True,True,True,both
6210203000,3152XX,315250,False,True,True,both
6210205010,3152XX,315250,False,True,True,both
6210205020,3152XX,315250,False,True,True,both
6210205029,3152XX,315250,False,True,True,both
6210207000,3152XX,315250,False,True,True,both
6210209010,3152XX,315250,False,True,True,both
6210209020,3152XX,315250,False,True,True,both
6210209030,3152XX,315250,False,True,True,both
6210209039,3152XX,315250,False,True,True,both
6210209040,3152XX,315250,False,True,True,both
6210209049,3152XX,315250,False,True,True,both
6210303000,3152XX,315250,False,True,True,both
6210305010,3152XX,315250,False,True,True,both
6210305020,3152XX,315250,False,True,True,both
6210305029,3152XX,315250,False,True,True,both
6210307000,3152XX,315250,False,True,True,both
6210309010,3152XX,315250,False,True,True,both
6210309020,3152XX,315250,False,True,True,both
6210309030,3152XX,315250,False,True,True,both
6210309039,3152XX,315250,False,True,True,both
6210309040,3152XX,315250,False,True,True,both
6210309049,3152XX,315250,False,True,True,both
6210401500,3152XX,315250,False,True,True,both
6210402531,3152XX,315250,False,True,True,both
6210402539,3152XX,315250,False,True,True,both
6210402540,3152XX,315250,False,True,True,both
6210402550,3152XX,315250,False,True,True,both
6210402800,3152XX,315250,False,True,True,both
6210402917,3152XX,315250,False,True,True,both
6210402918,3152XX,315250,False,True,True,both
6210402919,3152XX,315250,False,True,True,both
6210402933,3152XX,315250,False,True,True,both
6210402945,3152XX,315250,False,True,True,both
6210402960,3152XX,315250,False,True,True,both
6210403500,3152XX,315250,False,True,True,both
6210405531,3152XX,315250,False,True,True,both
6210405539,3152XX,315250,False,True,True,both
6210405540,3152XX,315250,False,True,True,both
6210405550,3152XX,315250,False,True,True,both
6210407500,3152XX,315250,False,True,True,both
6210408017,3152XX,315250,False,True,True,both
6210408018,3152XX,315250,False,True,True,both
6210408019,3152XX,315250,False,True,True,both
6210408033,3152XX,315250,False,True,True,both
6210408045,3152XX,315250,False,True,True,both
6210408060,3152XX,315250,False,True,True,both
6210500300,3152XX,315250,False,True,True,both
6210500531,3152XX,315250,False,True,True,both
6210500539,3152XX,315250,False,True,True,both
6210500540,3152XX,315250,False,True,True,both
6210500555,3152XX,315250,False,True,True,both
6210501200,3152XX,315250,False,True,True,both
6210502220,3152XX,315250,False,True,True,both
6210502230,3152XX,315250,False,True,True,both
6210502240,3152XX,315250,False,True,True,both
6210502260,3152XX,315250,False,True,True,both
6210502270,3152XX,315250,False,True,True,both
6210502290,3152XX,315250,False,True,True,both
6210503500,3152XX,315250,False,True,True,both
6210505531,3152XX,315250,False,True,True,both
6210505539,3152XX,315250,False,True,True,both
6210505540,3152XX,315250,False,True,True,both
6210505555,3152XX,315250,False,True,True,both
6210507500,3152XX,315250,False,True,True,both
6210508020,3152XX,315250,False,True,True,both
6210508030,3152XX,315250,False,True,True,both
6210508040,3152XX,315250,False,True,True,both
6210508060,3152XX,315250,False,True,True,both
6210508070,3152XX,315250,False,True,True,both
6210508090,3152XX,315250,False,True,True,both
6211111010,3152XX,315250,False,True,True,both
6211111020,3152XX,315250,False,True,True,both
6211114000,3152XX,315250,False,True,True,both
6211118010,3152XX,315250,False,True,True,both
6211118020,3152XX,315250,False,True,True,both
6211118040,3152XX,315250,False,True,True,both
6211121010,3152XX,315250,False,True,True,both
6211121020,3152XX,315250,False,True,True,both
6211124000,3152XX,315250,False,True,True,both
6211128010,3152XX,315250,False,True,True,both
6211128020,3152XX,315250,False,True,True,both
6211128030,3152XX,315250,False,True,True,both
6211200410,3152XX,315250,False,True,True,both
6211200420,3152XX,315250,False,True,True,both
6211200430,3152XX,315250,False,True,True,both
6211200440,3152XX,315250,False,True,True,both
6211200810,3152XX,315250,False,True,True,both
6211200820,3152XX,315250,False,True,True,both
6211201510,3152XX,315250,False,True,True,both
6211201515,3152XX,315250,False,True,True,both
6211201520,3152XX,315250,False,True,True,both
6211201525,3152XX,315250,False,True,True,both
6211201530,3152XX,315250,False,True,True,both
6211201535,3152XX,315250,False,True,True,both
6211201540,3152XX,315250,False,True,True,both
6211201545,3152XX,315250,False,True,True,both
6211201550,3152XX,315250,False,True,True,both
6211201555,3152XX,315250,False,True,True,both
6211201560,3152XX,315250,False,True,True,both
6211201565,3152XX,315250,False,True,True,both
6211202400,3152XX,315250,False,True,True,both
6211202810,3152XX,315250,False,True,True,both
6211202820,3152XX,315250,False,True,True,both
6211202830,3152XX,315250,False,True,True,both
6211203400,3152XX,315250,False,True,True,both
6211203810,3152XX,315250,False,True,True,both
6211203820,3152XX,315250,False,True,True,both
6211203830,3152XX,315250,False,True,True,both
6211204400,3152XX,315250,False,True,True,both
6211204815,3152XX,315250,False,True,True,both
6211204835,3152XX,315250,False,True,True,both
6211204860,3152XX,315250,False,True,True,both
6211205400,3152XX,315250,False,True,True,both
6211205810,3152XX,315250,False,True,True,both
6211205820,3152XX,315250,False,True,True,both
6211205830,3152XX,315250,False,True,True,both
6211206400,3152XX,315250,False,True,True,both
6211206810,3152XX,315250,False,True,True,both
6211206820,3152XX,315250,False,True,True,both
6211206830,3152XX,315250,False,True,True,both
6211207400,3152XX,315250,False,True,True,both
6211207810,3152XX,315250,False,True,True,both
6211207820,3152XX,315250,False,True,True,both
6211207830,3152XX,315250,False,True,True,both
6211325003,3152XX,315250,False,True,True,both
6211325007,3152XX,315250,False,True,True,both
6211325010,3152XX,315250,False,True,True,both
6211325015,3152XX,315250,False,True,True,both
6211325025,3152XX,315250,False,True,True,both
6211325030,3152XX,315250,False,True,True,both
6211325040,3152XX,315250,False,True,True,both
6211325050,3152XX,315250,False,True,True,both
6211325060,3152XX,315250,False,True,True,both
6211325070,3152XX,315250,False,True,True,both
6211325075,3152XX,315250,False,True,True,both
6211325081,3152XX,315250,False,True,True,both
6211329003,3152XX,315250,False,True,True,both
6211329007,3152XX,315250,False,True,True,both
6211329010,3152XX,315250,False,True,True,both
6211329015,3152XX,315250,False,True,True,both
6211329025,3152XX,315250,False,True,True,both
6211329030,3152XX,315250,False,True,True,both
6211329040,3152XX,315250,False,True,True,both
6211329050,3152XX,315250,False,True,True,both
6211329060,3152XX,315250,False,True,True,both
6211329070,3152XX,315250,False,True,True,both
6211329075,3152XX,315250,False,True,True,both
6211329081,3152XX,315250,False,True,True,both
6211335003,3152XX,315250,False,True,True,both
6211335007,3152XX,315250,False,True,True,both
6211335010,3152XX,315250,False,True,True,both
6211335015,3152XX,315250,False,True,True,both
6211335017,3152XX,315250,False,True,True,both
6211335025,3152XX,315250,False,True,True,both
6211335030,3152XX,315250,False,True,True,both
6211335035,3152XX,315250,False,True,True,both
6211335040,3152XX,315250,False,True,True,both
6211335052,3152XX,315250,False,True,True,both
6211335054,3152XX,315250,False,True,True,both
6211335058,3152XX,315250,False,True,True,both
6211335061,3152XX,315250,False,True,True,both
6211339003,3152XX,315250,False,True,True,both
6211339007,3152XX,315250,False,True,True,both
6211339010,3152XX,315250,False,True,True,both
6211339015,3152XX,315250,False,True,True,both
6211339017,3152XX,315250,False,True,True,both
6211339025,3152XX,315250,False,True,True,both
6211339030,3152XX,315250,False,True,True,both
6211339035,3152XX,315250,False,True,True,both
6211339040,3152XX,315250,False,True,True,both
6211339042,3152XX,315250,False,True,True,both
6211339044,3152XX,315250,False,True,True,both
6211339052,3152XX,315250,False,True,True,both
6211339054,3152XX,315250,False,True,True,both
6211339058,3152XX,315250,False,True,True,both
6211339061,3152XX,315250,False,True,True,both
6211390310,3152XX,315250,False,True,True,both
6211390320,3152XX,315250,False,True,True,both
6211390330,3152XX,315250,False,True,True,both
6211390340,3152XX,315250,False,True,True,both
6211390345,3152XX,315250,False,True,True,both
6211390351,3152XX,315250,False,True,True,both
6211390710,3152XX,315250,False,True,True,both
6211390720,3152XX,315250,False,True,True,both
6211390730,3152XX,315250,False,True,True,both
6211390740,3152XX,315250,False,True,True,both
6211390750,3152XX,315250,False,True,True,both
6211390760,3152XX,315250,False,True,True,both
6211390770,3152XX,315250,False,True,True,both
6211390790,3152XX,315250,False,True,True,both
6211391510,3152XX,315250,False,True,True,both
6211391520,3152XX,315250,False,True,True,both
6211391530,3152XX,315250,False,True,True,both
6211391540,3152XX,315250,False,True,True,both
6211391550,3152XX,315250,False,True,True,both
6211391560,3152XX,315250,False,True,True,both
6211391570,3152XX,315250,False,True,True,both
6211391590,3152XX,315250,False,True,True,both
6211393010,3152XX,315250,False,True,True,both
6211393020,3152XX,315250,False,True,True,both
6211393030,3152XX,315250,False,True,True,both
6211393040,3152XX,315250,False,True,True,both
6211393045,3152XX,315250,False,True,True,both
6211393051,3152XX,315250,False,True,True,both
6211396010,3152XX,315250,False,True,True,both
6211396020,3152XX,315250,False,True,True,both
6211396030,3152XX,315250,False,True,True,both
6211396040,3152XX,315250,False,True,True,both
6211396050,3152XX,315250,False,True,True,both
6211396060,3152XX,315250,False,True,True,both
6211396070,3152XX,315250,False,True,True,both
6211396090,3152XX,315250,False,True,True,both
6211398010,3152XX,315250,False,True,True,both
6211398020,3152XX,315250,False,True,True,both
6211398030,3152XX,315250,False,True,True,both
6211398040,3152XX,315250,False,True,True,both
6211398050,3152XX,315250,False,True,True,both
6211398060,3152XX,315250,False,True,True,both
6211398070,3152XX,315250,False,True,True,both
6211398090,3152XX,315250,False,True,True,both
6211420503,3152XX,315250,False,True,True,both
6211420507,3152XX,315250,False,True,True,both
6211420510,3152XX,315250,False,True,True,both
6211420520,3152XX,315250,False,True,True,both
6211420525,3152XX,315250,False,True,True,both
6211420530,3152XX,315250,False,True,True,both
6211420540,3152XX,315250,False,True,True,both
6211420554,3152XX,315250,False,True,True,both
6211420556,3152XX,315250,False,True,True,both
6211420560,3152XX,315250,False,True,True,both
6211420570,3152XX,315250,False,True,True,both
6211420575,3152XX,315250,False,True,True,both
6211420581,3152XX,315250,False,True,True,both
6211421003,3152XX,315250,False,True,True,both
6211421007,3152XX,315250,False,True,True,both
6211421010,3152XX,315250,False,True,True,both
6211421020,3152XX,315250,False,True,True,both
6211421025,3152XX,315250,False,True,True,both
6211421030,3152XX,315250,False,True,True,both
6211421040,3152XX,315250,False,True,True,both
6211421054,3152XX,315250,False,True,True,both
6211421056,3152XX,315250,False,True,True,both
6211421060,3152XX,315250,False,True,True,both
6211421070,3152XX,315250,False,True,True,both
6211421075,3152XX,315250,False,True,True,both
6211421081,3152XX,315250,False,True,True,both
6211421082,3152XX,315250,False,True,True,both
6211421088,3152XX,315250,False,True,True,both
6211421092,3152XX,315250,False,True,True,both
6211430503,3152XX,315250,False,True,True,both
6211430507,3152XX,315250,False,True,True,both
6211430510,3152XX,315250,False,True,True,both
6211430520,3152XX,315250,False,True,True,both
6211430530,3152XX,315250,False,True,True,both
6211430540,3152XX,315250,False,True,True,both
6211430550,3152XX,315250,False,True,True,both
6211430560,3152XX,315250,False,True,True,both
6211430564,3152XX,315250,False,True,True,both
6211430566,3152XX,315250,False,True,True,both
6211430574,3152XX,315250,False,True,True,both
6211430576,3152XX,315250,False,True,True,both
6211430578,3152XX,315250,False,True,True,both
6211430591,3152XX,315250,False,True,True,both
6211431003,3152XX,315250,False,True,True,both
6211431007,3152XX,315250,False,True,True,both
6211431010,3152XX,315250,False,True,True,both
6211431020,3152XX,315250,False,True,True,both
6211431030,3152XX,315250,False,True,True,both
6211431040,3152XX,315250,False,True,True,both
6211431050,3152XX,315250,False,True,True,both
6211431059,3152XX,315250,False,True,True,both
6211431060,3152XX,315250,False,True,True,both
6211431062,3152XX,315250,False,True,True,both
6211431064,3152XX,315250,False,True,True,both
6211431066,3152XX,315250,False,True,True,both
6211431074,3152XX,315250,False,True,True,both
6211431076,3152XX,315250,False,True,True,both
6211431078,3152XX,315250,False,True,True,both
6211431082,3152XX,315250,False,True,True,both
6211431088,3152XX,315250,False,True,True,both
6211431091,3152XX,315250,False,True,True,both
6211431092,3152XX,315250,False,True,True,both
6211490310,3152XX,315250,False,True,True,both
6211490320,3152XX,315250,False,True,True,both
6211490330,3152XX,315250,False,True,True,both
6211490340,3152XX,315250,False,True,True,both
6211490350,3152XX,315250,False,True,True,both
6211490360,3152XX,315250,False,True,True,both
6211490370,3152XX,315250,False,True,True,both
6211490380,3152XX,315250,False,True,True,both
6211490390,3152XX,315250,False,True,True,both
6211491510,3152XX,315250,False,True,True,both
6211491520,3152XX,315250,False,True,True,both
6211491530,3152XX,315250,False,True,True,both
6211491540,3152XX,315250,False,True,True,both
6211491550,3152XX,315250,False,True,True,both
6211491555,3152XX,315250,False,True,True,both
6211491561,3152XX,315250,False,True,True,both
6211492510,3152XX,315250,False,True,True,both
6211492520,3152XX,315250,False,True,True,both
6211492530,3152XX,315250,False,True,True,both
6211492540,3152XX,315250,False,True,True,both
6211492550,3152XX,315250,False,True,True,both
6211492560,3152XX,315250,False,True,True,both
6211492570,3152XX,315250,False,True,True,both
6211492580,3152XX,315250,False,True,True,both
6211492590,3152XX,315250,False,True,True,both
6211495010,3152XX,315250,False,True,True,both
6211495020,3152XX,315250,False,True,True,both
6211495030,3152XX,315250,False,True,True,both
6211495040,3152XX,315250,False,True,True,both
6211495050,3152XX,315250,False,True,True,both
6211495060,3152XX,315250,False,True,True,both
6211495070,3152XX,315250,False,True,True,both
6211495080,3152XX,315250,False,True,True,both
6211495090,3152XX,315250,False,True,True,both
6211496010,3152XX,315250,False,True,True,both
6211496020,3152XX,315250,False,True,True,both
6211496030,3152XX,315250,False,True,True,both
6211496040,3152XX,315250,False,True,True,both
6211496050,3152XX,315250,False,True,True,both
6211496055,3152XX,315250,False,True,True,both
6211496061,3152XX,315250,False,True,True,both
6211498010,3152XX,315250,False,True,True,both
6211498020,3152XX,315250,False,True,True,both
6211498030,3152XX,315250,False,True,True,both
6211498040,3152XX,315250,False,True,True,both
6211498050,3152XX,315250,False,True,True,both
6211498060,3152XX,315250,False,True,True,both
6211498070,3152XX,315250,False,True,True,both
6211498080,3152XX,315250,False,True,True,both
6211498090,3152XX,315250,False,True,True,both
6212103000,3152XX,315250,False,True,True,both
6212105010,3152XX,315250,False,True,True,both
6212105020,3152XX,315250,False,True,True,both
6212105030,3152XX,315250,False,True,True,both
6212107000,3152XX,315250,False,True,True,both
6212109010,3152XX,315250,False,True,True,both
6212109020,3152XX,315250,False,True,True,both
6212109040,3152XX,315250,False,True,True,both
6212200010,3152XX,315250,False,True,True,both
6212200020,3152XX,315250,False,True,True,both
6212200030,3152XX,315250,False,True,True,both
6212300010,3152XX,315250,False,True,True,both
6212300020,3152XX,315250,False,True,True,both
6212300030,3152XX,315250,False,True,True,both
6212900010,315990,315990,True,True,True,both
6212900020,315990,315990,True,True,True,both
6212900030,315990,315990,True,True,True,both
6212900050,315990,315990,True,True,True,both
6212900090,315990,315990,True,True,True,both
6213201000,315990,315990,True,True,True,both
6213202000,315990,315990,True,True,True,both
6213900500,315990,315990,True,True,True,both
6213900700,315990,315990,True,True,True,both
6213901000,315990,315990,True,True,True,both
6213902000,315990,315990,True,True,True,both
6214101000,315990,315990,True,True,True,both
6214102000,315990,315990,True,True,True,both
6214200000,315990,315990,True,True,True,both
6214300000,315990,315990,True,True,True,both
6214400000,315990,315990,True,True,True,both
6214900010,315990,315990,True,True,True,both
6214900090,315990,315990,True,True,True,both
6215100025,315990,315990,True,True,True,both
6215100040,315990,315990,True,True,True,both
6215100090,315990,315990,True,True,True,both
6215200000,315990,315990,True,True,True,both
6215900010,315990,315990,True,True,True,both
6215900015,315990,315990,True,True,True,both
6215900020,315990,315990,True,True,True,both
6216000500,339920,339920,True,True,True,both
6216000800,339920,339920,True,True,True,both
6216001300,3152XX,315250,False,True,True,both
6216001720,315990,315990,True,True,True,both
6216001730,315990,315990,True,True,True,both
6216001740,315990,315990,True,True,True,both
6216001900,3152XX,315250,False,True,True,both
6216002110,315990,315990,True,True,True,both
6216002120,315990,315990,True,True,True,both
6216002130,315990,315990,True,True,True,both
6216002410,315990,315990,True,True,True,both
6216002425,315990,315990,True,True,True,both
6216002430,315990,315990,True,True,True,both
6216002600,315990,315990,True,True,True,both
6216002910,315990,315990,True,True,True,both
6216002925,315990,315990,True,True,True,both
6216002930,315990,315990,True,True,True,both
6216003100,315990,315990,True,True,True,both
6216003300,339920,339920,True,True,True,both
6216003500,339920,339920,True,True,True,both
6216003800,315990,315990,True,True,True,both
6216004100,315990,315990,True,True,True,both
6216004300,339920,339920,True,True,True,both
6216004600,339920,339920,True,True,True,both
6216005410,315990,315990,True,True,True,both
6216005420,315990,315990,True,True,True,both
6216005810,315990,315990,True,True,True,both
6216005820,315990,315990,True,True,True,both
6216008000,315990,315990,True,True,True,both
6216009000,315990,315990,True,True,True,both
6217101010,315990,315990,True,True,True,both
6217101090,315990,315990,True,True,True,both
6217108500,315990,315990,True,True,True,both
6217109510,315990,315990,True,True,True,both
6217109520,315990,315990,True,True,True,both
6217109530,315990,315990,True,True,True,both
6217109550,315990,315990,True,True,True,both
6217901010,315990,315990,True,True,True,both
6217901020,315990,315990,True,True,True,both
6217901030,315990,315990,True,True,True,both
6217901060,315990,315990,True,True,True,both
6217909003,315990,315990,True,True,True,both
6217909005,315990,315990,True,True,True,both
6217909010,315990,315990,True,True,True,both
6217909020,315990,315990,True,True,True,both
6217909025,315990,315990,True,True,True,both
6217909030,315990,315990,True,True,True,both
6217909035,315990,315990,True,True,True,both
6217909045,315990,315990,True,True,True,both
6217909050,315990,315990,True,True,True,both
6217909055,315990,315990,True,True,True,both
6217909060,315990,315990,True,True,True,both
6217909070,315990,315990,True,True,True,both
6217909075,315990,315990,True,True,True,both
6217909080,315990,315990,True,True,True,both
6217909085,315990,315990,True,True,True,both
6217909095,315990,315990,True,True,True,both
6301100000,335210,335210,True,True,True,both
6301200010,314120,314120,True,True,True,both
6301200020,314120,314120,True,True,True,both
6301300010,314120,314120,True,True,True,both
6301300020,314120,314120,True,True,True,both
6301400010,314120,314120,True,True,True,both
6301400020,314120,314120,True,True,True,both
6301900010,314120,314120,True,True,True,both
6301900020,314120,314120,True,True,True,both
6301900030,314120,314120,True,True,True,both
6302100005,314120,314120,True,True,True,both
6302100008,314120,314120,True,True,True,both
6302100015,314120,314120,True,True,True,both
6302100020,314120,314120,True,True,True,both
6302213010,314120,314120,True,True,True,both
6302213020,314120,314120,True,True,True,both
6302213030,314120,314120,True,True,True,both
6302213040,314120,314120,True,True,True,both
6302213050,314120,314120,True,True,True,both
6302215010,314120,314120,True,True,True,both
6302215020,314120,314120,True,True,True,both
6302215030,314120,314120,True,True,True,both
6302215040,314120,314120,True,True,True,both
6302215050,314120,314120,True,True,True,both
6302217010,314120,314120,True,True,True,both
6302217020,314120,314120,True,True,True,both
6302217030,314120,314120,True,True,True,both
6302217040,314120,314120,True,True,True,both
6302217050,314120,314120,True,True,True,both
6302219010,314120,314120,True,True,True,both
6302219020,314120,314120,True,True,True,both
6302219030,314120,314120,True,True,True,both
6302219040,314120,314120,True,True,True,both
6302219050,314120,314120,True,True,True,both
6302221010,314120,314120,True,True,True,both
6302221020,314120,314120,True,True,True,both
6302221030,314120,314120,True,True,True,both
6302221040,314120,314120,True,True,True,both
6302221050,314120,314120,True,True,True,both
6302221060,314120,314120,True,True,True,both
6302222010,314120,314120,True,True,True,both
6302222020,314120,314120,True,True,True,both
6302222030,314120,314120,True,True,True,both
6302290010,314120,314120,True,True,True,both
6302290020,314120,314120,True,True,True,both
6302313010,314120,314120,True,True,True,both
6302313020,314120,314120,True,True,True,both
6302313030,314120,314120,True,True,True,both
6302313040,314120,314120,True,True,True,both
6302313050,314120,314120,True,True,True,both
6302315010,314120,314120,True,True,True,both
6302315020,314120,314120,True,True,True,both
6302315030,314120,314120,True,True,True,both
6302315040,314120,314120,True,True,True,both
6302315050,314120,314120,True,True,True,both
6302317010,314120,314120,True,True,True,both
6302317020,314120,314120,True,True,True,both
6302317030,314120,314120,True,True,True,both
6302317040,314120,314120,True,True,True,both
6302317050,314120,314120,True,True,True,both
6302319010,314120,314120,True,True,True,both
6302319020,314120,314120,True,True,True,both
6302319030,314120,314120,True,True,True,both
6302319040,314120,314120,True,True,True,both
6302319050,314120,314120,True,True,True,both
6302321010,314120,314120,True,True,True,both
6302321020,314120,314120,True,True,True,both
6302321030,314120,314120,True,True,True,both
6302321040,314120,314120,True,True,True,both
6302321050,314120,314120,True,True,True,both
6302321060,314120,314120,True,True,True,both
6302322010,314120,314120,True,True,True,both
6302322020,314120,314120,True,True,True,both
6302322030,314120,314120,True,True,True,both
6302322040,314120,314120,True,True,True,both
6302322050,314120,314120,True,True,True,both
6302322060,314120,314120,True,True,True,both
6302390010,314120,314120,True,True,True,both
6302390020,314120,314120,True,True,True,both
6302390030,314120,314120,True,True,True,both
6302401000,314120,314120,True,True,True,both
6302402010,314120,314120,True,True,True,both
6302402020,314120,314120,True,True,True,both
6302511000,314120,314120,True,True,True,both
6302512000,314120,314120,True,True,True,both
6302513000,314120,314120,True,True,True,both
6302514000,314120,314120,True,True,True,both
6302530010,314120,314120,True,True,True,both
6302530020,314120,314120,True,True,True,both
6302530030,314120,314120,True,True,True,both
6302591010,314120,314120,True,True,True,both
6302591020,314120,314120,True,True,True,both
6302592000,314120,314120,True,True,True,both
6302593010,314120,314120,True,True,True,both
6302593020,314120,314120,True,True,True,both
6302600010,314120,314120,True,True,True,both
6302600020,314120,314120,True,True,True,both
6302600030,314120,314120,True,True,True,both
6302910005,314120,314120,True,True,True,both
6302910015,314120,314120,True,True,True,both
6302910025,314120,314120,True,True,True,both
6302910035,314120,314120,True,True,True,both
6302910045,314120,314120,True,True,True,both
6302910050,314120,314120,True,True,True,both
6302910060,314120,314120,True,True,True,both
6302931000,314120,314120,True,True,True,both
6302932000,314120,314120,True,True,True,both
6302991000,314120,314120,True,True,True,both
6302991510,314120,314120,True,True,True,both
6302991520,314120,314120,True,True,True,both
6302992000,314120,314120,True,True,True,both
6303120010,337920,337920,True,True,True,both
6303120090,314120,314120,True,True,True,both
6303191100,314120,314120,True,True,True,both
6303192110,314120,314120,True,True,True,both
6303192120,314120,314120,True,True,True,both
6303910010,314120,314120,True,True,True,both
6303910020,337920,337920,True,True,True,both
6303921000,314120,314120,True,True,True,both
6303922010,314120,314120,True,True,True,both
6303922030,337920,337920,True,True,True,both
6303922050,314120,314120,True,True,True,both
6303990010,314120,314120,True,True,True,both
6303990030,314120,314120,True,True,True,both
6303990060,314120,314120,True,True,True,both
6304111000,314120,314120,True,True,True,both
6304112000,314120,314120,True,True,True,both
6304113000,314120,314120,True,True,True,both
6304190500,314120,314120,True,True,True,both
6304191000,314120,314120,True,True,True,both
6304191500,314120,314120,True,True,True,both
6304192000,314120,314120,True,True,True,both
6304193030,314120,314120,True,True,True,both
6304193040,314120,314120,True,True,True,both
6304193060,314120,314120,True,True,True,both
6304200020,314120,314120,True,True,True,both
6304200040,314120,314120,True,True,True,both
6304200050,314120,314120,True,True,True,both
6304200060,314120,314120,True,True,True,both
6304200070,314120,314120,True,True,True,both
6304910120,314120,314120,True,True,True,both
6304910140,314120,314120,True,True,True,both
6304910150,314120,314120,True,True,True,both
6304910160,314120,314120,True,True,True,both
6304910170,314120,314120,True,True,True,both
6304920000,314120,314120,True,True,True,both
6304930000,314120,314120,True,True,True,both
6304991000,314120,314120,True,True,True,both
6304991500,314120,314120,True,True,True,both
6304992500,314120,314120,True,True,True,both
6304993500,314120,314120,True,True,True,both
6304994000,314120,314120,True,True,True,both
6304996010,314120,314120,True,True,True,both
6304996020,314120,314120,True,True,True,both
6304996030,314120,314120,True,True,True,both
6304996040,314120,314120,True,True,True,both
6305100000,314910,314910,True,True,True,both
6305200000,314910,314910,True,True,True,both
6305320010,314910,314910,True,True,True,both
6305320020,314910,314910,True,True,True,both
6305330010,314910,314910,True,True,True,both
6305330040,314910,314910,True,True,True,both
6305330060,314910,314910,True,True,True,both
6305330080,314910,314910,True,True,True,both
6305390000,314910,314910,True,True,True,both
6305900000,314910,314910,True,True,True,both
6306120000,314910,314910,True,True,True,both
6306191100,314910,314910,True,True,True,both
6306192110,314910,314910,True,True,True,both
6306192120,314910,314910,True,True,True,both
6306221000,314910,314910,True,True,True,both
6306229010,314910,314910,True,True,True,both
6306229030,314910,314910,True,True,True,both
6306291100,314910,314910,True,True,True,both
6306292100,314910,314910,True,True,True,both
6306300010,314910,314910,True,True,True,both
6306300020,314910,314910,True,True,True,both
6306404100,3261XX,326199,False,True,True,both
6306404900,3261XX,326199,False,True,True,both
6306901000,314910,314910,True,True,True,both
6306905000,314910,314910,True,True,True,both
6307101020,314120,314120,True,True,True,both
6307101090,314120,314120,True,True,True,both
6307102005,314999,314999,True,True,True,both
6307102015,314999,314999,True,True,True,both
6307102027,314120,314120,True,True,True,both
6307102028,314120,314120,True,True,True,both
6307102030,314120,314120,True,True,True,both
6307200000,339113,339113,True,True,True,both
6307903010,313220,313220,True,True,True,both
6307903020,313220,313220,True,True,True,both
6307904010,313220,313220,True,True,True,both
6307904020,313220,313220,True,True,True,both
6307905010,313220,313220,True,True,True,both
6307905020,313220,313220,True,True,True,both
6307906010,339113,339113,True,True,True,both
6307906090,339113,339113,True,True,True,both
6307906800,339113,339113,True,True,True,both
6307907200,339113,339113,True,True,True,both
6307907500,314999,314999,True,True,True,both
6307908500,314999,314999,True,True,True,both
6307908910,314120,314120,True,True,True,both
6307908940,314120,314120,True,True,True,both
6307908945,314120,314120,True,True,True,both
6307908950,314120,314120,True,True,True,both
6307908985,314120,314120,True,True,True,both
6307908995,314120,314120,True,True,True,both
6307909825,314999,314999,True,True,True,both
6307909835,314999,314999,True,True,True,both
6307909842,314999,314999,True,True,True,both
6307909844,314999,314999,True,True,True,both
6307909850,314999,314999,True,True,True,both
6307909870,314999,314999,True,True,True,both
6307909875,314999,314999,True,True,True,both
6307909882,314120,314120,True,True,True,both
6307909884,314120,314120,True,True,True,both
6307909885,314999,314999,True,True,True,both
6307909887,314999,314999,True,True,True,both
6307909891,314999,314999,True,True,True,both
6308000010,339930,339930,True,True,True,both
6308000020,339930,339930,True,True,True,both
6309000010,930000,930000,True,True,True,both
6309000020,930000,930000,True,True,True,both
6310101000,910000,910000,True,True,True,both
6310102010,910000,910000,True,True,True,both
6310102020,910000,910000,True,True,True,both
6310102030,910000,910000,True,True,True,both
6310901000,910000,910000,True,True,True,both
6310902000,910000,910000,True,True,True,both
6401100000,316210,316210,True,True,True,both
6401923000,316210,316210,True,True,True,both
6401926000,316210,316210,True,True,True,both
6401929030,316210,316210,True,True,True,both
6401929060,316210,316210,True,True,True,both
6401991000,316210,316210,True,True,True,both
6401993000,316210,316210,True,True,True,both
6401996000,316210,316210,True,True,True,both
6401998000,316210,316210,True,True,True,both
6401999000,316210,316210,True,True,True,both
6402120000,316210,316210,True,True,True,both
6402190530,316210,316210,True,True,True,both
6402190560,316210,316210,True,True,True,both
6402190590,316210,316210,True,True,True,both
6402191520,316210,316210,True,True,True,both
6402191541,316210,316210,True,True,True,both
6402191561,316210,316210,True,True,True,both
6402193031,316210,316210,True,True,True,both
6402193061,316210,316210,True,True,True,both
6402195031,316210,316210,True,True,True,both
6402195061,316210,316210,True,True,True,both
6402197031,316210,316210,True,True,True,both
6402197061,316210,316210,True,True,True,both
6402199031,316210,316210,True,True,True,both
6402199061,316210,316210,True,True,True,both
6402200000,316210,316210,True,True,True,both
6402910500,316210,316210,True,True,True,both
6402911000,316210,316210,True,True,True,both
6402911600,316210,316210,True,True,True,both
6402912000,316210,316210,True,True,True,both
6402912600,316210,316210,True,True,True,both
6402913000,316210,316210,True,True,True,both
6402914005,316210,316210,True,True,True,both
6402914010,316210,316210,True,True,True,both
6402914040,316210,316210,True,True,True,both
6402914050,316210,316210,True,True,True,both
6402914063,316210,316210,True,True,True,both
6402914067,316210,316210,True,True,True,both
6402914230,316210,316210,True,True,True,both
6402914260,316210,316210,True,True,True,both
6402914290,316210,316210,True,True,True,both
6402915010,316210,316210,True,True,True,both
6402915020,316210,316210,True,True,True,both
6402915045,316210,316210,True,True,True,both
6402915050,316210,316210,True,True,True,both
6402915090,316210,316210,True,True,True,both
6402916030,316210,316210,True,True,True,both
6402916060,316210,316210,True,True,True,both
6402916090,316210,316210,True,True,True,both
6402917030,316210,316210,True,True,True,both
6402917060,316210,316210,True,True,True,both
6402917090,316210,316210,True,True,True,both
6402918005,316210,316210,True,True,True,both
6402918010,316210,316210,True,True,True,both
6402918021,316210,316210,True,True,True,both
6402918045,316210,316210,True,True,True,both
6402918051,316210,316210,True,True,True,both
6402918091,316210,316210,True,True,True,both
6402919005,316210,316210,True,True,True,both
6402919010,316210,316210,True,True,True,both
6402919035,316210,316210,True,True,True,both
6402919045,316210,316210,True,True,True,both
6402919065,316210,316210,True,True,True,both
6402919095,316210,316210,True,True,True,both
6402990400,316210,316210,True,True,True,both
6402990800,316210,316210,True,True,True,both
6402991200,316210,316210,True,True,True,both
6402991600,316210,316210,True,True,True,both
6402991900,316210,316210,True,True,True,both
6402992100,316210,316210,True,True,True,both
6402992330,316210,316210,True,True,True,both
6402992360,316210,316210,True,True,True,both
6402992390,316210,316210,True,True,True,both
6402992530,316210,316210,True,True,True,both
6402992560,316210,316210,True,True,True,both
6402992590,316210,316210,True,True,True,both
6402992730,316210,316210,True,True,True,both
6402992760,316210,316210,True,True,True,both
6402992790,316210,316210,True,True,True,both
6402993110,316210,316210,True,True,True,both
6402993115,316210,316210,True,True,True,both
6402993135,316210,316210,True,True,True,both
6402993145,316210,316210,True,True,True,both
6402993155,316210,316210,True,True,True,both
6402993165,316210,316210,True,True,True,both
6402993173,316210,316210,True,True,True,both
6402993177,316210,316210,True,True,True,both
6402993230,316210,316210,True,True,True,both
6402993260,316210,316210,True,True,True,both
6402993290,316210,316210,True,True,True,both
6402993310,316210,316210,True,True,True,both
6402993320,316210,316210,True,True,True,both
6402993345,316210,316210,True,True,True,both
6402993350,316210,316210,True,True,True,both
6402993390,316210,316210,True,True,True,both
6402994100,316210,316210,True,True,True,both
6402994920,316210,316210,True,True,True,both
6402994940,316210,316210,True,True,True,both
6402994960,316210,316210,True,True,True,both
6402994980,316210,316210,True,True,True,both
6402996100,316210,316210,True,True,True,both
6402996915,316210,316210,True,True,True,both
6402996930,316210,316210,True,True,True,both
6402996960,316210,316210,True,True,True,both
6402996990,316210,316210,True,True,True,both
6402997100,316210,316210,True,True,True,both
6402997915,316210,316210,True,True,True,both
6402997930,316210,316210,True,True,True,both
6402997960,316210,316210,True,True,True,both
6402997990,316210,316210,True,True,True,both
6402998005,316210,316210,True,True,True,both
6402998031,316210,316210,True,True,True,both
6402998061,316210,316210,True,True,True,both
6402998091,316210,316210,True,True,True,both
6402999005,316210,316210,True,True,True,both
6402999035,316210,316210,True,True,True,both
6402999065,316210,316210,True,True,True,both
6402999095,316210,316210,True,True,True,both
6403123000,316210,316210,True,True,True,both
6403126000,316210,316210,True,True,True,both
6403191000,316210,316210,True,True,True,both
6403192000,316210,316210,True,True,True,both
6403193030,316210,316210,True,True,True,both
6403193090,316210,316210,True,True,True,both
6403194030,316210,316210,True,True,True,both
6403194090,316210,316210,True,True,True,both
6403195031,316210,316210,True,True,True,both
6403195061,316210,316210,True,True,True,both
6403195091,316210,316210,True,True,True,both
6403197031,316210,316210,True,True,True,both
6403197061,316210,316210,True,True,True,both
6403197091,316210,316210,True,True,True,both
6403200000,316210,316210,True,True,True,both
6403403030,316210,316210,True,True,True,both
6403403090,316210,316210,True,True,True,both
6403406000,316210,316210,True,True,True,both
6403511100,316210,316210,True,True,True,both
6403513015,316210,316210,True,True,True,both
6403513030,316210,316210,True,True,True,both
6403513060,316210,316210,True,True,True,both
6403513071,316210,316210,True,True,True,both
6403516015,316210,316210,True,True,True,both
6403516030,316210,316210,True,True,True,both
6403516060,316210,316210,True,True,True,both
6403519015,316210,316210,True,True,True,both
6403519030,316210,316210,True,True,True,both
6403519041,316210,316210,True,True,True,both
6403591000,316210,316210,True,True,True,both
6403591520,316210,316210,True,True,True,both
6403591545,316210,316210,True,True,True,both
6403591561,316210,316210,True,True,True,both
6403593020,316210,316210,True,True,True,both
6403593040,316210,316210,True,True,True,both
6403593060,316210,316210,True,True,True,both
6403593081,316210,316210,True,True,True,both
6403596040,316210,316210,True,True,True,both
6403596060,316210,316210,True,True,True,both
6403596080,316210,316210,True,True,True,both
6403599030,316210,316210,True,True,True,both
6403599045,316210,316210,True,True,True,both
6403599061,316210,316210,True,True,True,both
6403911100,316210,316210,True,True,True,both
6403913010,316210,316210,True,True,True,both
6403913025,316210,316210,True,True,True,both
6403913035,316210,316210,True,True,True,both
6403913040,316210,316210,True,True,True,both
6403913080,316210,316210,True,True,True,both
6403913091,316210,316210,True,True,True,both
6403916010,316210,316210,True,True,True,both
6403916030,316210,316210,True,True,True,both
6403916040,316210,316210,True,True,True,both
6403916050,316210,316210,True,True,True,both
6403916060,316210,316210,True,True,True,both
6403916065,316210,316210,True,True,True,both
6403916075,316210,316210,True,True,True,both
6403916090,316210,316210,True,True,True,both
6403919015,316210,316210,True,True,True,both
6403919025,316210,316210,True,True,True,both
6403919045,316210,316210,True,True,True,both
6403919051,316210,316210,True,True,True,both
6403991000,316210,316210,True,True,True,both
6403992030,316210,316210,True,True,True,both
6403992060,316210,316210,True,True,True,both
6403992090,316210,316210,True,True,True,both
6403994010,316210,316210,True,True,True,both
6403994020,316210,316210,True,True,True,both
6403994035,316210,316210,True,True,True,both
6403994055,316210,316210,True,True,True,both
6403994080,316210,316210,True,True,True,both
6403994091,316210,316210,True,True,True,both
6403996015,316210,316210,True,True,True,both
6403996025,316210,316210,True,True,True,both
6403996030,316210,316210,True,True,True,both
6403996040,316210,316210,True,True,True,both
6403996050,316210,316210,True,True,True,both
6403996060,316210,316210,True,True,True,both
6403996065,316210,316210,True,True,True,both
6403996075,316210,316210,True,True,True,both
6403996090,316210,316210,True,True,True,both
6403997515,316210,316210,True,True,True,both
6403997530,316210,316210,True,True,True,both
6403997560,316210,316210,True,True,True,both
6403997590,316210,316210,True,True,True,both
6403999005,316210,316210,True,True,True,both
6403999015,316210,316210,True,True,True,both
6403999021,316210,316210,True,True,True,both
6403999031,316210,316210,True,True,True,both
6403999041,316210,316210,True,True,True,both
6403999055,316210,316210,True,True,True,both
6403999065,316210,316210,True,True,True,both
6403999071,316210,316210,True,True,True,both
6404112030,316210,316210,True,True,True,both
6404112060,316210,316210,True,True,True,both
6404112071,316210,316210,True,True,True,both
6404114130,316210,316210,True,True,True,both
6404114160,316210,316210,True,True,True,both
6404114190,316210,316210,True,True,True,both
6404114900,316210,316210,True,True,True,both
6404115130,316210,316210,True,True,True,both
6404115160,316210,316210,True,True,True,both
6404115190,316210,316210,True,True,True,both
6404115900,316210,316210,True,True,True,both
6404116130,316210,316210,True,True,True,both
6404116160,316210,316210,True,True,True,both
6404116190,316210,316210,True,True,True,both
6404116930,316210,316210,True,True,True,both
6404116960,316210,316210,True,True,True,both
6404116990,316210,316210,True,True,True,both
6404117130,316210,316210,True,True,True,both
6404117160,316210,316210,True,True,True,both
6404117190,316210,316210,True,True,True,both
6404117530,316210,316210,True,True,True,both
6404117560,316210,316210,True,True,True,both
6404117590,316210,316210,True,True,True,both
6404117930,316210,316210,True,True,True,both
6404117960,316210,316210,True,True,True,both
6404117990,316210,316210,True,True,True,both
6404118130,316210,316210,True,True,True,both
6404118160,316210,316210,True,True,True,both
6404118190,316210,316210,True,True,True,both
6404118530,316210,316210,True,True,True,both
6404118560,316210,316210,True,True,True,both
6404118590,316210,316210,True,True,True,both
6404118930,316210,316210,True,True,True,both
6404118960,316210,316210,True,True,True,both
6404118990,316210,316210,True,True,True,both
6404119010,316210,316210,True,True,True,both
6404119020,316210,316210,True,True,True,both
6404119040,316210,316210,True,True,True,both
6404119050,316210,316210,True,True,True,both
6404119070,316210,316210,True,True,True,both
6404119080,316210,316210,True,True,True,both
6404191520,316210,316210,True,True,True,both
6404191560,316210,316210,True,True,True,both
6404191581,316210,316210,True,True,True,both
6404192030,316210,316210,True,True,True,both
6404192060,316210,316210,True,True,True,both
6404192090,316210,316210,True,True,True,both
6404192515,316210,316210,True,True,True,both
6404192520,316210,316210,True,True,True,both
6404192530,316210,316210,True,True,True,both
6404192560,316210,316210,True,True,True,both
6404192590,316210,316210,True,True,True,both
6404193015,316210,316210,True,True,True,both
6404193020,316210,316210,True,True,True,both
6404193040,316210,316210,True,True,True,both
6404193060,316210,316210,True,True,True,both
6404193080,316210,316210,True,True,True,both
6404193630,316210,316210,True,True,True,both
6404193660,316210,316210,True,True,True,both
6404193690,316210,316210,True,True,True,both
6404193715,316210,316210,True,True,True,both
6404193730,316210,316210,True,True,True,both
6404193760,316210,316210,True,True,True,both
6404193790,316210,316210,True,True,True,both
6404193915,316210,316210,True,True,True,both
6404193940,316210,316210,True,True,True,both
6404193960,316210,316210,True,True,True,both
6404193980,316210,316210,True,True,True,both
6404194230,316210,316210,True,True,True,both
6404194260,316210,316210,True,True,True,both
6404194290,316210,316210,True,True,True,both
6404194715,316210,316210,True,True,True,both
6404194730,316210,316210,True,True,True,both
6404194760,316210,316210,True,True,True,both
6404194790,316210,316210,True,True,True,both
6404194930,316210,316210,True,True,True,both
6404194960,316210,316210,True,True,True,both
6404194990,316210,316210,True,True,True,both
6404195230,316210,316210,True,True,True,both
6404195260,316210,316210,True,True,True,both
6404195290,316210,316210,True,True,True,both
6404195715,316210,316210,True,True,True,both
6404195730,316210,316210,True,True,True,both
6404195760,316210,316210,True,True,True,both
6404195790,316210,316210,True,True,True,both
6404195915,316210,316210,True,True,True,both
6404195930,316210,316210,True,True,True,both
6404195960,316210,316210,True,True,True,both
6404195990,316210,316210,True,True,True,both
6404196115,316210,316210,True,True,True,both
6404196130,316210,316210,True,True,True,both
6404196160,316210,316210,True,True,True,both
6404196190,316210,316210,True,True,True,both
6404196930,316210,316210,True,True,True,both
6404196960,316210,316210,True,True,True,both
6404196990,316210,316210,True,True,True,both
6404197230,316210,316210,True,True,True,both
6404197260,316210,316210,True,True,True,both
6404197290,316210,316210,True,True,True,both
6404197715,316210,316210,True,True,True,both
6404197730,316210,316210,True,True,True,both
6404197760,316210,316210,True,True,True,both
6404197790,316210,316210,True,True,True,both
6404197915,316210,316210,True,True,True,both
6404197930,316210,316210,True,True,True,both
6404197960,316210,316210,True,True,True,both
6404197990,316210,316210,True,True,True,both
6404198230,316210,316210,True,True,True,both
6404198260,316210,316210,True,True,True,both
6404198290,316210,316210,True,True,True,both
6404198715,316210,316210,True,True,True,both
6404198730,316210,316210,True,True,True,both
6404198760,316210,316210,True,True,True,both
6404198790,316210,316210,True,True,True,both
6404198930,316210,316210,True,True,True,both
6404198960,316210,316210,True,True,True,both
6404198990,316210,316210,True,True,True,both
6404199030,316210,316210,True,True,True,both
6404199060,316210,316210,True,True,True,both
6404199090,316210,316210,True,True,True,both
6404202030,316210,316210,True,True,True,both
6404202060,316210,316210,True,True,True,both
6404202090,316210,316210,True,True,True,both
6404204030,316210,316210,True,True,True,both
6404204060,316210,316210,True,True,True,both
6404204090,316210,316210,True,True,True,both
6404206040,316210,316210,True,True,True,both
6404206060,316210,316210,True,True,True,both
6404206080,316210,316210,True,True,True,both
6405100030,316210,316210,True,True,True,both
6405100060,316210,316210,True,True,True,both
6405100090,316210,316210,True,True,True,both
6405203030,316210,316210,True,True,True,both
6405203060,316210,316210,True,True,True,both
6405203070,316210,316210,True,True,True,both
6405203080,316210,316210,True,True,True,both
6405206030,316210,316210,True,True,True,both
6405206060,316210,316210,True,True,True,both
6405206090,316210,316210,True,True,True,both
6405209015,316210,316210,True,True,True,both
6405209030,316210,316210,True,True,True,both
6405209060,316210,316210,True,True,True,both
6405209070,316210,316210,True,True,True,both
6405209080,316210,316210,True,True,True,both
6405902000,322120,322120,True,True,True,both
6405909030,316210,316210,True,True,True,both
6405909060,316210,316210,True,True,True,both
6406100500,316990,316990,True,True,True,both
6406101000,316990,316990,True,True,True,both
6406102031,316990,316990,True,True,True,both
6406102061,316990,316990,True,True,True,both
6406102500,314999,314999,True,True,True,both
6406103000,314999,314999,True,True,True,both
6406103500,314999,314999,True,True,True,both
6406104000,314999,314999,True,True,True,both
6406104500,326299,326299,True,True,True,both
6406105000,314999,314999,True,True,True,both
6406106000,326299,326299,True,True,True,both
6406106500,316990,316990,True,True,True,both
6406107000,316990,316990,True,True,True,both
6406107200,314999,314999,True,True,True,both
6406107700,314999,314999,True,True,True,both
6406108500,314999,314999,True,True,True,both
6406109020,314999,314999,True,True,True,both
6406109040,314999,314999,True,True,True,both
6406109060,314999,314999,True,True,True,both
6406109090,314999,314999,True,True,True,both
6406200000,326299,326299,True,True,True,both
6406901000,321999,321999,True,True,True,both
6406901505,315990,315990,True,True,True,both
6406901510,315990,315990,True,True,True,both
6406901540,314999,314999,True,True,True,both
6406901550,315990,315990,True,True,True,both
6406901560,315990,315990,True,True,True,both
6406901570,315990,315990,True,True,True,both
6406901580,314999,314999,True,True,True,both
6406903030,326299,326299,True,True,True,both
6406903060,326299,326299,True,True,True,both
6406906000,316990,316990,True,True,True,both
6406909000,314999,314999,True,True,True,both
6501003000,315990,315990,True,True,True,both
6501006000,315990,315990,True,True,True,both
6501009000,315990,315990,True,True,True,both
6502002000,315990,315990,True,True,True,both
6502004000,315990,315990,True,True,True,both
6502006030,315990,315990,True,True,True,both
6502006060,315990,315990,True,True,True,both
6502009030,315990,315990,True,True,True,both
6502009060,315990,315990,True,True,True,both
6504003000,315990,315990,True,True,True,both
6504006000,315990,315990,True,True,True,both
6504009015,315990,315990,True,True,True,both
6504009045,315990,315990,True,True,True,both
6504009060,315990,315990,True,True,True,both
6504009075,315990,315990,True,True,True,both
6505000100,339999,339999,True,True,True,both
6505000410,315990,315990,True,True,True,both
6505000450,315990,315990,True,True,True,both
6505000800,315990,315990,True,True,True,both
6505001515,315990,315990,True,True,True,both
6505001525,315120,315120,True,True,True,both
6505001540,315120,315120,True,True,True,both
6505001560,315120,315120,True,True,True,both
6505002030,315990,315990,True,True,True,both
6505002060,315990,315990,True,True,True,both
6505002545,315990,315990,True,True,True,both
6505002590,315990,315990,True,True,True,both
6505003030,315990,315990,True,True,True,both
6505003045,315120,315120,True,True,True,both
6505003090,315120,315120,True,True,True,both
6505004030,315990,315990,True,True,True,both
6505004045,315990,315990,True,True,True,both
6505004090,315990,315990,True,True,True,both
6505005030,315990,315990,True,True,True,both
6505005045,315120,315120,True,True,True,both
6505005090,315120,315120,True,True,True,both
6505006030,315990,315990,True,True,True,both
6505006040,315120,315120,True,True,True,both
6505006045,315120,315120,True,True,True,both
6505006090,315120,315120,True,True,True,both
6505007030,315990,315990,True,True,True,both
6505007045,315990,315990,True,True,True,both
6505007090,315990,315990,True,True,True,both
6505008015,315990,315990,True,True,True,both
6505008045,315990,315990,True,True,True,both
6505008050,315990,315990,True,True,True,both
6505008090,315990,315990,True,True,True,both
6505009030,315990,315990,True,True,True,both
6505009045,315990,315990,True,True,True,both
6505009050,315120,315120,True,True,True,both
6505009076,315120,315120,True,True,True,both
6505009089,315120,315120,True,True,True,both
6506103030,339113,339113,True,True,True,both
6506103045,339920,339920,True,True,True,both
6506103075,339113,339113,True,True,True,both
6506106030,339113,339113,True,True,True,both
6506106045,339920,339920,True,True,True,both
6506106075,339113,339113,True,True,True,both
6506910030,315990,315990,True,True,True,both
6506910045,315990,315990,True,True,True,both
6506910060,315990,315990,True,True,True,both
6506993000,3152XX,315250,False,True,True,both
6506996000,315990,315990,True,True,True,both
6507000000,315990,315990,True,True,True,both
6601100000,339999,339999,True,True,True,both
6601910000,339999,339999,True,True,True,both
6601990000,339999,339999,True,True,True,both
6602000000,316990,316990,True,True,True,both
6603203000,332XXX,332999,False,True,True,both
6603209000,332XXX,332999,False,True,True,both
6603904100,3261XX,326199,False,True,True,both
6603908100,339999,339999,True,True,True,both
6701003000,339999,339999,True,True,True,both
6701006000,339999,339999,True,True,True,both
6702102000,339999,339999,True,True,True,both
6702104000,339999,339999,True,True,True,both
6702901000,339999,339999,True,True,True,both
6702903500,339999,339999,True,True,True,both
6702906500,339999,339999,True,True,True,both
6703003000,339999,339999,True,True,True,both
6703006000,339999,339999,True,True,True,both
6704110000,339999,339999,True,True,True,both
6704190000,339999,339999,True,True,True,both
6704200000,339999,339999,True,True,True,both
6704900000,339999,339999,True,True,True,both
6801000000,327991,327991,True,True,True,both
6802100000,327120,327120,True,True,True,both
6802211000,327991,327991,True,True,True,both
6802215000,327991,327991,True,True,True,both
6802230000,327991,327991,True,True,True,both
6802291000,327991,327991,True,True,True,both
6802299000,327991,327991,True,True,True,both
6802910500,327991,327991,True,True,True,both
6802911500,327991,327991,True,True,True,both
6802912000,327991,327991,True,True,True,both
6802912500,327991,327991,True,True,True,both
6802913000,327991,327991,True,True,True,both
6802920000,327991,327991,True,True,True,both
6802930010,327991,327991,True,True,True,both
6802930020,327991,327991,True,True,True,both
6802930025,327991,327991,True,True,True,both
6802930035,327991,327991,True,True,True,both
6802930060,327991,327991,True,True,True,both
6802930090,327991,327991,True,True,True,both
6802990030,327991,327991,True,True,True,both
6802990050,327991,327991,True,True,True,both
6802990060,327991,327991,True,True,True,both
6802990070,327991,327991,True,True,True,both
6802990090,327991,327991,True,True,True,both
6803001000,327991,327991,True,True,True,both
6803005000,327991,327991,True,True,True,both
6804100000,327910,327910,True,True,True,both
6804210010,327910,327910,True,True,True,both
6804210020,327910,327910,True,True,True,both
6804210030,327910,327910,True,True,True,both
6804210090,327910,327910,True,True,True,both
6804221000,327910,327910,True,True,True,both
6804224000,327910,327910,True,True,True,both
6804226000,327910,327910,True,True,True,both
6804230000,327910,327910,True,True,True,both
6804300000,327910,327910,True,True,True,both
6805100000,327910,327910,True,True,True,both
6805200000,327910,327910,True,True,True,both
6805301000,327910,327910,True,True,True,both
6805305000,327910,327910,True,True,True,both
6806100010,327993,327993,True,True,True,both
6806100020,327993,327993,True,True,True,both
6806100040,327993,327993,True,True,True,both
6806100060,327993,327993,True,True,True,both
6806100090,327993,327993,True,True,True,both
6806200000,327992,327992,True,True,True,both
6806900010,327993,327993,True,True,True,both
6806900020,327993,327993,True,True,True,both
6806900090,327993,327993,True,True,True,both
6807100000,324122,324122,True,True,True,both
6807900010,324122,324122,True,True,True,both
6807900050,324122,324122,True,True,True,both
6808000000,327390,327390,True,True,True,both
6809110010,327420,327420,True,True,True,both
6809110080,327420,327420,True,True,True,both
6809190000,327420,327420,True,True,True,both
6809900000,327999,327999,True,True,True,both
6810110010,327120,327120,True,True,True,both
6810110070,32733X,327331,False,True,True,both
6810191200,327390,327390,True,True,True,both
6810191400,327390,327390,True,True,True,both
6810195000,327390,327390,True,True,True,both
6810910000,327390,327390,True,True,True,both
6810990020,327991,327991,True,True,True,both
6810990040,327991,327991,True,True,True,both
6810990080,327390,327390,True,True,True,both
6811400000,327999,327999,True,True,True,both
6811810000,327999,327999,True,True,True,both
6811820000,327999,327999,True,True,True,both
6811891000,327999,327999,True,True,True,both
6811899000,327999,327999,True,True,True,both
6812801000,339113,339113,True,True,True,both
6812809000,327999,327999,True,True,True,both
6812911000,339113,339113,True,True,True,both
6812919000,339113,339113,True,True,True,both
6812991000,327999,327999,True,True,True,both
6812992000,327999,327999,True,True,True,both
6812999000,327999,327999,True,True,True,both
6813200010,336413,336413,True,True,True,both
6813200015,336340,336340,True,True,True,both
6813200020,336413,336413,True,True,True,both
6813200025,336340,336340,True,True,True,both
6813810010,336413,336413,True,True,True,both
6813810050,336340,336340,True,True,True,both
6813890010,336413,336413,True,True,True,both
6813890050,336340,336340,True,True,True,both
6814100000,327999,327999,True,True,True,both
6814900000,327999,327999,True,True,True,both
6815110000,335991,335991,True,True,True,both
6815120000,335991,335991,True,True,True,both
6815130000,335991,335991,True,True,True,both
6815190000,335991,335991,True,True,True,both
6815200000,327999,327999,True,True,True,both
6815910011,327120,327120,True,True,True,both
6815910071,327120,327120,True,True,True,both
6815992000,327999,327999,True,True,True,both
6815994110,327999,327999,True,True,True,both
6815994170,327999,327999,True,True,True,both
6901000000,327120,327120,True,True,True,both
6902101000,327120,327120,True,True,True,both
6902105000,327120,327120,True,True,True,both
6902201010,327120,327120,True,True,True,both
6902201020,327120,327120,True,True,True,both
6902205010,327120,327120,True,True,True,both
6902205020,327120,327120,True,True,True,both
6902901010,327120,327120,True,True,True,both
6902901020,327120,327120,True,True,True,both
6902905010,327120,327120,True,True,True,both
6902905020,327120,327120,True,True,True,both
6903100000,327120,327120,True,True,True,both
6903200000,327120,327120,True,True,True,both
6903900010,327120,327120,True,True,True,both
6903900050,327120,327120,True,True,True,both
6904100010,327120,327120,True,True,True,both
6904100020,327120,327120,True,True,True,both
6904100030,327120,327120,True,True,True,both
6904100040,327120,327120,True,True,True,both
6904900000,327120,327120,True,True,True,both
6905100000,327120,327120,True,True,True,both
6905900010,327120,327120,True,True,True,both
6905900050,327120,327120,True,True,True,both
6906000000,327110,327110,True,True,True,both
6907211005,327120,327120,True,True,True,both
6907211011,327120,327120,True,True,True,both
6907211051,327120,327120,True,True,True,both
6907212000,327120,327120,True,True,True,both
6907213000,327120,327120,True,True,True,both
6907214000,327120,327120,True,True,True,both
6907219011,327120,327120,True,True,True,both
6907219051,327120,327120,True,True,True,both
6907221005,327120,327120,True,True,True,both
6907221011,327120,327120,True,True,True,both
6907221051,327120,327120,True,True,True,both
6907222000,327120,327120,True,True,True,both
6907223000,327120,327120,True,True,True,both
6907224000,327120,327120,True,True,True,both
6907229011,327120,327120,True,True,True,both
6907229051,327120,327120,True,True,True,both
6907231005,327120,327120,True,True,True,both
6907231011,327120,327120,True,True,True,both
6907231051,327120,327120,True,True,True,both
6907232000,327120,327120,True,True,True,both
6907233000,327120,327120,True,True,True,both
6907234000,327120,327120,True,True,True,both
6907239011,327120,327120,True,True,True,both
6907239051,327120,327120,True,True,True,both
6907301005,327120,327120,True,True,True,both
6907301011,327120,327120,True,True,True,both
6907301051,327120,327120,True,True,True,both
6907302000,327120,327120,True,True,True,both
6907303000,327120,327120,True,True,True,both
6907304000,327120,327120,True,True,True,both
6907309011,327120,327120,True,True,True,both
6907309051,327120,327120,True,True,True,both
6907401005,327120,327120,True,True,True,both
6907401011,327120,327120,True,True,True,both
6907401051,327120,327120,True,True,True,both
6907402000,327120,327120,True,True,True,both
6907403000,327120,327120,True,True,True,both
6907404000,327120,327120,True,True,True,both
6907409011,327120,327120,True,True,True,both
6907409051,327120,327120,True,True,True,both
6909112000,327110,327110,True,True,True,both
6909114000,327110,327110,True,True,True,both
6909120000,327110,327110,True,True,True,both
6909191000,327110,327110,True,True,True,both
6909195010,327110,327110,True,True,True,both
6909195095,327110,327110,True,True,True,both
6909900000,327110,327110,True,True,True,both
6910100005,327110,327110,True,True,True,both
6910100010,327110,327110,True,True,True,both
6910100015,327110,327110,True,True,True,both
6910100020,327110,327110,True,True,True,both
6910100030,327110,327110,True,True,True,both
6910100050,327110,327110,True,True,True,both
6910900000,327110,327110,True,True,True,both
6911101000,327110,327110,True,True,True,both
6911101500,327110,327110,True,True,True,both
6911102500,327110,327110,True,True,True,both
6911103510,327110,327110,True,True,True,both
6911103550,327110,327110,True,True,True,both
6911103710,327110,327110,True,True,True,both
6911103750,327110,327110,True,True,True,both
6911103810,327110,327110,True,True,True,both
6911103850,327110,327110,True,True,True,both
6911104100,327110,327110,True,True,True,both
6911104500,327110,327110,True,True,True,both
6911105200,327110,327110,True,True,True,both
6911105800,327110,327110,True,True,True,both
6911106000,327110,327110,True,True,True,both
6911108010,327110,327110,True,True,True,both
6911108090,327110,327110,True,True,True,both
6911900010,327110,327110,True,True,True,both
6911900050,327110,327110,True,True,True,both
6912001000,327110,327110,True,True,True,both
6912002000,327110,327110,True,True,True,both
6912003510,327110,327110,True,True,True,both
6912003550,327110,327110,True,True,True,both
6912003910,327110,327110,True,True,True,both
6912003950,327110,327110,True,True,True,both
6912004100,327110,327110,True,True,True,both
6912004400,327110,327110,True,True,True,both
6912004500,327110,327110,True,True,True,both
6912004600,327110,327110,True,True,True,both
6912004810,327110,327110,True,True,True,both
6912004890,327110,327110,True,True,True,both
6912005000,327110,327110,True,True,True,both
6913101000,327110,327110,True,True,True,both
6913102000,327110,327110,True,True,True,both
6913105000,327110,327110,True,True,True,both
6913901000,327110,327110,True,True,True,both
6913902000,327110,327110,True,True,True,both
6913903000,327110,327110,True,True,True,both
6913905000,327110,327110,True,True,True,both
6914104000,327110,327110,True,True,True,both
6914108000,327110,327110,True,True,True,both
6914904100,327110,327110,True,True,True,both
6914908000,327110,327110,True,True,True,both
7001001000,327212,327212,True,True,True,both
7001002000,327212,327212,True,True,True,both
7001005100,327215,327215,True,True,True,both
7002101000,327212,327212,True,True,True,both
7002102000,327212,327212,True,True,True,both
7002201000,327212,327212,True,True,True,both
7002205000,327212,327212,True,True,True,both
7002310000,327212,327212,True,True,True,both
7002320000,327212,327212,True,True,True,both
7002390010,327212,327212,True,True,True,both
7002390090,327212,327212,True,True,True,both
7003120000,327211,327211,True,True,True,both
7003190000,327211,327211,True,True,True,both
7003200000,327211,327211,True,True,True,both
7003300000,327211,327211,True,True,True,both
7004201000,327211,327211,True,True,True,both
7004202010,327211,327211,True,True,True,both
7004202020,327211,327211,True,True,True,both
7004205000,327211,327211,True,True,True,both
7004900500,327212,327212,True,True,True,both
7004901000,327212,327212,True,True,True,both
7004901500,327212,327212,True,True,True,both
7004902000,327212,327212,True,True,True,both
7004902510,327212,327212,True,True,True,both
7004902520,327212,327212,True,True,True,both
7004902550,327212,327212,True,True,True,both
7004903010,327212,327212,True,True,True,both
7004903020,327212,327212,True,True,True,both
7004903050,327212,327212,True,True,True,both
7004904000,327212,327212,True,True,True,both
7004905000,327212,327212,True,True,True,both
7005104000,327211,327211,True,True,True,both
7005108000,327211,327211,True,True,True,both
7005211010,327211,327211,True,True,True,both
7005211030,327211,327211,True,True,True,both
7005212000,327211,327211,True,True,True,both
7005290410,327211,327211,True,True,True,both
7005290450,327211,327211,True,True,True,both
7005290810,327211,327211,True,True,True,both
7005290850,327211,327211,True,True,True,both
7005291410,327211,327211,True,True,True,both
7005291450,327211,327211,True,True,True,both
7005291810,327211,327211,True,True,True,both
7005291850,327211,327211,True,True,True,both
7005292500,327211,327211,True,True,True,both
7005300000,327211,327211,True,True,True,both
7006001000,327215,327215,True,True,True,both
7006002000,327212,327212,True,True,True,both
7006004010,327215,327215,True,True,True,both
7006004050,327215,327215,True,True,True,both
7007110010,327215,327215,True,True,True,both
7007110090,327215,327215,True,True,True,both
7007190000,327215,327215,True,True,True,both
7007211110,327211,327211,True,True,True,both
7007211190,327211,327211,True,True,True,both
7007215100,327211,327211,True,True,True,both
7007290000,327211,327211,True,True,True,both
7008000000,327215,327215,True,True,True,both
7009100000,327215,327215,True,True,True,both
7009911010,327215,327215,True,True,True,both
7009911090,327215,327215,True,True,True,both
7009915010,327215,327215,True,True,True,both
7009915091,327215,327215,True,True,True,both
7009915095,327215,327215,True,True,True,both
7009921010,327215,327215,True,True,True,both
7009921090,327215,327215,True,True,True,both
7009925010,327215,327215,True,True,True,both
7009925091,327215,327215,True,True,True,both
7009925095,327215,327215,True,True,True,both
7010100000,327213,327213,True,True,True,both
7010202000,327213,327213,True,True,True,both
7010203000,327213,327213,True,True,True,both
7010900510,327213,327213,True,True,True,both
7010900520,327213,327213,True,True,True,both
7010900530,327213,327213,True,True,True,both
7010900540,327213,327213,True,True,True,both
7010902010,327213,327213,True,True,True,both
7010902020,327213,327213,True,True,True,both
7010902030,327213,327213,True,True,True,both
7010902040,327213,327213,True,True,True,both
7010903010,327213,327213,True,True,True,both
7010903020,327213,327213,True,True,True,both
7010903030,327213,327213,True,True,True,both
7010903040,327213,327213,True,True,True,both
7010905005,327213,327213,True,True,True,both
7010905009,327213,327213,True,True,True,both
7010905015,327213,327213,True,True,True,both
7010905019,327213,327213,True,True,True,both
7010905025,327213,327213,True,True,True,both
7010905029,327213,327213,True,True,True,both
7010905035,327213,327213,True,True,True,both
7010905039,327213,327213,True,True,True,both
7010905045,327213,327213,True,True,True,both
7010905049,327213,327213,True,True,True,both
7010905055,327213,327213,True,True,True,both
7011101000,327212,327212,True,True,True,both
7011105000,327212,327212,True,True,True,both
7011201000,327212,327212,True,True,True,both
7011204500,327212,327212,True,True,True,both
7011208510,327212,327212,True,True,True,both
7011208525,327212,327212,True,True,True,both
7011208540,327212,327212,True,True,True,both
7011900000,327212,327212,True,True,True,both
7013101000,327212,327212,True,True,True,both
7013105000,327212,327212,True,True,True,both
7013221000,327212,327212,True,True,True,both
7013222000,327212,327212,True,True,True,both
7013223000,327212,327212,True,True,True,both
7013225000,327212,327212,True,True,True,both
7013280500,327212,327212,True,True,True,both
7013281000,327212,327212,True,True,True,both
7013282010,327212,327212,True,True,True,both
7013282090,327212,327212,True,True,True,both
7013283000,327212,327212,True,True,True,both
7013284000,327212,327212,True,True,True,both
7013285010,327212,327212,True,True,True,both
7013285090,327212,327212,True,True,True,both
7013286010,327212,327212,True,True,True,both
7013286090,327212,327212,True,True,True,both
7013331000,327212,327212,True,True,True,both
7013332000,327212,327212,True,True,True,both
7013333000,327212,327212,True,True,True,both
7013335000,327212,327212,True,True,True,both
7013370500,327212,327212,True,True,True,both
7013371010,327212,327212,True,True,True,both
7013371090,327212,327212,True,True,True,both
7013372010,327212,327212,True,True,True,both
7013372090,327212,327212,True,True,True,both
7013373000,327212,327212,True,True,True,both
7013374000,327212,327212,True,True,True,both
7013375010,327212,327212,True,True,True,both
7013375090,327212,327212,True,True,True,both
7013376010,327212,327212,True,True,True,both
7013376090,327212,327212,True,True,True,both
7013411000,327212,327212,True,True,True,both
7013412000,327212,327212,True,True,True,both
7013413000,327212,327212,True,True,True,both
7013415000,327212,327212,True,True,True,both
7013421000,327212,327212,True,True,True,both
7013422000,327212,327212,True,True,True,both
7013423000,327212,327212,True,True,True,both
7013424000,327212,327212,True,True,True,both
7013491000,327212,327212,True,True,True,both
7013492010,327212,327212,True,True,True,both
7013492090,327212,327212,True,True,True,both
7013493000,327212,327212,True,True,True,both
7013494000,327212,327212,True,True,True,both
7013495010,327212,327212,True,True,True,both
7013495090,327212,327212,True,True,True,both
7013496010,327212,327212,True,True,True,both
7013496090,327212,327212,True,True,True,both
7013911000,327212,327212,True,True,True,both
7013912000,327212,327212,True,True,True,both
7013913000,327212,327212,True,True,True,both
7013915000,327212,327212,True,True,True,both
7013991000,327212,327212,True,True,True,both
7013992000,327212,327212,True,True,True,both
7013993000,327212,327212,True,True,True,both
7013993500,327212,327212,True,True,True,both
7013994010,327212,327212,True,True,True,both
7013994090,327212,327212,True,True,True,both
7013995010,327212,327212,True,True,True,both
7013995090,327212,327212,True,True,True,both
7013996000,327212,327212,True,True,True,both
7013997000,327212,327212,True,True,True,both
7013998010,327212,327212,True,True,True,both
7013998090,327212,327212,True,True,True,both
7013999010,327212,327212,True,True,True,both
7013999090,327212,327212,True,True,True,both
7014001000,327212,327212,True,True,True,both
7014002000,327212,327212,True,True,True,both
7014003000,327212,327212,True,True,True,both
7014005000,327212,327212,True,True,True,both
7015100000,327212,327212,True,True,True,both
7015901000,327215,327215,True,True,True,both
7015902000,327215,327215,True,True,True,both
7015905000,327215,327215,True,True,True,both
7016100000,327215,327215,True,True,True,both
7016901010,327215,327215,True,True,True,both
7016901050,327215,327215,True,True,True,both
7016905000,327215,327215,True,True,True,both
7017103000,327212,327212,True,True,True,both
7017106000,327212,327212,True,True,True,both
7017200000,327212,327212,True,True,True,both
7017901000,327212,327212,True,True,True,both
7017905000,327212,327212,True,True,True,both
7018101000,339910,339910,True,True,True,both
7018102000,339910,339910,True,True,True,both
7018105000,339910,339910,True,True,True,both
7018200000,327215,327215,True,True,True,both
7018901000,339930,339930,True,True,True,both
7018905000,327215,327215,True,True,True,both
7019110000,327212,327212,True,True,True,both
7019120040,327212,327212,True,True,True,both
7019120080,327212,327212,True,True,True,both
7019130500,314994,314994,True,True,True,both
7019131540,327212,327212,True,True,True,both
7019131580,327212,327212,True,True,True,both
7019132400,314994,314994,True,True,True,both
7019132800,327212,327212,True,True,True,both
7019133500,327212,327212,True,True,True,both
7019140000,327212,327212,True,True,True,both
7019150000,327212,327212,True,True,True,both
7019193000,327212,327212,True,True,True,both
7019197000,314994,314994,True,True,True,both
7019199100,327212,327212,True,True,True,both
7019610500,314994,314994,True,True,True,both
7019611000,313220,313220,True,True,True,both
7019613000,314994,314994,True,True,True,both
7019614030,313210,313210,True,True,True,both
7019614060,313210,313210,True,True,True,both
7019617000,314994,314994,True,True,True,both
7019619030,313210,313210,True,True,True,both
7019619060,313210,313210,True,True,True,both
7019620500,314994,314994,True,True,True,both
7019621500,313220,313220,True,True,True,both
7019623000,314994,314994,True,True,True,both
7019624030,313210,313210,True,True,True,both
7019624060,313210,313210,True,True,True,both
7019627000,314994,314994,True,True,True,both
7019629030,313210,313210,True,True,True,both
7019629060,313210,313210,True,True,True,both
7019630500,314994,314994,True,True,True,both
7019631510,313220,313220,True,True,True,both
7019631590,313220,313220,True,True,True,both
7019633000,314994,314994,True,True,True,both
7019634030,313210,313210,True,True,True,both
7019634060,313210,313210,True,True,True,both
7019637000,314994,314994,True,True,True,both
7019639030,313210,313210,True,True,True,both
7019639060,313210,313210,True,True,True,both
7019640500,314994,314994,True,True,True,both
7019641510,313220,313220,True,True,True,both
7019641590,313220,313220,True,True,True,both
7019643000,314994,314994,True,True,True,both
7019644030,313210,313210,True,True,True,both
7019644060,313210,313210,True,True,True,both
7019647000,314994,314994,True,True,True,both
7019649030,313210,313210,True,True,True,both
7019649060,313210,313210,True,True,True,both
7019655100,314994,314994,True,True,True,both
7019659010,313220,313220,True,True,True,both
7019659090,313220,313220,True,True,True,both
7019663000,314994,314994,True,True,True,both
7019664010,313210,313210,True,True,True,both
7019664021,313210,313210,True,True,True,both
7019664096,313210,313210,True,True,True,both
7019667000,314994,314994,True,True,True,both
7019669010,313210,313210,True,True,True,both
7019669021,313210,313210,True,True,True,both
7019669060,313210,313210,True,True,True,both
7019693000,314994,314994,True,True,True,both
7019694010,313210,313210,True,True,True,both
7019694021,313210,313210,True,True,True,both
7019694096,313210,313210,True,True,True,both
7019697000,314994,314994,True,True,True,both
7019699010,313210,313210,True,True,True,both
7019699021,313210,313210,True,True,True,both
7019699060,313210,313210,True,True,True,both
7019710000,327212,327212,True,True,True,both
7019720500,314994,314994,True,True,True,both
7019721500,313220,313220,True,True,True,both
7019723000,314994,314994,True,True,True,both
7019724030,313210,313210,True,True,True,both
7019724060,313210,313210,True,True,True,both
7019727000,314994,314994,True,True,True,both
7019729030,313210,313210,True,True,True,both
7019729060,313210,313210,True,True,True,both
7019735100,314994,314994,True,True,True,both
7019739010,313220,313220,True,True,True,both
7019739090,313220,313220,True,True,True,both
7019801010,327993,327993,True,True,True,both
7019801020,327993,327993,True,True,True,both
7019801090,327993,327993,True,True,True,both
7019809000,327993,327993,True,True,True,both
7019901100,327993,327993,True,True,True,both
7019905120,327993,327993,True,True,True,both
7019905140,327215,327215,True,True,True,both
7019905150,327993,327993,True,True,True,both
7020003000,327212,327212,True,True,True,both
7020004000,327212,327212,True,True,True,both
7020006000,327212,327212,True,True,True,both
7101103000,339910,339910,True,True,True,both
7101106000,339910,339910,True,True,True,both
7101210000,114XXX,114119,False,True,True,both
7101223000,339910,339910,True,True,True,both
7101226000,339910,339910,True,True,True,both
7102100000,339910,339910,True,True,True,both
7102211010,339910,339910,True,True,True,both
7102211020,339910,339910,True,True,True,both
7102213000,339910,339910,True,True,True,both
7102214000,339910,339910,True,True,True,both
7102290010,339910,339910,True,True,True,both
7102290020,339910,339910,True,True,True,both
7102290050,339910,339910,True,True,True,both
7102310000,339910,339910,True,True,True,both
7102390010,339910,339910,True,True,True,both
7102390050,339910,339910,True,True,True,both
7103102000,339910,339910,True,True,True,both
7103104000,339910,339910,True,True,True,both
7103910010,339910,339910,True,True,True,both
7103910020,339910,339910,True,True,True,both
7103910030,339910,339910,True,True,True,both
7103991000,339910,339910,True,True,True,both
7103995000,339910,339910,True,True,True,both
7104100000,334419,334419,True,True,True,both
7104210000,339910,339910,True,True,True,both
7104290000,339910,339910,True,True,True,both
7104911000,339910,339910,True,True,True,both
7104915000,339910,339910,True,True,True,both
7104991000,339910,339910,True,True,True,both
7104995000,339910,339910,True,True,True,both
7105100011,327910,327910,True,True,True,both
7105100015,327910,327910,True,True,True,both
7105100020,327910,327910,True,True,True,both
7105100030,327910,327910,True,True,True,both
7105100050,327910,327910,True,True,True,both
7105900000,327910,327910,True,True,True,both
7106100000,331492,331492,True,True,True,both
7106911010,331410,331410,True,True,True,both
7106911020,331410,331410,True,True,True,both
7106915000,331410,331410,True,True,True,both
7106921000,331491,331491,True,True,True,both
7106925000,331491,331491,True,True,True,both
7107000000,331491,331491,True,True,True,both
7108110000,331492,331492,True,True,True,both
7108121013,331410,331410,True,True,True,both
7108121017,331410,331410,True,True,True,both
7108121020,331410,331410,True,True,True,both
7108125010,331410,331410,True,True,True,both
7108125050,331410,331410,True,True,True,both
7108131000,332XXX,332999,False,True,True,both
7108135500,331491,331491,True,True,True,both
7108137000,331491,331491,True,True,True,both
7109000000,331491,331491,True,True,True,both
7110110010,331410,331410,True,True,True,both
7110110020,331410,331410,True,True,True,both
7110110050,331410,331410,True,True,True,both
7110190000,331491,331491,True,True,True,both
7110210000,331410,331410,True,True,True,both
7110290000,331491,331491,True,True,True,both
7110310000,331410,331410,True,True,True,both
7110390000,331491,331491,True,True,True,both
7110410010,331410,331410,True,True,True,both
7110410020,331410,331410,True,True,True,both
7110410030,331410,331410,True,True,True,both
7110410050,331410,331410,True,True,True,both
7110490010,331491,331491,True,True,True,both
7110490050,331491,331491,True,True,True,both
7111000000,331491,331491,True,True,True,both
7112300100,910000,910000,True,True,True,both
7112910100,910000,910000,True,True,True,both
7112920100,910000,910000,True,True,True,both
7112990100,910000,910000,True,True,True,both
7113111000,339910,339910,True,True,True,both
7113112000,339910,339910,True,True,True,both
7113115000,339910,339910,True,True,True,both
7113191000,339910,339910,True,True,True,both
7113192100,339910,339910,True,True,True,both
7113192500,339910,339910,True,True,True,both
7113192900,339910,339910,True,True,True,both
7113193000,339910,339910,True,True,True,both
7113195021,339910,339910,True,True,True,both
7113195025,339910,339910,True,True,True,both
7113195030,339910,339910,True,True,True,both
7113195045,339910,339910,True,True,True,both
7113195090,339910,339910,True,True,True,both
7113201000,339910,339910,True,True,True,both
7113202100,339910,339910,True,True,True,both
7113202500,339910,339910,True,True,True,both
7113202900,339910,339910,True,True,True,both
7113203000,339910,339910,True,True,True,both
7113205000,339910,339910,True,True,True,both
7114111000,339910,339910,True,True,True,both
7114112000,339910,339910,True,True,True,both
7114113000,339910,339910,True,True,True,both
7114114000,339910,339910,True,True,True,both
7114114500,339910,339910,True,True,True,both
7114115000,339910,339910,True,True,True,both
7114116000,339910,339910,True,True,True,both
7114117000,339910,339910,True,True,True,both
7114190000,339910,339910,True,True,True,both
7114200040,339910,339910,True,True,True,both
7114200060,339910,339910,True,True,True,both
7115100000,332XXX,332618,False,True,True,both
7115900530,331491,331491,True,True,True,both
7115900560,331491,331491,True,True,True,both
7115900590,331491,331491,True,True,True,both
7115903000,331491,331491,True,True,True,both
7115904000,331491,331491,True,True,True,both
7115906000,331491,331491,True,True,True,both
7116101000,339910,339910,True,True,True,both
7116102500,339910,339910,True,True,True,both
7116200500,339910,339910,True,True,True,both
7116201500,339910,339910,True,True,True,both
7116203000,339910,339910,True,True,True,both
7116203500,339910,339910,True,True,True,both
7116204000,339910,339910,True,True,True,both
7116205000,339910,339910,True,True,True,both
7117110000,339910,339910,True,True,True,both
7117190500,339910,339910,True,True,True,both
7117191500,339910,339910,True,True,True,both
7117192000,339910,339910,True,True,True,both
7117193000,339910,339910,True,True,True,both
7117196000,339910,339910,True,True,True,both
7117199000,339910,339910,True,True,True,both
7117901000,339910,339910,True,True,True,both
7117902000,339910,339910,True,True,True,both
7117903000,339910,339910,True,True,True,both
7117904500,339910,339910,True,True,True,both
7117905500,339910,339910,True,True,True,both
7117906000,339910,339910,True,True,True,both
7117907500,339910,339910,True,True,True,both
7117909000,339910,339910,True,True,True,both
7118100000,339910,339910,True,True,True,both
7118900011,339910,339910,True,True,True,both
7118900019,339910,339910,True,True,True,both
7118900020,339910,339910,True,True,True,both
7118900055,339910,339910,True,True,True,both
7201100000,331110,331110,True,True,True,both
7201200000,331110,331110,True,True,True,both
7201503000,331110,331110,True,True,True,both
7201506000,331110,331110,True,True,True,both
7202111000,331110,331110,True,True,True,both
7202115000,331110,331110,True,True,True,both
7202191000,331110,331110,True,True,True,both
7202195000,331110,331110,True,True,True,both
7202211000,331110,331110,True,True,True,both
7202215000,331110,331110,True,True,True,both
7202217500,331110,331110,True,True,True,both
7202219000,331110,331110,True,True,True,both
7202290010,331110,331110,True,True,True,both
7202290050,331110,331110,True,True,True,both
7202300000,331110,331110,True,True,True,both
7202410000,331110,331110,True,True,True,both
7202491000,331110,331110,True,True,True,both
7202495010,331110,331110,True,True,True,both
7202495090,331110,331110,True,True,True,both
7202500000,331110,331110,True,True,True,both
7202600000,331110,331110,True,True,True,both
7202700000,331110,331110,True,True,True,both
7202800000,331110,331110,True,True,True,both
7202910000,331110,331110,True,True,True,both
7202920000,331110,331110,True,True,True,both
7202934000,331110,331110,True,True,True,both
7202938000,331110,331110,True,True,True,both
7202991000,331110,331110,True,True,True,both
7202992000,331110,331110,True,True,True,both
7202998020,331110,331110,True,True,True,both
7202998040,331110,331110,True,True,True,both
7203100000,331110,331110,True,True,True,both
7203900000,331110,331110,True,True,True,both
7204100000,910000,910000,True,True,True,both
7204210000,910000,910000,True,True,True,both
7204290000,910000,910000,True,True,True,both
7204300000,910000,910000,True,True,True,both
7204410020,910000,910000,True,True,True,both
7204410040,910000,910000,True,True,True,both
7204410060,910000,910000,True,True,True,both
7204410080,910000,910000,True,True,True,both
7204490020,910000,910000,True,True,True,both
7204490040,910000,910000,True,True,True,both
7204490060,910000,910000,True,True,True,both
7204490070,910000,910000,True,True,True,both
7204490080,910000,910000,True,True,True,both
7204500000,910000,910000,True,True,True,both
7205100000,327910,327910,True,True,True,both
7205210000,331221,331221,True,True,True,both
7205290000,331221,331221,True,True,True,both
7206100000,331110,331110,True,True,True,both
7206900000,331110,331110,True,True,True,both
7207110000,331110,331110,True,True,True,both
7207120010,331110,331110,True,True,True,both
7207120050,331110,331110,True,True,True,both
7207190030,331110,331110,True,True,True,both
7207190090,331110,331110,True,True,True,both
7207200025,331110,331110,True,True,True,both
7207200045,331110,331110,True,True,True,both
7207200075,331110,331110,True,True,True,both
7207200090,331110,331110,True,True,True,both
7208101500,331110,331110,True,True,True,both
7208103000,331110,331110,True,True,True,both
7208106000,331110,331110,True,True,True,both
7208253000,331110,331110,True,True,True,both
7208256000,331110,331110,True,True,True,both
7208260030,331110,331110,True,True,True,both
7208260060,331110,331110,True,True,True,both
7208270040,331110,331110,True,True,True,both
7208270045,331110,331110,True,True,True,both
7208270060,331110,331110,True,True,True,both
7208360030,331110,331110,True,True,True,both
7208360060,331110,331110,True,True,True,both
7208370030,331110,331110,True,True,True,both
7208370060,331110,331110,True,True,True,both
7208380015,331110,331110,True,True,True,both
7208380030,331110,331110,True,True,True,both
7208380090,331110,331110,True,True,True,both
7208390020,331110,331110,True,True,True,both
7208390025,331110,331110,True,True,True,both
7208390030,331110,331110,True,True,True,both
7208390090,331110,331110,True,True,True,both
7208403030,331110,331110,True,True,True,both
7208403060,331110,331110,True,True,True,both
7208406030,331110,331110,True,True,True,both
7208406060,331110,331110,True,True,True,both
7208510030,331110,331110,True,True,True,both
7208510045,331110,331110,True,True,True,both
7208510060,331110,331110,True,True,True,both
7208520000,331110,331110,True,True,True,both
7208530000,331110,331110,True,True,True,both
7208540000,331110,331110,True,True,True,both
7208900000,331110,331110,True,True,True,both
7209150000,331110,331110,True,True,True,both
7209160040,331110,331110,True,True,True,both
7209160045,331110,331110,True,True,True,both
7209160060,331110,331110,True,True,True,both
7209160070,331110,331110,True,True,True,both
7209160091,331110,331110,True,True,True,both
7209170040,331110,331110,True,True,True,both
7209170045,331110,331110,True,True,True,both
7209170060,331110,331110,True,True,True,both
7209170070,331110,331110,True,True,True,both
7209170091,331110,331110,True,True,True,both
7209181530,331110,331110,True,True,True,both
7209181560,331110,331110,True,True,True,both
7209182520,331110,331110,True,True,True,both
7209182585,331110,331110,True,True,True,both
7209186020,331110,331110,True,True,True,both
7209186090,331110,331110,True,True,True,both
7209250000,331110,331110,True,True,True,both
7209260000,331110,331110,True,True,True,both
7209270000,331110,331110,True,True,True,both
7209280000,331110,331110,True,True,True,both
7209900000,331110,331110,True,True,True,both
7210110000,331110,331110,True,True,True,both
7210120000,331110,331110,True,True,True,both
7210200000,331110,331110,True,True,True,both
7210300030,331110,331110,True,True,True,both
7210300060,331110,331110,True,True,True,both
7210410000,331110,331110,True,True,True,both
7210490040,331110,331110,True,True,True,both
7210490045,331110,331110,True,True,True,both
7210490091,331110,331110,True,True,True,both
7210490095,331110,331110,True,True,True,both
7210500020,331110,331110,True,True,True,both
7210500090,331110,331110,True,True,True,both
7210610000,331110,331110,True,True,True,both
7210690000,331110,331110,True,True,True,both
7210703000,331110,331110,True,True,True,both
7210706030,331110,331110,True,True,True,both
7210706060,331110,331110,True,True,True,both
7210706090,331110,331110,True,True,True,both
7210901000,331110,331110,True,True,True,both
7210906000,331110,331110,True,True,True,both
7210909000,331110,331110,True,True,True,both
7211130000,331110,331110,True,True,True,both
7211140030,331110,331110,True,True,True,both
7211140045,331110,331110,True,True,True,both
7211140090,331110,331110,True,True,True,both
7211191500,331110,331110,True,True,True,both
7211192000,331110,331110,True,True,True,both
7211193000,331110,331110,True,True,True,both
7211194500,331110,331110,True,True,True,both
7211196000,331110,331110,True,True,True,both
7211197530,331110,331110,True,True,True,both
7211197560,331110,331110,True,True,True,both
7211197590,331110,331110,True,True,True,both
7211231500,331110,331110,True,True,True,both
7211232000,331110,331110,True,True,True,both
7211233000,331110,331110,True,True,True,both
7211234500,331110,331110,True,True,True,both
7211236030,331110,331110,True,True,True,both
7211236060,331110,331110,True,True,True,both
7211236090,331110,331110,True,True,True,both
7211292030,331110,331110,True,True,True,both
7211292090,331110,331110,True,True,True,both
7211294500,331110,331110,True,True,True,both
7211296030,331110,331110,True,True,True,both
7211296080,331110,331110,True,True,True,both
7211900000,331110,331110,True,True,True,both
7212100000,331110,331110,True,True,True,both
7212200000,331110,331110,True,True,True,both
7212301030,331110,331110,True,True,True,both
7212301090,331110,331110,True,True,True,both
7212303000,331110,331110,True,True,True,both
7212305000,331110,331110,True,True,True,both
7212401000,331110,331110,True,True,True,both
7212405000,331110,331110,True,True,True,both
7212500000,331110,331110,True,True,True,both
7212600000,331110,331110,True,True,True,both
7213100000,331110,331110,True,True,True,both
7213200010,331110,331110,True,True,True,both
7213200080,331110,331110,True,True,True,both
7213913011,331110,331110,True,True,True,both
7213913015,331110,331110,True,True,True,both
7213913020,331110,331110,True,True,True,both
7213913093,331110,331110,True,True,True,both
7213914500,331110,331110,True,True,True,both
7213916000,331110,331110,True,True,True,both
7213990030,331110,331110,True,True,True,both
7213990060,331110,331110,True,True,True,both
7213990090,331110,331110,True,True,True,both
7214100000,331110,331110,True,True,True,both
7214200000,331110,331110,True,True,True,both
7214300010,331110,331110,True,True,True,both
7214300080,331110,331110,True,True,True,both
7214910016,331110,331110,True,True,True,both
7214910020,331110,331110,True,True,True,both
7214910060,331110,331110,True,True,True,both
7214910090,331110,331110,True,True,True,both
7214990016,331110,331110,True,True,True,both
7214990021,331110,331110,True,True,True,both
7214990026,331110,331110,True,True,True,both
7214990031,331110,331110,True,True,True,both
7214990036,331110,331110,True,True,True,both
7214990040,331110,331110,True,True,True,both
7214990045,331110,331110,True,True,True,both
7214990060,331110,331110,True,True,True,both
7214990075,331110,331110,True,True,True,both
7214990090,331110,331110,True,True,True,both
7215100010,331110,331110,True,True,True,both
7215100080,331110,331110,True,True,True,both
7215500016,331110,331110,True,True,True,both
7215500018,331110,331110,True,True,True,both
7215500020,331110,331110,True,True,True,both
7215500061,331110,331110,True,True,True,both
7215500063,331110,331110,True,True,True,both
7215500065,331110,331110,True,True,True,both
7215500090,331110,331110,True,True,True,both
7215901000,331110,331110,True,True,True,both
7215903000,331110,331110,True,True,True,both
7215905000,331110,331110,True,True,True,both
7216100010,331110,331110,True,True,True,both
7216100050,331110,331110,True,True,True,both
7216210000,331110,331110,True,True,True,both
7216220000,331110,331110,True,True,True,both
7216310000,331110,331110,True,True,True,both
7216320000,331110,331110,True,True,True,both
7216330030,331110,331110,True,True,True,both
7216330060,331110,331110,True,True,True,both
7216330090,331110,331110,True,True,True,both
7216400010,331110,331110,True,True,True,both
7216400050,331110,331110,True,True,True,both
7216500000,331110,331110,True,True,True,both
7216610000,331110,331110,True,True,True,both
7216690000,331110,331110,True,True,True,both
7216910010,331110,331110,True,True,True,both
7216910090,331110,331110,True,True,True,both
7216990010,331110,331110,True,True,True,both
7216990090,331110,331110,True,True,True,both
7217101000,331222,331222,True,True,True,both
7217102000,331222,331222,True,True,True,both
7217103000,331222,331222,True,True,True,both
7217104040,331222,331222,True,True,True,both
7217104045,331222,331222,True,True,True,both
7217104090,331222,331222,True,True,True,both
7217105030,331222,331222,True,True,True,both
7217105090,331222,331222,True,True,True,both
7217106000,331222,331222,True,True,True,both
7217107000,331222,331222,True,True,True,both
7217108010,331222,331222,True,True,True,both
7217108020,331222,331222,True,True,True,both
7217108025,331222,331222,True,True,True,both
7217108030,331222,331222,True,True,True,both
7217108045,331222,331222,True,True,True,both
7217108060,331222,331222,True,True,True,both
7217108075,331222,331222,True,True,True,both
7217108090,331222,331222,True,True,True,both
7217109000,331222,331222,True,True,True,both
7217201500,331222,331222,True,True,True,both
7217203000,331222,331222,True,True,True,both
7217204510,331222,331222,True,True,True,both
7217204520,331222,331222,True,True,True,both
7217204530,331222,331222,True,True,True,both
7217204540,331222,331222,True,True,True,both
7217204550,331222,331222,True,True,True,both
7217204560,331222,331222,True,True,True,both
7217204570,331222,331222,True,True,True,both
7217204580,331222,331222,True,True,True,both
7217206000,331222,331222,True,True,True,both
7217207500,331222,331222,True,True,True,both
7217301530,331222,331222,True,True,True,both
7217301560,331222,331222,True,True,True,both
7217303000,331222,331222,True,True,True,both
7217304504,331222,331222,True,True,True,both
7217304511,331222,331222,True,True,True,both
7217304520,331222,331222,True,True,True,both
7217304530,331222,331222,True,True,True,both
7217304541,331222,331222,True,True,True,both
7217304550,331222,331222,True,True,True,both
7217304560,331222,331222,True,True,True,both
7217304590,331222,331222,True,True,True,both
7217306000,331222,331222,True,True,True,both
7217307500,331222,331222,True,True,True,both
7217901000,331222,331222,True,True,True,both
7217905030,331222,331222,True,True,True,both
7217905060,331222,331222,True,True,True,both
7217905090,331222,331222,True,True,True,both
7218100000,331110,331110,True,True,True,both
7218910015,331110,331110,True,True,True,both
7218910030,331110,331110,True,True,True,both
7218910060,331110,331110,True,True,True,both
7218990015,331110,331110,True,True,True,both
7218990030,331110,331110,True,True,True,both
7218990045,331110,331110,True,True,True,both
7218990060,331110,331110,True,True,True,both
7218990090,331110,331110,True,True,True,both
7219110030,331110,331110,True,True,True,both
7219110060,331110,331110,True,True,True,both
7219120002,331110,331110,True,True,True,both
7219120006,331110,331110,True,True,True,both
7219120021,331110,331110,True,True,True,both
7219120026,331110,331110,True,True,True,both
7219120051,331110,331110,True,True,True,both
7219120056,331110,331110,True,True,True,both
7219120066,331110,331110,True,True,True,both
7219120071,331110,331110,True,True,True,both
7219120081,331110,331110,True,True,True,both
7219130002,331110,331110,True,True,True,both
7219130031,331110,331110,True,True,True,both
7219130051,331110,331110,True,True,True,both
7219130071,331110,331110,True,True,True,both
7219130081,331110,331110,True,True,True,both
7219140030,331110,331110,True,True,True,both
7219140065,331110,331110,True,True,True,both
7219140090,331110,331110,True,True,True,both
7219210005,331110,331110,True,True,True,both
7219210020,331110,331110,True,True,True,both
7219210040,331110,331110,True,True,True,both
7219210060,331110,331110,True,True,True,both
7219220005,331110,331110,True,True,True,both
7219220015,331110,331110,True,True,True,both
7219220020,331110,331110,True,True,True,both
7219220025,331110,331110,True,True,True,both
7219220035,331110,331110,True,True,True,both
7219220040,331110,331110,True,True,True,both
7219220045,331110,331110,True,True,True,both
7219220070,331110,331110,True,True,True,both
7219220075,331110,331110,True,True,True,both
7219220080,331110,331110,True,True,True,both
7219230030,331110,331110,True,True,True,both
7219230060,331110,331110,True,True,True,both
7219240030,331110,331110,True,True,True,both
7219240060,331110,331110,True,True,True,both
7219310010,331110,331110,True,True,True,both
7219310050,331110,331110,True,True,True,both
7219320005,331110,331110,True,True,True,both
7219320020,331110,331110,True,True,True,both
7219320025,331110,331110,True,True,True,both
7219320035,331110,331110,True,True,True,both
7219320036,331110,331110,True,True,True,both
7219320038,331110,331110,True,True,True,both
7219320042,331110,331110,True,True,True,both
7219320044,331110,331110,True,True,True,both
7219320045,331110,331110,True,True,True,both
7219320060,331110,331110,True,True,True,both
7219330005,331110,331110,True,True,True,both
7219330020,331110,331110,True,True,True,both
7219330025,331110,331110,True,True,True,both
7219330035,331110,331110,True,True,True,both
7219330036,331110,331110,True,True,True,both
7219330038,331110,331110,True,True,True,both
7219330042,331110,331110,True,True,True,both
7219330044,331110,331110,True,True,True,both
7219330045,331110,331110,True,True,True,both
7219330070,331110,331110,True,True,True,both
7219330080,331110,331110,True,True,True,both
7219340005,331110,331110,True,True,True,both
7219340020,331110,331110,True,True,True,both
7219340025,331110,331110,True,True,True,both
7219340030,331110,331110,True,True,True,both
7219340035,331110,331110,True,True,True,both
7219340050,331110,331110,True,True,True,both
7219350005,331110,331110,True,True,True,both
7219350015,331110,331110,True,True,True,both
7219350030,331110,331110,True,True,True,both
7219350035,331110,331110,True,True,True,both
7219350050,331110,331110,True,True,True,both
7219900010,331110,331110,True,True,True,both
7219900020,331110,331110,True,True,True,both
7219900025,331110,331110,True,True,True,both
7219900060,331110,331110,True,True,True,both
7219900080,331110,331110,True,True,True,both
7220110000,331110,331110,True,True,True,both
7220121000,331110,331110,True,True,True,both
7220125000,331110,331110,True,True,True,both
7220201010,331110,331110,True,True,True,both
7220201015,331110,331110,True,True,True,both
7220201060,331110,331110,True,True,True,both
7220201080,331110,331110,True,True,True,both
7220206005,331110,331110,True,True,True,both
7220206010,331110,331110,True,True,True,both
7220206015,331110,331110,True,True,True,both
7220206060,331110,331110,True,True,True,both
7220206080,331110,331110,True,True,True,both
7220207005,331110,331110,True,True,True,both
7220207010,331110,331110,True,True,True,both
7220207015,331110,331110,True,True,True,both
7220207060,331110,331110,True,True,True,both
7220207080,331110,331110,True,True,True,both
7220208000,331110,331110,True,True,True,both
7220209030,331110,331110,True,True,True,both
7220209060,331110,331110,True,True,True,both
7220900010,331110,331110,True,True,True,both
7220900015,331110,331110,True,True,True,both
7220900060,331110,331110,True,True,True,both
7220900080,331110,331110,True,True,True,both
7221000005,331110,331110,True,True,True,both
7221000017,331110,331110,True,True,True,both
7221000018,331110,331110,True,True,True,both
7221000030,331110,331110,True,True,True,both
7221000045,331110,331110,True,True,True,both
7221000075,331110,331110,True,True,True,both
7222110001,331110,331110,True,True,True,both
7222110006,331110,331110,True,True,True,both
7222110057,331110,331110,True,True,True,both
7222110059,331110,331110,True,True,True,both
7222110082,331110,331110,True,True,True,both
7222110084,331110,331110,True,True,True,both
7222190001,331110,331110,True,True,True,both
7222190006,331110,331110,True,True,True,both
7222190052,331110,331110,True,True,True,both
7222190054,331110,331110,True,True,True,both
7222200001,331110,331110,True,True,True,both
7222200006,331110,331110,True,True,True,both
7222200041,331110,331110,True,True,True,both
7222200043,331110,331110,True,True,True,both
7222200062,331110,331110,True,True,True,both
7222200064,331110,331110,True,True,True,both
7222200067,331110,331110,True,True,True,both
7222200069,331110,331110,True,True,True,both
7222200071,331110,331110,True,True,True,both
7222200073,331110,331110,True,True,True,both
7222300001,331110,331110,True,True,True,both
7222300012,331110,331110,True,True,True,both
7222300022,331110,331110,True,True,True,both
7222300024,331110,331110,True,True,True,both
7222300082,331110,331110,True,True,True,both
7222300084,331110,331110,True,True,True,both
7222403025,331110,331110,True,True,True,both
7222403045,331110,331110,True,True,True,both
7222403065,331110,331110,True,True,True,both
7222403085,331110,331110,True,True,True,both
7222406000,331110,331110,True,True,True,both
7223001005,331222,331222,True,True,True,both
7223001016,331222,331222,True,True,True,both
7223001031,331222,331222,True,True,True,both
7223001046,331222,331222,True,True,True,both
7223001061,331222,331222,True,True,True,both
7223001076,331222,331222,True,True,True,both
7223005000,331222,331222,True,True,True,both
7223009000,331222,331222,True,True,True,both
7224100005,331110,331110,True,True,True,both
7224100045,331110,331110,True,True,True,both
7224100075,331110,331110,True,True,True,both
7224900005,331110,331110,True,True,True,both
7224900015,331110,331110,True,True,True,both
7224900025,331110,331110,True,True,True,both
7224900035,331110,331110,True,True,True,both
7224900045,331110,331110,True,True,True,both
7224900055,331110,331110,True,True,True,both
7224900065,331110,331110,True,True,True,both
7224900075,331110,331110,True,True,True,both
7225110000,331110,331110,True,True,True,both
7225190000,331110,331110,True,True,True,both
7225301110,331110,331110,True,True,True,both
7225301180,331110,331110,True,True,True,both
7225303005,331110,331110,True,True,True,both
7225303050,331110,331110,True,True,True,both
7225305110,331110,331110,True,True,True,both
7225305180,331110,331110,True,True,True,both
7225307000,331110,331110,True,True,True,both
7225401110,331110,331110,True,True,True,both
7225401180,331110,331110,True,True,True,both
7225403005,331110,331110,True,True,True,both
7225403050,331110,331110,True,True,True,both
7225405110,331110,331110,True,True,True,both
7225405130,331110,331110,True,True,True,both
7225405160,331110,331110,True,True,True,both
7225407000,331110,331110,True,True,True,both
7225501110,331110,331110,True,True,True,both
7225501130,331110,331110,True,True,True,both
7225501160,331110,331110,True,True,True,both
7225506000,331110,331110,True,True,True,both
7225507000,331110,331110,True,True,True,both
7225508010,331110,331110,True,True,True,both
7225508080,331110,331110,True,True,True,both
7225910000,331110,331110,True,True,True,both
7225920000,331110,331110,True,True,True,both
7225990010,331110,331110,True,True,True,both
7225990090,331110,331110,True,True,True,both
7226111000,331110,331110,True,True,True,both
7226119030,331110,331110,True,True,True,both
7226119060,331110,331110,True,True,True,both
7226191000,331110,331110,True,True,True,both
7226199000,331110,331110,True,True,True,both
7226200000,331110,331110,True,True,True,both
7226910500,331110,331110,True,True,True,both
7226911530,331110,331110,True,True,True,both
7226911560,331110,331110,True,True,True,both
7226912530,331110,331110,True,True,True,both
7226912560,331110,331110,True,True,True,both
7226915000,331110,331110,True,True,True,both
7226917000,331110,331110,True,True,True,both
7226918000,331110,331110,True,True,True,both
7226921030,331110,331110,True,True,True,both
7226921060,331110,331110,True,True,True,both
7226923030,331110,331110,True,True,True,both
7226923060,331110,331110,True,True,True,both
7226925000,331110,331110,True,True,True,both
7226927005,331110,331110,True,True,True,both
7226927050,331110,331110,True,True,True,both
7226928005,331110,331110,True,True,True,both
7226928050,331110,331110,True,True,True,both
7226990110,331110,331110,True,True,True,both
7226990130,331110,331110,True,True,True,both
7226990180,331110,331110,True,True,True,both
7227100000,331110,331110,True,True,True,both
7227200030,331110,331110,True,True,True,both
7227200080,331110,331110,True,True,True,both
7227901030,331110,331110,True,True,True,both
7227901060,331110,331110,True,True,True,both
7227902030,331110,331110,True,True,True,both
7227902060,331110,331110,True,True,True,both
7227906005,331110,331110,True,True,True,both
7227906010,331110,331110,True,True,True,both
7227906020,331110,331110,True,True,True,both
7227906030,331110,331110,True,True,True,both
7227906035,331110,331110,True,True,True,both
7227906040,331110,331110,True,True,True,both
7227906090,331110,331110,True,True,True,both
7228100010,331110,331110,True,True,True,both
7228100030,331110,331110,True,True,True,both
7228100060,331110,331110,True,True,True,both
7228201000,331110,331110,True,True,True,both
7228205000,331110,331110,True,True,True,both
7228302000,331110,331110,True,True,True,both
7228304000,331110,331110,True,True,True,both
7228306000,331110,331110,True,True,True,both
7228308005,331110,331110,True,True,True,both
7228308010,331110,331110,True,True,True,both
7228308015,331110,331110,True,True,True,both
7228308041,331110,331110,True,True,True,both
7228308045,331110,331110,True,True,True,both
7228308070,331110,331110,True,True,True,both
7228400000,331110,331110,True,True,True,both
7228501010,331110,331110,True,True,True,both
7228501020,331110,331110,True,True,True,both
7228501040,331110,331110,True,True,True,both
7228501060,331110,331110,True,True,True,both
7228501080,331110,331110,True,True,True,both
7228505005,331110,331110,True,True,True,both
7228505015,331110,331110,True,True,True,both
7228505040,331110,331110,True,True,True,both
7228505070,331110,331110,True,True,True,both
7228601030,331110,331110,True,True,True,both
7228601060,331110,331110,True,True,True,both
7228606000,331110,331110,True,True,True,both
7228608000,331110,331110,True,True,True,both
7228703010,331110,331110,True,True,True,both
7228703020,331110,331110,True,True,True,both
7228703041,331110,331110,True,True,True,both
7228703060,331110,331110,True,True,True,both
7228703081,331110,331110,True,True,True,both
7228706000,331110,331110,True,True,True,both
7228800000,331110,331110,True,True,True,both
7229200010,331222,331222,True,True,True,both
7229200015,331222,331222,True,True,True,both
7229200090,331222,331222,True,True,True,both
7229900500,331222,331222,True,True,True,both
7229901000,331222,331222,True,True,True,both
7229905006,331222,331222,True,True,True,both
7229905008,331222,331222,True,True,True,both
7229905016,331222,331222,True,True,True,both
7229905031,331222,331222,True,True,True,both
7229905051,331222,331222,True,True,True,both
7229909000,331222,331222,True,True,True,both
7301100000,331110,331110,True,True,True,both
7301201000,331110,331110,True,True,True,both
7301205000,331110,331110,True,True,True,both
7302101010,331110,331110,True,True,True,both
7302101015,331110,331110,True,True,True,both
7302101025,331110,331110,True,True,True,both
7302101035,331110,331110,True,True,True,both
7302101045,331110,331110,True,True,True,both
7302101055,331110,331110,True,True,True,both
7302101065,331110,331110,True,True,True,both
7302101075,331110,331110,True,True,True,both
7302105020,331110,331110,True,True,True,both
7302105040,331110,331110,True,True,True,both
7302105060,331110,331110,True,True,True,both
7302300000,332XXX,332999,False,True,True,both
7302400000,332XXX,332999,False,True,True,both
7302901000,33151X,331511,False,True,True,both
7302909000,332XXX,332999,False,True,True,both
7303000030,33151X,331511,False,True,True,both
7303000060,33151X,331511,False,True,True,both
7303000090,33151X,331511,False,True,True,both
7304110020,331110,331110,True,True,True,both
7304110050,331110,331110,True,True,True,both
7304110080,331110,331110,True,True,True,both
7304191020,331110,331110,True,True,True,both
7304191030,331110,331110,True,True,True,both
7304191045,331110,331110,True,True,True,both
7304191060,331110,331110,True,True,True,both
7304191080,331110,331110,True,True,True,both
7304195020,331110,331110,True,True,True,both
7304195050,331110,331110,True,True,True,both
7304195080,331110,331110,True,True,True,both
7304220030,331110,331110,True,True,True,both
7304220045,331110,331110,True,True,True,both
7304220060,331110,331110,True,True,True,both
7304233000,331110,331110,True,True,True,both
7304236030,331110,331110,True,True,True,both
7304236045,331110,331110,True,True,True,both
7304236060,331110,331110,True,True,True,both
7304243010,331110,331110,True,True,True,both
7304243020,331110,331110,True,True,True,both
7304243030,331110,331110,True,True,True,both
7304243040,331110,331110,True,True,True,both
7304243045,331110,331110,True,True,True,both
7304243080,331110,331110,True,True,True,both
7304244010,331110,331110,True,True,True,both
7304244020,331110,331110,True,True,True,both
7304244030,331110,331110,True,True,True,both
7304244040,331110,331110,True,True,True,both
7304244050,331110,331110,True,True,True,both
7304244060,331110,331110,True,True,True,both
7304244080,331110,331110,True,True,True,both
7304246015,331110,331110,True,True,True,both
7304246030,331110,331110,True,True,True,both
7304246045,331110,331110,True,True,True,both
7304246060,331110,331110,True,True,True,both
7304246075,331110,331110,True,True,True,both
7304291010,331110,331110,True,True,True,both
7304291020,331110,331110,True,True,True,both
7304291030,331110,331110,True,True,True,both
7304291040,331110,331110,True,True,True,both
7304291050,331110,331110,True,True,True,both
7304291060,331110,331110,True,True,True,both
7304291080,331110,331110,True,True,True,both
7304292010,331110,331110,True,True,True,both
7304292020,331110,331110,True,True,True,both
7304292030,331110,331110,True,True,True,both
7304292040,331110,331110,True,True,True,both
7304292050,331110,331110,True,True,True,both
7304292060,331110,331110,True,True,True,both
7304292080,331110,331110,True,True,True,both
7304293110,331110,331110,True,True,True,both
7304293120,331110,331110,True,True,True,both
7304293130,331110,331110,True,True,True,both
7304293140,331110,331110,True,True,True,both
7304293150,331110,331110,True,True,True,both
7304293160,331110,331110,True,True,True,both
7304293180,331110,331110,True,True,True,both
7304294110,331110,331110,True,True,True,both
7304294120,331110,331110,True,True,True,both
7304294130,331110,331110,True,True,True,both
7304294140,331110,331110,True,True,True,both
7304294150,331110,331110,True,True,True,both
7304294160,331110,331110,True,True,True,both
7304294180,331110,331110,True,True,True,both
7304295015,331110,331110,True,True,True,both
7304295030,331110,331110,True,True,True,both
7304295045,331110,331110,True,True,True,both
7304295060,331110,331110,True,True,True,both
7304295075,331110,331110,True,True,True,both
7304296115,331110,331110,True,True,True,both
7304296130,331110,331110,True,True,True,both
7304296145,331110,331110,True,True,True,both
7304296160,331110,331110,True,True,True,both
7304296175,331110,331110,True,True,True,both
7304313000,331110,331110,True,True,True,both
7304316010,331110,331110,True,True,True,both
7304316050,331110,331110,True,True,True,both
7304390002,331110,331110,True,True,True,both
7304390004,331110,331110,True,True,True,both
7304390006,331110,331110,True,True,True,both
7304390008,331110,331110,True,True,True,both
7304390016,331110,331110,True,True,True,both
7304390020,331110,331110,True,True,True,both
7304390024,331110,331110,True,True,True,both
7304390028,331110,331110,True,True,True,both
7304390032,331110,331110,True,True,True,both
7304390036,331110,331110,True,True,True,both
7304390040,331110,331110,True,True,True,both
7304390044,331110,331110,True,True,True,both
7304390048,331110,331110,True,True,True,both
7304390052,331110,331110,True,True,True,both
7304390056,331110,331110,True,True,True,both
7304390062,331110,331110,True,True,True,both
7304390068,331110,331110,True,True,True,both
7304390072,331110,331110,True,True,True,both
7304390076,331110,331110,True,True,True,both
7304390080,331110,331110,True,True,True,both
7304413005,331110,331110,True,True,True,both
7304413015,331110,331110,True,True,True,both
7304413045,331110,331110,True,True,True,both
7304416005,331110,331110,True,True,True,both
7304416015,331110,331110,True,True,True,both
7304416045,331110,331110,True,True,True,both
7304490005,331110,331110,True,True,True,both
7304490015,331110,331110,True,True,True,both
7304490045,331110,331110,True,True,True,both
7304490060,331110,331110,True,True,True,both
7304511000,331110,331110,True,True,True,both
7304515005,331110,331110,True,True,True,both
7304515015,331110,331110,True,True,True,both
7304515045,331110,331110,True,True,True,both
7304515060,331110,331110,True,True,True,both
7304591000,331110,331110,True,True,True,both
7304592030,331110,331110,True,True,True,both
7304592040,331110,331110,True,True,True,both
7304592045,331110,331110,True,True,True,both
7304592055,331110,331110,True,True,True,both
7304592060,331110,331110,True,True,True,both
7304592070,331110,331110,True,True,True,both
7304592080,331110,331110,True,True,True,both
7304596000,331110,331110,True,True,True,both
7304598010,331110,331110,True,True,True,both
7304598015,331110,331110,True,True,True,both
7304598020,331110,331110,True,True,True,both
7304598025,331110,331110,True,True,True,both
7304598030,331110,331110,True,True,True,both
7304598035,331110,331110,True,True,True,both
7304598040,331110,331110,True,True,True,both
7304598045,331110,331110,True,True,True,both
7304598050,331110,331110,True,True,True,both
7304598055,331110,331110,True,True,True,both
7304598060,331110,331110,True,True,True,both
7304598065,331110,331110,True,True,True,both
7304598070,331110,331110,True,True,True,both
7304598080,331110,331110,True,True,True,both
7304901000,331110,331110,True,True,True,both
7304903000,331110,331110,True,True,True,both
7304905000,331110,331110,True,True,True,both
7304907000,331110,331110,True,True,True,both
7305111030,331110,331110,True,True,True,both
7305111060,331110,331110,True,True,True,both
7305115000,331110,331110,True,True,True,both
7305121030,331110,331110,True,True,True,both
7305121060,331110,331110,True,True,True,both
7305125000,331110,331110,True,True,True,both
7305191030,331110,331110,True,True,True,both
7305191060,331110,331110,True,True,True,both
7305195000,331110,331110,True,True,True,both
7305202000,331110,331110,True,True,True,both
7305204000,331110,331110,True,True,True,both
7305206000,331110,331110,True,True,True,both
7305208000,331110,331110,True,True,True,both
7305312000,331210,331210,True,True,True,both
7305314000,331110,331110,True,True,True,both
7305316010,331110,331110,True,True,True,both
7305316090,331110,331110,True,True,True,both
7305391000,331110,331110,True,True,True,both
7305395000,331110,331110,True,True,True,both
7305901000,331110,331110,True,True,True,both
7305905000,331110,331110,True,True,True,both
7306110010,331110,331110,True,True,True,both
7306110050,331110,331110,True,True,True,both
7306191010,331110,331110,True,True,True,both
7306191050,331110,331110,True,True,True,both
7306195110,331110,331110,True,True,True,both
7306195150,331110,331110,True,True,True,both
7306213000,331110,331110,True,True,True,both
7306214000,331110,331110,True,True,True,both
7306218010,331110,331110,True,True,True,both
7306218050,331110,331110,True,True,True,both
7306291030,331110,331110,True,True,True,both
7306291090,331110,331110,True,True,True,both
7306292000,331110,331110,True,True,True,both
7306293100,331110,331110,True,True,True,both
7306294100,331110,331110,True,True,True,both
7306296010,331110,331110,True,True,True,both
7306296050,331110,331110,True,True,True,both
7306298110,331110,331110,True,True,True,both
7306298150,331110,331110,True,True,True,both
7306301000,331110,331110,True,True,True,both
7306303000,331210,331210,True,True,True,both
7306305010,331110,331110,True,True,True,both
7306305015,331110,331110,True,True,True,both
7306305020,331110,331110,True,True,True,both
7306305025,331110,331110,True,True,True,both
7306305028,331110,331110,True,True,True,both
7306305032,331110,331110,True,True,True,both
7306305035,331110,331110,True,True,True,both
7306305040,331110,331110,True,True,True,both
7306305055,331110,331110,True,True,True,both
7306305085,331110,331110,True,True,True,both
7306305090,331110,331110,True,True,True,both
7306401010,331110,331110,True,True,True,both
7306401015,331110,331110,True,True,True,both
7306401090,331110,331110,True,True,True,both
7306405005,331110,331110,True,True,True,both
7306405015,331110,331110,True,True,True,both
7306405040,331110,331110,True,True,True,both
7306405042,331110,331110,True,True,True,both
7306405044,331110,331110,True,True,True,both
7306405062,331110,331110,True,True,True,both
7306405064,331110,331110,True,True,True,both
7306405080,331110,331110,True,True,True,both
7306405085,331110,331110,True,True,True,both
7306405090,331110,331110,True,True,True,both
7306501000,331110,331110,True,True,True,both
7306503000,331110,331110,True,True,True,both
7306505010,331110,331110,True,True,True,both
7306505030,331110,331110,True,True,True,both
7306505050,331110,331110,True,True,True,both
7306505070,331110,331110,True,True,True,both
7306611000,331110,331110,True,True,True,both
7306613000,331110,331110,True,True,True,both
7306615000,331110,331110,True,True,True,both
7306617030,331110,331110,True,True,True,both
7306617060,331110,331110,True,True,True,both
7306691000,331110,331110,True,True,True,both
7306693000,331110,331110,True,True,True,both
7306695000,331110,331110,True,True,True,both
7306697030,331110,331110,True,True,True,both
7306697060,331110,331110,True,True,True,both
7306901000,331110,331110,True,True,True,both
7306905000,331110,331110,True,True,True,both
7307110030,33151X,331511,False,True,True,both
7307110045,33151X,331511,False,True,True,both
7307110060,33151X,331511,False,True,True,both
7307193040,33151X,331511,False,True,True,both
7307193060,33151X,331511,False,True,True,both
7307193070,33151X,331511,False,True,True,both
7307193085,33151X,331511,False,True,True,both
7307199030,33151X,331511,False,True,True,both
7307199040,33151X,331511,False,True,True,both
7307199060,33151X,331511,False,True,True,both
7307199080,33151X,331511,False,True,True,both
7307211000,332XXX,332919,False,True,True,both
7307215000,332XXX,332919,False,True,True,both
7307221000,332XXX,332919,False,True,True,both
7307225000,332XXX,332919,False,True,True,both
7307230030,332XXX,332919,False,True,True,both
7307230090,332XXX,332919,False,True,True,both
7307290030,332XXX,332919,False,True,True,both
7307290090,332XXX,332919,False,True,True,both
7307911000,332XXX,332919,False,True,True,both
7307913000,332XXX,332919,False,True,True,both
7307915010,332XXX,332919,False,True,True,both
7307915030,332XXX,332919,False,True,True,both
7307915050,332XXX,332919,False,True,True,both
7307915070,332XXX,332919,False,True,True,both
7307923010,332XXX,332919,False,True,True,both
7307923030,332XXX,332919,False,True,True,both
7307929000,332XXX,332919,False,True,True,both
7307933010,332XXX,332919,False,True,True,both
7307933040,332XXX,332919,False,True,True,both
7307936000,332XXX,332919,False,True,True,both
7307939010,332XXX,332919,False,True,True,both
7307939040,332XXX,332919,False,True,True,both
7307939060,332XXX,332919,False,True,True,both
7307991000,332XXX,332919,False,True,True,both
7307993000,332XXX,332919,False,True,True,both
7307995015,332XXX,332919,False,True,True,both
7307995045,332XXX,332919,False,True,True,both
7307995060,332XXX,332919,False,True,True,both
7308100000,332XXX,332312,False,True,True,both
7308200020,332XXX,332312,False,True,True,both
7308200090,332XXX,332312,False,True,True,both
7308301000,332XXX,332321,False,True,True,both
7308305015,332XXX,332321,False,True,True,both
7308305025,332XXX,332321,False,True,True,both
7308305050,332XXX,332321,False,True,True,both
7308400000,332XXX,332323,False,True,True,both
7308903000,332XXX,332312,False,True,True,both
7308906000,332XXX,332312,False,True,True,both
7308907000,332XXX,332323,False,True,True,both
7308909530,332XXX,332322,False,True,True,both
7308909560,332XXX,332323,False,True,True,both
7308909590,332XXX,332312,False,True,True,both
7309000030,332XXX,332420,False,True,True,both
7309000090,332XXX,332420,False,True,True,both
7310100005,332XXX,332439,False,True,True,both
7310100015,332XXX,332439,False,True,True,both
7310100090,332XXX,332439,False,True,True,both
7310210025,332XXX,332431,False,True,True,both
7310210050,332XXX,332431,False,True,True,both
7310290020,332XXX,332439,False,True,True,both
7310290030,332XXX,332439,False,True,True,both
7310290055,332XXX,332439,False,True,True,both
7310290065,332XXX,332439,False,True,True,both
7311000030,332XXX,332420,False,True,True,both
7311000060,332XXX,332420,False,True,True,both
7311000090,332XXX,332420,False,True,True,both
7312100500,332XXX,332618,False,True,True,both
7312101030,314994,314994,True,True,True,both
7312101050,332XXX,332618,False,True,True,both
7312101070,332XXX,332618,False,True,True,both
7312102000,332XXX,332618,False,True,True,both
7312103005,314994,314994,True,True,True,both
7312103010,332XXX,332618,False,True,True,both
7312103012,332XXX,332618,False,True,True,both
7312103020,332XXX,332618,False,True,True,both
7312103045,332XXX,332618,False,True,True,both
7312103065,331318,331318,True,True,True,both
7312103070,332XXX,332618,False,True,True,both
7312103074,332XXX,332618,False,True,True,both
7312103080,332XXX,332618,False,True,True,both
7312105000,332XXX,332618,False,True,True,both
7312106030,332XXX,332618,False,True,True,both
7312106060,332XXX,332618,False,True,True,both
7312107000,332XXX,332618,False,True,True,both
7312108000,332XXX,332618,False,True,True,both
7312109030,332XXX,332618,False,True,True,both
7312109060,332XXX,332618,False,True,True,both
7312109090,332XXX,332618,False,True,True,both
7312900000,332XXX,332618,False,True,True,both
7313000000,332XXX,332618,False,True,True,both
7314121000,332XXX,332618,False,True,True,both
7314122000,332XXX,332618,False,True,True,both
7314123000,332XXX,332618,False,True,True,both
7314126000,332XXX,332618,False,True,True,both
7314129000,332XXX,332618,False,True,True,both
7314141000,332XXX,332618,False,True,True,both
7314142000,332XXX,332618,False,True,True,both
7314143000,332XXX,332618,False,True,True,both
7314146000,332XXX,332618,False,True,True,both
7314149000,332XXX,332618,False,True,True,both
7314190100,332XXX,332618,False,True,True,both
7314200000,332XXX,332618,False,True,True,both
7314311000,332XXX,332618,False,True,True,both
7314315010,332XXX,332618,False,True,True,both
7314315080,332XXX,332618,False,True,True,both
7314390000,332XXX,332618,False,True,True,both
7314410030,332XXX,332618,False,True,True,both
7314410040,332XXX,332618,False,True,True,both
7314410045,332XXX,332618,False,True,True,both
7314410080,332XXX,332618,False,True,True,both
7314420030,332XXX,332618,False,True,True,both
7314420060,332XXX,332618,False,True,True,both
7314493000,332XXX,332618,False,True,True,both
7314496000,332XXX,332618,False,True,True,both
7314500000,332XXX,332323,False,True,True,both
7315110005,332XXX,332618,False,True,True,both
7315110010,332XXX,332618,False,True,True,both
7315110045,332XXX,332618,False,True,True,both
7315110060,332XXX,332618,False,True,True,both
7315120020,332XXX,332618,False,True,True,both
7315120040,332XXX,332618,False,True,True,both
7315120060,332XXX,332618,False,True,True,both
7315120080,332XXX,332618,False,True,True,both
7315190000,332XXX,332618,False,True,True,both
7315201000,332XXX,332618,False,True,True,both
7315205000,332XXX,332618,False,True,True,both
7315810000,332XXX,332618,False,True,True,both
7315821000,332XXX,332618,False,True,True,both
7315823000,332XXX,332618,False,True,True,both
7315825000,332XXX,332618,False,True,True,both
7315827000,332XXX,332618,False,True,True,both
7315891000,332XXX,332618,False,True,True,both
7315893000,332XXX,332618,False,True,True,both
7315895000,332XXX,332618,False,True,True,both
7315900000,332XXX,332618,False,True,True,both
7316000000,332XXX,332999,False,True,True,both
7317001000,331222,331222,True,True,True,both
7317002000,331222,331222,True,True,True,both
7317003000,331222,331222,True,True,True,both
7317005501,331222,331222,True,True,True,both
7317005502,331222,331222,True,True,True,both
7317005503,331222,331222,True,True,True,both
7317005505,331222,331222,True,True,True,both
7317005507,331222,331222,True,True,True,both
7317005508,331222,331222,True,True,True,both
7317005511,331222,331222,True,True,True,both
7317005518,331222,331222,True,True,True,both
7317005519,331222,331222,True,True,True,both
7317005520,331222,331222,True,True,True,both
7317005530,331222,331222,True,True,True,both
7317005540,331222,331222,True,True,True,both
7317005550,331222,331222,True,True,True,both
7317005560,331222,331222,True,True,True,both
7317005570,331222,331222,True,True,True,both
7317005580,331222,331222,True,True,True,both
7317005590,331222,331222,True,True,True,both
7317006530,331222,331222,True,True,True,both
7317006560,331222,331222,True,True,True,both
7317007500,331222,331222,True,True,True,both
7318110000,332XXX,332722,False,True,True,both
7318120000,332XXX,332722,False,True,True,both
7318130030,332XXX,332722,False,True,True,both
7318130060,332XXX,332722,False,True,True,both
7318141030,332XXX,332722,False,True,True,both
7318141060,332XXX,332722,False,True,True,both
7318145020,332XXX,332722,False,True,True,both
7318145080,332XXX,332722,False,True,True,both
7318152010,332XXX,332722,False,True,True,both
7318152020,332XXX,332722,False,True,True,both
7318152030,332XXX,332722,False,True,True,both
7318152041,332XXX,332722,False,True,True,both
7318152046,332XXX,332722,False,True,True,both
7318152051,332XXX,332722,False,True,True,both
7318152055,332XXX,332722,False,True,True,both
7318152061,332XXX,332722,False,True,True,both
7318152065,332XXX,332722,False,True,True,both
7318152091,332XXX,332722,False,True,True,both
7318152095,332XXX,332722,False,True,True,both
7318154000,332XXX,332722,False,True,True,both
7318155030,332XXX,332722,False,True,True,both
7318155051,332XXX,332722,False,True,True,both
7318155056,332XXX,332722,False,True,True,both
7318155090,332XXX,332722,False,True,True,both
7318156010,332XXX,332722,False,True,True,both
7318156040,332XXX,332722,False,True,True,both
7318156070,332XXX,332722,False,True,True,both
7318156080,332XXX,332722,False,True,True,both
7318158020,332XXX,332722,False,True,True,both
7318158030,332XXX,332722,False,True,True,both
7318158045,332XXX,332722,False,True,True,both
7318158055,332XXX,332722,False,True,True,both
7318158066,332XXX,332722,False,True,True,both
7318158069,332XXX,332722,False,True,True,both
7318158082,332XXX,332722,False,True,True,both
7318158085,332XXX,332722,False,True,True,both
7318160015,332XXX,332722,False,True,True,both
7318160030,332XXX,332722,False,True,True,both
7318160045,332XXX,332722,False,True,True,both
7318160060,332XXX,332722,False,True,True,both
7318160085,332XXX,332722,False,True,True,both
7318190000,332XXX,332722,False,True,True,both
7318210030,332XXX,332722,False,True,True,both
7318210090,332XXX,332722,False,True,True,both
7318220000,332XXX,332722,False,True,True,both
7318230000,332XXX,332722,False,True,True,both
7318240000,332XXX,332722,False,True,True,both
7318290000,332XXX,332722,False,True,True,both
7319402010,339993,339993,True,True,True,both
7319402050,339993,339993,True,True,True,both
7319403000,339993,339993,True,True,True,both
7319405010,339993,339993,True,True,True,both
7319405050,339993,339993,True,True,True,both
7319901000,339993,339993,True,True,True,both
7319909000,339993,339993,True,True,True,both
7320103000,332XXX,332613,False,True,True,both
7320106015,332XXX,332613,False,True,True,both
7320106060,332XXX,332613,False,True,True,both
7320109015,332XXX,332613,False,True,True,both
7320109060,332XXX,332613,False,True,True,both
7320201000,332XXX,332613,False,True,True,both
7320205010,332XXX,332613,False,True,True,both
7320205020,332XXX,332613,False,True,True,both
7320205045,332XXX,332613,False,True,True,both
7320205060,332XXX,332613,False,True,True,both
7320901000,332XXX,332613,False,True,True,both
7320905010,332XXX,332613,False,True,True,both
7320905020,332XXX,332613,False,True,True,both
7320905060,332XXX,332613,False,True,True,both
7321111030,335220,335220,True,True,True,both
7321111060,335220,335220,True,True,True,both
7321113010,335220,335220,True,True,True,both
7321113020,335220,335220,True,True,True,both
7321113050,335220,335220,True,True,True,both
7321116000,335220,335220,True,True,True,both
7321120000,335220,335220,True,True,True,both
7321190020,335220,335220,True,True,True,both
7321190040,335220,335220,True,True,True,both
7321190060,335220,335220,True,True,True,both
7321190080,335220,335220,True,True,True,both
7321811000,333414,333414,True,True,True,both
7321815000,333414,333414,True,True,True,both
7321821000,333414,333414,True,True,True,both
7321825000,333414,333414,True,True,True,both
7321890010,333414,333414,True,True,True,both
7321890050,333414,333414,True,True,True,both
7321901000,335220,335220,True,True,True,both
7321902000,335220,335220,True,True,True,both
7321904000,335220,335220,True,True,True,both
7321905000,335220,335220,True,True,True,both
7321906040,335220,335220,True,True,True,both
7321906060,335220,335220,True,True,True,both
7321906090,333414,333414,True,True,True,both
7322110000,333414,333414,True,True,True,both
7322190000,333414,333414,True,True,True,both
7322900015,333415,333415,True,True,True,both
7322900030,333415,333415,True,True,True,both
7322900045,333415,333415,True,True,True,both
7323100000,332XXX,332999,False,True,True,both
7323911000,332XXX,332215,False,True,True,both
7323915020,33151X,331511,False,True,True,both
7323915040,33151X,331511,False,True,True,both
7323920020,33151X,331511,False,True,True,both
7323920040,33151X,331511,False,True,True,both
7323930015,332XXX,332215,False,True,True,both
7323930035,332XXX,332215,False,True,True,both
7323930045,332XXX,332215,False,True,True,both
7323930060,332XXX,332215,False,True,True,both
7323930080,332XXX,332999,False,True,True,both
7323940010,332XXX,332215,False,True,True,both
7323940021,332XXX,332215,False,True,True,both
7323940026,332XXX,332215,False,True,True,both
7323940030,332XXX,332215,False,True,True,both
7323940040,332XXX,332215,False,True,True,both
7323940080,332XXX,332999,False,True,True,both
7323991000,339910,339910,True,True,True,both
7323993000,339910,339910,True,True,True,both
7323995030,332XXX,332215,False,True,True,both
7323995060,332XXX,332215,False,True,True,both
7323997000,332XXX,332215,False,True,True,both
7323999030,332XXX,332215,False,True,True,both
7323999040,332XXX,332323,False,True,True,both
7323999080,332XXX,332999,False,True,True,both
7324100010,332XXX,332999,False,True,True,both
7324100050,332XXX,332999,False,True,True,both
7324211000,332XXX,332999,False,True,True,both
7324215000,332XXX,332999,False,True,True,both
7324290000,332XXX,332999,False,True,True,both
7324900000,332XXX,332999,False,True,True,both
7325100010,33151X,331511,False,True,True,both
7325100020,33151X,331511,False,True,True,both
7325100025,33151X,331511,False,True,True,both
7325100030,33151X,331511,False,True,True,both
7325100035,33151X,331511,False,True,True,both
7325100080,33151X,331511,False,True,True,both
7325910000,33151X,331511,False,True,True,both
7325991000,33151X,331511,False,True,True,both
7325995000,33151X,331513,False,True,True,both
7326110000,332XXX,332999,False,True,True,both
7326190010,332XXX,332999,False,True,True,both
7326190080,332XXX,332999,False,True,True,both
7326200010,332XXX,332618,False,True,True,both
7326200020,332XXX,332618,False,True,True,both
7326200030,332XXX,332618,False,True,True,both
7326200040,332XXX,332618,False,True,True,both
7326200055,332XXX,332618,False,True,True,both
7326200090,332XXX,332618,False,True,True,both
7326901000,332XXX,332999,False,True,True,both
7326902500,336991,336991,True,True,True,both
7326903500,339910,339910,True,True,True,both
7326904500,332XXX,332999,False,True,True,both
7326906000,339910,339910,True,True,True,both
7326908605,331110,331110,True,True,True,both
7326908610,332XXX,332999,False,True,True,both
7326908630,332XXX,332999,False,True,True,both
7326908635,331222,331222,True,True,True,both
7326908645,331222,331222,True,True,True,both
7326908660,332XXX,332999,False,True,True,both
7326908675,339994,339994,True,True,True,both
7326908676,332XXX,332999,False,True,True,both
7326908677,339995,339995,True,True,True,both
7326908688,332XXX,332999,False,True,True,both
7401000000,331410,331410,True,True,True,both
7402000000,331410,331410,True,True,True,both
7403110000,331410,331410,True,True,True,both
7403120000,331410,331410,True,True,True,both
7403130000,331410,331410,True,True,True,both
7403190000,331410,331410,True,True,True,both
7403210000,331410,331410,True,True,True,both
7403220000,331410,331410,True,True,True,both
7403290110,331410,331410,True,True,True,both
7403290180,331410,331410,True,True,True,both
7404003020,910000,910000,True,True,True,both
7404003045,910000,910000,True,True,True,both
7404003055,910000,910000,True,True,True,both
7404003065,910000,910000,True,True,True,both
7404003090,910000,910000,True,True,True,both
7404006020,910000,910000,True,True,True,both
7404006045,910000,910000,True,True,True,both
7404006055,910000,910000,True,True,True,both
7404006065,910000,910000,True,True,True,both
7404006090,910000,910000,True,True,True,both
7405001000,331410,331410,True,True,True,both
7405006030,331410,331410,True,True,True,both
7405006050,331410,331410,True,True,True,both
7406100000,331410,331410,True,True,True,both
7406200000,331410,331410,True,True,True,both
7407101500,331420,331420,True,True,True,both
7407103000,331420,331420,True,True,True,both
7407105010,331420,331420,True,True,True,both
7407105050,331420,331420,True,True,True,both
7407211500,331420,331420,True,True,True,both
7407213000,331420,331420,True,True,True,both
7407215000,331420,331420,True,True,True,both
7407217000,331420,331420,True,True,True,both
7407219000,331420,331420,True,True,True,both
7407291610,331420,331420,True,True,True,both
7407291680,331420,331420,True,True,True,both
7407293400,331420,331420,True,True,True,both
7407293800,331420,331420,True,True,True,both
7407294000,331420,331420,True,True,True,both
7407295000,331420,331420,True,True,True,both
7408113000,331420,331420,True,True,True,both
7408116000,331420,331420,True,True,True,both
7408190030,331420,331420,True,True,True,both
7408190060,331420,331420,True,True,True,both
7408210000,331420,331420,True,True,True,both
7408221000,331420,331420,True,True,True,both
7408225000,331420,331420,True,True,True,both
7408291000,331420,331420,True,True,True,both
7408295000,331420,331420,True,True,True,both
7409111000,331420,331420,True,True,True,both
7409115010,331420,331420,True,True,True,both
7409115050,331420,331420,True,True,True,both
7409191000,331420,331420,True,True,True,both
7409195000,331420,331420,True,True,True,both
7409199000,331420,331420,True,True,True,both
7409210010,331420,331420,True,True,True,both
7409210050,331420,331420,True,True,True,both
7409210075,331420,331420,True,True,True,both
7409210090,331420,331420,True,True,True,both
7409290010,331420,331420,True,True,True,both
7409290050,331420,331420,True,True,True,both
7409290075,331420,331420,True,True,True,both
7409290090,331420,331420,True,True,True,both
7409311000,331420,331420,True,True,True,both
7409315000,331420,331420,True,True,True,both
7409319000,331420,331420,True,True,True,both
7409391030,331420,331420,True,True,True,both
7409391060,331420,331420,True,True,True,both
7409395000,331420,331420,True,True,True,both
7409399030,331420,331420,True,True,True,both
7409399060,331420,331420,True,True,True,both
7409400000,331420,331420,True,True,True,both
7409901030,331420,331420,True,True,True,both
7409901060,331420,331420,True,True,True,both
7409905030,331420,331420,True,True,True,both
7409905060,331420,331420,True,True,True,both
7409909030,331420,331420,True,True,True,both
7409909060,331420,331420,True,True,True,both
7410110000,332XXX,332999,False,True,True,both
7410120030,332XXX,332999,False,True,True,both
7410120060,332XXX,332999,False,True,True,both
7410213020,332XXX,332999,False,True,True,both
7410213040,332XXX,332999,False,True,True,both
7410213060,332XXX,332999,False,True,True,both
7410216000,332XXX,332999,False,True,True,both
7410220000,332XXX,332999,False,True,True,both
7411101030,331420,331420,True,True,True,both
7411101090,331420,331420,True,True,True,both
7411105000,331420,331420,True,True,True,both
7411211000,331420,331420,True,True,True,both
7411215000,331420,331420,True,True,True,both
7411220000,331420,331420,True,True,True,both
7411291000,331420,331420,True,True,True,both
7411295000,331420,331420,True,True,True,both
7412100000,332XXX,332919,False,True,True,both
7412200015,332XXX,332919,False,True,True,both
7412200025,332XXX,332919,False,True,True,both
7412200035,332XXX,332919,False,True,True,both
7412200045,332XXX,332919,False,True,True,both
7412200065,332XXX,332919,False,True,True,both
7412200085,332XXX,332919,False,True,True,both
7412200090,332XXX,332919,False,True,True,both
7413001000,331420,331420,True,True,True,both
7413005000,331420,331420,True,True,True,both
7413009000,331420,331420,True,True,True,both
7415100000,332XXX,332618,False,True,True,both
7415210000,332XXX,332722,False,True,True,both
7415290000,332XXX,332722,False,True,True,both
7415330500,332XXX,332722,False,True,True,both
7415331000,332XXX,332722,False,True,True,both
7415338010,332XXX,332722,False,True,True,both
7415338050,332XXX,332722,False,True,True,both
7415390000,332XXX,332722,False,True,True,both
7418100002,332XXX,332999,False,True,True,both
7418100004,332XXX,332999,False,True,True,both
7418100019,339910,339910,True,True,True,both
7418100021,335220,335220,True,True,True,both
7418100023,332XXX,332215,False,True,True,both
7418100025,332XXX,332999,False,True,True,both
7418100051,335220,335220,True,True,True,both
7418100053,332XXX,332215,False,True,True,both
7418100055,332XXX,332999,False,True,True,both
7418201000,332XXX,332999,False,True,True,both
7418205000,332XXX,332999,False,True,True,both
7419200010,332XXX,332913,False,True,True,both
7419200050,332XXX,332999,False,True,True,both
7419800300,332XXX,332618,False,True,True,both
7419800660,332XXX,332618,False,True,True,both
7419800680,332XXX,332618,False,True,True,both
7419800900,332XXX,332618,False,True,True,both
7419801500,339910,339910,True,True,True,both
7419801600,332XXX,332613,False,True,True,both
7419801700,332XXX,332618,False,True,True,both
7419803000,339910,339910,True,True,True,both
7419805010,332XXX,332913,False,True,True,both
7419805050,332XXX,332999,False,True,True,both
7501100000,331410,331410,True,True,True,both
7501200000,331410,331410,True,True,True,both
7502100000,331410,331410,True,True,True,both
7502200000,331410,331410,True,True,True,both
7503000000,910000,910000,True,True,True,both
7504000010,331492,331492,True,True,True,both
7504000050,331492,331492,True,True,True,both
7505111000,331491,331491,True,True,True,both
7505113000,331491,331491,True,True,True,both
7505115000,331491,331491,True,True,True,both
7505121000,331491,331491,True,True,True,both
7505123000,331491,331491,True,True,True,both
7505125000,331491,331491,True,True,True,both
7505211000,331491,331491,True,True,True,both
7505215000,331491,331491,True,True,True,both
7505221000,331491,331491,True,True,True,both
7505225000,331491,331491,True,True,True,both
7506100500,332XXX,332999,False,True,True,both
7506101000,331491,331491,True,True,True,both
7506103000,331491,331491,True,True,True,both
7506200500,332XXX,332999,False,True,True,both
7506201000,331491,331491,True,True,True,both
7506203000,331491,331491,True,True,True,both
7507110000,331491,331491,True,True,True,both
7507120000,331491,331491,True,True,True,both
7507200000,332XXX,332919,False,True,True,both
7508100000,331491,331491,True,True,True,both
7508901000,331491,331491,True,True,True,both
7508905000,332XXX,332999,False,True,True,both
7601103000,331313,331313,True,True,True,both
7601106030,331313,331313,True,True,True,both
7601106090,331313,331313,True,True,True,both
7601203000,331313,331313,True,True,True,both
7601206000,331313,331313,True,True,True,both
7601209030,331313,331313,True,True,True,both
7601209045,331314,331314,True,True,True,both
7601209060,331313,331313,True,True,True,both
7601209075,331314,331314,True,True,True,both
7601209080,331313,331313,True,True,True,both
7601209085,331313,331313,True,True,True,both
7601209095,331313,331313,True,True,True,both
7602000030,910000,910000,True,True,True,both
7602000091,910000,910000,True,True,True,both
7602000096,910000,910000,True,True,True,both
7603100000,331314,331314,True,True,True,both
7603200000,331314,331314,True,True,True,both
7604101000,331318,331318,True,True,True,both
7604103000,331318,331318,True,True,True,both
7604105000,331318,331318,True,True,True,both
7604210010,331318,331318,True,True,True,both
7604210090,331318,331318,True,True,True,both
7604291010,331318,331318,True,True,True,both
7604291090,331318,331318,True,True,True,both
7604293030,331318,331318,True,True,True,both
7604293060,331318,331318,True,True,True,both
7604293090,331318,331318,True,True,True,both
7604295020,331318,331318,True,True,True,both
7604295050,331318,331318,True,True,True,both
7604295090,331318,331318,True,True,True,both
7605110000,331318,331318,True,True,True,both
7605190000,331318,331318,True,True,True,both
7605210000,331318,331318,True,True,True,both
7605290000,331318,331318,True,True,True,both
7606113030,331315,331315,True,True,True,both
7606113060,331315,331315,True,True,True,both
7606116000,331315,331315,True,True,True,both
7606123015,331315,331315,True,True,True,both
7606123025,331315,331315,True,True,True,both
7606123035,331315,331315,True,True,True,both
7606123045,331315,331315,True,True,True,both
7606123055,331315,331315,True,True,True,both
7606123091,331315,331315,True,True,True,both
7606123096,331315,331315,True,True,True,both
7606126000,331315,331315,True,True,True,both
7606913055,331315,331315,True,True,True,both
7606913095,331315,331315,True,True,True,both
7606916055,331315,331315,True,True,True,both
7606916095,331315,331315,True,True,True,both
7606923025,331315,331315,True,True,True,both
7606923035,331315,331315,True,True,True,both
7606926055,331315,331315,True,True,True,both
7606926095,331315,331315,True,True,True,both
7607113000,331315,331315,True,True,True,both
7607116010,331315,331315,True,True,True,both
7607116090,331315,331315,True,True,True,both
7607119030,331315,331315,True,True,True,both
7607119060,331315,331315,True,True,True,both
7607119090,331315,331315,True,True,True,both
7607191000,332XXX,332999,False,True,True,both
7607193000,332XXX,332999,False,True,True,both
7607196000,332XXX,332999,False,True,True,both
7607201000,332XXX,332999,False,True,True,both
7607205000,332XXX,332999,False,True,True,both
7608100030,331318,331318,True,True,True,both
7608100090,331318,331318,True,True,True,both
7608200030,331318,331318,True,True,True,both
7608200090,331318,331318,True,True,True,both
7609000000,332XXX,332919,False,True,True,both
7610100010,332XXX,332321,False,True,True,both
7610100020,332XXX,332321,False,True,True,both
7610100030,332XXX,332321,False,True,True,both
7610900020,332XXX,332322,False,True,True,both
7610900040,332XXX,332323,False,True,True,both
7610900060,321991,321991,True,True,True,both
7610900080,332XXX,332312,False,True,True,both
7611000030,332XXX,332420,False,True,True,both
7611000090,332XXX,332420,False,True,True,both
7612100000,332XXX,332999,False,True,True,both
7612901030,332XXX,332431,False,True,True,both
7612901060,332XXX,332431,False,True,True,both
7612901090,332XXX,332431,False,True,True,both
7612905000,332XXX,332439,False,True,True,both
7613000000,332XXX,332420,False,True,True,both
7614101000,331318,331318,True,True,True,both
7614105000,331318,331318,True,True,True,both
7614902030,331318,331318,True,True,True,both
7614902060,331318,331318,True,True,True,both
7614904000,331318,331318,True,True,True,both
7614905000,331318,331318,True,True,True,both
7615101100,332XXX,332999,False,True,True,both
7615102015,332XXX,332215,False,True,True,both
7615102025,332XXX,332215,False,True,True,both
7615103015,332XXX,332215,False,True,True,both
7615103025,332XXX,332215,False,True,True,both
7615105020,332XXX,332215,False,True,True,both
7615105040,332XXX,332215,False,True,True,both
7615107125,332XXX,332215,False,True,True,both
7615107130,332XXX,332215,False,True,True,both
7615107155,332XXX,332215,False,True,True,both
7615107180,332XXX,332215,False,True,True,both
7615109100,332XXX,332215,False,True,True,both
7615200000,332XXX,332999,False,True,True,both
7616101000,332XXX,332618,False,True,True,both
7616103000,332XXX,332722,False,True,True,both
7616105000,332XXX,332722,False,True,True,both
7616107030,332XXX,332722,False,True,True,both
7616107090,332XXX,332722,False,True,True,both
7616109030,332XXX,332722,False,True,True,both
7616109090,332XXX,332722,False,True,True,both
7616910000,332XXX,332618,False,True,True,both
7616991000,332XXX,332999,False,True,True,both
7616995120,332XXX,332999,False,True,True,both
7616995130,332XXX,332999,False,True,True,both
7616995140,337920,337920,True,True,True,both
7616995150,332XXX,332999,False,True,True,both
7616995160,33152X,331523,False,True,True,both
7616995170,332XXX,332112,False,True,True,both
7616995175,332XXX,332618,False,True,True,both
7616995190,332XXX,332999,False,True,True,both
7801100000,331410,331410,True,True,True,both
7801910000,331410,331410,True,True,True,both
7801993000,331410,331410,True,True,True,both
7801999030,331410,331410,True,True,True,both
7801999050,331410,331410,True,True,True,both
7802000030,910000,910000,True,True,True,both
7802000060,910000,910000,True,True,True,both
7804110000,331491,331491,True,True,True,both
7804190000,331491,331491,True,True,True,both
7804200000,331492,331492,True,True,True,both
7806000300,331491,331491,True,True,True,both
7806000500,331491,331491,True,True,True,both
7806008000,332XXX,332999,False,True,True,both
7901110000,331410,331410,True,True,True,both
7901121000,331410,331410,True,True,True,both
7901125000,331410,331410,True,True,True,both
7901200000,331410,331410,True,True,True,both
7902000000,910000,910000,True,True,True,both
7903100000,331410,331410,True,True,True,both
7903903000,331492,331492,True,True,True,both
7903906000,331492,331492,True,True,True,both
7904000000,331491,331491,True,True,True,both
7905000000,331491,331491,True,True,True,both
7907001000,332XXX,332999,False,True,True,both
7907002000,331491,331491,True,True,True,both
7907006000,332XXX,332999,False,True,True,both
8001100000,331410,331410,True,True,True,both
8001200010,331410,331410,True,True,True,both
8001200050,331410,331410,True,True,True,both
8001200090,331410,331410,True,True,True,both
8002000000,910000,910000,True,True,True,both
8003000000,331491,331491,True,True,True,both
8007001010,332XXX,332999,False,True,True,both
8007001050,332XXX,332999,False,True,True,both
8007002000,331491,331491,True,True,True,both
8007003100,332XXX,332999,False,True,True,both
8007003200,331492,331492,True,True,True,both
8007004000,331491,331491,True,True,True,both
8007005000,332XXX,332999,False,True,True,both
8101100000,331492,331492,True,True,True,both
8101940000,331410,331410,True,True,True,both
8101960000,331491,331491,True,True,True,both
8101970000,910000,910000,True,True,True,both
8101991000,331491,331491,True,True,True,both
8101998000,331491,331491,True,True,True,both
8102100000,331492,331492,True,True,True,both
8102940000,331410,331410,True,True,True,both
8102953000,331491,331491,True,True,True,both
8102956000,331491,331491,True,True,True,both
8102960000,331491,331491,True,True,True,both
8102970000,910000,910000,True,True,True,both
8102990000,331491,331491,True,True,True,both
8103200030,331492,331492,True,True,True,both
8103200090,331410,331410,True,True,True,both
8103300000,910000,910000,True,True,True,both
8103910000,331491,331491,True,True,True,both
8103990000,331491,331491,True,True,True,both
8104110000,331410,331410,True,True,True,both
8104190000,331410,331410,True,True,True,both
8104200000,910000,910000,True,True,True,both
8104300000,331492,331492,True,True,True,both
8104900000,331491,331491,True,True,True,both
8105203000,331410,331410,True,True,True,both
8105206000,331410,331410,True,True,True,both
8105209000,331491,331491,True,True,True,both
8105300000,331491,331491,True,True,True,both
8105900000,331491,331491,True,True,True,both
8106100000,331491,331491,True,True,True,both
8106900000,331491,331491,True,True,True,both
8108200010,331410,331410,True,True,True,both
8108200015,331492,331492,True,True,True,both
8108200030,331410,331410,True,True,True,both
8108200095,331410,331410,True,True,True,both
8108300000,910000,910000,True,True,True,both
8108903030,331491,331491,True,True,True,both
8108903060,331491,331491,True,True,True,both
8108906020,331491,331491,True,True,True,both
8108906031,331491,331491,True,True,True,both
8108906045,331491,331491,True,True,True,both
8108906060,331491,331491,True,True,True,both
8108906075,331491,331491,True,True,True,both
8109210000,331410,331410,True,True,True,both
8109290000,331410,331410,True,True,True,both
8109310000,910000,910000,True,True,True,both
8109390000,910000,910000,True,True,True,both
8109910000,331491,331491,True,True,True,both
8109990000,331491,331491,True,True,True,both
8110100000,331410,331410,True,True,True,both
8110200000,910000,910000,True,True,True,both
8110900000,331410,331410,True,True,True,both
8111003000,910000,910000,True,True,True,both
8111004700,331410,331410,True,True,True,both
8111004910,331410,331410,True,True,True,both
8111004990,331410,331410,True,True,True,both
8111006000,331491,331491,True,True,True,both
8112120000,331410,331410,True,True,True,both
8112130000,910000,910000,True,True,True,both
8112190000,331491,331491,True,True,True,both
8112210000,331410,331410,True,True,True,both
8112220000,910000,910000,True,True,True,both
8112290000,331410,331410,True,True,True,both
8112310000,331410,331410,True,True,True,both
8112390000,331491,331491,True,True,True,both
8112411000,910000,910000,True,True,True,both
8112415000,331410,331410,True,True,True,both
8112490000,331491,331491,True,True,True,both
8112510000,331410,331410,True,True,True,both
8112520000,910000,910000,True,True,True,both
8112590000,331491,331491,True,True,True,both
8112610000,331410,331410,True,True,True,both
8112691000,331410,331410,True,True,True,both
8112699000,331491,331491,True,True,True,both
8112920700,910000,910000,True,True,True,both
8112921000,331410,331410,True,True,True,both
8112923000,331410,331410,True,True,True,both
8112924000,331410,331410,True,True,True,both
8112926000,331410,331410,True,True,True,both
8112926500,331491,331491,True,True,True,both
8112927000,331410,331410,True,True,True,both
8112991000,331491,331491,True,True,True,both
8112992000,331410,331410,True,True,True,both
8112999100,331491,331491,True,True,True,both
8113000000,332XXX,332999,False,True,True,both
8201100000,332XXX,332216,False,True,True,both
8201300010,332XXX,332216,False,True,True,both
8201300080,332XXX,332216,False,True,True,both
8201403000,332XXX,332216,False,True,True,both
8201406010,332XXX,332216,False,True,True,both
8201406080,332XXX,332216,False,True,True,both
8201500000,332XXX,332216,False,True,True,both
8201600000,332XXX,332216,False,True,True,both
8201903000,332XXX,332216,False,True,True,both
8201904000,332XXX,332216,False,True,True,both
8201906000,332XXX,332216,False,True,True,both
8202100000,332XXX,332216,False,True,True,both
8202200030,332XXX,332216,False,True,True,both
8202200060,332XXX,332216,False,True,True,both
8202310000,332XXX,332216,False,True,True,both
8202390010,332XXX,332216,False,True,True,both
8202390040,332XXX,332216,False,True,True,both
8202390070,332XXX,332216,False,True,True,both
8202403000,332XXX,332216,False,True,True,both
8202406030,332XXX,332216,False,True,True,both
8202406060,332XXX,332216,False,True,True,both
8202913000,332XXX,332216,False,True,True,both
8202916000,332XXX,332216,False,True,True,both
8202990000,332XXX,332216,False,True,True,both
8203103000,332XXX,332216,False,True,True,both
8203106000,332XXX,332216,False,True,True,both
8203109000,332XXX,332216,False,True,True,both
8203202000,332XXX,332215,False,True,True,both
8203204000,332XXX,332216,False,True,True,both
8203206030,332XXX,332216,False,True,True,both
8203206060,332XXX,332216,False,True,True,both
8203208000,332XXX,332216,False,True,True,both
8203300000,332XXX,332216,False,True,True,both
8203403000,332XXX,332216,False,True,True,both
8203406000,332XXX,332216,False,True,True,both
8204110030,332XXX,332216,False,True,True,both
8204110060,332XXX,332216,False,True,True,both
8204120000,332XXX,332216,False,True,True,both
8204200000,332XXX,332216,False,True,True,both
8205100000,332XXX,332216,False,True,True,both
8205203000,332XXX,332216,False,True,True,both
8205206000,332XXX,332216,False,True,True,both
8205303000,332XXX,332216,False,True,True,both
8205306000,332XXX,332216,False,True,True,both
8205400000,332XXX,332216,False,True,True,both
8205511500,332XXX,332215,False,True,True,both
8205513030,332XXX,332215,False,True,True,both
8205513060,332XXX,332216,False,True,True,both
8205514500,332XXX,332216,False,True,True,both
8205516000,332XXX,332216,False,True,True,both
8205517500,332XXX,332216,False,True,True,both
8205591000,332XXX,332216,False,True,True,both
8205592000,333991,333991,True,True,True,both
8205593010,332XXX,332216,False,True,True,both
8205593080,332XXX,332216,False,True,True,both
8205594500,332XXX,332216,False,True,True,both
8205595505,332XXX,332215,False,True,True,both
8205595510,332XXX,332216,False,True,True,both
8205595560,332XXX,332216,False,True,True,both
8205596000,332XXX,332216,False,True,True,both
8205597000,332XXX,332216,False,True,True,both
8205598000,332XXX,332216,False,True,True,both
8205600000,332XXX,332216,False,True,True,both
8205700030,332XXX,332216,False,True,True,both
8205700060,332XXX,332216,False,True,True,both
8205700090,332XXX,332216,False,True,True,both
8205901000,332XXX,332111,False,True,True,both
8205906000,332XXX,332216,False,True,True,both
8206000000,332XXX,332216,False,True,True,both
8207130000,333131,333131,True,True,True,both
8207193030,333131,333131,True,True,True,both
8207193060,333131,333131,True,True,True,both
8207193090,333131,333131,True,True,True,both
8207196030,333131,333131,True,True,True,both
8207196065,333131,333131,True,True,True,both
8207196070,333131,333131,True,True,True,both
8207196090,333131,333131,True,True,True,both
8207200030,333514,333514,True,True,True,both
8207200040,333514,333514,True,True,True,both
8207200070,333514,333514,True,True,True,both
8207303020,333517,333517,True,True,True,both
8207303050,333517,333517,True,True,True,both
8207306032,333514,333514,True,True,True,both
8207306062,333514,333514,True,True,True,both
8207306092,332XXX,332216,False,True,True,both
8207306095,333514,333514,True,True,True,both
8207403000,333515,333515,True,True,True,both
8207406000,333515,333515,True,True,True,both
8207502030,333515,333515,True,True,True,both
8207502045,333515,333515,True,True,True,both
8207502055,333517,333517,True,True,True,both
8207502070,332XXX,332216,False,True,True,both
8207502080,333517,333517,True,True,True,both
8207504030,333515,333515,True,True,True,both
8207504060,333517,333517,True,True,True,both
8207506000,333991,333991,True,True,True,both
8207508000,333991,333991,True,True,True,both
8207600030,333515,333515,True,True,True,both
8207600035,333515,333515,True,True,True,both
8207600061,333515,333515,True,True,True,both
8207703030,333515,333515,True,True,True,both
8207703040,332XXX,332216,False,True,True,both
8207703060,333515,333515,True,True,True,both
8207706030,333515,333515,True,True,True,both
8207706040,332XXX,332216,False,True,True,both
8207706060,333515,333515,True,True,True,both
8207803000,333515,333515,True,True,True,both
8207806000,333515,333515,True,True,True,both
8207901500,332XXX,332216,False,True,True,both
8207903030,333515,333515,True,True,True,both
8207903075,332XXX,332216,False,True,True,both
8207903080,332XXX,332216,False,True,True,both
8207903085,333515,333515,True,True,True,both
8207904500,333515,333515,True,True,True,both
8207906000,332XXX,332216,False,True,True,both
8207907545,332XXX,332216,False,True,True,both
8207907585,332XXX,332216,False,True,True,both
8208100030,333515,333515,True,True,True,both
8208100060,333515,333515,True,True,True,both
8208200030,332XXX,332216,False,True,True,both
8208200060,332XXX,332216,False,True,True,both
8208200090,332XXX,332216,False,True,True,both
8208300030,332XXX,332216,False,True,True,both
8208300060,332XXX,332216,False,True,True,both
8208403000,332XXX,332216,False,True,True,both
8208406000,332XXX,332216,False,True,True,both
8208903000,332XXX,332216,False,True,True,both
8208906000,332XXX,332216,False,True,True,both
8209000030,333515,333515,True,True,True,both
8209000060,333515,333515,True,True,True,both
8210000000,335210,335210,True,True,True,both
8211100000,332XXX,332215,False,True,True,both
8211911000,332XXX,332215,False,True,True,both
8211912000,332XXX,332215,False,True,True,both
8211912500,332XXX,332215,False,True,True,both
8211913000,332XXX,332215,False,True,True,both
8211914000,332XXX,332215,False,True,True,both
8211915030,332XXX,332215,False,True,True,both
8211915060,332XXX,332215,False,True,True,both
8211918030,332XXX,332215,False,True,True,both
8211918060,332XXX,332215,False,True,True,both
8211922000,332XXX,332215,False,True,True,both
8211924050,332XXX,332215,False,True,True,both
8211924060,332XXX,332215,False,True,True,both
8211926000,332XXX,332215,False,True,True,both
8211929030,332XXX,332215,False,True,True,both
8211929045,332XXX,332215,False,True,True,both
8211929060,332XXX,332215,False,True,True,both
8211930031,332XXX,332215,False,True,True,both
8211930035,332XXX,332215,False,True,True,both
8211930060,332XXX,332215,False,True,True,both
8211941000,332XXX,332215,False,True,True,both
8211945000,332XXX,332215,False,True,True,both
8211951000,332XXX,332215,False,True,True,both
8211955000,332XXX,332215,False,True,True,both
8211959000,332XXX,332215,False,True,True,both
8212100000,332XXX,332215,False,True,True,both
8212200005,332XXX,332215,False,True,True,both
8212200010,332XXX,332215,False,True,True,both
8212900000,332XXX,332215,False,True,True,both
8213003000,332XXX,332215,False,True,True,both
8213006000,332XXX,332215,False,True,True,both
8213009000,332XXX,332215,False,True,True,both
8214100000,332XXX,332215,False,True,True,both
8214203000,332XXX,332215,False,True,True,both
8214206000,332XXX,332215,False,True,True,both
8214209000,332XXX,332215,False,True,True,both
8214903000,332XXX,332215,False,True,True,both
8214906000,332XXX,332215,False,True,True,both
8214909000,332XXX,332215,False,True,True,both
8215100000,339910,339910,True,True,True,both
8215200000,332XXX,332215,False,True,True,both
8215913000,332XXX,332215,False,True,True,both
8215916000,332XXX,332215,False,True,True,both
8215919000,332XXX,332215,False,True,True,both
8215990100,332XXX,332215,False,True,True,both
8215990500,332XXX,332215,False,True,True,both
8215991000,332XXX,332215,False,True,True,both
8215991500,332XXX,332215,False,True,True,both
8215992000,332XXX,332215,False,True,True,both
8215992200,332XXX,332215,False,True,True,both
8215992400,332XXX,332215,False,True,True,both
8215992600,332XXX,332215,False,True,True,both
8215993000,332XXX,332215,False,True,True,both
8215993500,332XXX,332215,False,True,True,both
8215994030,332XXX,332215,False,True,True,both
8215994060,332XXX,332215,False,True,True,both
8215994500,332XXX,332215,False,True,True,both
8215995000,332XXX,332215,False,True,True,both
8301102000,332XXX,332510,False,True,True,both
8301104000,332XXX,332510,False,True,True,both
8301105000,332XXX,332510,False,True,True,both
8301106020,332XXX,332510,False,True,True,both
8301106080,332XXX,332510,False,True,True,both
8301108000,332XXX,332510,False,True,True,both
8301109000,332XXX,332510,False,True,True,both
8301200030,332XXX,332510,False,True,True,both
8301200060,332XXX,332510,False,True,True,both
8301300060,332XXX,332510,False,True,True,both
8301300090,332XXX,332510,False,True,True,both
8301403000,332XXX,332510,False,True,True,both
8301406030,332XXX,332510,False,True,True,both
8301406060,332XXX,332510,False,True,True,both
8301500000,332XXX,332510,False,True,True,both
8301600000,332XXX,332510,False,True,True,both
8301700000,332XXX,332510,False,True,True,both
8302103000,332XXX,332510,False,True,True,both
8302106030,332XXX,332510,False,True,True,both
8302106060,332XXX,332510,False,True,True,both
8302106090,332XXX,332510,False,True,True,both
8302109030,332XXX,332510,False,True,True,both
8302109060,332XXX,332510,False,True,True,both
8302109090,332XXX,332510,False,True,True,both
8302200000,332XXX,332510,False,True,True,both
8302303010,333995,333995,True,True,True,both
8302303060,332XXX,332510,False,True,True,both
8302306000,332XXX,332510,False,True,True,both
8302413000,332XXX,332510,False,True,True,both
8302416015,332XXX,332510,False,True,True,both
8302416045,332XXX,332510,False,True,True,both
8302416050,337920,337920,True,True,True,both
8302416080,332XXX,332510,False,True,True,both
8302419015,332XXX,332510,False,True,True,both
8302419045,332XXX,332510,False,True,True,both
8302419050,337920,337920,True,True,True,both
8302419080,332XXX,332510,False,True,True,both
8302423010,333995,333995,True,True,True,both
8302423015,332XXX,332510,False,True,True,both
8302423065,332XXX,332510,False,True,True,both
8302426000,332XXX,332510,False,True,True,both
8302492000,332XXX,332510,False,True,True,both
8302494000,332XXX,332510,False,True,True,both
8302496035,333995,333995,True,True,True,both
8302496045,332XXX,332510,False,True,True,both
8302496055,332XXX,332510,False,True,True,both
8302496085,332XXX,332510,False,True,True,both
8302498040,332XXX,332510,False,True,True,both
8302498050,332XXX,332510,False,True,True,both
8302498090,332XXX,332510,False,True,True,both
8302500000,337127,337127,True,True,True,both
8302603000,335999,335999,True,True,True,both
8302609000,335999,335999,True,True,True,both
8303000000,332XXX,332999,False,True,True,both
8304000000,332XXX,332999,False,True,True,both
8305100010,32311X,323111,False,True,True,both
8305100050,32311X,323111,False,True,True,both
8305200000,331222,331222,True,True,True,both
8305903010,332XXX,332618,False,True,True,both
8305903050,332XXX,332618,False,True,True,both
8305906000,332XXX,332618,False,True,True,both
8306100000,332XXX,332999,False,True,True,both
8306210000,339910,339910,True,True,True,both
8306290000,339910,339910,True,True,True,both
8306300000,339999,339999,True,True,True,both
8307103000,332XXX,332999,False,True,True,both
8307106000,332XXX,332999,False,True,True,both
8307903000,332XXX,332999,False,True,True,both
8307906000,332XXX,332999,False,True,True,both
8308100000,339993,339993,True,True,True,both
8308203000,332XXX,332722,False,True,True,both
8308206000,332XXX,332722,False,True,True,both
8308903000,339999,339999,True,True,True,both
8308906000,339993,339993,True,True,True,both
8308909000,339993,339993,True,True,True,both
8309100000,332XXX,332119,False,True,True,both
8309900000,332XXX,332119,False,True,True,both
8310000000,339950,339950,True,True,True,both
8311100000,333992,333992,True,True,True,both
8311200000,333992,333992,True,True,True,both
8311303000,331491,331491,True,True,True,both
8311306000,331491,331491,True,True,True,both
8311900000,333992,333992,True,True,True,both
8401100000,332XXX,332410,False,True,True,both
8401200000,333998,333998,True,True,True,both
8401300000,332XXX,332410,False,True,True,both
8401400000,332XXX,332410,False,True,True,both
8402110000,332XXX,332410,False,True,True,both
8402120000,332XXX,332410,False,True,True,both
8402190000,332XXX,332410,False,True,True,both
8402200000,332XXX,332410,False,True,True,both
8402900010,332XXX,332410,False,True,True,both
8402900090,332XXX,332410,False,True,True,both
8403100000,333414,333414,True,True,True,both
8403900000,333414,333414,True,True,True,both
8404100010,332XXX,332410,False,True,True,both
8404100050,332XXX,332410,False,True,True,both
8404200000,332XXX,332410,False,True,True,both
8404900000,332XXX,332410,False,True,True,both
8405100000,335312,335312,True,True,True,both
8405900000,335312,335312,True,True,True,both
8406101000,333611,333611,True,True,True,both
8406109000,333611,333611,True,True,True,both
8406811020,333611,333611,True,True,True,both
8406811070,333611,333611,True,True,True,both
8406819000,333611,333611,True,True,True,both
8406821010,333611,333611,True,True,True,both
8406821020,333611,333611,True,True,True,both
8406821050,333611,333611,True,True,True,both
8406821070,333611,333611,True,True,True,both
8406829000,333611,333611,True,True,True,both
8406902000,333611,333611,True,True,True,both
8406903000,333611,333611,True,True,True,both
8406904000,333611,333611,True,True,True,both
8406904540,333611,333611,True,True,True,both
8406904580,333611,333611,True,True,True,both
8406905000,333611,333611,True,True,True,both
8406906000,333611,333611,True,True,True,both
8406907000,333611,333611,True,True,True,both
8406907500,333611,333611,True,True,True,both
8407100020,336412,336412,True,True,True,both
8407100040,336412,336412,True,True,True,both
8407100060,336412,336412,True,True,True,both
8407100090,336412,336412,True,True,True,both
8407210040,333618,333618,True,True,True,both
8407210080,333618,333618,True,True,True,both
8407290010,333618,333618,True,True,True,both
8407290020,333618,333618,True,True,True,both
8407290030,333618,333618,True,True,True,both
8407290040,333618,333618,True,True,True,both
8407310040,333618,333618,True,True,True,both
8407310080,333618,333618,True,True,True,both
8407321000,333618,333618,True,True,True,both
8407322040,336310,336310,True,True,True,both
8407322080,336310,336310,True,True,True,both
8407329040,333618,333618,True,True,True,both
8407329080,333618,333618,True,True,True,both
8407331030,333618,333618,True,True,True,both
8407331060,333618,333618,True,True,True,both
8407331090,333618,333618,True,True,True,both
8407333040,333618,333618,True,True,True,both
8407333080,333618,333618,True,True,True,both
8407336040,336310,336310,True,True,True,both
8407336080,336310,336310,True,True,True,both
8407339040,333618,333618,True,True,True,both
8407339080,333618,333618,True,True,True,both
8407340530,333618,333618,True,True,True,both
8407340560,333618,333618,True,True,True,both
8407340590,333618,333618,True,True,True,both
8407341400,336310,336310,True,True,True,both
8407341800,336310,336310,True,True,True,both
8407342500,333618,333618,True,True,True,both
8407343530,333618,333618,True,True,True,both
8407343560,333618,333618,True,True,True,both
8407343590,333618,333618,True,True,True,both
8407344400,336310,336310,True,True,True,both
8407344800,336310,336310,True,True,True,both
8407345500,333618,333618,True,True,True,both
8407901010,333618,333618,True,True,True,both
8407901020,333618,333618,True,True,True,both
8407901060,333618,333618,True,True,True,both
8407901080,333618,333618,True,True,True,both
8407909010,333618,333618,True,True,True,both
8407909020,333618,333618,True,True,True,both
8407909040,333618,333618,True,True,True,both
8407909060,333618,333618,True,True,True,both
8407909080,333618,333618,True,True,True,both
8408100005,333618,333618,True,True,True,both
8408100015,333618,333618,True,True,True,both
8408100020,333618,333618,True,True,True,both
8408100030,333618,333618,True,True,True,both
8408100040,333618,333618,True,True,True,both
8408100050,333618,333618,True,True,True,both
8408201040,333618,333618,True,True,True,both
8408201080,333618,333618,True,True,True,both
8408202000,333618,333618,True,True,True,both
8408209000,333618,333618,True,True,True,both
8408901040,333618,333618,True,True,True,both
8408901080,333618,333618,True,True,True,both
8408909010,333618,333618,True,True,True,both
8408909020,333618,333618,True,True,True,both
8408909030,333618,333618,True,True,True,both
8408909040,333618,333618,True,True,True,both
8408909050,333618,333618,True,True,True,both
8409100040,336412,336412,True,True,True,both
8409100080,336412,336412,True,True,True,both
8409911040,336310,336310,True,True,True,both
8409911060,333618,333618,True,True,True,both
8409911080,333618,333618,True,True,True,both
8409913000,336310,336310,True,True,True,both
8409915010,336310,336310,True,True,True,both
8409915081,336310,336310,True,True,True,both
8409915085,336310,336310,True,True,True,both
8409919210,333618,333618,True,True,True,both
8409919290,333618,333618,True,True,True,both
8409919910,333618,333618,True,True,True,both
8409919990,333618,333618,True,True,True,both
8409991040,333618,333618,True,True,True,both
8409991060,333618,333618,True,True,True,both
8409991080,333618,333618,True,True,True,both
8409999110,333618,333618,True,True,True,both
8409999190,333618,333618,True,True,True,both
8409999210,333618,333618,True,True,True,both
8409999290,333618,333618,True,True,True,both
8409999910,333618,333618,True,True,True,both
8409999990,333618,333618,True,True,True,both
8410110000,333611,333611,True,True,True,both
8410120000,333611,333611,True,True,True,both
8410130000,333611,333611,True,True,True,both
8410900000,333611,333611,True,True,True,both
8411114000,336412,336412,True,True,True,both
8411118000,333611,333611,True,True,True,both
8411124000,336412,336412,True,True,True,both
8411128000,333611,333611,True,True,True,both
8411214000,336412,336412,True,True,True,both
8411218000,333611,333611,True,True,True,both
8411224000,336412,336412,True,True,True,both
8411228000,333611,333611,True,True,True,both
8411814000,336412,336412,True,True,True,both
8411818010,333611,333611,True,True,True,both
8411818090,333611,333611,True,True,True,both
8411824000,336412,336412,True,True,True,both
8411828010,333611,333611,True,True,True,both
8411828090,333611,333611,True,True,True,both
8411911040,333611,333611,True,True,True,both
8411911060,336412,336412,True,True,True,both
8411911090,336412,336412,True,True,True,both
8411919040,333611,333611,True,True,True,both
8411919081,336412,336412,True,True,True,both
8411919085,336412,336412,True,True,True,both
8411991010,333611,333611,True,True,True,both
8411991040,336412,336412,True,True,True,both
8411991080,336412,336412,True,True,True,both
8411999030,333611,333611,True,True,True,both
8411999081,333611,333611,True,True,True,both
8411999085,333611,333611,True,True,True,both
8411999090,336412,336412,True,True,True,both
8412100010,336415,336415,True,True,True,both
8412100090,336412,336412,True,True,True,both
8412210015,333995,333995,True,True,True,both
8412210030,333995,333995,True,True,True,both
8412210045,333995,333995,True,True,True,both
8412210060,333995,333995,True,True,True,both
8412210075,333995,333995,True,True,True,both
8412294000,333618,333618,True,True,True,both
8412298015,333996,333996,True,True,True,both
8412298030,333996,333996,True,True,True,both
8412298045,333996,333996,True,True,True,both
8412298060,333996,333996,True,True,True,both
8412298075,333996,333996,True,True,True,both
8412310040,333995,333995,True,True,True,both
8412310080,333995,333995,True,True,True,both
8412390040,333996,333996,True,True,True,both
8412390080,333996,333996,True,True,True,both
8412801000,335312,335312,True,True,True,both
8412809000,333618,333618,True,True,True,both
8412901000,333618,333618,True,True,True,both
8412909005,333995,333995,True,True,True,both
8412909015,333996,333996,True,True,True,both
8412909025,333995,333995,True,True,True,both
8412909035,333996,333996,True,True,True,both
8412909050,336415,336415,True,True,True,both
8412909081,333611,333611,True,True,True,both
8412909085,333618,333618,True,True,True,both
8413110000,333914,333914,True,True,True,both
8413190000,333914,333914,True,True,True,both
8413200000,333914,333914,True,True,True,both
8413301000,336310,336310,True,True,True,both
8413309030,336310,336310,True,True,True,both
8413309060,336310,336310,True,True,True,both
8413309090,336310,336310,True,True,True,both
8413400000,333120,333120,True,True,True,both
8413500010,333914,333914,True,True,True,both
8413500050,333914,333914,True,True,True,both
8413500070,333996,333996,True,True,True,both
8413500080,333996,333996,True,True,True,both
8413500090,333914,333914,True,True,True,both
8413600020,333996,333996,True,True,True,both
8413600030,333996,333996,True,True,True,both
8413600040,333996,333996,True,True,True,both
8413600050,333914,333914,True,True,True,both
8413600070,333914,333914,True,True,True,both
8413600090,333914,333914,True,True,True,both
8413701000,333914,333914,True,True,True,both
8413702004,333914,333914,True,True,True,both
8413702005,333914,333914,True,True,True,both
8413702015,333914,333914,True,True,True,both
8413702022,333914,333914,True,True,True,both
8413702025,333914,333914,True,True,True,both
8413702030,333914,333914,True,True,True,both
8413702040,333914,333914,True,True,True,both
8413702090,333914,333914,True,True,True,both
8413810020,333914,333914,True,True,True,both
8413810030,333914,333914,True,True,True,both
8413810040,333914,333914,True,True,True,both
8413820000,333914,333914,True,True,True,both
8413911000,336310,336310,True,True,True,both
8413912000,333914,333914,True,True,True,both
8413919010,336310,336310,True,True,True,both
8413919055,333914,333914,True,True,True,both
8413919060,333996,333996,True,True,True,both
8413919065,333914,333914,True,True,True,both
8413919085,333914,333914,True,True,True,both
8413919096,333914,333914,True,True,True,both
8413920000,333914,333914,True,True,True,both
8414100000,333912,333912,True,True,True,both
8414200000,333912,333912,True,True,True,both
8414304000,333415,333415,True,True,True,both
8414308010,333415,333415,True,True,True,both
8414308020,333415,333415,True,True,True,both
8414308030,336390,336390,True,True,True,both
8414308050,333415,333415,True,True,True,both
8414308060,333415,333415,True,True,True,both
8414308070,333415,333415,True,True,True,both
8414308080,333415,333415,True,True,True,both
8414308090,333415,333415,True,True,True,both
8414400000,333912,333912,True,True,True,both
8414513000,335210,335210,True,True,True,both
8414519060,335210,335210,True,True,True,both
8414519090,335210,335210,True,True,True,both
8414591000,339992,339992,True,True,True,both
8414591500,333413,333413,True,True,True,both
8414593000,333618,333618,True,True,True,both
8414596540,336320,336320,True,True,True,both
8414596560,333413,333413,True,True,True,both
8414596590,333413,333413,True,True,True,both
8414596595,333413,333413,True,True,True,both
8414600000,335210,335210,True,True,True,both
8414700000,333413,333413,True,True,True,both
8414800500,333912,333912,True,True,True,both
8414801605,333912,333912,True,True,True,both
8414801615,333912,333912,True,True,True,both
8414801625,333912,333912,True,True,True,both
8414801635,333912,333912,True,True,True,both
8414801640,333912,333912,True,True,True,both
8414801645,333912,333912,True,True,True,both
8414801655,333912,333912,True,True,True,both
8414801660,333912,333912,True,True,True,both
8414801665,333912,333912,True,True,True,both
8414801670,333912,333912,True,True,True,both
8414801675,333912,333912,True,True,True,both
8414801680,333912,333912,True,True,True,both
8414801685,333912,333912,True,True,True,both
8414801690,333912,333912,True,True,True,both
8414802005,333912,333912,True,True,True,both
8414802015,333912,333912,True,True,True,both
8414802055,333912,333912,True,True,True,both
8414802065,333912,333912,True,True,True,both
8414802075,333912,333912,True,True,True,both
8414809000,333912,333912,True,True,True,both
8414901040,335210,335210,True,True,True,both
8414901080,333413,333413,True,True,True,both
8414903000,333415,333415,True,True,True,both
8414904120,333415,333415,True,True,True,both
8414904140,333415,333415,True,True,True,both
8414904145,333912,333912,True,True,True,both
8414904155,333912,333912,True,True,True,both
8414904165,333912,333912,True,True,True,both
8414904180,333912,333912,True,True,True,both
8414904190,333912,333912,True,True,True,both
8414909140,333912,333912,True,True,True,both
8414909180,333912,333912,True,True,True,both
8415103040,333415,333415,True,True,True,both
8415103060,333415,333415,True,True,True,both
8415103080,333415,333415,True,True,True,both
8415106000,333415,333415,True,True,True,both
8415109000,333415,333415,True,True,True,both
8415200000,336390,336390,True,True,True,both
8415810110,333415,333415,True,True,True,both
8415810120,333415,333415,True,True,True,both
8415810130,333415,333415,True,True,True,both
8415820105,333415,333415,True,True,True,both
8415820110,333415,333415,True,True,True,both
8415820115,333415,333415,True,True,True,both
8415820120,333415,333415,True,True,True,both
8415820130,333415,333415,True,True,True,both
8415820135,333415,333415,True,True,True,both
8415820140,333415,333415,True,True,True,both
8415820155,333415,333415,True,True,True,both
8415820160,333415,333415,True,True,True,both
8415820170,333415,333415,True,True,True,both
8415830050,333415,333415,True,True,True,both
8415830060,333415,333415,True,True,True,both
8415830070,332XXX,332410,False,True,True,both
8415830090,333415,333415,True,True,True,both
8415904000,333415,333415,True,True,True,both
8415908025,335312,335312,True,True,True,both
8415908045,336390,336390,True,True,True,both
8415908065,333415,333415,True,True,True,both
8415908085,333415,333415,True,True,True,both
8416100000,333414,333414,True,True,True,both
8416200040,333414,333414,True,True,True,both
8416200080,333414,333414,True,True,True,both
8416300000,333414,333414,True,True,True,both
8416900000,333414,333414,True,True,True,both
8417100000,333994,333994,True,True,True,both
8417200000,333241,333241,True,True,True,both
8417800000,333994,333994,True,True,True,both
8417900000,333994,333994,True,True,True,both
8418100010,335220,335220,True,True,True,both
8418100020,335220,335220,True,True,True,both
8418100030,335220,335220,True,True,True,both
8418100045,335220,335220,True,True,True,both
8418100055,335220,335220,True,True,True,both
8418100065,335220,335220,True,True,True,both
8418100075,335220,335220,True,True,True,both
8418100090,335220,335220,True,True,True,both
8418210010,335220,335220,True,True,True,both
8418210020,335220,335220,True,True,True,both
8418210030,335220,335220,True,True,True,both
8418210090,335220,335220,True,True,True,both
8418291000,335220,335220,True,True,True,both
8418292000,335220,335220,True,True,True,both
8418300000,335220,335220,True,True,True,both
8418400000,335220,335220,True,True,True,both
8418500040,333415,333415,True,True,True,both
8418500080,333415,333415,True,True,True,both
8418610100,333415,333415,True,True,True,both
8418690110,333415,333415,True,True,True,both
8418690120,333415,333415,True,True,True,both
8418690130,333415,333415,True,True,True,both
8418690140,333415,333415,True,True,True,both
8418690150,333415,333415,True,True,True,both
8418690160,333415,333415,True,True,True,both
8418690180,333415,333415,True,True,True,both
8418910000,337127,337127,True,True,True,both
8418994000,335220,335220,True,True,True,both
8418998005,333415,333415,True,True,True,both
8418998010,333415,333415,True,True,True,both
8418998015,333415,333415,True,True,True,both
8418998020,333415,333415,True,True,True,both
8418998025,333415,333415,True,True,True,both
8418998050,335220,335220,True,True,True,both
8418998060,335220,335220,True,True,True,both
8419110000,335220,335220,True,True,True,both
8419120000,335220,335220,True,True,True,both
8419190120,335220,335220,True,True,True,both
8419190160,335220,335220,True,True,True,both
8419200010,339113,339113,True,True,True,both
8419200020,339113,339113,True,True,True,both
8419331000,333111,333111,True,True,True,both
8419335000,333998,333998,True,True,True,both
8419340000,333111,333111,True,True,True,both
8419351000,333998,333998,True,True,True,both
8419355000,333243,333243,True,True,True,both
8419390270,333241,333241,True,True,True,both
8419390280,333998,333998,True,True,True,both
8419400040,333241,333241,True,True,True,both
8419400080,333248,333248,True,True,True,both
8419501000,332XXX,332410,False,True,True,both
8419505000,332XXX,332410,False,True,True,both
8419601000,333998,333998,True,True,True,both
8419605000,333998,333998,True,True,True,both
8419815040,333414,333414,True,True,True,both
8419815080,333414,333414,True,True,True,both
8419819040,333310,333310,True,True,True,both
8419819080,333310,333310,True,True,True,both
8419891000,333243,333243,True,True,True,both
8419896000,333998,333998,True,True,True,both
8419899520,333241,333241,True,True,True,both
8419899540,333998,333998,True,True,True,both
8419899560,333310,333310,True,True,True,both
8419899580,333998,333998,True,True,True,both
8419899585,333998,333998,True,True,True,both
8419901000,335220,335220,True,True,True,both
8419902000,333243,333243,True,True,True,both
8419903000,332XXX,332410,False,True,True,both
8419905040,339113,339113,True,True,True,both
8419905080,333998,333998,True,True,True,both
8419908500,333991,333991,True,True,True,both
8419909520,333310,333310,True,True,True,both
8419909580,333248,333248,True,True,True,both
8420101000,333248,333248,True,True,True,both
8420102000,333243,333243,True,True,True,both
8420109040,333248,333248,True,True,True,both
8420109080,333998,333998,True,True,True,both
8420911000,333248,333248,True,True,True,both
8420912000,333243,333243,True,True,True,both
8420919000,333248,333248,True,True,True,both
8420991000,333248,333248,True,True,True,both
8420992000,333243,333243,True,True,True,both
8420999000,333248,333248,True,True,True,both
8421110000,333111,333111,True,True,True,both
8421120000,335220,335220,True,True,True,both
8421190000,333998,333998,True,True,True,both
8421210000,333998,333998,True,True,True,both
8421220000,333998,333998,True,True,True,both
8421230000,336390,336390,True,True,True,both
8421290005,333415,333415,True,True,True,both
8421290015,333998,333998,True,True,True,both
8421290040,333998,333998,True,True,True,both
8421290065,333998,333998,True,True,True,both
8421310000,336390,336390,True,True,True,both
8421320000,336390,336390,True,True,True,both
8421390105,333413,333413,True,True,True,both
8421390115,333413,333413,True,True,True,both
8421390120,333413,333413,True,True,True,both
8421390130,333413,333413,True,True,True,both
8421390140,333998,333998,True,True,True,both
8421390160,333998,333998,True,True,True,both
8421390190,333998,333998,True,True,True,both
8421912000,335220,335220,True,True,True,both
8421914000,335220,335220,True,True,True,both
8421916000,333998,333998,True,True,True,both
8421990140,333998,333998,True,True,True,both
8421990180,333998,333998,True,True,True,both
8422110000,335220,335220,True,True,True,both
8422190000,333310,333310,True,True,True,both
8422200000,333993,333993,True,True,True,both
8422301100,333993,333993,True,True,True,both
8422309110,333993,333993,True,True,True,both
8422309120,333993,333993,True,True,True,both
8422309130,333993,333993,True,True,True,both
8422309140,333993,333993,True,True,True,both
8422309150,333993,333993,True,True,True,both
8422309160,333993,333993,True,True,True,both
8422309170,333993,333993,True,True,True,both
8422309180,333993,333993,True,True,True,both
8422309185,333993,333993,True,True,True,both
8422309186,333993,333993,True,True,True,both
8422309187,333993,333993,True,True,True,both
8422309191,333993,333993,True,True,True,both
8422401110,333993,333993,True,True,True,both
8422401190,333993,333993,True,True,True,both
8422409140,333993,333993,True,True,True,both
8422409150,333993,333993,True,True,True,both
8422409160,333993,333993,True,True,True,both
8422409170,333993,333993,True,True,True,both
8422409181,333993,333993,True,True,True,both
8422900200,335220,335220,True,True,True,both
8422900400,335220,335220,True,True,True,both
8422900640,335220,335220,True,True,True,both
8422900680,333310,333310,True,True,True,both
8422901100,333993,333993,True,True,True,both
8422902100,333993,333993,True,True,True,both
8422909120,333993,333993,True,True,True,both
8422909130,333993,333993,True,True,True,both
8422909160,333993,333993,True,True,True,both
8422909195,333993,333993,True,True,True,both
8423100010,333998,333998,True,True,True,both
8423100030,333998,333998,True,True,True,both
8423100060,333998,333998,True,True,True,both
8423201000,333998,333998,True,True,True,both
8423209000,333998,333998,True,True,True,both
8423300000,333998,333998,True,True,True,both
8423810010,333998,333998,True,True,True,both
8423810020,333998,333998,True,True,True,both
8423810030,333998,333998,True,True,True,both
8423810040,333998,333998,True,True,True,both
8423810050,333998,333998,True,True,True,both
8423820010,333998,333998,True,True,True,both
8423820050,333998,333998,True,True,True,both
8423891000,333998,333998,True,True,True,both
8423899000,333998,333998,True,True,True,both
8423901000,333998,333998,True,True,True,both
8423909000,333998,333998,True,True,True,both
8424100000,339999,339999,True,True,True,both
8424201000,333912,333912,True,True,True,both
8424209000,333912,333912,True,True,True,both
8424301000,333991,333991,True,True,True,both
8424309000,333310,333310,True,True,True,both
8424411000,333111,333111,True,True,True,both
8424419000,333111,333111,True,True,True,both
8424490000,333111,333111,True,True,True,both
8424820010,333111,333111,True,True,True,both
8424820020,333111,333111,True,True,True,both
8424820090,333111,333111,True,True,True,both
8424891000,333912,333912,True,True,True,both
8424899000,333912,333912,True,True,True,both
8424900500,339999,339999,True,True,True,both
8424901000,333912,333912,True,True,True,both
8424902000,333310,333310,True,True,True,both
8424909040,333310,333310,True,True,True,both
8424909080,333912,333912,True,True,True,both
8425110000,333923,333923,True,True,True,both
8425190000,333923,333923,True,True,True,both
8425310100,333923,333923,True,True,True,both
8425390100,333923,333923,True,True,True,both
8425410000,333998,333998,True,True,True,both
8425420000,333998,333998,True,True,True,both
8425490000,333998,333998,True,True,True,both
8426110000,333923,333923,True,True,True,both
8426120000,333924,333924,True,True,True,both
8426190000,333923,333923,True,True,True,both
8426200000,333120,333120,True,True,True,both
8426300000,333120,333120,True,True,True,both
8426410005,333120,333120,True,True,True,both
8426410010,333120,333120,True,True,True,both
8426410090,333120,333120,True,True,True,both
8426490010,333120,333120,True,True,True,both
8426490090,333120,333120,True,True,True,both
8426910000,333120,333120,True,True,True,both
8426990000,333120,333120,True,True,True,both
8427104000,333924,333924,True,True,True,both
8427108020,333924,333924,True,True,True,both
8427108030,333924,333924,True,True,True,both
8427108040,333924,333924,True,True,True,both
8427108050,333924,333924,True,True,True,both
8427108070,333924,333924,True,True,True,both
8427108095,333924,333924,True,True,True,both
8427204000,333924,333924,True,True,True,both
8427208020,333923,333923,True,True,True,both
8427208090,333924,333924,True,True,True,both
8427900020,333923,333923,True,True,True,both
8427900090,333924,333924,True,True,True,both
8428100000,333921,333921,True,True,True,both
8428200010,333922,333922,True,True,True,both
8428200050,333921,333921,True,True,True,both
8428310000,333922,333922,True,True,True,both
8428320000,333922,333922,True,True,True,both
8428330000,333922,333922,True,True,True,both
8428390000,333922,333922,True,True,True,both
8428400000,333921,333921,True,True,True,both
8428600000,333921,333921,True,True,True,both
8428700000,333998,333998,True,True,True,both
8428900310,333120,333120,True,True,True,both
8428900390,333120,333120,True,True,True,both
8429110010,333120,333120,True,True,True,both
8429110090,930000,930000,True,True,True,both
8429190010,333120,333120,True,True,True,both
8429190090,930000,930000,True,True,True,both
8429200000,333120,333120,True,True,True,both
8429300020,333120,333120,True,True,True,both
8429300040,333120,333120,True,True,True,both
8429300060,930000,930000,True,True,True,both
8429400020,333120,333120,True,True,True,both
8429400040,333120,333120,True,True,True,both
8429400060,930000,930000,True,True,True,both
8429511005,333120,333120,True,True,True,both
8429511015,333120,333120,True,True,True,both
8429511025,333120,333120,True,True,True,both
8429511030,333120,333120,True,True,True,both
8429511035,333120,333120,True,True,True,both
8429511040,333120,333120,True,True,True,both
8429511045,333120,333120,True,True,True,both
8429511050,333120,333120,True,True,True,both
8429511055,333120,333120,True,True,True,both
8429511060,333120,333120,True,True,True,both
8429511065,930000,930000,True,True,True,both
8429515010,333120,333120,True,True,True,both
8429515020,333120,333120,True,True,True,both
8429515030,333120,333120,True,True,True,both
8429515040,333120,333120,True,True,True,both
8429515050,333120,333120,True,True,True,both
8429515060,930000,930000,True,True,True,both
8429521010,333120,333120,True,True,True,both
8429521020,333120,333120,True,True,True,both
8429521030,333120,333120,True,True,True,both
8429521040,333120,333120,True,True,True,both
8429521050,930000,930000,True,True,True,both
8429525010,333120,333120,True,True,True,both
8429525090,930000,930000,True,True,True,both
8429591030,333120,333120,True,True,True,both
8429591060,333120,333120,True,True,True,both
8429591090,930000,930000,True,True,True,both
8429595020,333120,333120,True,True,True,both
8429595040,333120,333120,True,True,True,both
8429595060,333120,333120,True,True,True,both
8429595080,930000,930000,True,True,True,both
8430100000,333120,333120,True,True,True,both
8430200030,333120,333120,True,True,True,both
8430200060,333112,333112,True,True,True,both
8430200090,333120,333120,True,True,True,both
8430310040,333131,333131,True,True,True,both
8430310080,333131,333131,True,True,True,both
8430390040,333131,333131,True,True,True,both
8430390080,333131,333131,True,True,True,both
8430410000,333131,333131,True,True,True,both
8430494000,336611,336611,True,True,True,both
8430498010,333132,333132,True,True,True,both
8430498020,333132,333132,True,True,True,both
8430498030,333120,333120,True,True,True,both
8430498040,333120,333120,True,True,True,both
8430498050,333131,333131,True,True,True,both
8430501000,333120,333120,True,True,True,both
8430505000,333120,333120,True,True,True,both
8430610000,333120,333120,True,True,True,both
8430690100,333120,333120,True,True,True,both
8431100010,333923,333923,True,True,True,both
8431100090,333120,333120,True,True,True,both
8431200000,333924,333924,True,True,True,both
8431310020,333923,333923,True,True,True,both
8431310040,333921,333921,True,True,True,both
8431310060,333921,333921,True,True,True,both
8431390010,333922,333922,True,True,True,both
8431390050,333132,333132,True,True,True,both
8431390070,333120,333120,True,True,True,both
8431390080,333120,333120,True,True,True,both
8431410020,333120,333120,True,True,True,both
8431410040,333120,333120,True,True,True,both
8431410060,333120,333120,True,True,True,both
8431410080,333120,333120,True,True,True,both
8431420000,333120,333120,True,True,True,both
8431434000,333132,333132,True,True,True,both
8431438020,333132,333132,True,True,True,both
8431438040,333132,333132,True,True,True,both
8431438060,333132,333132,True,True,True,both
8431438090,333120,333120,True,True,True,both
8431491010,333120,333120,True,True,True,both
8431491060,333924,333924,True,True,True,both
8431491090,333120,333120,True,True,True,both
8431499005,333120,333120,True,True,True,both
8431499010,333120,333120,True,True,True,both
8431499015,333120,333120,True,True,True,both
8431499020,333120,333120,True,True,True,both
8431499025,333131,333131,True,True,True,both
8431499030,333131,333131,True,True,True,both
8431499035,333120,333120,True,True,True,both
8431499036,333120,333120,True,True,True,both
8431499038,333120,333120,True,True,True,both
8431499044,333120,333120,True,True,True,both
8431499045,333120,333120,True,True,True,both
8431499050,333120,333120,True,True,True,both
8431499055,333120,333120,True,True,True,both
8431499081,333120,333120,True,True,True,both
8431499084,333120,333120,True,True,True,both
8431499090,333120,333120,True,True,True,both
8431499095,333120,333120,True,True,True,both
8432100020,333111,333111,True,True,True,both
8432100040,333111,333111,True,True,True,both
8432100060,333111,333111,True,True,True,both
8432210000,333111,333111,True,True,True,both
8432290040,333111,333111,True,True,True,both
8432290060,333111,333111,True,True,True,both
8432290080,333111,333111,True,True,True,both
8432290090,333111,333111,True,True,True,both
8432310010,333111,333111,True,True,True,both
8432310090,333111,333111,True,True,True,both
8432390010,333111,333111,True,True,True,both
8432390090,333111,333111,True,True,True,both
8432410000,333111,333111,True,True,True,both
8432420000,333111,333111,True,True,True,both
8432800010,333111,333111,True,True,True,both
8432800080,333111,333111,True,True,True,both
8432900010,333111,333111,True,True,True,both
8432900020,333111,333111,True,True,True,both
8432900040,333111,333111,True,True,True,both
8432900050,333111,333111,True,True,True,both
8432900060,333111,333111,True,True,True,both
8432900081,333111,333111,True,True,True,both
8433110010,333112,333112,True,True,True,both
8433110020,333112,333112,True,True,True,both
8433110030,333112,333112,True,True,True,both
8433110040,333112,333112,True,True,True,both
8433110050,333112,333112,True,True,True,both
8433110060,333112,333112,True,True,True,both
8433190010,333111,333111,True,True,True,both
8433190020,333111,333111,True,True,True,both
8433190030,333112,333112,True,True,True,both
8433190040,333112,333112,True,True,True,both
8433190050,333112,333112,True,True,True,both
8433200020,333111,333111,True,True,True,both
8433200040,333111,333111,True,True,True,both
8433200060,333111,333111,True,True,True,both
8433300000,333111,333111,True,True,True,both
8433400000,333111,333111,True,True,True,both
8433510010,333111,333111,True,True,True,both
8433510090,333111,333111,True,True,True,both
8433520000,333111,333111,True,True,True,both
8433530000,333111,333111,True,True,True,both
8433590010,333111,333111,True,True,True,both
8433590090,333111,333111,True,True,True,both
8433600010,333111,333111,True,True,True,both
8433600090,333111,333111,True,True,True,both
8433901010,333112,333112,True,True,True,both
8433901090,333112,333112,True,True,True,both
8433905010,333111,333111,True,True,True,both
8433905025,333111,333111,True,True,True,both
8433905045,333111,333111,True,True,True,both
8433905060,333111,333111,True,True,True,both
8433905080,333111,333111,True,True,True,both
8434100000,333111,333111,True,True,True,both
8434200000,333241,333241,True,True,True,both
8434900000,333111,333111,True,True,True,both
8435100000,333241,333241,True,True,True,both
8435900000,333241,333241,True,True,True,both
8436100000,333111,333111,True,True,True,both
8436210000,333111,333111,True,True,True,both
8436290000,333111,333111,True,True,True,both
8436800020,333120,333120,True,True,True,both
8436800040,333111,333111,True,True,True,both
8436800060,333111,333111,True,True,True,both
8436800070,333111,333111,True,True,True,both
8436800090,333111,333111,True,True,True,both
8436910040,333111,333111,True,True,True,both
8436910080,333111,333111,True,True,True,both
8436990020,333120,333120,True,True,True,both
8436990030,333111,333111,True,True,True,both
8436990035,333111,333111,True,True,True,both
8436990040,333111,333111,True,True,True,both
8436990070,333111,333111,True,True,True,both
8436990090,333111,333111,True,True,True,both
8437100000,333241,333241,True,True,True,both
8437800010,333241,333241,True,True,True,both
8437800090,333241,333241,True,True,True,both
8437900010,333241,333241,True,True,True,both
8437900090,333241,333241,True,True,True,both
8438100010,333241,333241,True,True,True,both
8438100090,333241,333241,True,True,True,both
8438200000,333241,333241,True,True,True,both
8438300000,333241,333241,True,True,True,both
8438400000,333241,333241,True,True,True,both
8438500010,333993,333993,True,True,True,both
8438500090,333241,333241,True,True,True,both
8438600000,333241,333241,True,True,True,both
8438800000,333241,333241,True,True,True,both
8438901000,333241,333241,True,True,True,both
8438909015,333241,333241,True,True,True,both
8438909030,333241,333241,True,True,True,both
8438909060,333241,333241,True,True,True,both
8438909090,333241,333241,True,True,True,both
8439100010,333243,333243,True,True,True,both
8439100090,930000,930000,True,True,True,both
8439200010,333243,333243,True,True,True,both
8439200090,930000,930000,True,True,True,both
8439300000,333243,333243,True,True,True,both
8439911000,333243,333243,True,True,True,both
8439919000,333243,333243,True,True,True,both
8439991000,333243,333243,True,True,True,both
8439995000,333243,333243,True,True,True,both
8440100000,333248,333248,True,True,True,both
8440900000,333248,333248,True,True,True,both
8441100000,333243,333243,True,True,True,both
8441200000,333243,333243,True,True,True,both
8441300000,333243,333243,True,True,True,both
8441400000,333243,333243,True,True,True,both
8441800000,333243,333243,True,True,True,both
8441900000,333243,333243,True,True,True,both
8442300110,333248,333248,True,True,True,both
8442300150,333248,333248,True,True,True,both
8442400000,333248,333248,True,True,True,both
8442501000,323120,323120,True,True,True,both
8442509000,323120,323120,True,True,True,both
8443111000,333248,333248,True,True,True,both
8443115000,333248,333248,True,True,True,both
8443120000,333248,333248,True,True,True,both
8443130000,333248,333248,True,True,True,both
8443140000,333248,333248,True,True,True,both
8443150000,333248,333248,True,True,True,both
8443160000,333248,333248,True,True,True,both
8443170000,333248,333248,True,True,True,both
8443192000,333248,333248,True,True,True,both
8443193000,333248,333248,True,True,True,both
8443310000,334118,334118,True,True,True,both
8443321010,334118,334118,True,True,True,both
8443321020,334118,334118,True,True,True,both
8443321030,334118,334118,True,True,True,both
8443321040,334118,334118,True,True,True,both
8443321050,334118,334118,True,True,True,both
8443321060,334118,334118,True,True,True,both
8443321070,334118,334118,True,True,True,both
8443321080,334118,334118,True,True,True,both
8443321090,334118,334118,True,True,True,both
8443325000,334118,334118,True,True,True,both
8443391000,333310,333310,True,True,True,both
8443392000,333310,333310,True,True,True,both
8443393000,333310,333310,True,True,True,both
8443394000,333310,333310,True,True,True,both
8443395000,333310,333310,True,True,True,both
8443396000,333310,333310,True,True,True,both
8443399000,334118,334118,True,True,True,both
8443911000,333248,333248,True,True,True,both
8443912000,333248,333248,True,True,True,both
8443913000,333248,333248,True,True,True,both
8443991000,333310,333310,True,True,True,both
8443992010,325910,325910,True,True,True,both
8443992050,325910,325910,True,True,True,both
8443992510,325910,325910,True,True,True,both
8443992550,325910,325910,True,True,True,both
8443993000,334210,334210,True,True,True,both
8443993500,334210,334210,True,True,True,both
8443994000,333310,333310,True,True,True,both
8443994500,333310,333310,True,True,True,both
8443995011,325910,325910,True,True,True,both
8443995015,325910,325910,True,True,True,both
8443995050,333248,333248,True,True,True,both
8444000010,333248,333248,True,True,True,both
8444000090,333248,333248,True,True,True,both
8445110000,333248,333248,True,True,True,both
8445120000,333248,333248,True,True,True,both
8445130000,333248,333248,True,True,True,both
8445190040,333111,333111,True,True,True,both
8445190080,333248,333248,True,True,True,both
8445200000,333248,333248,True,True,True,both
8445300010,333248,333248,True,True,True,both
8445300090,333248,333248,True,True,True,both
8445400000,333248,333248,True,True,True,both
8445900000,333248,333248,True,True,True,both
8446100010,333248,333248,True,True,True,both
8446100090,333248,333248,True,True,True,both
8446211000,333248,333248,True,True,True,both
8446215000,333248,333248,True,True,True,both
8446290000,333248,333248,True,True,True,both
8446301010,333248,333248,True,True,True,both
8446301020,333248,333248,True,True,True,both
8446301030,333248,333248,True,True,True,both
8446305010,333248,333248,True,True,True,both
8446305020,333248,333248,True,True,True,both
8446305030,333248,333248,True,True,True,both
8447111000,333248,333248,True,True,True,both
8447119010,333248,333248,True,True,True,both
8447119020,333248,333248,True,True,True,both
8447119090,333248,333248,True,True,True,both
8447121000,333248,333248,True,True,True,both
8447129010,333248,333248,True,True,True,both
8447129020,333248,333248,True,True,True,both
8447129090,333248,333248,True,True,True,both
8447202000,333248,333248,True,True,True,both
8447203000,333248,333248,True,True,True,both
8447204000,333248,333248,True,True,True,both
8447206000,333248,333248,True,True,True,both
8447901000,333248,333248,True,True,True,both
8447905000,333248,333248,True,True,True,both
8447909000,333248,333248,True,True,True,both
8448110000,333248,333248,True,True,True,both
8448190000,333248,333248,True,True,True,both
8448201000,333248,333248,True,True,True,both
8448205010,333248,333248,True,True,True,both
8448205090,333248,333248,True,True,True,both
8448310000,333248,333248,True,True,True,both
8448320010,333111,333111,True,True,True,both
8448320090,333248,333248,True,True,True,both
8448330000,333248,333248,True,True,True,both
8448391000,333248,333248,True,True,True,both
8448395000,333248,333248,True,True,True,both
8448399000,333248,333248,True,True,True,both
8448420000,333248,333248,True,True,True,both
8448491000,333248,333248,True,True,True,both
8448492000,333248,333248,True,True,True,both
8448511000,333248,333248,True,True,True,both
8448512000,333248,333248,True,True,True,both
8448513000,333248,333248,True,True,True,both
8448515000,333248,333248,True,True,True,both
8448591000,333248,333248,True,True,True,both
8448595000,333248,333248,True,True,True,both
8449001000,333248,333248,True,True,True,both
8449005000,333248,333248,True,True,True,both
8450110010,335220,335220,True,True,True,both
8450110040,335220,335220,True,True,True,both
8450110080,335220,335220,True,True,True,both
8450120000,335220,335220,True,True,True,both
8450190000,335220,335220,True,True,True,both
8450200010,335220,335220,True,True,True,both
8450200040,335220,335220,True,True,True,both
8450200080,335220,335220,True,True,True,both
8450902000,335220,335220,True,True,True,both
8450904000,335220,335220,True,True,True,both
8450906000,335220,335220,True,True,True,both
8451100000,333310,333310,True,True,True,both
8451210010,335220,335220,True,True,True,both
8451210090,335220,335220,True,True,True,both
8451290010,335220,335220,True,True,True,both
8451290090,333248,333248,True,True,True,both
8451300000,333310,333310,True,True,True,both
8451400000,333248,333248,True,True,True,both
8451500000,333248,333248,True,True,True,both
8451800000,333310,333310,True,True,True,both
8451903000,335220,335220,True,True,True,both
8451906000,335220,335220,True,True,True,both
8451909010,335220,335220,True,True,True,both
8451909020,333248,333248,True,True,True,both
8451909090,333248,333248,True,True,True,both
8452100010,333248,333248,True,True,True,both
8452100090,333248,333248,True,True,True,both
8452211000,333248,333248,True,True,True,both
8452219000,333248,333248,True,True,True,both
8452291000,333248,333248,True,True,True,both
8452299000,333248,333248,True,True,True,both
8452300000,339993,339993,True,True,True,both
8452901000,321999,321999,True,True,True,both
8452902010,333248,333248,True,True,True,both
8452902090,333248,333248,True,True,True,both
8453100000,333998,333998,True,True,True,both
8453200000,333248,333248,True,True,True,both
8453800000,333998,333998,True,True,True,both
8453901000,333248,333248,True,True,True,both
8453905000,333998,333998,True,True,True,both
8454100000,333248,333248,True,True,True,both
8454200010,33151X,331511,False,True,True,both
8454200060,333511,333511,True,True,True,both
8454200080,333248,333248,True,True,True,both
8454300010,333517,333517,True,True,True,both
8454300090,333248,333248,True,True,True,both
8454900030,333517,333517,True,True,True,both
8454900060,333248,333248,True,True,True,both
8454900070,333248,333248,True,True,True,both
8454900080,333248,333248,True,True,True,both
8455100000,333519,333519,True,True,True,both
8455210000,333519,333519,True,True,True,both
8455220000,333519,333519,True,True,True,both
8455300005,33151X,331511,False,True,True,both
8455300015,33151X,331511,False,True,True,both
8455300025,33151X,331511,False,True,True,both
8455300035,33151X,331513,False,True,True,both
8455300045,33151X,331513,False,True,True,both
8455300055,33151X,331513,False,True,True,both
8455300065,33151X,331511,False,True,True,both
8455300075,33151X,331511,False,True,True,both
8455300085,33151X,331511,False,True,True,both
8455904000,333519,333519,True,True,True,both
8455908000,333519,333519,True,True,True,both
8456111010,333517,333517,True,True,True,both
8456111050,333517,333517,True,True,True,both
8456117000,333517,333517,True,True,True,both
8456119000,333517,333517,True,True,True,both
8456121010,333517,333517,True,True,True,both
8456121050,333517,333517,True,True,True,both
8456127000,333517,333517,True,True,True,both
8456129000,333517,333517,True,True,True,both
8456201010,333517,333517,True,True,True,both
8456201050,333517,333517,True,True,True,both
8456205000,335999,335999,True,True,True,both
8456301020,333517,333517,True,True,True,both
8456301050,333517,333517,True,True,True,both
8456301070,333517,333517,True,True,True,both
8456305000,333248,333248,True,True,True,both
8456401010,333517,333517,True,True,True,both
8456401090,333517,333517,True,True,True,both
8456409000,333248,333248,True,True,True,both
8456500000,333248,333248,True,True,True,both
8456903100,333517,333517,True,True,True,both
8456907100,333248,333248,True,True,True,both
8457100005,333517,333517,True,True,True,both
8457100015,333517,333517,True,True,True,both
8457100025,333517,333517,True,True,True,both
8457100055,333517,333517,True,True,True,both
8457100060,333517,333517,True,True,True,both
8457100065,333517,333517,True,True,True,both
8457100070,333517,333517,True,True,True,both
8457100075,333517,333517,True,True,True,both
8457200010,333517,333517,True,True,True,both
8457200090,333517,333517,True,True,True,both
8457300010,333519,333519,True,True,True,both
8457300090,333519,333519,True,True,True,both
8458110005,333517,333517,True,True,True,both
8458110010,333517,333517,True,True,True,both
8458110030,333517,333517,True,True,True,both
8458110050,333517,333517,True,True,True,both
8458110090,333517,333517,True,True,True,both
8458190010,333517,333517,True,True,True,both
8458190020,333517,333517,True,True,True,both
8458190030,333517,333517,True,True,True,both
8458190050,333517,333517,True,True,True,both
8458190070,333517,333517,True,True,True,both
8458190090,333517,333517,True,True,True,both
8458911040,333517,333517,True,True,True,both
8458911060,333517,333517,True,True,True,both
8458911080,333517,333517,True,True,True,both
8458915040,333517,333517,True,True,True,both
8458915050,333517,333517,True,True,True,both
8458915070,333517,333517,True,True,True,both
8458991010,333517,333517,True,True,True,both
8458991050,333517,333517,True,True,True,both
8458995030,333517,333517,True,True,True,both
8458995060,333517,333517,True,True,True,both
8458995090,333517,333517,True,True,True,both
8459100000,333517,333517,True,True,True,both
8459210040,333517,333517,True,True,True,both
8459210080,333517,333517,True,True,True,both
8459290010,333517,333517,True,True,True,both
8459290020,333517,333517,True,True,True,both
8459290040,333517,333517,True,True,True,both
8459290050,333517,333517,True,True,True,both
8459290070,333517,333517,True,True,True,both
8459290090,333517,333517,True,True,True,both
8459310005,333517,333517,True,True,True,both
8459310010,333517,333517,True,True,True,both
8459310040,333517,333517,True,True,True,both
8459310070,333517,333517,True,True,True,both
8459390010,333517,333517,True,True,True,both
8459390020,333517,333517,True,True,True,both
8459390040,333517,333517,True,True,True,both
8459390050,333517,333517,True,True,True,both
8459410010,333517,333517,True,True,True,both
8459410020,333517,333517,True,True,True,both
8459410030,333517,333517,True,True,True,both
8459410090,333517,333517,True,True,True,both
8459490010,333517,333517,True,True,True,both
8459490020,333517,333517,True,True,True,both
8459490030,333517,333517,True,True,True,both
8459490090,333517,333517,True,True,True,both
8459510040,333517,333517,True,True,True,both
8459510080,333517,333517,True,True,True,both
8459590010,333517,333517,True,True,True,both
8459590020,333517,333517,True,True,True,both
8459590030,333517,333517,True,True,True,both
8459610040,333517,333517,True,True,True,both
8459610080,333517,333517,True,True,True,both
8459690010,333517,333517,True,True,True,both
8459690020,333517,333517,True,True,True,both
8459690050,333517,333517,True,True,True,both
8459690070,333517,333517,True,True,True,both
8459690090,333517,333517,True,True,True,both
8459704000,333517,333517,True,True,True,both
8459708040,333517,333517,True,True,True,both
8459708060,333517,333517,True,True,True,both
8459708080,333517,333517,True,True,True,both
8460120040,333517,333517,True,True,True,both
8460120080,333517,333517,True,True,True,both
8460190105,333517,333517,True,True,True,both
8460190110,333517,333517,True,True,True,both
8460190150,333517,333517,True,True,True,both
8460220040,333517,333517,True,True,True,both
8460220080,333517,333517,True,True,True,both
8460230040,333517,333517,True,True,True,both
8460230080,333517,333517,True,True,True,both
8460240005,333517,333517,True,True,True,both
8460240010,333517,333517,True,True,True,both
8460240030,333517,333517,True,True,True,both
8460240050,333517,333517,True,True,True,both
8460290105,333517,333517,True,True,True,both
8460290110,333517,333517,True,True,True,both
8460290130,333517,333517,True,True,True,both
8460290150,333517,333517,True,True,True,both
8460310040,333517,333517,True,True,True,both
8460310080,333517,333517,True,True,True,both
8460390010,333517,333517,True,True,True,both
8460390020,333517,333517,True,True,True,both
8460390050,333517,333517,True,True,True,both
8460404010,333517,333517,True,True,True,both
8460404060,333517,333517,True,True,True,both
8460408010,333517,333517,True,True,True,both
8460408020,333517,333517,True,True,True,both
8460408080,333517,333517,True,True,True,both
8460904010,333517,333517,True,True,True,both
8460904060,333517,333517,True,True,True,both
8460908010,333517,333517,True,True,True,both
8460908020,333517,333517,True,True,True,both
8460908080,333517,333517,True,True,True,both
8461204000,333517,333517,True,True,True,both
8461208030,333517,333517,True,True,True,both
8461208070,333517,333517,True,True,True,both
8461208090,333517,333517,True,True,True,both
8461304020,333517,333517,True,True,True,both
8461304060,333517,333517,True,True,True,both
8461308020,333517,333517,True,True,True,both
8461308040,333517,333517,True,True,True,both
8461308080,333517,333517,True,True,True,both
8461401010,333517,333517,True,True,True,both
8461401020,333517,333517,True,True,True,both
8461401030,333517,333517,True,True,True,both
8461401040,333517,333517,True,True,True,both
8461401060,333517,333517,True,True,True,both
8461405020,333517,333517,True,True,True,both
8461405040,333517,333517,True,True,True,both
8461405050,333517,333517,True,True,True,both
8461405070,333517,333517,True,True,True,both
8461504010,333517,333517,True,True,True,both
8461504050,333517,333517,True,True,True,both
8461508010,333517,333517,True,True,True,both
8461508020,333517,333517,True,True,True,both
8461508090,333517,333517,True,True,True,both
8461903020,333517,333517,True,True,True,both
8461903040,333517,333517,True,True,True,both
8461903060,333517,333517,True,True,True,both
8461903080,333517,333517,True,True,True,both
8461906010,333517,333517,True,True,True,both
8461906020,333517,333517,True,True,True,both
8461906030,333517,333517,True,True,True,both
8461906040,333517,333517,True,True,True,both
8461906050,333517,333517,True,True,True,both
8461906090,333517,333517,True,True,True,both
8462110010,333517,333517,True,True,True,both
8462110030,333517,333517,True,True,True,both
8462110035,333517,333517,True,True,True,both
8462110055,333517,333517,True,True,True,both
8462190010,333517,333517,True,True,True,both
8462190030,333517,333517,True,True,True,both
8462190035,333517,333517,True,True,True,both
8462190055,333517,333517,True,True,True,both
8462220010,333517,333517,True,True,True,both
8462220020,333517,333517,True,True,True,both
8462220050,333517,333517,True,True,True,both
8462230010,333517,333517,True,True,True,both
8462230020,333517,333517,True,True,True,both
8462230050,333517,333517,True,True,True,both
8462240010,333517,333517,True,True,True,both
8462240020,333517,333517,True,True,True,both
8462240050,333517,333517,True,True,True,both
8462250010,333517,333517,True,True,True,both
8462250020,333517,333517,True,True,True,both
8462250050,333517,333517,True,True,True,both
8462260010,333517,333517,True,True,True,both
8462260020,333517,333517,True,True,True,both
8462260050,333517,333517,True,True,True,both
8462290010,333517,333517,True,True,True,both
8462290020,333517,333517,True,True,True,both
8462290030,333517,333517,True,True,True,both
8462290040,333517,333517,True,True,True,both
8462290050,333517,333517,True,True,True,both
8462321040,333517,333517,True,True,True,both
8462321080,333517,333517,True,True,True,both
8462325010,333517,333517,True,True,True,both
8462325020,333517,333517,True,True,True,both
8462325050,333517,333517,True,True,True,both
8462330040,333517,333517,True,True,True,both
8462330080,333517,333517,True,True,True,both
8462390010,333517,333517,True,True,True,both
8462390020,333517,333517,True,True,True,both
8462390050,333517,333517,True,True,True,both
8462420040,333517,333517,True,True,True,both
8462420080,333517,333517,True,True,True,both
8462490010,333517,333517,True,True,True,both
8462490020,333517,333517,True,True,True,both
8462490050,333517,333517,True,True,True,both
8462510040,333517,333517,True,True,True,both
8462510080,333517,333517,True,True,True,both
8462590010,333517,333517,True,True,True,both
8462590020,333517,333517,True,True,True,both
8462590050,333517,333517,True,True,True,both
8462614030,333517,333517,True,True,True,both
8462614060,333517,333517,True,True,True,both
8462618030,333517,333517,True,True,True,both
8462618090,333517,333517,True,True,True,both
8462624010,333517,333517,True,True,True,both
8462624030,333517,333517,True,True,True,both
8462625030,333517,333517,True,True,True,both
8462625090,333517,333517,True,True,True,both
8462634010,333517,333517,True,True,True,both
8462634030,333517,333517,True,True,True,both
8462638010,333517,333517,True,True,True,both
8462638020,333517,333517,True,True,True,both
8462638060,333517,333517,True,True,True,both
8462694010,333517,333517,True,True,True,both
8462694030,333517,333517,True,True,True,both
8462698010,333517,333517,True,True,True,both
8462698020,333517,333517,True,True,True,both
8462698060,333517,333517,True,True,True,both
8462904010,333517,333517,True,True,True,both
8462904030,333517,333517,True,True,True,both
8462908010,333517,333517,True,True,True,both
8462908020,333517,333517,True,True,True,both
8462908060,333517,333517,True,True,True,both
8463100040,333519,333519,True,True,True,both
8463100060,333519,333519,True,True,True,both
8463100080,333519,333519,True,True,True,both
8463200040,333517,333517,True,True,True,both
8463200060,333517,333517,True,True,True,both
8463200080,333517,333517,True,True,True,both
8463300040,333519,333519,True,True,True,both
8463300060,333519,333519,True,True,True,both
8463300080,333519,333519,True,True,True,both
8463900040,930000,930000,True,True,True,both
8463900060,333517,333517,True,True,True,both
8463900080,333517,333517,True,True,True,both
8464100100,333248,333248,True,True,True,both
8464200110,333248,333248,True,True,True,both
8464200120,333248,333248,True,True,True,both
8464900110,333248,333248,True,True,True,both
8464900120,333248,333248,True,True,True,both
8465100005,930000,930000,True,True,True,both
8465100015,930000,930000,True,True,True,both
8465100025,333243,333243,True,True,True,both
8465100035,333243,333243,True,True,True,both
8465100045,333243,333243,True,True,True,both
8465100050,333998,333998,True,True,True,both
8465201000,333248,333248,True,True,True,both
8465205000,333248,333248,True,True,True,both
8465208000,333248,333248,True,True,True,both
8465910002,930000,930000,True,True,True,both
8465910006,930000,930000,True,True,True,both
8465910012,930000,930000,True,True,True,both
8465910016,930000,930000,True,True,True,both
8465910022,930000,930000,True,True,True,both
8465910027,333243,333243,True,True,True,both
8465910032,333243,333243,True,True,True,both
8465910036,333243,333243,True,True,True,both
8465910041,333243,333243,True,True,True,both
8465910047,333243,333243,True,True,True,both
8465910049,333243,333243,True,True,True,both
8465910053,333243,333243,True,True,True,both
8465910058,333243,333243,True,True,True,both
8465910064,333243,333243,True,True,True,both
8465910068,333243,333243,True,True,True,both
8465910074,332XXX,332216,False,True,True,both
8465910078,333243,333243,True,True,True,both
8465910091,333248,333248,True,True,True,both
8465920003,930000,930000,True,True,True,both
8465920006,930000,930000,True,True,True,both
8465920016,930000,930000,True,True,True,both
8465920026,333243,333243,True,True,True,both
8465920029,333243,333243,True,True,True,both
8465920031,333243,333243,True,True,True,both
8465920034,333243,333243,True,True,True,both
8465920037,333243,333243,True,True,True,both
8465920042,333243,333243,True,True,True,both
8465920046,333243,333243,True,True,True,both
8465920051,333243,333243,True,True,True,both
8465920055,333243,333243,True,True,True,both
8465920058,333243,333243,True,True,True,both
8465920062,333243,333243,True,True,True,both
8465920066,333243,333243,True,True,True,both
8465920072,333243,333243,True,True,True,both
8465920091,333248,333248,True,True,True,both
8465930004,930000,930000,True,True,True,both
8465930012,930000,930000,True,True,True,both
8465930030,333243,333243,True,True,True,both
8465930045,333243,333243,True,True,True,both
8465930055,333243,333243,True,True,True,both
8465930065,333243,333243,True,True,True,both
8465930075,333243,333243,True,True,True,both
8465930091,333248,333248,True,True,True,both
8465940005,930000,930000,True,True,True,both
8465940015,333243,333243,True,True,True,both
8465940025,333243,333243,True,True,True,both
8465940035,333243,333243,True,True,True,both
8465940045,333243,333243,True,True,True,both
8465940055,333243,333243,True,True,True,both
8465940065,333243,333243,True,True,True,both
8465940091,333248,333248,True,True,True,both
8465950005,930000,930000,True,True,True,both
8465950010,930000,930000,True,True,True,both
8465950020,333243,333243,True,True,True,both
8465950035,333243,333243,True,True,True,both
8465950045,333243,333243,True,True,True,both
8465950055,333243,333243,True,True,True,both
8465950060,333243,333243,True,True,True,both
8465950065,333243,333243,True,True,True,both
8465950091,333517,333517,True,True,True,both
8465960015,333243,333243,True,True,True,both
8465960025,333243,333243,True,True,True,both
8465960030,333243,333243,True,True,True,both
8465960040,333243,333243,True,True,True,both
8465960051,333248,333248,True,True,True,both
8465990210,333243,333243,True,True,True,both
8465990220,333243,333243,True,True,True,both
8465990230,333243,333243,True,True,True,both
8465990250,333248,333248,True,True,True,both
8466100110,333515,333515,True,True,True,both
8466100130,333515,333515,True,True,True,both
8466100175,333515,333515,True,True,True,both
8466201010,333514,333514,True,True,True,both
8466201090,333515,333515,True,True,True,both
8466208020,333514,333514,True,True,True,both
8466208035,333515,333515,True,True,True,both
8466208040,333514,333514,True,True,True,both
8466208065,333515,333515,True,True,True,both
8466301000,333515,333515,True,True,True,both
8466306040,333243,333243,True,True,True,both
8466306085,333515,333515,True,True,True,both
8466308000,333515,333515,True,True,True,both
8466911000,333248,333248,True,True,True,both
8466915000,333248,333248,True,True,True,both
8466921000,333243,333243,True,True,True,both
8466925010,333243,333243,True,True,True,both
8466925090,333998,333998,True,True,True,both
8466931100,333517,333517,True,True,True,both
8466931530,333517,333517,True,True,True,both
8466931560,333517,333517,True,True,True,both
8466933000,333517,333517,True,True,True,both
8466935340,333517,333517,True,True,True,both
8466935385,333517,333517,True,True,True,both
8466936030,333517,333517,True,True,True,both
8466936060,333517,333517,True,True,True,both
8466937500,333517,333517,True,True,True,both
8466939600,333517,333517,True,True,True,both
8466939840,333517,333517,True,True,True,both
8466939885,333517,333517,True,True,True,both
8466942000,333517,333517,True,True,True,both
8466944000,333517,333517,True,True,True,both
8466946540,333517,333517,True,True,True,both
8466946585,333517,333517,True,True,True,both
8466948540,333517,333517,True,True,True,both
8466948585,333517,333517,True,True,True,both
8467111040,333991,333991,True,True,True,both
8467111080,333991,333991,True,True,True,both
8467115010,333131,333131,True,True,True,both
8467115020,333991,333991,True,True,True,both
8467115040,333991,333991,True,True,True,both
8467115090,333991,333991,True,True,True,both
8467191000,333991,333991,True,True,True,both
8467195030,333914,333914,True,True,True,both
8467195060,333120,333120,True,True,True,both
8467195090,333991,333991,True,True,True,both
8467210010,333991,333991,True,True,True,both
8467210030,333991,333991,True,True,True,both
8467210050,333991,333991,True,True,True,both
8467210070,333991,333991,True,True,True,both
8467220020,333991,333991,True,True,True,both
8467220040,333991,333991,True,True,True,both
8467220070,333991,333991,True,True,True,both
8467220090,333991,333991,True,True,True,both
8467290010,333991,333991,True,True,True,both
8467290015,333991,333991,True,True,True,both
8467290025,333991,333991,True,True,True,both
8467290035,333991,333991,True,True,True,both
8467290040,333991,333991,True,True,True,both
8467290055,333991,333991,True,True,True,both
8467290065,333991,333991,True,True,True,both
8467290070,333112,333112,True,True,True,both
8467290080,333991,333991,True,True,True,both
8467290085,335210,335210,True,True,True,both
8467290090,333991,333991,True,True,True,both
8467810000,333991,333991,True,True,True,both
8467891000,333991,333991,True,True,True,both
8467895030,333112,333112,True,True,True,both
8467895060,333111,333111,True,True,True,both
8467895090,333991,333991,True,True,True,both
8467910100,333991,333991,True,True,True,both
8467920050,333914,333914,True,True,True,both
8467920090,333991,333991,True,True,True,both
8467990130,333112,333112,True,True,True,both
8467990190,333991,333991,True,True,True,both
8468100000,333992,333992,True,True,True,both
8468201000,333992,333992,True,True,True,both
8468205000,333992,333992,True,True,True,both
8468801000,333992,333992,True,True,True,both
8468805000,333992,333992,True,True,True,both
8468901000,333992,333992,True,True,True,both
8468905000,333992,333992,True,True,True,both
8470100040,333310,333310,True,True,True,both
8470100060,333310,333310,True,True,True,both
8470210000,333310,333310,True,True,True,both
8470290000,333310,333310,True,True,True,both
8470300000,333310,333310,True,True,True,both
8470500020,334118,334118,True,True,True,both
8470500060,333310,333310,True,True,True,both
8470900110,333310,333310,True,True,True,both
8470900190,333310,333310,True,True,True,both
8471300100,334111,334111,True,True,True,both
8471410110,334111,334111,True,True,True,both
8471410150,334111,334111,True,True,True,both
8471490000,334118,334118,True,True,True,both
8471500110,334111,334111,True,True,True,both
8471500150,334111,334111,True,True,True,both
8471601010,334118,334118,True,True,True,both
8471601050,334118,334118,True,True,True,both
8471602000,334118,334118,True,True,True,both
8471607000,334118,334118,True,True,True,both
8471608000,334118,334118,True,True,True,both
8471609030,334118,334118,True,True,True,both
8471609050,334118,334118,True,True,True,both
8471701000,334112,334112,True,True,True,both
8471702000,334112,334112,True,True,True,both
8471703000,334112,334112,True,True,True,both
8471704035,334112,334112,True,True,True,both
8471704065,334112,334112,True,True,True,both
8471704095,334112,334112,True,True,True,both
8471705035,334112,334112,True,True,True,both
8471705065,334112,334112,True,True,True,both
8471705095,334112,334112,True,True,True,both
8471706000,334112,334112,True,True,True,both
8471709000,334112,334112,True,True,True,both
8471801000,334118,334118,True,True,True,both
8471804000,334118,334118,True,True,True,both
8471809000,334118,334118,True,True,True,both
8471900000,334118,334118,True,True,True,both
8472100000,333310,333310,True,True,True,both
8472300000,333310,333310,True,True,True,both
8472900500,333310,333310,True,True,True,both
8472901000,334118,334118,True,True,True,both
8472904000,339940,339940,True,True,True,both
8472905000,333310,333310,True,True,True,both
8472906000,333310,333310,True,True,True,both
8472909040,333310,333310,True,True,True,both
8472909060,333310,333310,True,True,True,both
8472909080,333310,333310,True,True,True,both
8473210000,333310,333310,True,True,True,both
8473290000,333310,333310,True,True,True,both
8473301140,334418,334418,True,True,True,both
8473301180,334418,334418,True,True,True,both
8473302000,333242,333242,True,True,True,both
8473305100,333242,333242,True,True,True,both
8473309100,333242,333242,True,True,True,both
8473401000,334418,334418,True,True,True,both
8473402100,334418,334418,True,True,True,both
8473404100,333310,333310,True,True,True,both
8473408600,333310,333310,True,True,True,both
8473503000,334418,334418,True,True,True,both
8473506000,333242,333242,True,True,True,both
8473509000,333242,333242,True,True,True,both
8474100010,333120,333120,True,True,True,both
8474100090,333131,333131,True,True,True,both
8474200010,333120,333120,True,True,True,both
8474200050,333131,333131,True,True,True,both
8474200070,333131,333131,True,True,True,both
8474310000,333120,333120,True,True,True,both
8474320000,333120,333120,True,True,True,both
8474390000,333120,333120,True,True,True,both
8474800010,333248,333248,True,True,True,both
8474800015,333998,333998,True,True,True,both
8474800020,333248,333248,True,True,True,both
8474800080,333998,333998,True,True,True,both
8474900010,333131,333131,True,True,True,both
8474900020,333131,333131,True,True,True,both
8474900050,333120,333120,True,True,True,both
8474900090,333998,333998,True,True,True,both
8475100000,333248,333248,True,True,True,both
8475210000,333248,333248,True,True,True,both
8475290000,333248,333248,True,True,True,both
8475901000,333248,333248,True,True,True,both
8475909000,333248,333248,True,True,True,both
8476210000,333310,333310,True,True,True,both
8476290000,333310,333310,True,True,True,both
8476810000,333310,333310,True,True,True,both
8476890000,333310,333310,True,True,True,both
8476900000,333310,333310,True,True,True,both
8477103000,333248,333248,True,True,True,both
8477104000,333248,333248,True,True,True,both
8477109015,333248,333248,True,True,True,both
8477109030,333248,333248,True,True,True,both
8477109040,333248,333248,True,True,True,both
8477109050,333248,333248,True,True,True,both
8477109060,333248,333248,True,True,True,both
8477200005,333248,333248,True,True,True,both
8477200015,333248,333248,True,True,True,both
8477200035,333248,333248,True,True,True,both
8477200045,333248,333248,True,True,True,both
8477200055,333248,333248,True,True,True,both
8477200065,333248,333248,True,True,True,both
8477300000,333248,333248,True,True,True,both
8477400100,333248,333248,True,True,True,both
8477510010,333248,333248,True,True,True,both
8477510090,333248,333248,True,True,True,both
8477590100,333248,333248,True,True,True,both
8477800100,333248,333248,True,True,True,both
8477902540,333248,333248,True,True,True,both
8477902580,333248,333248,True,True,True,both
8477904501,332XXX,332722,False,True,True,both
8477906500,333248,333248,True,True,True,both
8477908601,333248,333248,True,True,True,both
8477908620,333248,333248,True,True,True,both
8477908630,333248,333248,True,True,True,both
8477908640,333248,333248,True,True,True,both
8477908695,333248,333248,True,True,True,both
8478100010,333248,333248,True,True,True,both
8478100090,333248,333248,True,True,True,both
8478900010,333248,333248,True,True,True,both
8478900090,333248,333248,True,True,True,both
8479100040,333120,333120,True,True,True,both
8479100060,333120,333120,True,True,True,both
8479100080,333120,333120,True,True,True,both
8479200000,333241,333241,True,True,True,both
8479300000,333243,333243,True,True,True,both
8479400000,333519,333519,True,True,True,both
8479500000,333998,333998,True,True,True,both
8479600000,333415,333415,True,True,True,both
8479710000,332XXX,332312,False,True,True,both
8479790000,332XXX,332312,False,True,True,both
8479810000,333519,333519,True,True,True,both
8479820040,333998,333998,True,True,True,both
8479820080,333998,333998,True,True,True,both
8479830000,333998,333998,True,True,True,both
8479891000,333415,333415,True,True,True,both
8479892000,335210,335210,True,True,True,both
8479895500,335220,335220,True,True,True,both
8479896500,335220,335220,True,True,True,both
8479897000,335220,335220,True,True,True,both
8479898300,333248,333248,True,True,True,both
8479899200,333998,333998,True,True,True,both
8479899550,333132,333132,True,True,True,both
8479899560,333310,333310,True,True,True,both
8479899565,333995,333995,True,True,True,both
8479899585,335999,335999,True,True,True,both
8479899595,333120,333120,True,True,True,both
8479899596,333998,333998,True,True,True,both
8479899599,333998,333998,True,True,True,both
8479904100,333415,333415,True,True,True,both
8479904500,335220,335220,True,True,True,both
8479905500,335220,335220,True,True,True,both
8479906500,335220,335220,True,True,True,both
8479907500,335220,335220,True,True,True,both
8479908500,335220,335220,True,True,True,both
8479909530,333120,333120,True,True,True,both
8479909550,333120,333120,True,True,True,both
8479909560,333243,333243,True,True,True,both
8479909565,333519,333519,True,True,True,both
8479909596,333998,333998,True,True,True,both
8480100000,333248,333248,True,True,True,both
8480200000,333511,333511,True,True,True,both
8480300000,332XXX,332999,False,True,True,both
8480410000,333511,333511,True,True,True,both
8480490010,333511,333511,True,True,True,both
8480490090,333511,333511,True,True,True,both
8480500010,333511,333511,True,True,True,both
8480500090,333511,333511,True,True,True,both
8480600010,333511,333511,True,True,True,both
8480600090,333511,333511,True,True,True,both
8480711000,333511,333511,True,True,True,both
8480714000,333511,333511,True,True,True,both
8480718045,333511,333511,True,True,True,both
8480718060,333511,333511,True,True,True,both
8480791000,333511,333511,True,True,True,both
8480799010,333511,333511,True,True,True,both
8480799020,333511,333511,True,True,True,both
8480799090,333511,333511,True,True,True,both
8481100020,332XXX,332912,False,True,True,both
8481100040,332XXX,332912,False,True,True,both
8481100060,332XXX,332912,False,True,True,both
8481100090,332XXX,332911,False,True,True,both
8481200010,332XXX,332912,False,True,True,both
8481200020,332XXX,332912,False,True,True,both
8481200030,332XXX,332912,False,True,True,both
8481200040,332XXX,332912,False,True,True,both
8481200050,332XXX,332912,False,True,True,both
8481200060,332XXX,332912,False,True,True,both
8481200070,332XXX,332912,False,True,True,both
8481200080,332XXX,332912,False,True,True,both
8481301010,332XXX,332911,False,True,True,both
8481301090,332XXX,332911,False,True,True,both
8481302010,332XXX,332911,False,True,True,both
8481302090,332XXX,332911,False,True,True,both
8481309000,332XXX,332911,False,True,True,both
8481400000,332XXX,332911,False,True,True,both
8481801020,332XXX,332913,False,True,True,both
8481801030,332XXX,332913,False,True,True,both
8481801040,332XXX,332913,False,True,True,both
8481801050,332XXX,332913,False,True,True,both
8481801060,332XXX,332911,False,True,True,both
8481801070,332XXX,332911,False,True,True,both
8481801075,332XXX,332911,False,True,True,both
8481801085,332XXX,332911,False,True,True,both
8481801090,332XXX,332911,False,True,True,both
8481801095,332XXX,332919,False,True,True,both
8481803010,332XXX,332919,False,True,True,both
8481803015,332XXX,332919,False,True,True,both
8481803020,332XXX,332919,False,True,True,both
8481803025,332XXX,332919,False,True,True,both
8481803030,332XXX,332919,False,True,True,both
8481803040,332XXX,332919,False,True,True,both
8481803055,332XXX,332911,False,True,True,both
8481803060,332XXX,332911,False,True,True,both
8481803065,332XXX,332911,False,True,True,both
8481803070,332XXX,332911,False,True,True,both
8481803075,332XXX,332911,False,True,True,both
8481803090,332XXX,332911,False,True,True,both
8481805040,333912,333912,True,True,True,both
8481805060,332XXX,332913,False,True,True,both
8481805090,332XXX,332911,False,True,True,both
8481809005,332XXX,332911,False,True,True,both
8481809010,332XXX,332913,False,True,True,both
8481809015,332XXX,332911,False,True,True,both
8481809020,332XXX,332911,False,True,True,both
8481809025,332XXX,332911,False,True,True,both
8481809030,332XXX,332911,False,True,True,both
8481809035,332XXX,332911,False,True,True,both
8481809040,332XXX,332911,False,True,True,both
8481809045,332XXX,332911,False,True,True,both
8481809050,332XXX,332911,False,True,True,both
8481901000,332XXX,332911,False,True,True,both
8481903000,332XXX,332911,False,True,True,both
8481905000,332XXX,332911,False,True,True,both
8481909020,332XXX,332912,False,True,True,both
8481909040,332XXX,332912,False,True,True,both
8481909060,332XXX,332911,False,True,True,both
8481909081,332XXX,332911,False,True,True,both
8481909085,332XXX,332911,False,True,True,both
8482101040,332XXX,332991,False,True,True,both
8482101080,332XXX,332991,False,True,True,both
8482105004,332XXX,332991,False,True,True,both
8482105008,332XXX,332991,False,True,True,both
8482105012,332XXX,332991,False,True,True,both
8482105016,332XXX,332991,False,True,True,both
8482105024,332XXX,332991,False,True,True,both
8482105028,332XXX,332991,False,True,True,both
8482105032,332XXX,332991,False,True,True,both
8482105036,332XXX,332991,False,True,True,both
8482105044,332XXX,332991,False,True,True,both
8482105048,332XXX,332991,False,True,True,both
8482105052,332XXX,332991,False,True,True,both
8482105056,332XXX,332991,False,True,True,both
8482105060,332XXX,332991,False,True,True,both
8482105064,332XXX,332991,False,True,True,both
8482105068,332XXX,332991,False,True,True,both
8482200020,332XXX,332991,False,True,True,both
8482200030,332XXX,332991,False,True,True,both
8482200040,332XXX,332991,False,True,True,both
8482200061,332XXX,332991,False,True,True,both
8482200064,332XXX,332991,False,True,True,both
8482200067,332XXX,332991,False,True,True,both
8482200070,332XXX,332991,False,True,True,both
8482200081,332XXX,332991,False,True,True,both
8482200090,332XXX,332991,False,True,True,both
8482300040,332XXX,332991,False,True,True,both
8482300080,332XXX,332991,False,True,True,both
8482400000,332XXX,332991,False,True,True,both
8482500000,332XXX,332991,False,True,True,both
8482800020,332XXX,332991,False,True,True,both
8482800040,332XXX,332991,False,True,True,both
8482800060,332XXX,332991,False,True,True,both
8482800080,332XXX,332991,False,True,True,both
8482910010,332XXX,332991,False,True,True,both
8482910020,332XXX,332991,False,True,True,both
8482910040,332XXX,332991,False,True,True,both
8482910050,332XXX,332991,False,True,True,both
8482910070,332XXX,332991,False,True,True,both
8482910080,332XXX,332991,False,True,True,both
8482910090,332XXX,332991,False,True,True,both
8482990500,332XXX,332991,False,True,True,both
8482991550,332XXX,332991,False,True,True,both
8482991570,332XXX,332991,False,True,True,both
8482991580,332XXX,332991,False,True,True,both
8482992520,332XXX,332991,False,True,True,both
8482992540,332XXX,332991,False,True,True,both
8482992560,332XXX,332991,False,True,True,both
8482992580,332XXX,332991,False,True,True,both
8482993500,332XXX,332991,False,True,True,both
8482994500,332XXX,332991,False,True,True,both
8482996510,332XXX,332991,False,True,True,both
8482996530,332XXX,332991,False,True,True,both
8482996560,332XXX,332991,False,True,True,both
8482996595,332XXX,332991,False,True,True,both
8483101010,336310,336310,True,True,True,both
8483101030,336310,336310,True,True,True,both
8483101050,336310,336310,True,True,True,both
8483103010,336310,336310,True,True,True,both
8483103050,336310,336310,True,True,True,both
8483105000,333613,333613,True,True,True,both
8483204040,332XXX,332991,False,True,True,both
8483204080,332XXX,332991,False,True,True,both
8483208040,332XXX,332991,False,True,True,both
8483208080,332XXX,332991,False,True,True,both
8483304040,332XXX,332991,False,True,True,both
8483304080,332XXX,332991,False,True,True,both
8483308020,332XXX,332991,False,True,True,both
8483308040,332XXX,332991,False,True,True,both
8483308055,336310,336310,True,True,True,both
8483308065,336310,336310,True,True,True,both
8483308070,332XXX,332991,False,True,True,both
8483308090,332XXX,332991,False,True,True,both
8483401000,335312,335312,True,True,True,both
8483403040,333612,333612,True,True,True,both
8483403080,333612,333612,True,True,True,both
8483405010,333612,333612,True,True,True,both
8483405050,333612,333612,True,True,True,both
8483407000,333612,333612,True,True,True,both
8483408000,332XXX,332722,False,True,True,both
8483409000,333612,333612,True,True,True,both
8483504000,332XXX,332510,False,True,True,both
8483506000,336310,336310,True,True,True,both
8483509040,333613,333613,True,True,True,both
8483509080,333613,333613,True,True,True,both
8483604040,333613,333613,True,True,True,both
8483604080,333613,333613,True,True,True,both
8483608000,333613,333613,True,True,True,both
8483901010,333613,333613,True,True,True,both
8483901050,333613,333613,True,True,True,both
8483902000,332XXX,332991,False,True,True,both
8483903000,332XXX,332991,False,True,True,both
8483905010,333612,333612,True,True,True,both
8483905090,333612,333612,True,True,True,both
8483907000,332XXX,332991,False,True,True,both
8483908010,333613,333613,True,True,True,both
8483908040,333613,333613,True,True,True,both
8483908080,333613,333613,True,True,True,both
8484100000,339991,339991,True,True,True,both
8484200000,339991,339991,True,True,True,both
8484900000,339991,339991,True,True,True,both
8485100100,333998,333998,True,True,True,both
8485200000,333248,333248,True,True,True,both
8485300000,333248,333248,True,True,True,both
8485800000,333998,333998,True,True,True,both
8485901000,333132,333132,True,True,True,both
8485909000,333998,333998,True,True,True,both
8486100000,333242,333242,True,True,True,both
8486200000,333242,333242,True,True,True,both
8486300000,333242,333242,True,True,True,both
8486400010,333242,333242,True,True,True,both
8486400020,333242,333242,True,True,True,both
8486400030,333242,333242,True,True,True,both
8486900000,333242,333242,True,True,True,both
8487100040,33152X,331529,False,True,True,both
8487100080,332XXX,332999,False,True,True,both
8487900040,339991,339991,True,True,True,both
8487900080,333998,333998,True,True,True,both
8501102000,335312,335312,True,True,True,both
8501104020,335312,335312,True,True,True,both
8501104040,335312,335312,True,True,True,both
8501104060,335312,335312,True,True,True,both
8501104080,335312,335312,True,True,True,both
8501106020,335312,335312,True,True,True,both
8501106040,335312,335312,True,True,True,both
8501106060,335312,335312,True,True,True,both
8501106080,335312,335312,True,True,True,both
8501202000,335312,335312,True,True,True,both
8501204000,335312,335312,True,True,True,both
8501205000,335312,335312,True,True,True,both
8501206000,335312,335312,True,True,True,both
8501312000,335312,335312,True,True,True,both
8501314000,335312,335312,True,True,True,both
8501315000,335312,335312,True,True,True,both
8501316000,335312,335312,True,True,True,both
8501318100,335312,335312,True,True,True,both
8501322000,335312,335312,True,True,True,both
8501324500,335312,335312,True,True,True,both
8501325520,335312,335312,True,True,True,both
8501325540,335312,335312,True,True,True,both
8501326100,335312,335312,True,True,True,both
8501332040,335312,335312,True,True,True,both
8501332080,335312,335312,True,True,True,both
8501333000,335312,335312,True,True,True,both
8501334040,335312,335312,True,True,True,both
8501334060,335312,335312,True,True,True,both
8501336100,335312,335312,True,True,True,both
8501343000,335312,335312,True,True,True,both
8501346100,335312,335312,True,True,True,both
8501402020,333612,333612,True,True,True,both
8501402040,335312,335312,True,True,True,both
8501404020,333612,333612,True,True,True,both
8501404040,335312,335312,True,True,True,both
8501405020,333612,333612,True,True,True,both
8501405040,335312,335312,True,True,True,both
8501406020,333612,333612,True,True,True,both
8501406040,335312,335312,True,True,True,both
8501512020,333612,333612,True,True,True,both
8501512040,335312,335312,True,True,True,both
8501514020,333612,333612,True,True,True,both
8501514040,335312,335312,True,True,True,both
8501515020,333612,333612,True,True,True,both
8501515040,335312,335312,True,True,True,both
8501516020,333612,333612,True,True,True,both
8501516040,335312,335312,True,True,True,both
8501524000,335312,335312,True,True,True,both
8501528020,335312,335312,True,True,True,both
8501528040,335312,335312,True,True,True,both
8501534040,335312,335312,True,True,True,both
8501534080,335312,335312,True,True,True,both
8501536000,335312,335312,True,True,True,both
8501538040,335312,335312,True,True,True,both
8501538060,335312,335312,True,True,True,both
8501610100,335312,335312,True,True,True,both
8501620100,335312,335312,True,True,True,both
8501630100,335312,335312,True,True,True,both
8501640121,333611,333611,True,True,True,both
8501640125,335312,335312,True,True,True,both
8501640130,335312,335312,True,True,True,both
8501640150,335312,335312,True,True,True,both
8501710000,335312,335312,True,True,True,both
8501721000,335312,335312,True,True,True,both
8501722000,335312,335312,True,True,True,both
8501723000,335312,335312,True,True,True,both
8501729000,335312,335312,True,True,True,both
8501801000,335312,335312,True,True,True,both
8501802000,335312,335312,True,True,True,both
8501803000,335312,335312,True,True,True,both
8501809000,335312,335312,True,True,True,both
8502110000,335312,335312,True,True,True,both
8502120000,335312,335312,True,True,True,both
8502130020,335312,335312,True,True,True,both
8502130040,335312,335312,True,True,True,both
8502200030,335312,335312,True,True,True,both
8502200060,335312,335312,True,True,True,both
8502200070,335312,335312,True,True,True,both
8502200085,335312,335312,True,True,True,both
8502310000,333611,333611,True,True,True,both
8502390040,333611,333611,True,True,True,both
8502390080,333611,333611,True,True,True,both
8502400000,335312,335312,True,True,True,both
8503002000,335312,335312,True,True,True,both
8503003500,335312,335312,True,True,True,both
8503004500,335312,335312,True,True,True,both
8503006500,335312,335312,True,True,True,both
8503007500,335312,335312,True,True,True,both
8503009000,335312,335312,True,True,True,both
8503009520,335312,335312,True,True,True,both
8503009546,335312,335312,True,True,True,both
8503009550,335312,335312,True,True,True,both
8503009570,335312,335312,True,True,True,both
8503009580,335312,335312,True,True,True,both
8504100000,335311,335311,True,True,True,both
8504210020,335311,335311,True,True,True,both
8504210040,335311,335311,True,True,True,both
8504210060,335311,335311,True,True,True,both
8504210080,335311,335311,True,True,True,both
8504220040,335311,335311,True,True,True,both
8504220080,335311,335311,True,True,True,both
8504230041,335311,335311,True,True,True,both
8504230045,335311,335311,True,True,True,both
8504230080,335311,335311,True,True,True,both
8504312000,334416,334416,True,True,True,both
8504314035,334416,334416,True,True,True,both
8504314065,334416,334416,True,True,True,both
8504316000,334416,334416,True,True,True,both
8504320000,334416,334416,True,True,True,both
8504330020,335311,335311,True,True,True,both
8504330040,335311,335311,True,True,True,both
8504340000,335311,335311,True,True,True,both
8504404000,335314,335314,True,True,True,both
8504406001,335999,335999,True,True,True,both
8504406007,335999,335999,True,True,True,both
8504406012,335999,335999,True,True,True,both
8504406018,335999,335999,True,True,True,both
8504407001,335999,335999,True,True,True,both
8504407007,335999,335999,True,True,True,both
8504407012,335999,335999,True,True,True,both
8504407018,335999,335999,True,True,True,both
8504408500,334419,334419,True,True,True,both
8504409510,335999,335999,True,True,True,both
8504409520,335999,335999,True,True,True,both
8504409530,335999,335999,True,True,True,both
8504409540,335999,335999,True,True,True,both
8504409550,334419,334419,True,True,True,both
8504409570,334419,334419,True,True,True,both
8504409580,334419,334419,True,True,True,both
8504504000,334416,334416,True,True,True,both
8504508000,334416,334416,True,True,True,both
8504902000,334418,334418,True,True,True,both
8504904100,334419,334419,True,True,True,both
8504906500,334418,334418,True,True,True,both
8504907500,334418,334418,True,True,True,both
8504909610,327110,327110,True,True,True,both
8504909630,327110,327110,True,True,True,both
8504909634,335311,335311,True,True,True,both
8504909638,335311,335311,True,True,True,both
8504909642,335311,335311,True,True,True,both
8504909646,335311,335311,True,True,True,both
8504909650,334419,334419,True,True,True,both
8504909690,334419,334419,True,True,True,both
8505110010,332XXX,332999,False,True,True,both
8505110030,327110,327110,True,True,True,both
8505110050,332XXX,332999,False,True,True,both
8505110070,332XXX,332999,False,True,True,both
8505110090,332XXX,332999,False,True,True,both
8505191000,327110,327110,True,True,True,both
8505192000,327110,327110,True,True,True,both
8505193000,327110,327110,True,True,True,both
8505200000,335314,335314,True,True,True,both
8505903000,335999,335999,True,True,True,both
8505904000,335999,335999,True,True,True,both
8505907000,335999,335999,True,True,True,both
8505907501,335999,335999,True,True,True,both
8506100000,335910,335910,True,True,True,both
8506100010,335910,335910,True,True,True,both
8506100090,335910,335910,True,True,True,both
8506301000,335910,335910,True,True,True,both
8506305000,335910,335910,True,True,True,both
8506401000,335910,335910,True,True,True,both
8506401010,335910,335910,True,True,True,both
8506401090,335910,335910,True,True,True,both
8506405000,335910,335910,True,True,True,both
8506500000,335910,335910,True,True,True,both
8506500010,335910,335910,True,True,True,both
8506500090,335910,335910,True,True,True,both
8506600000,335910,335910,True,True,True,both
8506600010,335910,335910,True,True,True,both
8506600090,335910,335910,True,True,True,both
8506800000,335910,335910,True,True,True,both
8506800010,335910,335910,True,True,True,both
8506800090,335910,335910,True,True,True,both
8506900000,335910,335910,True,True,True,both
8507100030,335910,335910,True,True,True,both
8507100060,335910,335910,True,True,True,both
8507100090,335910,335910,True,True,True,both
8507204000,335910,335910,True,True,True,both
8507208010,335910,335910,True,True,True,both
8507208031,335910,335910,True,True,True,both
8507208041,335910,335910,True,True,True,both
8507208061,335910,335910,True,True,True,both
8507208091,335910,335910,True,True,True,both
8507304000,335910,335910,True,True,True,both
8507308010,335910,335910,True,True,True,both
8507308090,335910,335910,True,True,True,both
8507500000,335910,335910,True,True,True,both
8507600010,335910,335910,True,True,True,both
8507600020,335910,335910,True,True,True,both
8507804100,335910,335910,True,True,True,both
8507808200,335910,335910,True,True,True,both
8507904000,335910,335910,True,True,True,both
8507908000,335910,335910,True,True,True,both
8508110000,335210,335210,True,True,True,both
8508190000,335210,335210,True,True,True,both
8508600000,335210,335210,True,True,True,both
8508700000,335210,335210,True,True,True,both
8509400015,335210,335210,True,True,True,both
8509400025,335210,335210,True,True,True,both
8509400030,335210,335210,True,True,True,both
8509400040,335210,335210,True,True,True,both
8509801000,335210,335210,True,True,True,both
8509802000,335220,335220,True,True,True,both
8509805040,335210,335210,True,True,True,both
8509805045,335210,335210,True,True,True,both
8509805050,335210,335210,True,True,True,both
8509805070,335210,335210,True,True,True,both
8509805080,335210,335210,True,True,True,both
8509805095,335210,335210,True,True,True,both
8509902500,335210,335210,True,True,True,both
8509903500,335210,335210,True,True,True,both
8509904500,335210,335210,True,True,True,both
8509905500,335210,335210,True,True,True,both
8510100000,335210,335210,True,True,True,both
8510201000,333111,333111,True,True,True,both
8510209000,335210,335210,True,True,True,both
8510300000,335210,335210,True,True,True,both
8510901000,335210,335210,True,True,True,both
8510902000,335210,335210,True,True,True,both
8510903001,333111,333111,True,True,True,both
8510904000,335210,335210,True,True,True,both
8510905500,335210,335210,True,True,True,both
8511100000,336320,336320,True,True,True,both
8511200000,336320,336320,True,True,True,both
8511300040,336320,336320,True,True,True,both
8511300080,336320,336320,True,True,True,both
8511400000,336320,336320,True,True,True,both
8511500000,336320,336320,True,True,True,both
8511802000,336320,336320,True,True,True,both
8511804000,336320,336320,True,True,True,both
8511806000,336320,336320,True,True,True,both
8511902000,336320,336320,True,True,True,both
8511904000,336320,336320,True,True,True,both
8511906020,336320,336320,True,True,True,both
8511906040,336320,336320,True,True,True,both
8512102000,336320,336320,True,True,True,both
8512104000,336320,336320,True,True,True,both
8512202040,336320,336320,True,True,True,both
8512202080,336320,336320,True,True,True,both
8512204040,336320,336320,True,True,True,both
8512204080,336320,336320,True,True,True,both
8512300020,334290,334290,True,True,True,both
8512300030,334511,334511,True,True,True,both
8512300040,335999,335999,True,True,True,both
8512402000,336320,336320,True,True,True,both
8512404000,336320,336320,True,True,True,both
8512902000,336320,336320,True,True,True,both
8512904000,336320,336320,True,True,True,both
8512906000,336320,336320,True,True,True,both
8512907000,336320,336320,True,True,True,both
8512909000,336320,336320,True,True,True,both
8513102000,335139,335139,True,True,True,both
8513104000,335139,335139,True,True,True,both
8513902000,335139,335139,True,True,True,both
8513904000,335139,335139,True,True,True,both
8514110000,333994,333994,True,True,True,both
8514190000,333994,333994,True,True,True,both
8514204000,333310,333310,True,True,True,both
8514206000,333994,333994,True,True,True,both
8514208000,333994,333994,True,True,True,both
8514311000,333994,333994,True,True,True,both
8514319000,333994,333994,True,True,True,both
8514321000,333994,333994,True,True,True,both
8514329000,333994,333994,True,True,True,both
8514391000,333994,333994,True,True,True,both
8514399000,333994,333994,True,True,True,both
8514400000,333994,333994,True,True,True,both
8514904000,333310,333310,True,True,True,both
8514908000,333994,333994,True,True,True,both
8515110000,332XXX,332216,False,True,True,both
8515190000,333992,333992,True,True,True,both
8515210000,333992,333992,True,True,True,both
8515290000,333992,333992,True,True,True,both
8515310000,333992,333992,True,True,True,both
8515390020,333992,333992,True,True,True,both
8515390040,333992,333992,True,True,True,both
8515390060,333992,333992,True,True,True,both
8515800040,335999,335999,True,True,True,both
8515800080,333912,333912,True,True,True,both
8515902000,333992,333992,True,True,True,both
8515904000,333992,333992,True,True,True,both
8516100040,335220,335220,True,True,True,both
8516100080,335220,335220,True,True,True,both
8516210000,335210,335210,True,True,True,both
8516290030,335210,335210,True,True,True,both
8516290060,335210,335210,True,True,True,both
8516290090,335210,335210,True,True,True,both
8516310000,335210,335210,True,True,True,both
8516320020,335210,335210,True,True,True,both
8516320040,335210,335210,True,True,True,both
8516330000,333310,333310,True,True,True,both
8516402000,335210,335210,True,True,True,both
8516404000,335210,335210,True,True,True,both
8516500030,335220,335220,True,True,True,both
8516500060,335220,335220,True,True,True,both
8516500090,335220,335220,True,True,True,both
8516604060,335220,335220,True,True,True,both
8516604070,335220,335220,True,True,True,both
8516604074,335220,335220,True,True,True,both
8516604078,335220,335220,True,True,True,both
8516604082,335220,335220,True,True,True,both
8516604086,335220,335220,True,True,True,both
8516606000,335210,335210,True,True,True,both
8516710020,335210,335210,True,True,True,both
8516710040,335210,335210,True,True,True,both
8516710060,335210,335210,True,True,True,both
8516710080,335210,335210,True,True,True,both
8516720000,335210,335210,True,True,True,both
8516790000,335210,335210,True,True,True,both
8516804000,334416,334416,True,True,True,both
8516808000,334416,334416,True,True,True,both
8516900500,335210,335210,True,True,True,both
8516901500,333310,333310,True,True,True,both
8516902500,335210,335210,True,True,True,both
8516903500,335220,335220,True,True,True,both
8516904500,334418,334418,True,True,True,both
8516905000,335220,335220,True,True,True,both
8516905500,335220,335220,True,True,True,both
8516906500,335220,335220,True,True,True,both
8516907500,335220,335220,True,True,True,both
8516908010,335220,335220,True,True,True,both
8516908050,335220,335220,True,True,True,both
8516908500,335210,335210,True,True,True,both
8516909000,335210,335210,True,True,True,both
8517110000,334210,334210,True,True,True,both
8517130000,334220,334220,True,True,True,both
8517140020,334220,334220,True,True,True,both
8517140050,334220,334220,True,True,True,both
8517140080,334220,334220,True,True,True,both
8517180010,334210,334210,True,True,True,both
8517180020,334210,334210,True,True,True,both
8517180050,334210,334210,True,True,True,both
8517610000,334210,334210,True,True,True,both
8517620010,334418,334418,True,True,True,both
8517620020,334220,334220,True,True,True,both
8517620090,334220,334220,True,True,True,both
8517690000,334220,334220,True,True,True,both
8517710000,334220,334220,True,True,True,both
8517790000,334220,334220,True,True,True,both
8518104000,334220,334220,True,True,True,both
8518108030,334310,334310,True,True,True,both
8518108040,334310,334310,True,True,True,both
8518210000,334310,334310,True,True,True,both
8518220000,334310,334310,True,True,True,both
8518294000,334310,334310,True,True,True,both
8518298000,334310,334310,True,True,True,both
8518301000,334210,334210,True,True,True,both
8518302000,334310,334310,True,True,True,both
8518401000,334210,334210,True,True,True,both
8518402000,334310,334310,True,True,True,both
8518500000,334310,334310,True,True,True,both
8518902000,334418,334418,True,True,True,both
8518904100,334210,334210,True,True,True,both
8518906000,334418,334418,True,True,True,both
8518908100,334220,334220,True,True,True,both
8519200000,334310,334310,True,True,True,both
8519301000,334310,334310,True,True,True,both
8519302000,334310,334310,True,True,True,both
8519811000,333310,333310,True,True,True,both
8519812000,334310,334310,True,True,True,both
8519812500,334310,334310,True,True,True,both
8519813010,334310,334310,True,True,True,both
8519813020,334310,334310,True,True,True,both
8519814105,334210,334210,True,True,True,both
8519814110,334310,334310,True,True,True,both
8519814120,334310,334310,True,True,True,both
8519814150,334310,334310,True,True,True,both
8519891000,334310,334310,True,True,True,both
8519892000,334310,334310,True,True,True,both
8519893000,334310,334310,True,True,True,both
8521103000,334310,334310,True,True,True,both
8521106000,334310,334310,True,True,True,both
8521109000,334310,334310,True,True,True,both
8521900000,334310,334310,True,True,True,both
8522100000,334310,334310,True,True,True,both
8522902500,334418,334418,True,True,True,both
8522903600,334310,334310,True,True,True,both
8522904500,334418,334418,True,True,True,both
8522905840,334419,334419,True,True,True,both
8522905880,334210,334210,True,True,True,both
8522906500,334418,334418,True,True,True,both
8522908040,334419,334419,True,True,True,both
8522908081,334310,334310,True,True,True,both
8523210000,334610,334610,True,True,True,both
8523291000,334610,334610,True,True,True,both
8523292000,334610,334610,True,True,True,both
8523293000,334610,334610,True,True,True,both
8523294010,334610,334610,True,True,True,both
8523294020,334610,334610,True,True,True,both
8523295010,334610,334610,True,True,True,both
8523295020,334610,334610,True,True,True,both
8523296000,334610,334610,True,True,True,both
8523297010,334610,334610,True,True,True,both
8523297020,334610,334610,True,True,True,both
8523298000,334610,334610,True,True,True,both
8523299000,334610,334610,True,True,True,both
8523410000,334610,334610,True,True,True,both
8523492010,334610,334610,True,True,True,both
8523492020,334610,334610,True,True,True,both
8523493000,334610,334610,True,True,True,both
8523494000,334610,334610,True,True,True,both
8523495000,334610,334610,True,True,True,both
8523510000,334610,334610,True,True,True,both
8523520010,334413,334413,True,True,True,both
8523520090,334413,334413,True,True,True,both
8523590000,334610,334610,True,True,True,both
8523801000,334610,334610,True,True,True,both
8523802000,334610,334610,True,True,True,both
8524111000,333310,333310,True,True,True,both
8524119000,333310,333310,True,True,True,both
8524120000,334419,334419,True,True,True,both
8524190000,334310,334310,True,True,True,both
8524911000,334419,334419,True,True,True,both
8524919000,333310,333310,True,True,True,both
8524920000,334419,334419,True,True,True,both
8524990000,334310,334310,True,True,True,both
8525501000,334220,334220,True,True,True,both
8525503015,334220,334220,True,True,True,both
8525503035,334220,334220,True,True,True,both
8525503040,334220,334220,True,True,True,both
8525507010,334220,334220,True,True,True,both
8525507050,334220,334220,True,True,True,both
8525601010,334220,334220,True,True,True,both
8525601020,334220,334220,True,True,True,both
8525601030,334220,334220,True,True,True,both
8525601040,334220,334220,True,True,True,both
8525601050,334220,334220,True,True,True,both
8525602000,334220,334220,True,True,True,both
8525810000,334310,334310,True,True,True,both
8525820000,334310,334310,True,True,True,both
8525830000,334220,334220,True,True,True,both
8525891000,334220,334220,True,True,True,both
8525892000,334220,334220,True,True,True,both
8525893000,334220,334220,True,True,True,both
8525894000,334310,334310,True,True,True,both
8525895030,334310,334310,True,True,True,both
8525895050,334310,334310,True,True,True,both
8526100020,334511,334511,True,True,True,both
8526100040,334511,334511,True,True,True,both
8526910020,334511,334511,True,True,True,both
8526910040,334511,334511,True,True,True,both
8526921000,339930,339930,True,True,True,both
8526925000,334511,334511,True,True,True,both
8527120000,334310,334310,True,True,True,both
8527131100,334310,334310,True,True,True,both
8527132015,334310,334310,True,True,True,both
8527132025,334310,334310,True,True,True,both
8527134000,334310,334310,True,True,True,both
8527136040,334310,334310,True,True,True,both
8527136080,334310,334310,True,True,True,both
8527191000,334310,334310,True,True,True,both
8527195010,334310,334310,True,True,True,both
8527195025,334310,334310,True,True,True,both
8527211500,334310,334310,True,True,True,both
8527212510,334310,334310,True,True,True,both
8527212525,334310,334310,True,True,True,both
8527214040,334310,334310,True,True,True,both
8527214080,334310,334310,True,True,True,both
8527294000,334310,334310,True,True,True,both
8527298000,334310,334310,True,True,True,both
8527910500,334220,334220,True,True,True,both
8527914000,334220,334220,True,True,True,both
8527915000,334220,334220,True,True,True,both
8527916040,334220,334220,True,True,True,both
8527916080,334220,334220,True,True,True,both
8527921000,334220,334220,True,True,True,both
8527925000,334220,334220,True,True,True,both
8527991000,334290,334290,True,True,True,both
8527991500,334220,334220,True,True,True,both
8527994000,334220,334220,True,True,True,both
8528420000,334118,334118,True,True,True,both
8528490500,334310,334310,True,True,True,both
8528491000,334310,334310,True,True,True,both
8528491500,334310,334310,True,True,True,both
8528492000,334310,334310,True,True,True,both
8528492500,334310,334310,True,True,True,both
8528493000,334310,334310,True,True,True,both
8528493500,334310,334310,True,True,True,both
8528494000,334310,334310,True,True,True,both
8528494500,334310,334310,True,True,True,both
8528495000,334310,334310,True,True,True,both
8528496000,334310,334310,True,True,True,both
8528496500,334310,334310,True,True,True,both
8528497000,334310,334310,True,True,True,both
8528497500,334310,334310,True,True,True,both
8528498000,334310,334310,True,True,True,both
8528520000,334118,334118,True,True,True,both
8528590500,334310,334310,True,True,True,both
8528591000,334310,334310,True,True,True,both
8528591500,334310,334310,True,True,True,both
8528592300,334310,334310,True,True,True,both
8528592500,334310,334310,True,True,True,both
8528593310,334310,334310,True,True,True,both
8528593350,334310,334310,True,True,True,both
8528593370,334310,334310,True,True,True,both
8528593500,334310,334310,True,True,True,both
8528594000,334310,334310,True,True,True,both
8528594500,334310,334310,True,True,True,both
8528595000,334310,334310,True,True,True,both
8528596000,334310,334310,True,True,True,both
8528620000,334118,334118,True,True,True,both
8528690500,334310,334310,True,True,True,both
8528691000,334310,334310,True,True,True,both
8528691500,334310,334310,True,True,True,both
8528692000,334310,334310,True,True,True,both
8528692500,334310,334310,True,True,True,both
8528693000,334310,334310,True,True,True,both
8528693500,334310,334310,True,True,True,both
8528694000,334310,334310,True,True,True,both
8528694500,334310,334310,True,True,True,both
8528695000,334310,334310,True,True,True,both
8528695500,334310,334310,True,True,True,both
8528696000,334310,334310,True,True,True,both
8528697000,334310,334310,True,True,True,both
8528711000,334310,334310,True,True,True,both
8528712000,334220,334220,True,True,True,both
8528713000,334310,334310,True,True,True,both
8528714000,334310,334310,True,True,True,both
8528714500,334310,334310,True,True,True,both
8528720400,334310,334310,True,True,True,both
8528720800,334310,334310,True,True,True,both
8528721200,334310,334310,True,True,True,both
8528721600,334310,334310,True,True,True,both
8528722000,334310,334310,True,True,True,both
8528722400,334310,334310,True,True,True,both
8528722800,334310,334310,True,True,True,both
8528723200,334310,334310,True,True,True,both
8528723600,334310,334310,True,True,True,both
8528724000,334310,334310,True,True,True,both
8528724400,334310,334310,True,True,True,both
8528724800,334310,334310,True,True,True,both
8528725200,334310,334310,True,True,True,both
8528725600,334310,334310,True,True,True,both
8528726200,334310,334310,True,True,True,both
8528726420,334310,334310,True,True,True,both
8528726430,334310,334310,True,True,True,both
8528726440,334310,334310,True,True,True,both
8528726460,334310,334310,True,True,True,both
8528726800,334310,334310,True,True,True,both
8528727220,334310,334310,True,True,True,both
8528727230,334310,334310,True,True,True,both
8528727240,334310,334310,True,True,True,both
8528727260,334310,334310,True,True,True,both
8528727290,334310,334310,True,True,True,both
8528727600,334310,334310,True,True,True,both
8528728000,334310,334310,True,True,True,both
8528728400,334310,334310,True,True,True,both
8528729700,334310,334310,True,True,True,both
8528730000,334310,334310,True,True,True,both
8529102120,334220,334220,True,True,True,both
8529102150,334220,334220,True,True,True,both
8529102190,334220,334220,True,True,True,both
8529104040,334220,334220,True,True,True,both
8529104080,334220,334220,True,True,True,both
8529109100,334220,334220,True,True,True,both
8529900400,334418,334418,True,True,True,both
8529900500,334418,334418,True,True,True,both
8529900600,334418,334418,True,True,True,both
8529900900,334418,334418,True,True,True,both
8529901300,334418,334418,True,True,True,both
8529901620,334418,334418,True,True,True,both
8529901640,334418,334418,True,True,True,both
8529901660,334418,334418,True,True,True,both
8529901920,334418,334418,True,True,True,both
8529901940,334418,334418,True,True,True,both
8529901960,334418,334418,True,True,True,both
8529902100,334418,334418,True,True,True,both
8529902401,334511,334511,True,True,True,both
8529902900,334310,334310,True,True,True,both
8529903300,334310,334310,True,True,True,both
8529903600,334310,334310,True,True,True,both
8529903900,334310,334310,True,True,True,both
8529904300,334310,334310,True,True,True,both
8529904600,334310,334310,True,True,True,both
8529904900,334310,334310,True,True,True,both
8529905500,334310,334310,True,True,True,both
8529906300,334220,334220,True,True,True,both
8529906800,334220,334220,True,True,True,both
8529907300,334511,334511,True,True,True,both
8529907700,334419,334419,True,True,True,both
8529907800,333310,333310,True,True,True,both
8529908100,334220,334220,True,True,True,both
8529908300,334310,334310,True,True,True,both
8529908700,334220,334220,True,True,True,both
8529908800,334310,334310,True,True,True,both
8529908900,334310,334310,True,True,True,both
8529909345,334416,334416,True,True,True,both
8529909380,334310,334310,True,True,True,both
8529909520,334511,334511,True,True,True,both
8529909540,334511,334511,True,True,True,both
8529909560,334511,334511,True,True,True,both
8529909720,334511,334511,True,True,True,both
8529909740,334511,334511,True,True,True,both
8529909760,334511,334511,True,True,True,both
8529909800,334419,334419,True,True,True,both
8530100000,334290,334290,True,True,True,both
8530800000,334290,334290,True,True,True,both
8530900000,334290,334290,True,True,True,both
8531100015,334290,334290,True,True,True,both
8531100025,334290,334290,True,True,True,both
8531100035,334290,334290,True,True,True,both
8531100045,334290,334290,True,True,True,both
8531200020,334513,334513,True,True,True,both
8531200040,334513,334513,True,True,True,both
8531801500,334290,334290,True,True,True,both
8531809005,334513,334513,True,True,True,both
8531809026,334513,334513,True,True,True,both
8531809031,334290,334290,True,True,True,both
8531809041,334290,334290,True,True,True,both
8531809051,335999,335999,True,True,True,both
8531901500,334418,334418,True,True,True,both
8531903000,334418,334418,True,True,True,both
8531907500,335999,335999,True,True,True,both
8531909001,335999,335999,True,True,True,both
8532100000,334416,334416,True,True,True,both
8532210020,334416,334416,True,True,True,both
8532210040,334416,334416,True,True,True,both
8532210050,334416,334416,True,True,True,both
8532210080,334416,334416,True,True,True,both
8532220020,334416,334416,True,True,True,both
8532220040,334416,334416,True,True,True,both
8532220055,334416,334416,True,True,True,both
8532220085,334416,334416,True,True,True,both
8532230020,334416,334416,True,True,True,both
8532230040,334416,334416,True,True,True,both
8532230060,334416,334416,True,True,True,both
8532240020,334416,334416,True,True,True,both
8532240040,334416,334416,True,True,True,both
8532240060,334416,334416,True,True,True,both
8532250010,334416,334416,True,True,True,both
8532250020,334416,334416,True,True,True,both
8532250030,334416,334416,True,True,True,both
8532250040,334416,334416,True,True,True,both
8532250045,334416,334416,True,True,True,both
8532250055,334416,334416,True,True,True,both
8532250060,334416,334416,True,True,True,both
8532250070,334416,334416,True,True,True,both
8532250080,334416,334416,True,True,True,both
8532290020,334416,334416,True,True,True,both
8532290040,334416,334416,True,True,True,both
8532300010,334416,334416,True,True,True,both
8532300090,334416,334416,True,True,True,both
8532900000,334416,334416,True,True,True,both
8533100020,334416,334416,True,True,True,both
8533100042,334416,334416,True,True,True,both
8533100057,334416,334416,True,True,True,both
8533100060,334416,334416,True,True,True,both
8533100065,334416,334416,True,True,True,both
8533210010,334416,334416,True,True,True,both
8533210020,334416,334416,True,True,True,both
8533210030,334416,334416,True,True,True,both
8533210040,334416,334416,True,True,True,both
8533210050,334416,334416,True,True,True,both
8533210060,334416,334416,True,True,True,both
8533210070,334416,334416,True,True,True,both
8533210080,334416,334416,True,True,True,both
8533210090,334416,334416,True,True,True,both
8533290000,334416,334416,True,True,True,both
8533310000,334416,334416,True,True,True,both
8533390040,335931,335931,True,True,True,both
8533390080,334416,334416,True,True,True,both
8533404000,334416,334416,True,True,True,both
8533408040,335314,335314,True,True,True,both
8533408050,334416,334416,True,True,True,both
8533408060,334416,334416,True,True,True,both
8533408070,334416,334416,True,True,True,both
8533904000,334416,334416,True,True,True,both
8533908000,334416,334416,True,True,True,both
8534000020,334412,334412,True,True,True,both
8534000040,334412,334412,True,True,True,both
8534000050,334412,334412,True,True,True,both
8534000070,334412,334412,True,True,True,both
8534000080,334412,334412,True,True,True,both
8534000085,334412,334412,True,True,True,both
8534000095,334412,334412,True,True,True,both
8535100020,335313,335313,True,True,True,both
8535100040,335313,335313,True,True,True,both
8535210000,335313,335313,True,True,True,both
8535290020,335313,335313,True,True,True,both
8535290040,335313,335313,True,True,True,both
8535300040,335313,335313,True,True,True,both
8535300080,335313,335313,True,True,True,both
8535400000,335931,335931,True,True,True,both
8535904000,335314,335314,True,True,True,both
8535908020,335931,335931,True,True,True,both
8535908040,334417,334417,True,True,True,both
8535908060,335313,335313,True,True,True,both
8536100020,335313,335313,True,True,True,both
8536100040,335313,335313,True,True,True,both
8536200020,335313,335313,True,True,True,both
8536200040,335313,335313,True,True,True,both
8536304000,335314,335314,True,True,True,both
8536308000,335931,335931,True,True,True,both
8536410005,336320,336320,True,True,True,both
8536410020,335314,335314,True,True,True,both
8536410030,335314,335314,True,True,True,both
8536410045,335314,335314,True,True,True,both
8536410050,335314,335314,True,True,True,both
8536410060,335314,335314,True,True,True,both
8536490050,335314,335314,True,True,True,both
8536490055,335314,335314,True,True,True,both
8536490065,335314,335314,True,True,True,both
8536490075,335314,335314,True,True,True,both
8536490080,335314,335314,True,True,True,both
8536504000,335314,335314,True,True,True,both
8536507000,335931,335931,True,True,True,both
8536509020,335931,335931,True,True,True,both
8536509025,335931,335931,True,True,True,both
8536509031,335931,335931,True,True,True,both
8536509032,335931,335931,True,True,True,both
8536509033,335931,335931,True,True,True,both
8536509035,335931,335931,True,True,True,both
8536509040,335931,335931,True,True,True,both
8536509045,335931,335931,True,True,True,both
8536509050,335931,335931,True,True,True,both
8536509055,335314,335314,True,True,True,both
8536509065,335931,335931,True,True,True,both
8536610000,335931,335931,True,True,True,both
8536694010,334417,334417,True,True,True,both
8536694020,334417,334417,True,True,True,both
8536694030,334417,334417,True,True,True,both
8536694040,334417,334417,True,True,True,both
8536694051,334417,334417,True,True,True,both
8536698000,335931,335931,True,True,True,both
8536700000,334417,334417,True,True,True,both
8536904000,335931,335931,True,True,True,both
8536906000,335931,335931,True,True,True,both
8536908510,335313,335313,True,True,True,both
8536908530,335932,335932,True,True,True,both
8536908585,335931,335931,True,True,True,both
8537103000,335313,335313,True,True,True,both
8537106000,335314,335314,True,True,True,both
8537108000,335313,335313,True,True,True,both
8537109120,335313,335313,True,True,True,both
8537109130,335314,335314,True,True,True,both
8537109150,335313,335313,True,True,True,both
8537109160,335314,335314,True,True,True,both
8537109170,335313,335313,True,True,True,both
8537200020,335313,335313,True,True,True,both
8537200040,335313,335313,True,True,True,both
8538100000,335313,335313,True,True,True,both
8538901000,334418,334418,True,True,True,both
8538903000,334418,334418,True,True,True,both
8538904000,335313,335313,True,True,True,both
8538906000,335313,335313,True,True,True,both
8538908120,335313,335313,True,True,True,both
8538908140,335931,335931,True,True,True,both
8538908160,335313,335313,True,True,True,both
8538908180,335314,335314,True,True,True,both
8539100010,336320,336320,True,True,True,both
8539100030,336320,336320,True,True,True,both
8539100050,336320,336320,True,True,True,both
8539100060,336320,336320,True,True,True,both
8539212040,335139,335139,True,True,True,both
8539212080,335139,335139,True,True,True,both
8539214040,335139,335139,True,True,True,both
8539214080,335139,335139,True,True,True,both
8539224000,335139,335139,True,True,True,both
8539228010,335139,335139,True,True,True,both
8539228030,335139,335139,True,True,True,both
8539228040,335139,335139,True,True,True,both
8539228060,335139,335139,True,True,True,both
8539228070,335139,335139,True,True,True,both
8539291000,335139,335139,True,True,True,both
8539292000,335139,335139,True,True,True,both
8539293020,335139,335139,True,True,True,both
8539293050,335139,335139,True,True,True,both
8539293060,335139,335139,True,True,True,both
8539294000,335139,335139,True,True,True,both
8539310040,335139,335139,True,True,True,both
8539310050,335139,335139,True,True,True,both
8539310060,335139,335139,True,True,True,both
8539310070,335139,335139,True,True,True,both
8539320020,335139,335139,True,True,True,both
8539320040,335139,335139,True,True,True,both
8539320090,335139,335139,True,True,True,both
8539391000,335139,335139,True,True,True,both
8539399000,335139,335139,True,True,True,both
8539410000,335139,335139,True,True,True,both
8539490040,335139,335139,True,True,True,both
8539490080,335139,335139,True,True,True,both
8539510000,335139,335139,True,True,True,both
8539520010,335139,335139,True,True,True,both
8539520020,335139,335139,True,True,True,both
8539520030,335139,335139,True,True,True,both
8539520040,335139,335139,True,True,True,both
8539520051,335139,335139,True,True,True,both
8539520091,335139,335139,True,True,True,both
8539900000,335139,335139,True,True,True,both
8540111030,334419,334419,True,True,True,both
8540111040,334419,334419,True,True,True,both
8540111050,334419,334419,True,True,True,both
8540111055,334419,334419,True,True,True,both
8540111085,334419,334419,True,True,True,both
8540112401,334419,334419,True,True,True,both
8540112801,334419,334419,True,True,True,both
8540113000,334419,334419,True,True,True,both
8540114401,334419,334419,True,True,True,both
8540114801,334419,334419,True,True,True,both
8540115000,334419,334419,True,True,True,both
8540121000,334419,334419,True,True,True,both
8540122000,334419,334419,True,True,True,both
8540125040,334419,334419,True,True,True,both
8540125080,334419,334419,True,True,True,both
8540127000,334419,334419,True,True,True,both
8540202040,334419,334419,True,True,True,both
8540202080,334419,334419,True,True,True,both
8540204000,334419,334419,True,True,True,both
8540401010,334419,334419,True,True,True,both
8540401050,334419,334419,True,True,True,both
8540600020,334419,334419,True,True,True,both
8540600065,334419,334419,True,True,True,both
8540600080,334419,334419,True,True,True,both
8540712000,334419,334419,True,True,True,both
8540714000,334419,334419,True,True,True,both
8540791000,334419,334419,True,True,True,both
8540792000,334419,334419,True,True,True,both
8540810000,334419,334419,True,True,True,both
8540890020,334419,334419,True,True,True,both
8540890040,334419,334419,True,True,True,both
8540890060,334419,334419,True,True,True,both
8540890080,334419,334419,True,True,True,both
8540911500,334419,334419,True,True,True,both
8540912000,334419,334419,True,True,True,both
8540915000,334419,334419,True,True,True,both
8540994000,334419,334419,True,True,True,both
8540998000,334419,334419,True,True,True,both
8541100040,334413,334413,True,True,True,both
8541100050,334413,334413,True,True,True,both
8541100060,334413,334413,True,True,True,both
8541100070,334413,334413,True,True,True,both
8541100080,334413,334413,True,True,True,both
8541210040,334413,334413,True,True,True,both
8541210075,334413,334413,True,True,True,both
8541210095,334413,334413,True,True,True,both
8541290040,334413,334413,True,True,True,both
8541290075,334413,334413,True,True,True,both
8541290095,334413,334413,True,True,True,both
8541300040,334413,334413,True,True,True,both
8541300080,334413,334413,True,True,True,both
8541410000,334413,334413,True,True,True,both
8541420010,334413,334413,True,True,True,both
8541420080,334413,334413,True,True,True,both
8541430010,335999,335999,True,True,True,both
8541430080,334413,334413,True,True,True,both
8541491010,334413,334413,True,True,True,both
8541491050,334413,334413,True,True,True,both
8541497040,334413,334413,True,True,True,both
8541497080,334413,334413,True,True,True,both
8541498000,334413,334413,True,True,True,both
8541499500,334413,334413,True,True,True,both
8541510000,334413,334413,True,True,True,both
8541590040,334413,334413,True,True,True,both
8541590080,334413,334413,True,True,True,both
8541600010,334419,334419,True,True,True,both
8541600020,334419,334419,True,True,True,both
8541600030,334419,334419,True,True,True,both
8541600050,334419,334419,True,True,True,both
8541600060,334419,334419,True,True,True,both
8541600080,334419,334419,True,True,True,both
8541900000,334413,334413,True,True,True,both
8542310001,334413,334413,True,True,True,both
8542320002,334413,334413,True,True,True,both
8542320024,334413,334413,True,True,True,both
8542320028,334413,334413,True,True,True,both
8542320032,334413,334413,True,True,True,both
8542320036,334413,334413,True,True,True,both
8542320041,334413,334413,True,True,True,both
8542320051,334413,334413,True,True,True,both
8542320061,334413,334413,True,True,True,both
8542320071,334413,334413,True,True,True,both
8542330001,334413,334413,True,True,True,both
8542390001,334413,334413,True,True,True,both
8542900000,334413,334413,True,True,True,both
8543100000,335999,335999,True,True,True,both
8543200000,334515,334515,True,True,True,both
8543302000,333248,333248,True,True,True,both
8543309040,333248,333248,True,True,True,both
8543309080,333248,333248,True,True,True,both
8543400030,335999,335999,True,True,True,both
8543400040,335999,335999,True,True,True,both
8543702000,333998,333998,True,True,True,both
8543704200,334511,334511,True,True,True,both
8543704500,334511,334511,True,True,True,both
8543706000,334210,334210,True,True,True,both
8543707100,335139,335139,True,True,True,both
8543708000,335999,335999,True,True,True,both
8543708500,334510,334510,True,True,True,both
8543708800,335999,335999,True,True,True,both
8543708900,335999,335999,True,True,True,both
8543709100,335999,335999,True,True,True,both
8543709301,335999,335999,True,True,True,both
8543709500,335999,335999,True,True,True,both
8543709700,335999,335999,True,True,True,both
8543709810,335999,335999,True,True,True,both
8543709820,339992,339992,True,True,True,both
8543709860,335999,335999,True,True,True,both
8543901200,333242,333242,True,True,True,both
8543901500,334418,334418,True,True,True,both
8543903500,334511,334511,True,True,True,both
8543906500,334418,334418,True,True,True,both
8543906800,334418,334418,True,True,True,both
8543908500,333242,333242,True,True,True,both
8543908845,335999,335999,True,True,True,both
8543908850,335999,335999,True,True,True,both
8543908860,335999,335999,True,True,True,both
8543908865,335999,335999,True,True,True,both
8543908885,335999,335999,True,True,True,both
8544110020,331420,331420,True,True,True,both
8544110030,331420,331420,True,True,True,both
8544110050,331420,331420,True,True,True,both
8544190000,331318,331318,True,True,True,both
8544200000,335929,335929,True,True,True,both
8544300000,336320,336320,True,True,True,both
8544421000,335929,335929,True,True,True,both
8544422000,335929,335929,True,True,True,both
8544429010,335929,335929,True,True,True,both
8544429090,335929,335929,True,True,True,both
8544491000,335929,335929,True,True,True,both
8544492000,335929,335929,True,True,True,both
8544493040,335929,335929,True,True,True,both
8544493080,335929,335929,True,True,True,both
8544499000,335929,335929,True,True,True,both
8544602000,335929,335929,True,True,True,both
8544604000,335929,335929,True,True,True,both
8544606000,335929,335929,True,True,True,both
8544700000,335921,335921,True,True,True,both
8545110010,335991,335991,True,True,True,both
8545110020,335991,335991,True,True,True,both
8545110050,335991,335991,True,True,True,both
8545192000,335991,335991,True,True,True,both
8545194000,335991,335991,True,True,True,both
8545200000,335991,335991,True,True,True,both
8545902000,335991,335991,True,True,True,both
8545904000,335991,335991,True,True,True,both
8546100000,327212,327212,True,True,True,both
8546200030,327110,327110,True,True,True,both
8546200060,327110,327110,True,True,True,both
8546200090,327110,327110,True,True,True,both
8546900000,335932,335932,True,True,True,both
8547104000,327110,327110,True,True,True,both
8547108000,327110,327110,True,True,True,both
8547200000,3261XX,326199,False,True,True,both
8547900010,327212,327212,True,True,True,both
8547900020,335932,335932,True,True,True,both
8547900030,335932,335932,True,True,True,both
8547900040,335932,335932,True,True,True,both
8548000000,335999,335999,True,True,True,both
8549111040,910000,910000,True,True,True,both
8549111080,910000,910000,True,True,True,both
8549119000,910000,910000,True,True,True,both
8549124000,910000,910000,True,True,True,both
8549128000,910000,910000,True,True,True,both
8549130000,910000,910000,True,True,True,both
8549140000,910000,910000,True,True,True,both
8549190000,910000,910000,True,True,True,both
8549210000,910000,910000,True,True,True,both
8549290000,910000,910000,True,True,True,both
8549310000,910000,910000,True,True,True,both
8549390000,910000,910000,True,True,True,both
8549910000,910000,910000,True,True,True,both
8549990000,910000,910000,True,True,True,both
8601100000,336510,336510,True,True,True,both
8601200000,336510,336510,True,True,True,both
8602100000,336510,336510,True,True,True,both
8602900000,336510,336510,True,True,True,both
8603100000,336510,336510,True,True,True,both
8603900000,336510,336510,True,True,True,both
8604000000,336510,336510,True,True,True,both
8605000000,336510,336510,True,True,True,both
8606100000,336510,336510,True,True,True,both
8606300000,336510,336510,True,True,True,both
8606910000,336510,336510,True,True,True,both
8606920000,336510,336510,True,True,True,both
8606990130,336510,336510,True,True,True,both
8606990160,336510,336510,True,True,True,both
8607110000,336510,336510,True,True,True,both
8607120000,336510,336510,True,True,True,both
8607190300,336510,336510,True,True,True,both
8607190600,336510,336510,True,True,True,both
8607191200,336510,336510,True,True,True,both
8607191500,336510,336510,True,True,True,both
8607193010,336510,336510,True,True,True,both
8607193020,336510,336510,True,True,True,both
8607193090,336510,336510,True,True,True,both
8607199000,336510,336510,True,True,True,both
8607211000,336510,336510,True,True,True,both
8607215000,336510,336510,True,True,True,both
8607291000,336510,336510,True,True,True,both
8607295000,336510,336510,True,True,True,both
8607301000,336510,336510,True,True,True,both
8607305000,336510,336510,True,True,True,both
8607910000,336510,336510,True,True,True,both
8607991000,336510,336510,True,True,True,both
8607995000,336510,336510,True,True,True,both
8608000000,334290,334290,True,True,True,both
8609000000,332XXX,332420,False,True,True,both
8701100100,333111,333111,True,True,True,both
8701210015,336120,336120,True,True,True,both
8701210045,336120,336120,True,True,True,both
8701210080,930000,930000,True,True,True,both
8701220015,336120,336120,True,True,True,both
8701220045,336120,336120,True,True,True,both
8701220080,930000,930000,True,True,True,both
8701230015,336120,336120,True,True,True,both
8701230045,336120,336120,True,True,True,both
8701230080,930000,930000,True,True,True,both
8701240015,336120,336120,True,True,True,both
8701240045,336120,336120,True,True,True,both
8701240080,930000,930000,True,True,True,both
8701290015,336120,336120,True,True,True,both
8701290045,336120,336120,True,True,True,both
8701290080,930000,930000,True,True,True,both
8701301015,333120,333120,True,True,True,both
8701301030,333120,333120,True,True,True,both
8701301045,333120,333120,True,True,True,both
8701301060,333120,333120,True,True,True,both
8701301075,333120,333120,True,True,True,both
8701301090,930000,930000,True,True,True,both
8701305015,333120,333120,True,True,True,both
8701305030,333120,333120,True,True,True,both
8701305045,333120,333120,True,True,True,both
8701305060,333120,333120,True,True,True,both
8701305075,333120,333120,True,True,True,both
8701305090,930000,930000,True,True,True,both
8701911000,333111,333111,True,True,True,both
8701915000,333120,333120,True,True,True,both
8701921000,333111,333111,True,True,True,both
8701925000,333120,333120,True,True,True,both
8701931000,333111,333111,True,True,True,both
8701935000,333120,333120,True,True,True,both
8701941000,333111,333111,True,True,True,both
8701945000,333120,333120,True,True,True,both
8701951000,333111,333111,True,True,True,both
8701955000,333120,333120,True,True,True,both
8702103100,336120,336120,True,True,True,both
8702106100,336120,336120,True,True,True,both
8702203100,336120,336120,True,True,True,both
8702206100,336120,336120,True,True,True,both
8702303100,336120,336120,True,True,True,both
8702306100,336120,336120,True,True,True,both
8702403100,336120,336120,True,True,True,both
8702406100,336120,336120,True,True,True,both
8702903100,336120,336120,True,True,True,both
8702906100,336120,336120,True,True,True,both
8703101000,336999,336999,True,True,True,both
8703105030,336999,336999,True,True,True,both
8703105060,336999,336999,True,True,True,both
8703210110,336999,336999,True,True,True,both
8703210130,336999,336999,True,True,True,both
8703210150,336110,336110,True,True,True,both
8703220110,336110,336110,True,True,True,both
8703220190,336110,336110,True,True,True,both
8703230110,336213,336213,True,True,True,both
8703230120,336110,336110,True,True,True,both
8703230130,336110,336110,True,True,True,both
8703230140,336110,336110,True,True,True,both
8703230160,336110,336110,True,True,True,both
8703230170,336110,336110,True,True,True,both
8703230190,930000,930000,True,True,True,both
8703240110,336110,336110,True,True,True,both
8703240130,336213,336213,True,True,True,both
8703240140,336110,336110,True,True,True,both
8703240150,336110,336110,True,True,True,both
8703240160,336110,336110,True,True,True,both
8703240190,930000,930000,True,True,True,both
8703310100,336110,336110,True,True,True,both
8703320110,336110,336110,True,True,True,both
8703320150,930000,930000,True,True,True,both
8703330110,336110,336110,True,True,True,both
8703330130,336213,336213,True,True,True,both
8703330145,336110,336110,True,True,True,both
8703330185,930000,930000,True,True,True,both
8703400005,336110,336110,True,True,True,both
8703400010,336110,336110,True,True,True,both
8703400015,336213,336213,True,True,True,both
8703400020,336110,336110,True,True,True,both
8703400030,336110,336110,True,True,True,both
8703400040,336110,336110,True,True,True,both
8703400045,930000,930000,True,True,True,both
8703400050,336110,336110,True,True,True,both
8703400055,336213,336213,True,True,True,both
8703400060,336110,336110,True,True,True,both
8703400070,336110,336110,True,True,True,both
8703400080,336110,336110,True,True,True,both
8703400090,930000,930000,True,True,True,both
8703500010,336110,336110,True,True,True,both
8703500030,336110,336110,True,True,True,both
8703500050,930000,930000,True,True,True,both
8703500060,336110,336110,True,True,True,both
8703500065,336213,336213,True,True,True,both
8703500070,336110,336110,True,True,True,both
8703500090,930000,930000,True,True,True,both
8703600005,336110,336110,True,True,True,both
8703600010,336110,336110,True,True,True,both
8703600015,336213,336213,True,True,True,both
8703600020,336110,336110,True,True,True,both
8703600030,336110,336110,True,True,True,both
8703600040,336110,336110,True,True,True,both
8703600045,930000,930000,True,True,True,both
8703600050,336110,336110,True,True,True,both
8703600055,336213,336213,True,True,True,both
8703600060,336110,336110,True,True,True,both
8703600070,336110,336110,True,True,True,both
8703600080,336110,336110,True,True,True,both
8703600090,930000,930000,True,True,True,both
8703700010,336110,336110,True,True,True,both
8703700030,336110,336110,True,True,True,both
8703700050,930000,930000,True,True,True,both
8703700060,336110,336110,True,True,True,both
8703700065,336213,336213,True,True,True,both
8703700070,336110,336110,True,True,True,both
8703700090,930000,930000,True,True,True,both
8703800020,336110,336110,True,True,True,both
8703800045,336110,336110,True,True,True,both
8703800060,336110,336110,True,True,True,both
8703800080,336110,336110,True,True,True,both
8703900100,336110,336110,True,True,True,both
8704101000,333120,333120,True,True,True,both
8704105020,333120,333120,True,True,True,both
8704105030,333120,333120,True,True,True,both
8704105040,333120,333120,True,True,True,both
8704105050,333120,333120,True,True,True,both
8704105060,333120,333120,True,True,True,both
8704210100,336110,336110,True,True,True,both
8704221120,336120,336120,True,True,True,both
8704221140,336120,336120,True,True,True,both
8704221160,336120,336120,True,True,True,both
8704221180,336120,336120,True,True,True,both
8704225120,336120,336120,True,True,True,both
8704225140,336120,336120,True,True,True,both
8704225160,336120,336120,True,True,True,both
8704225180,336120,336120,True,True,True,both
8704230100,333120,333120,True,True,True,both
8704310120,336110,336110,True,True,True,both
8704310140,336110,336110,True,True,True,both
8704320110,336120,336120,True,True,True,both
8704320120,336120,336120,True,True,True,both
8704320130,336120,336120,True,True,True,both
8704320140,336120,336120,True,True,True,both
8704320150,336120,336120,True,True,True,both
8704410000,336120,336120,True,True,True,both
8704420020,336120,336120,True,True,True,both
8704420040,336120,336120,True,True,True,both
8704420060,336120,336120,True,True,True,both
8704420080,336120,336120,True,True,True,both
8704430000,336120,336120,True,True,True,both
8704510020,336120,336120,True,True,True,both
8704510040,336120,336120,True,True,True,both
8704520010,336120,336120,True,True,True,both
8704520020,336120,336120,True,True,True,both
8704520030,336120,336120,True,True,True,both
8704520040,336120,336120,True,True,True,both
8704520050,336120,336120,True,True,True,both
8704600000,336120,336120,True,True,True,both
8704900100,336120,336120,True,True,True,both
8705100010,333924,333924,True,True,True,both
8705100050,333924,333924,True,True,True,both
8705200000,333132,333132,True,True,True,both
8705300000,336120,336120,True,True,True,both
8705400000,336120,336120,True,True,True,both
8705900010,336120,336120,True,True,True,both
8705900020,336120,336120,True,True,True,both
8705900080,336120,336120,True,True,True,both
8706000300,336110,336110,True,True,True,both
8706000520,336120,336120,True,True,True,both
8706000540,336211,336211,True,True,True,both
8706000575,336211,336211,True,True,True,both
8706001520,336110,336110,True,True,True,both
8706001540,336110,336110,True,True,True,both
8706002500,336211,336211,True,True,True,both
8706003000,333111,333111,True,True,True,both
8706005000,333120,333120,True,True,True,both
8707100020,336211,336211,True,True,True,both
8707100040,336110,336110,True,True,True,both
8707901000,333111,333111,True,True,True,both
8707905020,336211,336211,True,True,True,both
8707905040,336211,336211,True,True,True,both
8707905060,336211,336211,True,True,True,both
8707905080,336211,336211,True,True,True,both
8707905090,333120,333120,True,True,True,both
8708103020,336370,336370,True,True,True,both
8708103030,336370,336370,True,True,True,both
8708103040,336370,336370,True,True,True,both
8708103050,336390,336390,True,True,True,both
8708106010,336370,336370,True,True,True,both
8708106050,336390,336390,True,True,True,both
8708210000,336360,336360,True,True,True,both
8708220000,327212,327212,True,True,True,both
8708291500,336390,336390,True,True,True,both
8708292120,336370,336370,True,True,True,both
8708292130,336370,336370,True,True,True,both
8708292140,336370,336370,True,True,True,both
8708292500,336370,336370,True,True,True,both
8708295110,336370,336370,True,True,True,both
8708295125,336214,336214,True,True,True,both
8708295160,336390,336390,True,True,True,both
8708301010,333111,333111,True,True,True,both
8708301090,333111,333111,True,True,True,both
8708305020,336340,336340,True,True,True,both
8708305030,336340,336340,True,True,True,both
8708305040,336340,336340,True,True,True,both
8708305090,336340,336340,True,True,True,both
8708401110,336330,336330,True,True,True,both
8708401150,336330,336330,True,True,True,both
8708403000,333111,333111,True,True,True,both
8708405000,336330,336330,True,True,True,both
8708406000,333111,333111,True,True,True,both
8708406500,333120,333120,True,True,True,both
8708407000,336330,336330,True,True,True,both
8708407570,332XXX,332111,False,True,True,both
8708407580,336330,336330,True,True,True,both
8708501110,333111,333111,True,True,True,both
8708501150,333111,333111,True,True,True,both
8708503110,333120,333120,True,True,True,both
8708503150,333120,333120,True,True,True,both
8708505110,336350,336350,True,True,True,both
8708505150,336350,336350,True,True,True,both
8708506100,336350,336350,True,True,True,both
8708506500,336350,336350,True,True,True,both
8708507000,333111,333111,True,True,True,both
8708507500,333120,333120,True,True,True,both
8708507900,336350,336350,True,True,True,both
8708508100,336350,336350,True,True,True,both
8708508500,336350,336350,True,True,True,both
8708508900,336350,336350,True,True,True,both
8708509110,336350,336350,True,True,True,both
8708509150,336350,336350,True,True,True,both
8708509300,33151X,331511,False,True,True,both
8708509500,336350,336350,True,True,True,both
8708509900,336350,336350,True,True,True,both
8708700500,333111,333111,True,True,True,both
8708701500,333111,333111,True,True,True,both
8708702500,333120,333120,True,True,True,both
8708703500,333120,333120,True,True,True,both
8708704530,336390,336390,True,True,True,both
8708704546,336390,336390,True,True,True,both
8708704548,336390,336390,True,True,True,both
8708704560,336390,336390,True,True,True,both
8708706030,336390,336390,True,True,True,both
8708706045,336360,336360,True,True,True,both
8708706060,336390,336390,True,True,True,both
8708800300,333111,333111,True,True,True,both
8708800500,333111,333111,True,True,True,both
8708801300,336330,336330,True,True,True,both
8708801600,336330,336330,True,True,True,both
8708805100,333111,333111,True,True,True,both
8708805500,333120,333120,True,True,True,both
8708806000,336330,336330,True,True,True,both
8708806510,336330,336330,True,True,True,both
8708806590,336330,336330,True,True,True,both
8708911000,333111,333111,True,True,True,both
8708915000,336390,336390,True,True,True,both
8708916000,333111,333111,True,True,True,both
8708916500,333120,333120,True,True,True,both
8708917000,336390,336390,True,True,True,both
8708917510,336390,336390,True,True,True,both
8708917550,336390,336390,True,True,True,both
8708921000,333111,333111,True,True,True,both
8708925000,336390,336390,True,True,True,both
8708926000,333111,333111,True,True,True,both
8708926500,333120,333120,True,True,True,both
8708927000,336390,336390,True,True,True,both
8708927500,336390,336390,True,True,True,both
8708931500,333111,333111,True,True,True,both
8708933000,333111,333111,True,True,True,both
8708936000,336350,336350,True,True,True,both
8708937500,336350,336350,True,True,True,both
8708941000,333111,333111,True,True,True,both
8708945000,336330,336330,True,True,True,both
8708946000,333111,333111,True,True,True,both
8708946500,333120,333120,True,True,True,both
8708947000,336330,336330,True,True,True,both
8708947510,336330,336330,True,True,True,both
8708947550,336330,336330,True,True,True,both
8708950500,336390,336390,True,True,True,both
8708951000,333111,333111,True,True,True,both
8708951500,333120,333120,True,True,True,both
8708952000,336390,336390,True,True,True,both
8708990300,333111,333111,True,True,True,both
8708990600,333111,333111,True,True,True,both
8708991600,333111,333111,True,True,True,both
8708992300,333111,333111,True,True,True,both
8708992700,333120,333120,True,True,True,both
8708993100,333120,333120,True,True,True,both
8708994100,333120,333120,True,True,True,both
8708994810,333120,333120,True,True,True,both
8708994850,333120,333120,True,True,True,both
8708995300,336390,336390,True,True,True,both
8708995500,336390,336390,True,True,True,both
8708995800,336350,336350,True,True,True,both
8708996805,333111,333111,True,True,True,both
8708996810,336350,336350,True,True,True,both
8708996820,336350,336350,True,True,True,both
8708996890,336350,336350,True,True,True,both
8708998105,336340,336340,True,True,True,both
8708998115,336350,336350,True,True,True,both
8708998130,336214,336214,True,True,True,both
8708998160,336390,336390,True,True,True,both
8708998180,336390,336390,True,True,True,both
8709110030,333924,333924,True,True,True,both
8709110060,333924,333924,True,True,True,both
8709190030,333924,333924,True,True,True,both
8709190060,333924,333924,True,True,True,both
8709900010,333924,333924,True,True,True,both
8709900020,333924,333924,True,True,True,both
8709900090,333924,333924,True,True,True,both
8710000030,336992,336992,True,True,True,both
8710000060,336992,336992,True,True,True,both
8710000090,336992,336992,True,True,True,both
8711100000,336991,336991,True,True,True,both
8711200030,336991,336991,True,True,True,both
8711200060,336991,336991,True,True,True,both
8711200090,336991,336991,True,True,True,both
8711300030,336991,336991,True,True,True,both
8711300060,336991,336991,True,True,True,both
8711300090,336991,336991,True,True,True,both
8711403000,336991,336991,True,True,True,both
8711406030,336991,336991,True,True,True,both
8711406060,336991,336991,True,True,True,both
8711500030,336991,336991,True,True,True,both
8711500060,336991,336991,True,True,True,both
8711600050,336991,336991,True,True,True,both
8711600090,336991,336991,True,True,True,both
8711900100,336991,336991,True,True,True,both
8712001510,336991,336991,True,True,True,both
8712001520,336991,336991,True,True,True,both
8712001550,336991,336991,True,True,True,both
8712002500,336991,336991,True,True,True,both
8712003500,336991,336991,True,True,True,both
8712004400,336991,336991,True,True,True,both
8712004800,336991,336991,True,True,True,both
8712005000,336991,336991,True,True,True,both
8713100000,339113,339113,True,True,True,both
8713900030,339113,339113,True,True,True,both
8713900060,339113,339113,True,True,True,both
8714100010,336991,336991,True,True,True,both
8714100020,336991,336991,True,True,True,both
8714100050,336991,336991,True,True,True,both
8714200000,339113,339113,True,True,True,both
8714912000,336991,336991,True,True,True,both
8714913000,336991,336991,True,True,True,both
8714915000,336991,336991,True,True,True,both
8714919000,336991,336991,True,True,True,both
8714921000,336991,336991,True,True,True,both
8714925000,336991,336991,True,True,True,both
8714930500,336991,336991,True,True,True,both
8714931500,336991,336991,True,True,True,both
8714932400,336991,336991,True,True,True,both
8714932800,336991,336991,True,True,True,both
8714933500,336991,336991,True,True,True,both
8714937030,336991,336991,True,True,True,both
8714937060,336991,336991,True,True,True,both
8714943020,336991,336991,True,True,True,both
8714943040,336991,336991,True,True,True,both
8714943050,336991,336991,True,True,True,both
8714943060,336991,336991,True,True,True,both
8714943080,336991,336991,True,True,True,both
8714949000,336991,336991,True,True,True,both
8714950000,336991,336991,True,True,True,both
8714961000,336991,336991,True,True,True,both
8714965000,336991,336991,True,True,True,both
8714969000,336991,336991,True,True,True,both
8714991000,336991,336991,True,True,True,both
8714995000,336991,336991,True,True,True,both
8714996000,336991,336991,True,True,True,both
8714998000,336991,336991,True,True,True,both
8715000020,339930,339930,True,True,True,both
8715000040,339930,339930,True,True,True,both
8716100030,336214,336214,True,True,True,both
8716100075,321991,321991,True,True,True,both
8716200000,336212,336212,True,True,True,both
8716310000,336212,336212,True,True,True,both
8716390010,336212,336212,True,True,True,both
8716390020,336212,336212,True,True,True,both
8716390030,336214,336214,True,True,True,both
8716390040,336212,336212,True,True,True,both
8716390050,336212,336212,True,True,True,both
8716390090,336212,336212,True,True,True,both
8716400000,336212,336212,True,True,True,both
8716801000,333111,333111,True,True,True,both
8716805010,333924,333924,True,True,True,both
8716805020,336390,336390,True,True,True,both
8716805090,336999,336999,True,True,True,both
8716901010,333111,333111,True,True,True,both
8716901020,333111,333111,True,True,True,both
8716901090,333111,333111,True,True,True,both
8716903000,332XXX,332510,False,True,True,both
8716905010,336214,336214,True,True,True,both
8716905035,336390,336390,True,True,True,both
8716905046,336390,336390,True,True,True,both
8716905047,336390,336390,True,True,True,both
8716905048,336390,336390,True,True,True,both
8716905056,336214,336214,True,True,True,both
8716905059,336214,336214,True,True,True,both
8716905060,336214,336214,True,True,True,both
8801000010,336411,336411,True,True,True,both
8801000020,336411,336411,True,True,True,both
8801000050,336411,336411,True,True,True,both
8802110115,336411,336411,True,True,True,both
8802110130,336411,336411,True,True,True,both
8802110145,336411,336411,True,True,True,both
8802110160,336411,336411,True,True,True,both
8802110190,336411,336411,True,True,True,both
8802120120,336411,336411,True,True,True,both
8802120140,336411,336411,True,True,True,both
8802120160,336411,336411,True,True,True,both
8802120180,336411,336411,True,True,True,both
8802200115,336411,336411,True,True,True,both
8802200120,336411,336411,True,True,True,both
8802200130,336411,336411,True,True,True,both
8802200140,336411,336411,True,True,True,both
8802200150,336411,336411,True,True,True,both
8802200160,336411,336411,True,True,True,both
8802200170,336411,336411,True,True,True,both
8802200180,336411,336411,True,True,True,both
8802300110,336411,336411,True,True,True,both
8802300120,336411,336411,True,True,True,both
8802300130,336411,336411,True,True,True,both
8802300140,336411,336411,True,True,True,both
8802300150,336411,336411,True,True,True,both
8802300160,336411,336411,True,True,True,both
8802300170,336411,336411,True,True,True,both
8802300180,336411,336411,True,True,True,both
8802400115,336411,336411,True,True,True,both
8802400120,336411,336411,True,True,True,both
8802400130,336411,336411,True,True,True,both
8802400140,336411,336411,True,True,True,both
8802400160,336411,336411,True,True,True,both
8802400170,336411,336411,True,True,True,both
8802400180,336411,336411,True,True,True,both
8802400190,336411,336411,True,True,True,both
8802603000,334220,334220,True,True,True,both
8802609020,336414,336414,True,True,True,both
8802609040,336414,336414,True,True,True,both
8804000000,314999,314999,True,True,True,both
8805100000,336413,336413,True,True,True,both
8805210000,333310,333310,True,True,True,both
8805290000,333310,333310,True,True,True,both
8806100000,336411,336411,True,True,True,both
8806210000,336411,336411,True,True,True,both
8806220000,336411,336411,True,True,True,both
8806230000,336411,336411,True,True,True,both
8806240000,336411,336411,True,True,True,both
8806290000,336411,336411,True,True,True,both
8806910000,336411,336411,True,True,True,both
8806920000,336411,336411,True,True,True,both
8806930000,336411,336411,True,True,True,both
8806940000,336411,336411,True,True,True,both
8806990000,336411,336411,True,True,True,both
8807100015,336413,336413,True,True,True,both
8807100030,336413,336413,True,True,True,both
8807100060,336413,336413,True,True,True,both
8807200015,336413,336413,True,True,True,both
8807200030,336413,336413,True,True,True,both
8807200060,336413,336413,True,True,True,both
8807300015,336413,336413,True,True,True,both
8807300030,336413,336413,True,True,True,both
8807300060,336413,336413,True,True,True,both
8807903000,334220,334220,True,True,True,both
8807909015,336413,336413,True,True,True,both
8807909030,336413,336413,True,True,True,both
8807909060,336419,336419,True,True,True,both
8901100000,336611,336611,True,True,True,both
8901200000,336611,336611,True,True,True,both
8901300000,336611,336611,True,True,True,both
8901900000,336611,336611,True,True,True,both
8902000000,336611,336611,True,True,True,both
8903110015,336612,336612,True,True,True,both
8903110020,326299,326299,True,True,True,both
8903110060,326299,326299,True,True,True,both
8903120015,336612,336612,True,True,True,both
8903120020,326299,326299,True,True,True,both
8903120060,326299,326299,True,True,True,both
8903190000,326299,326299,True,True,True,both
8903210010,336612,336612,True,True,True,both
8903210030,336612,336612,True,True,True,both
8903210035,336612,336612,True,True,True,both
8903210040,336612,336612,True,True,True,both
8903220015,336612,336612,True,True,True,both
8903220020,336612,336612,True,True,True,both
8903220025,336612,336612,True,True,True,both
8903220060,336612,336612,True,True,True,both
8903230015,336612,336612,True,True,True,both
8903230020,336612,336612,True,True,True,both
8903310015,336612,336612,True,True,True,both
8903310020,336612,336612,True,True,True,both
8903310025,336612,336612,True,True,True,both
8903320015,336612,336612,True,True,True,both
8903320020,336612,336612,True,True,True,both
8903320025,336612,336612,True,True,True,both
8903330015,336612,336612,True,True,True,both
8903330020,336612,336612,True,True,True,both
8903330025,336612,336612,True,True,True,both
8903930500,336612,336612,True,True,True,both
8903931500,336612,336612,True,True,True,both
8903932015,336612,336612,True,True,True,both
8903932030,336612,336612,True,True,True,both
8903932045,336612,336612,True,True,True,both
8903932060,336612,336612,True,True,True,both
8903932075,336612,336612,True,True,True,both
8903939000,336611,336611,True,True,True,both
8903990600,336612,336612,True,True,True,both
8903991600,336612,336612,True,True,True,both
8903992110,336612,336612,True,True,True,both
8903992120,336612,336612,True,True,True,both
8903992190,336612,336612,True,True,True,both
8903999100,336611,336611,True,True,True,both
8904000000,336611,336611,True,True,True,both
8905100000,336611,336611,True,True,True,both
8905200000,336611,336611,True,True,True,both
8905901000,336611,336611,True,True,True,both
8905905000,336611,336611,True,True,True,both
8906100000,336611,336611,True,True,True,both
8906900010,336611,336611,True,True,True,both
8906900090,336611,336611,True,True,True,both
8907100000,326299,326299,True,True,True,both
8907900030,332XXX,332313,False,True,True,both
8907900060,332XXX,332420,False,True,True,both
8907900090,336611,336611,True,True,True,both
8908000000,910000,910000,True,True,True,both
9001100030,327215,327215,True,True,True,both
9001100050,327215,327215,True,True,True,both
9001100070,327215,327215,True,True,True,both
9001100075,327215,327215,True,True,True,both
9001100085,327215,327215,True,True,True,both
9001200000,339114,339114,True,True,True,both
9001300000,339115,339115,True,True,True,both
9001400000,339115,339115,True,True,True,both
9001500000,339115,339115,True,True,True,both
9001904000,333310,333310,True,True,True,both
9001905000,333310,333310,True,True,True,both
9001906000,333310,333310,True,True,True,both
9001908000,333310,333310,True,True,True,both
9001909000,333310,333310,True,True,True,both
9002114000,333310,333310,True,True,True,both
9002116000,333310,333310,True,True,True,both
9002119000,333310,333310,True,True,True,both
9002190000,333310,333310,True,True,True,both
9002204000,333310,333310,True,True,True,both
9002208000,333310,333310,True,True,True,both
9002902000,333310,333310,True,True,True,both
9002904000,333310,333310,True,True,True,both
9002907000,333310,333310,True,True,True,both
9002908500,333310,333310,True,True,True,both
9002909500,333310,333310,True,True,True,both
9003110000,339115,339115,True,True,True,both
9003190000,339115,339115,True,True,True,both
9003900000,339115,339115,True,True,True,both
9004100000,339115,339115,True,True,True,both
9004900010,339115,339115,True,True,True,both
9004900090,339115,339115,True,True,True,both
9005100020,333310,333310,True,True,True,both
9005100040,333310,333310,True,True,True,both
9005100080,333310,333310,True,True,True,both
9005804020,333310,333310,True,True,True,both
9005804040,333310,333310,True,True,True,both
9005806000,333310,333310,True,True,True,both
9005904000,333310,333310,True,True,True,both
9005908001,333310,333310,True,True,True,both
9006300000,333310,333310,True,True,True,both
9006404000,333310,333310,True,True,True,both
9006406000,333310,333310,True,True,True,both
9006409000,333310,333310,True,True,True,both
9006530205,333310,333310,True,True,True,both
9006530210,333310,333310,True,True,True,both
9006530220,333310,333310,True,True,True,both
9006530250,333310,333310,True,True,True,both
9006530270,333310,333310,True,True,True,both
9006590160,333310,333310,True,True,True,both
9006590190,333310,333310,True,True,True,both
9006590520,333310,333310,True,True,True,both
9006590540,333310,333310,True,True,True,both
9006590800,333310,333310,True,True,True,both
9006591000,333310,333310,True,True,True,both
9006591200,333310,333310,True,True,True,both
9006591520,333310,333310,True,True,True,both
9006591540,333310,333310,True,True,True,both
9006591560,333310,333310,True,True,True,both
9006591580,333310,333310,True,True,True,both
9006592000,333310,333310,True,True,True,both
9006594040,333310,333310,True,True,True,both
9006594060,333310,333310,True,True,True,both
9006596000,333310,333310,True,True,True,both
9006599100,333310,333310,True,True,True,both
9006610020,333310,333310,True,True,True,both
9006610040,333310,333310,True,True,True,both
9006610060,333310,333310,True,True,True,both
9006690110,335139,335139,True,True,True,both
9006690150,333310,333310,True,True,True,both
9006910001,333310,333310,True,True,True,both
9006990000,333310,333310,True,True,True,both
9007100000,333310,333310,True,True,True,both
9007202000,333310,333310,True,True,True,both
9007204000,333310,333310,True,True,True,both
9007206040,333310,333310,True,True,True,both
9007206080,333310,333310,True,True,True,both
9007208000,333310,333310,True,True,True,both
9007914000,333310,333310,True,True,True,both
9007918001,333310,333310,True,True,True,both
9007920000,333310,333310,True,True,True,both
9008501000,333310,333310,True,True,True,both
9008502000,333310,333310,True,True,True,both
9008503000,333310,333310,True,True,True,both
9008504000,333310,333310,True,True,True,both
9008505000,333310,333310,True,True,True,both
9008904000,333310,333310,True,True,True,both
9008908000,333310,333310,True,True,True,both
9010100000,333310,333310,True,True,True,both
9010501000,333310,333310,True,True,True,both
9010502000,333310,333310,True,True,True,both
9010503000,333310,333310,True,True,True,both
9010504000,333310,333310,True,True,True,both
9010505000,333310,333310,True,True,True,both
9010506000,333310,333310,True,True,True,both
9010600000,333310,333310,True,True,True,both
9010908500,333310,333310,True,True,True,both
9010909500,333310,333310,True,True,True,both
9011104000,333310,333310,True,True,True,both
9011108000,333310,333310,True,True,True,both
9011204000,333310,333310,True,True,True,both
9011208000,333310,333310,True,True,True,both
9011800000,333310,333310,True,True,True,both
9011900000,333310,333310,True,True,True,both
9012100000,334516,334516,True,True,True,both
9012900000,334516,334516,True,True,True,both
9013101000,333310,333310,True,True,True,both
9013103000,333310,333310,True,True,True,both
9013104500,333310,333310,True,True,True,both
9013105000,333310,333310,True,True,True,both
9013200000,335999,335999,True,True,True,both
9013802000,333310,333310,True,True,True,both
9013804000,332XXX,332510,False,True,True,both
9013809100,333310,333310,True,True,True,both
9013902000,333310,333310,True,True,True,both
9013907000,333310,333310,True,True,True,both
9013908000,333310,333310,True,True,True,both
9014101000,334511,334511,True,True,True,both
9014106000,334511,334511,True,True,True,both
9014107030,334511,334511,True,True,True,both
9014107060,334511,334511,True,True,True,both
9014109000,334511,334511,True,True,True,both
9014202000,334511,334511,True,True,True,both
9014204000,334511,334511,True,True,True,both
9014206000,334511,334511,True,True,True,both
9014208040,334511,334511,True,True,True,both
9014208080,334511,334511,True,True,True,both
9014801000,334511,334511,True,True,True,both
9014802000,334511,334511,True,True,True,both
9014804000,334511,334511,True,True,True,both
9014805000,334511,334511,True,True,True,both
9014901000,334511,334511,True,True,True,both
9014902040,334511,334511,True,True,True,both
9014902080,334511,334511,True,True,True,both
9014904000,334511,334511,True,True,True,both
9014906000,334511,334511,True,True,True,both
9015104000,334519,334519,True,True,True,both
9015108000,334519,334519,True,True,True,both
9015204000,334519,334519,True,True,True,both
9015208000,334519,334519,True,True,True,both
9015304000,334519,334519,True,True,True,both
9015308000,334519,334519,True,True,True,both
9015404000,334519,334519,True,True,True,both
9015408000,334519,334519,True,True,True,both
9015802000,334519,334519,True,True,True,both
9015806000,334519,334519,True,True,True,both
9015808040,334519,334519,True,True,True,both
9015808080,334519,334519,True,True,True,both
9015900110,334519,334519,True,True,True,both
9015900120,334519,334519,True,True,True,both
9015900130,334519,334519,True,True,True,both
9015900140,334519,334519,True,True,True,both
9015900150,334519,334519,True,True,True,both
9015900160,334519,334519,True,True,True,both
9015900190,334519,334519,True,True,True,both
9016002000,333998,333998,True,True,True,both
9016004000,333998,333998,True,True,True,both
9016006000,333998,333998,True,True,True,both
9017104000,334118,334118,True,True,True,both
9017108000,334519,334519,True,True,True,both
9017204000,334519,334519,True,True,True,both
9017207000,334519,334519,True,True,True,both
9017208040,334118,334118,True,True,True,both
9017208080,334519,334519,True,True,True,both
9017304000,332XXX,332216,False,True,True,both
9017308000,332XXX,332216,False,True,True,both
9017800000,332XXX,332216,False,True,True,both
9017900105,334118,334118,True,True,True,both
9017900115,334519,334519,True,True,True,both
9017900120,334519,334519,True,True,True,both
9017900132,334519,334519,True,True,True,both
9017900136,334519,334519,True,True,True,both
9017900140,332XXX,332216,False,True,True,both
9017900150,332XXX,332216,False,True,True,both
9017900160,332XXX,332216,False,True,True,both
9018113000,334510,334510,True,True,True,both
9018116000,334418,334418,True,True,True,both
9018119000,334510,334510,True,True,True,both
9018120000,334510,334510,True,True,True,both
9018130000,334510,334510,True,True,True,both
9018140000,334517,334517,True,True,True,both
9018194000,334510,334510,True,True,True,both
9018195500,334510,334510,True,True,True,both
9018197500,334418,334418,True,True,True,both
9018199530,334510,334510,True,True,True,both
9018199535,334510,334510,True,True,True,both
9018199550,334510,334510,True,True,True,both
9018199560,334510,334510,True,True,True,both
9018200040,334510,334510,True,True,True,both
9018200080,334510,334510,True,True,True,both
9018310040,339112,339112,True,True,True,both
9018310080,339112,339112,True,True,True,both
9018310090,339112,339112,True,True,True,both
9018320000,339112,339112,True,True,True,both
9018390020,339112,339112,True,True,True,both
9018390040,339112,339112,True,True,True,both
9018390050,339112,339112,True,True,True,both
9018410000,339114,339114,True,True,True,both
9018494000,339114,339114,True,True,True,both
9018498040,339114,339114,True,True,True,both
9018498080,339114,339114,True,True,True,both
9018500000,339115,339115,True,True,True,both
9018901000,339112,339112,True,True,True,both
9018902000,339112,339112,True,True,True,both
9018903000,339112,339112,True,True,True,both
9018904000,339112,339112,True,True,True,both
9018905040,339112,339112,True,True,True,both
9018905080,339112,339112,True,True,True,both
9018906000,334510,334510,True,True,True,both
9018906400,334510,334510,True,True,True,both
9018906800,334418,334418,True,True,True,both
9018907520,334510,334510,True,True,True,both
9018907540,334510,334510,True,True,True,both
9018907560,334510,334510,True,True,True,both
9018907570,334510,334510,True,True,True,both
9018907580,334510,334510,True,True,True,both
9018908000,339112,339112,True,True,True,both
9019102010,339112,339112,True,True,True,both
9019102020,335210,335210,True,True,True,both
9019102030,335210,335210,True,True,True,both
9019102035,335210,335210,True,True,True,both
9019102045,335210,335210,True,True,True,both
9019102050,339999,339999,True,True,True,both
9019102090,335210,335210,True,True,True,both
9019104000,335999,335999,True,True,True,both
9019106000,335999,335999,True,True,True,both
9019200000,339113,339113,True,True,True,both
9020004000,339920,339920,True,True,True,both
9020006000,339113,339113,True,True,True,both
9020009000,339113,339113,True,True,True,both
9021100050,339112,339112,True,True,True,both
9021100090,339113,339113,True,True,True,both
9021214000,339116,339116,True,True,True,both
9021218000,339116,339116,True,True,True,both
9021294000,339116,339116,True,True,True,both
9021298000,339116,339116,True,True,True,both
9021310000,339113,339113,True,True,True,both
9021390000,339113,339113,True,True,True,both
9021400000,334510,334510,True,True,True,both
9021500000,334510,334510,True,True,True,both
9021904040,334510,334510,True,True,True,both
9021904080,334510,334510,True,True,True,both
9021908100,339113,339113,True,True,True,both
9022120000,334517,334517,True,True,True,both
9022130000,334517,334517,True,True,True,both
9022140000,334517,334517,True,True,True,both
9022190000,334517,334517,True,True,True,both
9022210000,334517,334517,True,True,True,both
9022294000,334290,334290,True,True,True,both
9022298000,334517,334517,True,True,True,both
9022300000,334517,334517,True,True,True,both
9022900500,334517,334517,True,True,True,both
9022901500,334517,334517,True,True,True,both
9022902500,334517,334517,True,True,True,both
9022904000,334517,334517,True,True,True,both
9022906000,334517,334517,True,True,True,both
9022907000,334290,334290,True,True,True,both
9022909500,334517,334517,True,True,True,both
9023000000,339999,339999,True,True,True,both
9024100000,334519,334519,True,True,True,both
9024800000,334519,334519,True,True,True,both
9024900040,334519,334519,True,True,True,both
9024900080,334519,334519,True,True,True,both
9025112000,339112,339112,True,True,True,both
9025114000,334519,334519,True,True,True,both
9025194000,334513,334513,True,True,True,both
9025198010,339112,339112,True,True,True,both
9025198020,339112,339112,True,True,True,both
9025198060,334513,334513,True,True,True,both
9025198085,334513,334513,True,True,True,both
9025801000,334519,334519,True,True,True,both
9025801500,334519,334519,True,True,True,both
9025802000,334519,334519,True,True,True,both
9025803500,334519,334519,True,True,True,both
9025804000,334519,334519,True,True,True,both
9025805000,334519,334519,True,True,True,both
9025900600,334519,334519,True,True,True,both
9026102040,334513,334513,True,True,True,both
9026102080,334513,334513,True,True,True,both
9026104000,334513,334513,True,True,True,both
9026106000,334513,334513,True,True,True,both
9026204000,334513,334513,True,True,True,both
9026208000,334513,334513,True,True,True,both
9026802000,334513,334513,True,True,True,both
9026804000,334513,334513,True,True,True,both
9026806000,334513,334513,True,True,True,both
9026902000,334513,334513,True,True,True,both
9026904000,334513,334513,True,True,True,both
9026906000,334513,334513,True,True,True,both
9027102000,334516,334516,True,True,True,both
9027104000,334516,334516,True,True,True,both
9027106000,334516,334516,True,True,True,both
9027205030,334516,334516,True,True,True,both
9027205050,334516,334516,True,True,True,both
9027205060,334516,334516,True,True,True,both
9027205080,334516,334516,True,True,True,both
9027208030,334516,334516,True,True,True,both
9027208060,334516,334516,True,True,True,both
9027208090,334516,334516,True,True,True,both
9027304040,334516,334516,True,True,True,both
9027304080,334516,334516,True,True,True,both
9027308020,334516,334516,True,True,True,both
9027308080,334516,334516,True,True,True,both
9027501000,333310,333310,True,True,True,both
9027504015,334516,334516,True,True,True,both
9027504020,334516,334516,True,True,True,both
9027504050,334516,334516,True,True,True,both
9027504060,334516,334516,True,True,True,both
9027508015,334516,334516,True,True,True,both
9027508020,334516,334516,True,True,True,both
9027508060,334516,334516,True,True,True,both
9027810000,334516,334516,True,True,True,both
9027892500,334510,334510,True,True,True,both
9027894530,334516,334516,True,True,True,both
9027894560,334516,334516,True,True,True,both
9027894590,334516,334516,True,True,True,both
9027898030,334516,334516,True,True,True,both
9027898060,334516,334516,True,True,True,both
9027898090,334516,334516,True,True,True,both
9027902000,334519,334519,True,True,True,both
9027904500,334418,334418,True,True,True,both
9027905400,334516,334516,True,True,True,both
9027905625,334516,334516,True,True,True,both
9027905630,334516,334516,True,True,True,both
9027905640,333310,333310,True,True,True,both
9027905650,334516,334516,True,True,True,both
9027905695,334516,334516,True,True,True,both
9027905910,334516,334516,True,True,True,both
9027905995,334516,334516,True,True,True,both
9027906400,334516,334516,True,True,True,both
9027906800,334516,334516,True,True,True,both
9027908400,334516,334516,True,True,True,both
9027908800,334516,334516,True,True,True,both
9028100000,334514,334514,True,True,True,both
9028200000,334514,334514,True,True,True,both
9028300000,334515,334515,True,True,True,both
9028900040,334515,334515,True,True,True,both
9028900080,334514,334514,True,True,True,both
9029104000,334514,334514,True,True,True,both
9029108000,334514,334514,True,True,True,both
9029202000,334514,334514,True,True,True,both
9029204040,334511,334511,True,True,True,both
9029204080,334514,334514,True,True,True,both
9029206000,334515,334515,True,True,True,both
9029902000,334514,334514,True,True,True,both
9029904000,334514,334514,True,True,True,both
9029906000,334515,334515,True,True,True,both
9029908040,334514,334514,True,True,True,both
9029908080,334514,334514,True,True,True,both
9030100000,334519,334519,True,True,True,both
9030200500,334515,334515,True,True,True,both
9030201000,334515,334515,True,True,True,both
9030310000,334515,334515,True,True,True,both
9030320000,334515,334515,True,True,True,both
9030333400,334515,334515,True,True,True,both
9030333800,334515,334515,True,True,True,both
9030390100,334515,334515,True,True,True,both
9030400000,334515,334515,True,True,True,both
9030820000,334515,334515,True,True,True,both
9030840000,334515,334515,True,True,True,both
9030890100,334515,334515,True,True,True,both
9030902500,334418,334418,True,True,True,both
9030904600,334519,334519,True,True,True,both
9030906600,334418,334418,True,True,True,both
9030906800,334418,334418,True,True,True,both
9030908400,334515,334515,True,True,True,both
9030908911,334515,334515,True,True,True,both
9030908921,334515,334515,True,True,True,both
9030908922,334515,334515,True,True,True,both
9030908923,334515,334515,True,True,True,both
9030908931,334515,334515,True,True,True,both
9030908940,334515,334515,True,True,True,both
9030908956,334515,334515,True,True,True,both
9030908961,334515,334515,True,True,True,both
9031100000,333998,333998,True,True,True,both
9031200000,337127,337127,True,True,True,both
9031410020,333310,333310,True,True,True,both
9031410040,333310,333310,True,True,True,both
9031410060,333310,333310,True,True,True,both
9031491000,333310,333310,True,True,True,both
9031494000,332XXX,332216,False,True,True,both
9031497000,333310,333310,True,True,True,both
9031499000,333310,333310,True,True,True,both
9031804000,334516,334516,True,True,True,both
9031808060,334515,334515,True,True,True,both
9031808070,334515,334515,True,True,True,both
9031808085,334515,334515,True,True,True,both
9031902100,333310,333310,True,True,True,both
9031904500,333310,333310,True,True,True,both
9031905400,334515,334515,True,True,True,both
9031905900,333310,333310,True,True,True,both
9031907000,334516,334516,True,True,True,both
9031909130,333998,333998,True,True,True,both
9031909160,334515,334515,True,True,True,both
9031909195,334515,334515,True,True,True,both
9032100030,334512,334512,True,True,True,both
9032100060,334512,334512,True,True,True,both
9032100090,334512,334512,True,True,True,both
9032200000,334512,334512,True,True,True,both
9032810020,334513,334513,True,True,True,both
9032810060,334513,334513,True,True,True,both
9032810080,334513,334513,True,True,True,both
9032892000,336320,336320,True,True,True,both
9032894000,335311,335311,True,True,True,both
9032896015,334512,334512,True,True,True,both
9032896025,334512,334512,True,True,True,both
9032896030,334513,334513,True,True,True,both
9032896040,334513,334513,True,True,True,both
9032896050,334513,334513,True,True,True,both
9032896060,334513,334513,True,True,True,both
9032896070,334513,334513,True,True,True,both
9032896075,334513,334513,True,True,True,both
9032896085,334513,334513,True,True,True,both
9032902100,336320,336320,True,True,True,both
9032904100,335311,335311,True,True,True,both
9032906120,334512,334512,True,True,True,both
9032906140,334512,334512,True,True,True,both
9032906160,334513,334513,True,True,True,both
9032906180,334513,334513,True,True,True,both
9033002000,334513,334513,True,True,True,both
9033003000,334513,334513,True,True,True,both
9033009000,334513,334513,True,True,True,both
9101114010,334519,334519,True,True,True,both
9101114020,334519,334519,True,True,True,both
9101114030,334519,334519,True,True,True,both
9101114040,335910,335910,True,True,True,both
9101118010,334519,334519,True,True,True,both
9101118020,334519,334519,True,True,True,both
9101118030,334519,334519,True,True,True,both
9101118040,335910,335910,True,True,True,both
9101192020,334519,334519,True,True,True,both
9101192040,334519,334519,True,True,True,both
9101192080,334519,334519,True,True,True,both
9101194010,334519,334519,True,True,True,both
9101194020,334519,334519,True,True,True,both
9101194030,334519,334519,True,True,True,both
9101194040,335910,335910,True,True,True,both
9101198010,334519,334519,True,True,True,both
9101198020,334519,334519,True,True,True,both
9101198030,334519,334519,True,True,True,both
9101198040,335910,335910,True,True,True,both
9101211000,334519,334519,True,True,True,both
9101213000,334519,334519,True,True,True,both
9101215010,334519,334519,True,True,True,both
9101215020,334519,334519,True,True,True,both
9101218010,334519,334519,True,True,True,both
9101218020,334519,334519,True,True,True,both
9101218030,334519,334519,True,True,True,both
9101291010,334519,334519,True,True,True,both
9101291020,334519,334519,True,True,True,both
9101291030,334519,334519,True,True,True,both
9101292010,334519,334519,True,True,True,both
9101292020,334519,334519,True,True,True,both
9101292030,334519,334519,True,True,True,both
9101293010,334519,334519,True,True,True,both
9101293020,334519,334519,True,True,True,both
9101293030,334519,334519,True,True,True,both
9101294010,334519,334519,True,True,True,both
9101294020,334519,334519,True,True,True,both
9101294030,334519,334519,True,True,True,both
9101295010,334519,334519,True,True,True,both
9101295020,334519,334519,True,True,True,both
9101295030,334519,334519,True,True,True,both
9101297000,334519,334519,True,True,True,both
9101298000,334519,334519,True,True,True,both
9101299010,334519,334519,True,True,True,both
9101299020,334519,334519,True,True,True,both
9101912000,334519,334519,True,True,True,both
9101914010,334519,334519,True,True,True,both
9101914020,334519,334519,True,True,True,both
9101914030,335910,335910,True,True,True,both
9101918010,334519,334519,True,True,True,both
9101918020,334519,334519,True,True,True,both
9101918030,335910,335910,True,True,True,both
9101992010,334519,334519,True,True,True,both
9101992020,334519,334519,True,True,True,both
9101994010,334519,334519,True,True,True,both
9101994020,334519,334519,True,True,True,both
9101996010,334519,334519,True,True,True,both
9101996020,334519,334519,True,True,True,both
9101998010,334519,334519,True,True,True,both
9101998020,334519,334519,True,True,True,both
9102111010,334519,334519,True,True,True,both
9102111020,334519,334519,True,True,True,both
9102111030,334519,334519,True,True,True,both
9102111040,335910,335910,True,True,True,both
9102112510,334519,334519,True,True,True,both
9102112520,334519,334519,True,True,True,both
9102112530,334519,334519,True,True,True,both
9102112540,335910,335910,True,True,True,both
9102113010,334519,334519,True,True,True,both
9102113020,334519,334519,True,True,True,both
9102113030,334519,334519,True,True,True,both
9102113040,335910,335910,True,True,True,both
9102114510,334519,334519,True,True,True,both
9102114520,334519,334519,True,True,True,both
9102114530,334519,334519,True,True,True,both
9102114540,335910,335910,True,True,True,both
9102115010,334519,334519,True,True,True,both
9102115020,334519,334519,True,True,True,both
9102115030,334519,334519,True,True,True,both
9102115040,335910,335910,True,True,True,both
9102116510,334519,334519,True,True,True,both
9102116520,334519,334519,True,True,True,both
9102116530,334519,334519,True,True,True,both
9102116540,335910,335910,True,True,True,both
9102117010,334519,334519,True,True,True,both
9102117020,334519,334519,True,True,True,both
9102117030,334519,334519,True,True,True,both
9102117040,335910,335910,True,True,True,both
9102119510,334519,334519,True,True,True,both
9102119520,334519,334519,True,True,True,both
9102119530,334519,334519,True,True,True,both
9102119540,335910,335910,True,True,True,both
9102122000,334519,334519,True,True,True,both
9102124000,334519,334519,True,True,True,both
9102128000,334519,334519,True,True,True,both
9102192010,334519,334519,True,True,True,both
9102192020,334519,334519,True,True,True,both
9102192030,334519,334519,True,True,True,both
9102192040,335910,335910,True,True,True,both
9102194010,334519,334519,True,True,True,both
9102194020,334519,334519,True,True,True,both
9102194030,334519,334519,True,True,True,both
9102194040,335910,335910,True,True,True,both
9102196010,334519,334519,True,True,True,both
9102196020,334519,334519,True,True,True,both
9102196030,334519,334519,True,True,True,both
9102196040,335910,335910,True,True,True,both
9102198010,334519,334519,True,True,True,both
9102198020,334519,334519,True,True,True,both
9102198030,334519,334519,True,True,True,both
9102198040,335910,335910,True,True,True,both
9102211010,334519,334519,True,True,True,both
9102211020,334519,334519,True,True,True,both
9102211030,334519,334519,True,True,True,both
9102212510,334519,334519,True,True,True,both
9102212520,334519,334519,True,True,True,both
9102212530,334519,334519,True,True,True,both
9102213010,334519,334519,True,True,True,both
9102213020,334519,334519,True,True,True,both
9102213030,334519,334519,True,True,True,both
9102215010,334519,334519,True,True,True,both
9102215020,334519,334519,True,True,True,both
9102215030,334519,334519,True,True,True,both
9102217010,334519,334519,True,True,True,both
9102217020,334519,334519,True,True,True,both
9102217030,334519,334519,True,True,True,both
9102219010,334519,334519,True,True,True,both
9102219020,334519,334519,True,True,True,both
9102219030,334519,334519,True,True,True,both
9102290200,334519,334519,True,True,True,both
9102290410,334519,334519,True,True,True,both
9102290420,334519,334519,True,True,True,both
9102291010,334519,334519,True,True,True,both
9102291020,334519,334519,True,True,True,both
9102291030,334519,334519,True,True,True,both
9102291510,334519,334519,True,True,True,both
9102291520,334519,334519,True,True,True,both
9102291530,334519,334519,True,True,True,both
9102292010,334519,334519,True,True,True,both
9102292020,334519,334519,True,True,True,both
9102292030,334519,334519,True,True,True,both
9102292510,334519,334519,True,True,True,both
9102292520,334519,334519,True,True,True,both
9102292530,334519,334519,True,True,True,both
9102293010,334519,334519,True,True,True,both
9102293020,334519,334519,True,True,True,both
9102293030,334519,334519,True,True,True,both
9102293510,334519,334519,True,True,True,both
9102293520,334519,334519,True,True,True,both
9102293530,334519,334519,True,True,True,both
9102294010,334519,334519,True,True,True,both
9102294020,334519,334519,True,True,True,both
9102294030,334519,334519,True,True,True,both
9102294510,334519,334519,True,True,True,both
9102294520,334519,334519,True,True,True,both
9102294530,334519,334519,True,True,True,both
9102295010,334519,334519,True,True,True,both
9102295020,334519,334519,True,True,True,both
9102295030,334519,334519,True,True,True,both
9102295510,334519,334519,True,True,True,both
9102295520,334519,334519,True,True,True,both
9102295530,334519,334519,True,True,True,both
9102296010,334519,334519,True,True,True,both
9102296020,334519,334519,True,True,True,both
9102296030,334519,334519,True,True,True,both
9102912010,334519,334519,True,True,True,both
9102912020,335910,335910,True,True,True,both
9102914010,334519,334519,True,True,True,both
9102914020,334519,334519,True,True,True,both
9102914030,335910,335910,True,True,True,both
9102918010,334519,334519,True,True,True,both
9102918020,334519,334519,True,True,True,both
9102918030,335910,335910,True,True,True,both
9102992010,334519,334519,True,True,True,both
9102992020,334519,334519,True,True,True,both
9102994010,334519,334519,True,True,True,both
9102994020,334519,334519,True,True,True,both
9102996010,334519,334519,True,True,True,both
9102996020,334519,334519,True,True,True,both
9102998010,334519,334519,True,True,True,both
9102998020,334519,334519,True,True,True,both
9103102010,334519,334519,True,True,True,both
9103102020,335910,335910,True,True,True,both
9103102030,334519,334519,True,True,True,both
9103102040,335910,335910,True,True,True,both
9103104010,334519,334519,True,True,True,both
9103104020,334519,334519,True,True,True,both
9103104030,335910,335910,True,True,True,both
9103104040,334519,334519,True,True,True,both
9103104050,334519,334519,True,True,True,both
9103104060,335910,335910,True,True,True,both
9103108010,334519,334519,True,True,True,both
9103108020,334519,334519,True,True,True,both
9103108030,335910,335910,True,True,True,both
9103108040,334519,334519,True,True,True,both
9103108050,334519,334519,True,True,True,both
9103108060,335910,335910,True,True,True,both
9103900010,334519,334519,True,True,True,both
9103900020,334519,334519,True,True,True,both
9103900030,334519,334519,True,True,True,both
9103900040,334519,334519,True,True,True,both
9104000510,334519,334519,True,True,True,both
9104000520,335910,335910,True,True,True,both
9104001010,334519,334519,True,True,True,both
9104001020,335910,335910,True,True,True,both
9104002000,334519,334519,True,True,True,both
9104002510,334519,334519,True,True,True,both
9104002520,335910,335910,True,True,True,both
9104003010,334519,334519,True,True,True,both
9104003020,335910,335910,True,True,True,both
9104004000,334519,334519,True,True,True,both
9104004510,334519,334519,True,True,True,both
9104004520,335910,335910,True,True,True,both
9104005010,334519,334519,True,True,True,both
9104005020,334519,334519,True,True,True,both
9104005030,335910,335910,True,True,True,both
9104006010,334519,334519,True,True,True,both
9104006020,334519,334519,True,True,True,both
9105114010,334519,334519,True,True,True,both
9105114020,334519,334519,True,True,True,both
9105114030,335910,335910,True,True,True,both
9105114040,334519,334519,True,True,True,both
9105114050,335910,335910,True,True,True,both
9105118005,334519,334519,True,True,True,both
9105118015,334519,334519,True,True,True,both
9105118020,334519,334519,True,True,True,both
9105118030,334519,334519,True,True,True,both
9105118040,335910,335910,True,True,True,both
9105118050,334519,334519,True,True,True,both
9105118060,334519,334519,True,True,True,both
9105118070,335910,335910,True,True,True,both
9105191010,334519,334519,True,True,True,both
9105191020,334519,334519,True,True,True,both
9105191030,334519,334519,True,True,True,both
9105191040,334519,334519,True,True,True,both
9105192010,334519,334519,True,True,True,both
9105192020,334519,334519,True,True,True,both
9105192030,334519,334519,True,True,True,both
9105192040,334519,334519,True,True,True,both
9105193010,334519,334519,True,True,True,both
9105193020,334519,334519,True,True,True,both
9105193030,334519,334519,True,True,True,both
9105193040,334519,334519,True,True,True,both
9105194000,334519,334519,True,True,True,both
9105195000,334519,334519,True,True,True,both
9105214010,334519,334519,True,True,True,both
9105214020,334519,334519,True,True,True,both
9105214030,335910,335910,True,True,True,both
9105218010,334519,334519,True,True,True,both
9105218020,334519,334519,True,True,True,both
9105218030,334519,334519,True,True,True,both
9105218040,334519,334519,True,True,True,both
9105218050,335910,335910,True,True,True,both
9105291010,334519,334519,True,True,True,both
9105291020,334519,334519,True,True,True,both
9105292010,334519,334519,True,True,True,both
9105292020,334519,334519,True,True,True,both
9105293010,334519,334519,True,True,True,both
9105293020,334519,334519,True,True,True,both
9105294000,334519,334519,True,True,True,both
9105295000,334519,334519,True,True,True,both
9105914010,334519,334519,True,True,True,both
9105914020,334519,334519,True,True,True,both
9105914030,335910,335910,True,True,True,both
9105918010,334519,334519,True,True,True,both
9105918020,334519,334519,True,True,True,both
9105918030,334519,334519,True,True,True,both
9105918040,334519,334519,True,True,True,both
9105918050,335910,335910,True,True,True,both
9105991000,334519,334519,True,True,True,both
9105992010,334519,334519,True,True,True,both
9105992020,334519,334519,True,True,True,both
9105993010,334519,334519,True,True,True,both
9105993020,334519,334519,True,True,True,both
9105994010,334519,334519,True,True,True,both
9105994020,334519,334519,True,True,True,both
9105995000,334519,334519,True,True,True,both
9105996000,334519,334519,True,True,True,both
9106100000,334519,334519,True,True,True,both
9106902000,334514,334514,True,True,True,both
9106904000,334519,334519,True,True,True,both
9106905510,334519,334519,True,True,True,both
9106905520,334519,334519,True,True,True,both
9106906500,334519,334519,True,True,True,both
9106907500,334519,334519,True,True,True,both
9106908500,334519,334519,True,True,True,both
9107004040,334512,334512,True,True,True,both
9107004080,335313,335313,True,True,True,both
9107008000,335313,335313,True,True,True,both
9108114010,334519,334519,True,True,True,both
9108114020,335910,335910,True,True,True,both
9108118010,334519,334519,True,True,True,both
9108118020,335910,335910,True,True,True,both
9108120010,334519,334519,True,True,True,both
9108120020,335910,335910,True,True,True,both
9108194010,334519,334519,True,True,True,both
9108194020,335910,335910,True,True,True,both
9108198010,334519,334519,True,True,True,both
9108198020,335910,335910,True,True,True,both
9108204000,334519,334519,True,True,True,both
9108208000,334519,334519,True,True,True,both
9108901000,334519,334519,True,True,True,both
9108902000,334519,334519,True,True,True,both
9108903000,334519,334519,True,True,True,both
9108904000,334519,334519,True,True,True,both
9108905000,334519,334519,True,True,True,both
9108906000,334519,334519,True,True,True,both
9108907000,334519,334519,True,True,True,both
9108908000,334519,334519,True,True,True,both
9108908500,334519,334519,True,True,True,both
9108909000,334519,334519,True,True,True,both
9108909500,334519,334519,True,True,True,both
9109101010,334519,334519,True,True,True,both
9109101020,334519,334519,True,True,True,both
9109101030,335910,335910,True,True,True,both
9109102010,334519,334519,True,True,True,both
9109102020,334519,334519,True,True,True,both
9109102030,335910,335910,True,True,True,both
9109103010,334519,334519,True,True,True,both
9109103020,334519,334519,True,True,True,both
9109103030,335910,335910,True,True,True,both
9109104010,334519,334519,True,True,True,both
9109104020,334519,334519,True,True,True,both
9109104030,335910,335910,True,True,True,both
9109105010,334519,334519,True,True,True,both
9109105020,334519,334519,True,True,True,both
9109105030,335910,335910,True,True,True,both
9109106010,334519,334519,True,True,True,both
9109106020,334519,334519,True,True,True,both
9109106030,335910,335910,True,True,True,both
9109107010,334519,334519,True,True,True,both
9109107020,334519,334519,True,True,True,both
9109107030,335910,335910,True,True,True,both
9109108010,334519,334519,True,True,True,both
9109108020,334519,334519,True,True,True,both
9109108030,335910,335910,True,True,True,both
9109902000,334519,334519,True,True,True,both
9109904000,334519,334519,True,True,True,both
9109906000,334519,334519,True,True,True,both
9110110000,334519,334519,True,True,True,both
9110120000,334519,334519,True,True,True,both
9110190000,334519,334519,True,True,True,both
9110902000,334519,334519,True,True,True,both
9110904000,334519,334519,True,True,True,both
9110906000,334519,334519,True,True,True,both
9111100000,334519,334519,True,True,True,both
9111202000,334519,334519,True,True,True,both
9111204000,334519,334519,True,True,True,both
9111800000,334519,334519,True,True,True,both
9111904000,334519,334519,True,True,True,both
9111905000,334519,334519,True,True,True,both
9111907000,334519,334519,True,True,True,both
9112204000,334519,334519,True,True,True,both
9112208000,334519,334519,True,True,True,both
9112900000,334519,334519,True,True,True,both
9113100000,339910,339910,True,True,True,both
9113202000,339910,339910,True,True,True,both
9113204000,339910,339910,True,True,True,both
9113206000,339910,339910,True,True,True,both
9113209000,339910,339910,True,True,True,both
9113904000,316990,316990,True,True,True,both
9113908000,339910,339910,True,True,True,both
9114304000,334519,334519,True,True,True,both
9114308000,334519,334519,True,True,True,both
9114402000,334519,334519,True,True,True,both
9114404000,334519,334519,True,True,True,both
9114406000,334519,334519,True,True,True,both
9114408000,334519,334519,True,True,True,both
9114901000,334519,334519,True,True,True,both
9114901500,334519,334519,True,True,True,both
9114903000,334519,334519,True,True,True,both
9114903400,334519,334519,True,True,True,both
9114903800,334519,334519,True,True,True,both
9114904000,334519,334519,True,True,True,both
9114905000,334519,334519,True,True,True,both
9201100005,339992,339992,True,True,True,both
9201100011,339992,339992,True,True,True,both
9201100021,339992,339992,True,True,True,both
9201100031,339992,339992,True,True,True,both
9201100041,339992,339992,True,True,True,both
9201200005,339992,339992,True,True,True,both
9201200011,339992,339992,True,True,True,both
9201200021,339992,339992,True,True,True,both
9201200031,339992,339992,True,True,True,both
9201200041,339992,339992,True,True,True,both
9201200051,339992,339992,True,True,True,both
9201900000,339992,339992,True,True,True,both
9202100000,339992,339992,True,True,True,both
9202902000,339992,339992,True,True,True,both
9202904000,339992,339992,True,True,True,both
9202906000,339992,339992,True,True,True,both
9205100040,339992,339992,True,True,True,both
9205100080,339992,339992,True,True,True,both
9205901200,339992,339992,True,True,True,both
9205901400,339992,339992,True,True,True,both
9205901500,339992,339992,True,True,True,both
9205901800,339992,339992,True,True,True,both
9205901900,339992,339992,True,True,True,both
9205902000,339992,339992,True,True,True,both
9205904020,339992,339992,True,True,True,both
9205904040,339992,339992,True,True,True,both
9205904060,339992,339992,True,True,True,both
9205904080,339992,339992,True,True,True,both
9205906000,339992,339992,True,True,True,both
9206002000,339992,339992,True,True,True,both
9206004000,339992,339992,True,True,True,both
9206006000,339992,339992,True,True,True,both
9206008000,339992,339992,True,True,True,both
9207100005,339992,339992,True,True,True,both
9207100010,339992,339992,True,True,True,both
9207100045,339992,339992,True,True,True,both
9207100055,339992,339992,True,True,True,both
9207100060,339992,339992,True,True,True,both
9207100065,339992,339992,True,True,True,both
9207100075,339992,339992,True,True,True,both
9207900040,339992,339992,True,True,True,both
9207900080,339992,339992,True,True,True,both
9208100000,339999,339999,True,True,True,both
9208900040,339992,339992,True,True,True,both
9208900080,339992,339992,True,True,True,both
9209300000,339992,339992,True,True,True,both
9209914000,339992,339992,True,True,True,both
9209918000,339992,339992,True,True,True,both
9209922000,339992,339992,True,True,True,both
9209924000,339992,339992,True,True,True,both
9209926000,339992,339992,True,True,True,both
9209928000,339992,339992,True,True,True,both
9209944000,339992,339992,True,True,True,both
9209948000,339992,339992,True,True,True,both
9209990500,339992,339992,True,True,True,both
9209991000,339992,339992,True,True,True,both
9209991600,339992,339992,True,True,True,both
9209991800,339992,339992,True,True,True,both
9209992000,339992,339992,True,True,True,both
9209994040,339992,339992,True,True,True,both
9209994080,339992,339992,True,True,True,both
9209996100,339999,339999,True,True,True,both
9209998000,339992,339992,True,True,True,both
9301100010,336992,336992,True,True,True,both
9301100080,332XXX,332994,False,True,True,both
9301200000,332XXX,332994,False,True,True,both
9301903010,332XXX,332994,False,True,True,both
9301903020,332XXX,332994,False,True,True,both
9301906000,332XXX,332994,False,True,True,both
9301909030,332XXX,332994,False,True,True,both
9301909090,332XXX,332994,False,True,True,both
9302000020,332XXX,332994,False,True,True,both
9302000040,332XXX,332994,False,True,True,both
9302000090,332XXX,332994,False,True,True,both
9303100000,332XXX,332994,False,True,True,both
9303200020,332XXX,332994,False,True,True,both
9303200030,332XXX,332994,False,True,True,both
9303200040,332XXX,332994,False,True,True,both
9303200065,332XXX,332994,False,True,True,both
9303200080,332XXX,332994,False,True,True,both
9303304010,332XXX,332994,False,True,True,both
9303304020,332XXX,332994,False,True,True,both
9303304030,332XXX,332994,False,True,True,both
9303308005,332XXX,332994,False,True,True,both
9303308010,332XXX,332994,False,True,True,both
9303308012,332XXX,332994,False,True,True,both
9303308017,332XXX,332994,False,True,True,both
9303308025,332XXX,332994,False,True,True,both
9303308030,332XXX,332994,False,True,True,both
9303904000,332XXX,332994,False,True,True,both
9303908000,332XXX,332994,False,True,True,both
9304002000,332XXX,332994,False,True,True,both
9304004000,332XXX,332994,False,True,True,both
9304006000,332XXX,332994,False,True,True,both
9305102010,332XXX,332994,False,True,True,both
9305102080,332XXX,332994,False,True,True,both
9305104000,332XXX,332994,False,True,True,both
9305106000,332XXX,332994,False,True,True,both
9305108000,332XXX,332994,False,True,True,both
9305200500,332XXX,332994,False,True,True,both
9305208004,332XXX,332994,False,True,True,both
9305208008,332XXX,332994,False,True,True,both
9305208020,332XXX,332994,False,True,True,both
9305208031,332XXX,332994,False,True,True,both
9305208033,332XXX,332994,False,True,True,both
9305208060,332XXX,332994,False,True,True,both
9305911000,332XXX,332994,False,True,True,both
9305912000,332XXX,332994,False,True,True,both
9305913010,332XXX,332994,False,True,True,both
9305913030,332XXX,332994,False,True,True,both
9305994000,332XXX,332994,False,True,True,both
9305995010,332XXX,332994,False,True,True,both
9305995050,332XXX,332994,False,True,True,both
9305996000,332XXX,332994,False,True,True,both
9306210000,332XXX,332992,False,True,True,both
9306290000,332XXX,332992,False,True,True,both
9306304110,332XXX,332992,False,True,True,both
9306304120,332XXX,332992,False,True,True,both
9306304130,332XXX,332992,False,True,True,both
9306304138,332XXX,332992,False,True,True,both
9306304140,332XXX,332992,False,True,True,both
9306304150,332XXX,332992,False,True,True,both
9306304160,332XXX,332992,False,True,True,both
9306308000,332XXX,332992,False,True,True,both
9306900020,336414,336414,True,True,True,both
9306900041,332XXX,332992,False,True,True,both
9306900050,332XXX,332993,False,True,True,both
9306900060,336415,336415,True,True,True,both
9306900080,332XXX,332993,False,True,True,both
9307000000,332XXX,332215,False,True,True,both
9401104000,336360,336360,True,True,True,both
9401108000,336360,336360,True,True,True,both
9401200000,336360,336360,True,True,True,both
9401310000,337127,337127,True,True,True,both
9401390010,337126,337126,True,True,True,both
9401390030,337127,337127,True,True,True,both
9401410000,337121,337121,True,True,True,both
9401490000,337121,337121,True,True,True,both
9401520000,337126,337126,True,True,True,both
9401530000,337126,337126,True,True,True,both
9401590000,337126,337126,True,True,True,both
9401612010,337121,337121,True,True,True,both
9401612030,337127,337127,True,True,True,both
9401614001,337121,337121,True,True,True,both
9401614011,337121,337121,True,True,True,both
9401614031,337127,337127,True,True,True,both
9401616001,337127,337127,True,True,True,both
9401616005,337127,337127,True,True,True,both
9401616011,337121,337121,True,True,True,both
9401616031,337127,337127,True,True,True,both
9401692010,337122,337122,True,True,True,both
9401692030,337127,337127,True,True,True,both
9401694010,337122,337122,True,True,True,both
9401694030,337127,337127,True,True,True,both
9401696001,337127,337127,True,True,True,both
9401696011,337122,337122,True,True,True,both
9401696031,337127,337127,True,True,True,both
9401698001,337127,337127,True,True,True,both
9401698005,337127,337127,True,True,True,both
9401698011,337122,337122,True,True,True,both
9401698031,337127,337127,True,True,True,both
9401710001,337126,337126,True,True,True,both
9401710005,337126,337126,True,True,True,both
9401710006,337126,337126,True,True,True,both
9401710007,337127,337127,True,True,True,both
9401710008,337127,337127,True,True,True,both
9401710011,337126,337126,True,True,True,both
9401710031,337127,337127,True,True,True,both
9401790001,337126,337126,True,True,True,both
9401790002,337126,337126,True,True,True,both
9401790003,337126,337126,True,True,True,both
9401790004,337126,337126,True,True,True,both
9401790006,337126,337126,True,True,True,both
9401790011,337126,337126,True,True,True,both
9401790015,337127,337127,True,True,True,both
9401790025,337126,337126,True,True,True,both
9401790035,337127,337127,True,True,True,both
9401790046,337126,337126,True,True,True,both
9401790050,337127,337127,True,True,True,both
9401802001,337127,337127,True,True,True,both
9401802005,337127,337127,True,True,True,both
9401802011,337126,337126,True,True,True,both
9401802031,337127,337127,True,True,True,both
9401804001,337127,337127,True,True,True,both
9401804004,337127,337127,True,True,True,both
9401804006,337126,337126,True,True,True,both
9401804015,337127,337127,True,True,True,both
9401804026,337126,337126,True,True,True,both
9401804035,337127,337127,True,True,True,both
9401804046,337127,337127,True,True,True,both
9401806021,337126,337126,True,True,True,both
9401806023,337126,337126,True,True,True,both
9401806024,337127,337127,True,True,True,both
9401806025,337127,337127,True,True,True,both
9401806028,337126,337126,True,True,True,both
9401806030,337127,337127,True,True,True,both
9401911500,336360,336360,True,True,True,both
9401912000,337215,337215,True,True,True,both
9401919010,337215,337215,True,True,True,both
9401919090,337215,337215,True,True,True,both
9401991010,316990,316990,True,True,True,both
9401991020,336360,336360,True,True,True,both
9401991085,336360,336360,True,True,True,both
9401992540,337215,337215,True,True,True,both
9401992580,337215,337215,True,True,True,both
9401993510,337215,337215,True,True,True,both
9401993580,337215,337215,True,True,True,both
9401999005,337215,337215,True,True,True,both
9401999021,337215,337215,True,True,True,both
9401999081,337215,337215,True,True,True,both
9402100000,339114,339114,True,True,True,both
9402900010,339113,339113,True,True,True,both
9402900020,337127,337127,True,True,True,both
9403100020,337214,337214,True,True,True,both
9403100040,337214,337214,True,True,True,both
9403200011,332XXX,332999,False,True,True,both
9403200016,337126,337126,True,True,True,both
9403200017,337126,337126,True,True,True,both
9403200035,337126,337126,True,True,True,both
9403200040,337126,337126,True,True,True,both
9403200046,337126,337126,True,True,True,both
9403200048,337126,337126,True,True,True,both
9403200050,337126,337126,True,True,True,both
9403200075,337215,337215,True,True,True,both
9403200078,337215,337215,True,True,True,both
9403200082,337215,337215,True,True,True,both
9403200086,337215,337215,True,True,True,both
9403200090,337127,337127,True,True,True,both
9403304000,337211,337211,True,True,True,both
9403308001,337211,337211,True,True,True,both
9403308005,337211,337211,True,True,True,both
9403308021,337211,337211,True,True,True,both
9403308031,337211,337211,True,True,True,both
9403308090,337211,337211,True,True,True,both
9403404000,337122,337122,True,True,True,both
9403406000,336360,336360,True,True,True,both
9403409040,337122,337122,True,True,True,both
9403409060,337110,337110,True,True,True,both
9403409080,337122,337122,True,True,True,both
9403504000,337122,337122,True,True,True,both
9403506000,336360,336360,True,True,True,both
9403509041,337122,337122,True,True,True,both
9403509042,337122,337122,True,True,True,both
9403509045,337122,337122,True,True,True,both
9403509080,337122,337122,True,True,True,both
9403604000,337127,337127,True,True,True,both
9403608010,337122,337122,True,True,True,both
9403608040,337122,337122,True,True,True,both
9403608081,337127,337127,True,True,True,both
9403704001,337126,337126,True,True,True,both
9403704002,337126,337126,True,True,True,both
9403704003,337126,337126,True,True,True,both
9403704015,337126,337126,True,True,True,both
9403704020,337214,337214,True,True,True,both
9403704031,337127,337127,True,True,True,both
9403708001,337126,337126,True,True,True,both
9403708002,337126,337126,True,True,True,both
9403708003,337126,337126,True,True,True,both
9403708015,337126,337126,True,True,True,both
9403708020,337214,337214,True,True,True,both
9403708031,337127,337127,True,True,True,both
9403820001,337126,337126,True,True,True,both
9403820002,337126,337126,True,True,True,both
9403820015,337126,337126,True,True,True,both
9403820030,337127,337127,True,True,True,both
9403830001,337126,337126,True,True,True,both
9403830002,337126,337126,True,True,True,both
9403830015,337126,337126,True,True,True,both
9403830030,337127,337127,True,True,True,both
9403893010,337126,337126,True,True,True,both
9403893020,337127,337127,True,True,True,both
9403896003,337126,337126,True,True,True,both
9403896015,337126,337126,True,True,True,both
9403896020,337127,337127,True,True,True,both
9403910005,337215,337215,True,True,True,both
9403910010,337215,337215,True,True,True,both
9403910080,337215,337215,True,True,True,both
9403991040,336360,336360,True,True,True,both
9403991050,336360,336360,True,True,True,both
9403991085,336360,336360,True,True,True,both
9403992040,337215,337215,True,True,True,both
9403992080,337215,337215,True,True,True,both
9403993005,337215,337215,True,True,True,both
9403993010,337215,337215,True,True,True,both
9403993080,337215,337215,True,True,True,both
9403994005,337215,337215,True,True,True,both
9403994010,337215,337215,True,True,True,both
9403994080,337215,337215,True,True,True,both
9403995005,313210,313210,True,True,True,both
9403995010,313210,313210,True,True,True,both
9403995080,313210,313210,True,True,True,both
9403999010,337121,337121,True,True,True,both
9403999015,337121,337121,True,True,True,both
9403999020,337215,337215,True,True,True,both
9403999040,337215,337215,True,True,True,both
9403999045,337215,337215,True,True,True,both
9403999051,337121,337121,True,True,True,both
9403999061,337215,337215,True,True,True,both
9404100000,337910,337910,True,True,True,both
9404210010,337910,337910,True,True,True,both
9404210013,337910,337910,True,True,True,both
9404210095,337910,337910,True,True,True,both
9404291005,337910,337910,True,True,True,both
9404291013,337910,337910,True,True,True,both
9404291095,337910,337910,True,True,True,both
9404299005,337910,337910,True,True,True,both
9404299013,337910,337910,True,True,True,both
9404299050,337910,337910,True,True,True,both
9404299085,337910,337910,True,True,True,both
9404299087,337910,337910,True,True,True,both
9404299095,337910,337910,True,True,True,both
9404304000,314999,314999,True,True,True,both
9404308000,314999,314999,True,True,True,both
9404401000,314120,314120,True,True,True,both
9404409005,314120,314120,True,True,True,both
9404409022,314120,314120,True,True,True,both
9404409023,314120,314120,True,True,True,both
9404409036,314120,314120,True,True,True,both
9404901030,314120,314120,True,True,True,both
9404901060,314120,314120,True,True,True,both
9404901090,314120,314120,True,True,True,both
9404902030,314120,314120,True,True,True,both
9404902060,314120,314120,True,True,True,both
9404902090,314120,314120,True,True,True,both
9404908100,314120,314120,True,True,True,both
9404909605,314120,314120,True,True,True,both
9404909622,314120,314120,True,True,True,both
9404909623,314120,314120,True,True,True,both
9404909636,314120,314120,True,True,True,both
9404909670,314120,314120,True,True,True,both
9405114010,335131,335131,True,True,True,both
9405114020,335132,335132,True,True,True,both
9405116010,335131,335131,True,True,True,both
9405116020,335132,335132,True,True,True,both
9405118010,335131,335131,True,True,True,both
9405118020,335132,335132,True,True,True,both
9405194010,335131,335131,True,True,True,both
9405194020,335132,335132,True,True,True,both
9405196010,335131,335131,True,True,True,both
9405196020,335132,335132,True,True,True,both
9405198010,335131,335131,True,True,True,both
9405198020,335132,335132,True,True,True,both
9405214010,335131,335131,True,True,True,both
9405214020,335132,335132,True,True,True,both
9405216010,335131,335131,True,True,True,both
9405216020,335132,335132,True,True,True,both
9405218010,335131,335131,True,True,True,both
9405218020,335132,335132,True,True,True,both
9405294010,335131,335131,True,True,True,both
9405294020,335132,335132,True,True,True,both
9405296010,335131,335131,True,True,True,both
9405296020,335132,335132,True,True,True,both
9405298010,335131,335131,True,True,True,both
9405298020,335132,335132,True,True,True,both
9405310010,335139,335139,True,True,True,both
9405310040,335139,335139,True,True,True,both
9405390010,335139,335139,True,True,True,both
9405390040,335139,335139,True,True,True,both
9405414000,335139,335139,True,True,True,both
9405416000,335139,335139,True,True,True,both
9405418200,335139,335139,True,True,True,both
9405418410,335139,335139,True,True,True,both
9405418440,335139,335139,True,True,True,both
9405424000,335139,335139,True,True,True,both
9405426000,335139,335139,True,True,True,both
9405428200,335139,335139,True,True,True,both
9405428410,335139,335139,True,True,True,both
9405428440,335139,335139,True,True,True,both
9405490000,335139,335139,True,True,True,both
9405502000,335139,335139,True,True,True,both
9405503000,335139,335139,True,True,True,both
9405504000,335139,335139,True,True,True,both
9405612000,339950,339950,True,True,True,both
9405614000,339950,339950,True,True,True,both
9405616000,339950,339950,True,True,True,both
9405692000,339950,339950,True,True,True,both
9405694000,339950,339950,True,True,True,both
9405696000,339950,339950,True,True,True,both
9405911000,327212,327212,True,True,True,both
9405913000,327212,327212,True,True,True,both
9405914000,327212,327212,True,True,True,both
9405916040,327212,327212,True,True,True,both
9405916080,327212,327212,True,True,True,both
9405920000,335139,335139,True,True,True,both
9405992000,335139,335139,True,True,True,both
9405994010,335139,335139,True,True,True,both
9405994020,335139,335139,True,True,True,both
9405994090,335139,335139,True,True,True,both
9406100000,321992,321992,True,True,True,both
9406200000,332XXX,332311,False,True,True,both
9406900110,332XXX,332311,False,True,True,both
9406900120,332XXX,332311,False,True,True,both
9406900130,332XXX,332311,False,True,True,both
9406900150,3261XX,326199,False,True,True,both
9406900190,3261XX,326199,False,True,True,both
9503000011,339930,339930,True,True,True,both
9503000013,339930,339930,True,True,True,both
9503000071,339930,339930,True,True,True,both
9503000073,339930,339930,True,True,True,both
9503000090,339930,339930,True,True,True,both
9504202000,339920,339920,True,True,True,both
9504204000,339920,339920,True,True,True,both
9504206000,339920,339920,True,True,True,both
9504208000,339920,339920,True,True,True,both
9504300010,339999,339999,True,True,True,both
9504300020,339999,339999,True,True,True,both
9504300040,339999,339999,True,True,True,both
9504300060,339999,339999,True,True,True,both
9504400000,32311X,323111,False,True,True,both
9504500000,339930,339930,True,True,True,both
9504904000,339930,339930,True,True,True,both
9504906000,339930,339930,True,True,True,both
9504909040,339920,339920,True,True,True,both
9504909060,339920,339920,True,True,True,both
9504909080,339920,339920,True,True,True,both
9505101000,327212,327212,True,True,True,both
9505101500,339999,339999,True,True,True,both
9505102500,339999,339999,True,True,True,both
9505103000,339999,339999,True,True,True,both
9505104010,339999,339999,True,True,True,both
9505104020,339999,339999,True,True,True,both
9505105010,339999,339999,True,True,True,both
9505105020,339999,339999,True,True,True,both
9505902000,339930,339930,True,True,True,both
9505904000,322299,322299,True,True,True,both
9505906000,339999,339999,True,True,True,both
9506112000,339920,339920,True,True,True,both
9506114010,339920,339920,True,True,True,both
9506114080,339920,339920,True,True,True,both
9506116000,339920,339920,True,True,True,both
9506124000,339920,339920,True,True,True,both
9506128000,339920,339920,True,True,True,both
9506194000,339920,339920,True,True,True,both
9506198040,339920,339920,True,True,True,both
9506198080,339920,339920,True,True,True,both
9506214000,339920,339920,True,True,True,both
9506218000,339920,339920,True,True,True,both
9506290020,339920,339920,True,True,True,both
9506290030,339920,339920,True,True,True,both
9506290080,339920,339920,True,True,True,both
9506310000,339920,339920,True,True,True,both
9506320000,339920,339920,True,True,True,both
9506390060,339920,339920,True,True,True,both
9506390080,339920,339920,True,True,True,both
9506400000,339920,339920,True,True,True,both
9506512000,339920,339920,True,True,True,both
9506514000,339920,339920,True,True,True,both
9506516000,339920,339920,True,True,True,both
9506594040,339920,339920,True,True,True,both
9506594080,339920,339920,True,True,True,both
9506598020,339920,339920,True,True,True,both
9506598040,339920,339920,True,True,True,both
9506598060,339920,339920,True,True,True,both
9506610000,339920,339920,True,True,True,both
9506624040,339920,339920,True,True,True,both
9506624080,339920,339920,True,True,True,both
9506628020,339920,339920,True,True,True,both
9506628040,339920,339920,True,True,True,both
9506628060,339920,339920,True,True,True,both
9506692040,339920,339920,True,True,True,both
9506692080,339920,339920,True,True,True,both
9506694000,339920,339920,True,True,True,both
9506696010,339920,339920,True,True,True,both
9506696020,339920,339920,True,True,True,both
9506702010,339920,339920,True,True,True,both
9506702090,339920,339920,True,True,True,both
9506704000,339920,339920,True,True,True,both
9506706040,339920,339920,True,True,True,both
9506706080,339920,339920,True,True,True,both
9506910010,339920,339920,True,True,True,both
9506910020,339920,339920,True,True,True,both
9506910030,339920,339920,True,True,True,both
9506990510,339920,339920,True,True,True,both
9506990520,339920,339920,True,True,True,both
9506990530,339920,339920,True,True,True,both
9506990800,339920,339920,True,True,True,both
9506991200,339920,339920,True,True,True,both
9506991500,339920,339920,True,True,True,both
9506992000,339920,339920,True,True,True,both
9506992540,339920,339920,True,True,True,both
9506992580,339920,339920,True,True,True,both
9506992800,339920,339920,True,True,True,both
9506993000,339920,339920,True,True,True,both
9506993500,339920,339920,True,True,True,both
9506994000,339920,339920,True,True,True,both
9506994500,339920,339920,True,True,True,both
9506995000,339920,339920,True,True,True,both
9506995500,339920,339920,True,True,True,both
9506996040,339920,339920,True,True,True,both
9506996080,339920,339920,True,True,True,both
9507100040,339920,339920,True,True,True,both
9507100080,339920,339920,True,True,True,both
9507204000,339920,339920,True,True,True,both
9507208000,339920,339920,True,True,True,both
9507302000,339920,339920,True,True,True,both
9507304000,339920,339920,True,True,True,both
9507306000,339920,339920,True,True,True,both
9507308000,339920,339920,True,True,True,both
9507902000,314994,314994,True,True,True,both
9507904000,339920,339920,True,True,True,both
9507906000,314999,314999,True,True,True,both
9507907000,339920,339920,True,True,True,both
9507908000,339920,339920,True,True,True,both
9508100000,333310,333310,True,True,True,both
9508210000,333310,333310,True,True,True,both
9508220000,333310,333310,True,True,True,both
9508230000,333310,333310,True,True,True,both
9508240000,333310,333310,True,True,True,both
9508250000,333310,333310,True,True,True,both
9508260000,333310,333310,True,True,True,both
9508290000,333310,333310,True,True,True,both
9508300000,333310,333310,True,True,True,both
9508400000,333310,333310,True,True,True,both
9601100000,339999,339999,True,True,True,both
9601902000,339999,339999,True,True,True,both
9601904000,339999,339999,True,True,True,both
9601906000,339999,339999,True,True,True,both
9601908000,339999,339999,True,True,True,both
9602001040,32599X,325998,False,True,True,both
9602001080,32599X,325998,False,True,True,both
9602004000,339999,339999,True,True,True,both
9602005010,32599X,325998,False,True,True,both
9602005080,339999,339999,True,True,True,both
9603100500,339994,339994,True,True,True,both
9603101500,339994,339994,True,True,True,both
9603103500,339994,339994,True,True,True,both
9603104000,339994,339994,True,True,True,both
9603105000,339994,339994,True,True,True,both
9603106000,339994,339994,True,True,True,both
9603109000,339994,339994,True,True,True,both
9603210000,339994,339994,True,True,True,both
9603294010,339994,339994,True,True,True,both
9603294090,339994,339994,True,True,True,both
9603298010,339994,339994,True,True,True,both
9603298090,339994,339994,True,True,True,both
9603302000,339994,339994,True,True,True,both
9603304000,339994,339994,True,True,True,both
9603306000,339994,339994,True,True,True,both
9603402000,339994,339994,True,True,True,both
9603404020,339994,339994,True,True,True,both
9603404040,339994,339994,True,True,True,both
9603404060,339994,339994,True,True,True,both
9603500000,339994,339994,True,True,True,both
9603904000,339999,339999,True,True,True,both
9603908010,339994,339994,True,True,True,both
9603908020,339994,339994,True,True,True,both
9603908030,339994,339994,True,True,True,both
9603908040,339994,339994,True,True,True,both
9603908050,339994,339994,True,True,True,both
9604000000,332XXX,332618,False,True,True,both
9605000000,316990,316990,True,True,True,both
9606104000,339993,339993,True,True,True,both
9606108000,339993,339993,True,True,True,both
9606212000,339993,339993,True,True,True,both
9606214000,339993,339993,True,True,True,both
9606216000,339993,339993,True,True,True,both
9606220000,339993,339993,True,True,True,both
9606292000,339993,339993,True,True,True,both
9606294000,339993,339993,True,True,True,both
9606296000,339993,339993,True,True,True,both
9606304000,339993,339993,True,True,True,both
9606308000,339993,339993,True,True,True,both
9607110000,339993,339993,True,True,True,both
9607190020,339993,339993,True,True,True,both
9607190040,339993,339993,True,True,True,both
9607190060,339993,339993,True,True,True,both
9607200040,339993,339993,True,True,True,both
9607200080,339993,339993,True,True,True,both
9608100000,339940,339940,True,True,True,both
9608200000,339940,339940,True,True,True,both
9608300031,339940,339940,True,True,True,both
9608300039,339940,339940,True,True,True,both
9608404000,339940,339940,True,True,True,both
9608408000,339940,339940,True,True,True,both
9608500000,339940,339940,True,True,True,both
9608600000,339940,339940,True,True,True,both
9608910000,339940,339940,True,True,True,both
9608992000,339940,339940,True,True,True,both
9608993000,339940,339940,True,True,True,both
9608994000,339940,339940,True,True,True,both
9608996000,339940,339940,True,True,True,both
9609100000,339940,339940,True,True,True,both
9609202000,339940,339940,True,True,True,both
9609204000,339940,339940,True,True,True,both
9609904000,339940,339940,True,True,True,both
9609908000,339940,339940,True,True,True,both
9610000000,339940,339940,True,True,True,both
9611000000,339940,339940,True,True,True,both
9612101010,339940,339940,True,True,True,both
9612101020,339940,339940,True,True,True,both
9612109010,339940,339940,True,True,True,both
9612109030,339940,339940,True,True,True,both
9612109090,339940,339940,True,True,True,both
9612200000,339940,339940,True,True,True,both
9613100000,339999,339999,True,True,True,both
9613200000,339999,339999,True,True,True,both
9613801040,339999,339999,True,True,True,both
9613801080,339999,339999,True,True,True,both
9613802010,339999,339999,True,True,True,both
9613802090,339999,339999,True,True,True,both
9613804000,339910,339910,True,True,True,both
9613806000,339999,339999,True,True,True,both
9613808000,339999,339999,True,True,True,both
9613904000,339999,339999,True,True,True,both
9613908000,339999,339999,True,True,True,both
9614002100,321999,321999,True,True,True,both
9614002500,339999,339999,True,True,True,both
9614002600,339999,339999,True,True,True,both
9614002810,339999,339999,True,True,True,both
9614002830,339999,339999,True,True,True,both
9614002890,339999,339999,True,True,True,both
9614009400,339999,339999,True,True,True,both
9614009810,339999,339999,True,True,True,both
9614009890,339999,339999,True,True,True,both
9615111000,3261XX,326199,False,True,True,both
9615112000,326299,326299,True,True,True,both
9615113000,3261XX,326199,False,True,True,both
9615114000,3261XX,326199,False,True,True,both
9615115000,3261XX,326199,False,True,True,both
9615192000,332XXX,332999,False,True,True,both
9615194000,332XXX,332999,False,True,True,both
9615196000,332XXX,332999,False,True,True,both
9615902000,326299,326299,True,True,True,both
9615903000,332XXX,332999,False,True,True,both
9615904000,3261XX,326199,False,True,True,both
9615906000,332XXX,332999,False,True,True,both
9616100000,339999,339999,True,True,True,both
9616200000,314999,314999,True,True,True,both
9617001000,332XXX,332439,False,True,True,both
9617003000,332XXX,332439,False,True,True,both
9617004000,332XXX,332439,False,True,True,both
9617006000,332XXX,332439,False,True,True,both
9618000000,339999,339999,True,True,True,both
9619000500,322291,322291,True,True,True,both
9619001100,322291,322291,True,True,True,both
9619001510,322291,322291,True,True,True,both
9619001530,322291,322291,True,True,True,both
9619001560,322291,322291,True,True,True,both
9619002100,314999,314999,True,True,True,both
9619002500,314999,314999,True,True,True,both
9619003100,322291,322291,True,True,True,both
9619003300,314999,314999,True,True,True,both
9619004100,314999,314999,True,True,True,both
9619004300,314999,314999,True,True,True,both
9619004600,314999,314999,True,True,True,both
9619004800,314999,314999,True,True,True,both
9619006100,314999,314999,True,True,True,both
9619006400,314999,314999,True,True,True,both
9619006800,314999,314999,True,True,True,both
9619007100,314999,314999,True,True,True,both
9619007400,314999,314999,True,True,True,both
9619007800,314999,314999,True,True,True,both
9619007900,314999,314999,True,True,True,both
9619009000,314999,314999,True,True,True,both
9620001000,334310,334310,True,True,True,both
9620001500,333310,333310,True,True,True,both
9620002000,333310,333310,True,True,True,both
9620002500,333310,333310,True,True,True,both
9620003010,334519,334519,True,True,True,both
9620003020,334519,334519,True,True,True,both
9620003030,334519,334519,True,True,True,both
9620003040,334519,334519,True,True,True,both
9620003050,334519,334519,True,True,True,both
9620003060,334519,334519,True,True,True,both
9620003090,334519,334519,True,True,True,both
9620005000,3261XX,326199,False,True,True,both
9620005500,321999,321999,True,True,True,both
9620006000,335991,335991,True,True,True,both
9620006500,332XXX,332999,False,True,True,both
9620007000,332XXX,332999,False,True,True,both
9701210000,930000,930000,True,True,True,both
9701220000,930000,930000,True,True,True,both
9701290000,930000,930000,True,True,True,both
9701910000,930000,930000,True,True,True,both
9701920000,930000,930000,True,True,True,both
9701990000,930000,930000,True,True,True,both
9702100000,930000,930000,True,True,True,both
9702900000,930000,930000,True,True,True,both
9703100000,930000,930000,True,True,True,both
9703900000,930000,930000,True,True,True,both
9704000000,930000,930000,True,True,True,both
9705100010,930000,930000,True,True,True,both
9705100020,930000,930000,True,True,True,both
9705100090,930000,930000,True,True,True,both
9705210000,930000,930000,True,True,True,both
9705220000,930000,930000,True,True,True,both
9705290000,930000,930000,True,True,True,both
9705310001,930000,930000,True,True,True,both
9705310010,930000,930000,True,True,True,both
9705310040,930000,930000,True,True,True,both
9705310050,930000,930000,True,True,True,both
9705310065,930000,930000,True,True,True,both
9705390010,930000,930000,True,True,True,both
9705390040,930000,930000,True,True,True,both
9706100020,930000,930000,True,True,True,both
9706100040,930000,930000,True,True,True,both
9706100060,930000,930000,True,True,True,both
9706900020,930000,930000,True,True,True,both
9706900040,930000,930000,True,True,True,both
9706900060,930000,930000,True,True,True,both
9801001015,980000,980000,True,True,True,both
9801001026,980000,980000,True,True,True,both
9801001027,980000,980000,True,True,True,both
9801001028,980000,980000,True,True,True,both
9801001029,980000,980000,True,True,True,both
9801001030,980000,980000,True,True,True,both
9801001031,980000,980000,True,True,True,both
9801001035,980000,980000,True,True,True,both
9801001037,980000,980000,True,True,True,both
9801001043,980000,980000,True,True,True,both
9801001045,980000,980000,True,True,True,both
9801001049,980000,980000,True,True,True,both
9801001051,980000,980000,True,True,True,both
9801001053,980000,980000,True,True,True,both
9801001055,980000,980000,True,True,True,both
9801001059,980000,980000,True,True,True,both
9801001063,980000,980000,True,True,True,both
9801001064,980000,980000,True,True,True,both
9801001065,980000,980000,True,True,True,both
9801001066,980000,980000,True,True,True,both
9801001067,980000,980000,True,True,True,both
9801001069,980000,980000,True,True,True,both
9801001074,980000,980000,True,True,True,both
9801001075,980000,980000,True,True,True,both
9801001077,980000,980000,True,True,True,both
9801001079,980000,980000,True,True,True,both
9801001089,980000,980000,True,True,True,both
9801001090,980000,980000,True,True,True,both
9801001092,980000,980000,True,True,True,both
9801001094,980000,980000,True,True,True,both
9801001097,980000,980000,True,True,True,both
9801001098,980000,980000,True,True,True,both
9801002000,980000,980000,True,True,True,both
9801002500,980000,980000,True,True,True,both
9801002600,980000,980000,True,True,True,both
9801003000,980000,980000,True,True,True,both
9801007000,980000,980000,True,True,True,both
9801008010,980000,980000,True,True,True,both
9801008020,980000,980000,True,True,True,both
9801008030,980000,980000,True,True,True,both
9801008040,980000,980000,True,True,True,both
9801008090,980000,980000,True,True,True,both
9802002000,990000,990000,True,True,True,both
9802005030,980000,980000,True,True,True,both
9802005060,980000,980000,True,True,True,both
9808001000,990000,990000,True,True,True,both
9808002000,334610,334610,True,True,True,both
9808006000,990000,990000,True,True,True,both
9808008000,990000,990000,True,True,True,both
9810000500,990000,990000,True,True,True,both
9810001000,990000,990000,True,True,True,both
9810001500,990000,990000,True,True,True,both
9810002000,313210,313210,True,True,True,both
9810002500,337212,337212,True,True,True,both
9810003000,990000,990000,True,True,True,both
9810003500,990000,990000,True,True,True,both
9810004000,990000,990000,True,True,True,both
9810004500,315990,315990,True,True,True,both
9810005000,333248,333248,True,True,True,both
9810005500,339999,339999,True,True,True,both
9810006000,334516,334516,True,True,True,both
9810006500,334516,334516,True,True,True,both
9810006700,332XXX,332216,False,True,True,both
9810007000,990000,990000,True,True,True,both
9810007500,336611,336611,True,True,True,both
9810008000,334517,334517,True,True,True,both
9810008500,3261XX,326121,False,True,True,both
9810009000,315120,315120,True,True,True,both
9810009500,990000,990000,True,True,True,both
9812002000,990000,990000,True,True,True,both
9812004000,990000,990000,True,True,True,both
9814005000,910000,910000,True,True,True,both
9817002000,314999,314999,True,True,True,both
9817003000,314999,314999,True,True,True,both
9817004000,990000,990000,True,True,True,both
9817004200,32599X,325992,False,True,True,both
9817004400,334610,334610,True,True,True,both
9817004600,334610,334610,True,True,True,both
9817004800,990000,990000,True,True,True,both
9817005000,990000,990000,True,True,True,both
9817006000,333111,333111,True,True,True,both
9817007000,990000,990000,True,True,True,both
9818000100,990000,990000,True,True,True,both
9818000300,990000,990000,True,True,True,both
9818000500,990000,990000,True,True,True,both
9818000700,990000,990000,True,True,True,both
9999002000,990000,990000,True,True,True,both
9999950000,990000,990000,True,True,True,both
